2026-03-26 10:18:36,243 - INFO - Loading data from: /project/ssd-stu-research/ploertscher/thesis_code/w2v/data/clean_final_en.csv
2026-03-26 10:20:16,752 - INFO - Loaded 11,909,955 rows
2026-03-26 10:20:16,753 - INFO - Starting Word2Vec training...
2026-03-26 10:20:16,753 - INFO - Training parameters:
2026-03-26 10:20:16,753 - INFO -   - Architecture: Skip-gram (sg=1)
2026-03-26 10:20:16,753 - INFO -   - Vector size: 300
2026-03-26 10:20:16,753 - INFO -   - Window size: 8
2026-03-26 10:20:16,753 - INFO -   - Min count: 10
2026-03-26 10:20:16,753 - INFO -   - Epochs: 10
2026-03-26 10:20:16,753 - INFO -   - Negative samples: 5
2026-03-26 10:20:16,753 - INFO -   - Workers: 16
2026-03-26 10:20:16,753 - INFO -   - Random seed: 42
2026-03-26 10:20:16,753 - INFO - collecting all words and their counts
2026-03-26 10:20:16,754 - INFO - PROGRESS: at sentence #0, processed 0 words, keeping 0 word types
2026-03-26 10:20:16,896 - INFO - PROGRESS: at sentence #10000, processed 696043 words, keeping 26478 word types
2026-03-26 10:20:17,017 - INFO - PROGRESS: at sentence #20000, processed 1273825 words, keeping 37343 word types
2026-03-26 10:20:17,120 - INFO - PROGRESS: at sentence #30000, processed 1756922 words, keeping 42216 word types
2026-03-26 10:20:17,222 - INFO - PROGRESS: at sentence #40000, processed 2236057 words, keeping 46141 word types
2026-03-26 10:20:17,319 - INFO - PROGRESS: at sentence #50000, processed 2718514 words, keeping 49276 word types
2026-03-26 10:20:17,415 - INFO - PROGRESS: at sentence #60000, processed 3192182 words, keeping 52086 word types
2026-03-26 10:20:17,515 - INFO - PROGRESS: at sentence #70000, processed 3677591 words, keeping 54615 word types
2026-03-26 10:20:17,612 - INFO - PROGRESS: at sentence #80000, processed 4161041 words, keeping 57196 word types
2026-03-26 10:20:17,707 - INFO - PROGRESS: at sentence #90000, processed 4629240 words, keeping 59265 word types
2026-03-26 10:20:17,803 - INFO - PROGRESS: at sentence #100000, processed 5107198 words, keeping 61309 word types
2026-03-26 10:20:17,900 - INFO - PROGRESS: at sentence #110000, processed 5583929 words, keeping 63269 word types
2026-03-26 10:20:17,996 - INFO - PROGRESS: at sentence #120000, processed 6067604 words, keeping 65234 word types
2026-03-26 10:20:18,092 - INFO - PROGRESS: at sentence #130000, processed 6547972 words, keeping 67026 word types
2026-03-26 10:20:18,189 - INFO - PROGRESS: at sentence #140000, processed 7028793 words, keeping 68782 word types
2026-03-26 10:20:18,284 - INFO - PROGRESS: at sentence #150000, processed 7500752 words, keeping 70420 word types
2026-03-26 10:20:18,395 - INFO - PROGRESS: at sentence #160000, processed 8063384 words, keeping 74730 word types
2026-03-26 10:20:18,513 - INFO - PROGRESS: at sentence #170000, processed 8652980 words, keeping 79227 word types
2026-03-26 10:20:18,632 - INFO - PROGRESS: at sentence #180000, processed 9241041 words, keeping 83237 word types
2026-03-26 10:20:18,749 - INFO - PROGRESS: at sentence #190000, processed 9825596 words, keeping 86803 word types
2026-03-26 10:20:18,867 - INFO - PROGRESS: at sentence #200000, processed 10413065 words, keeping 90145 word types
2026-03-26 10:20:18,984 - INFO - PROGRESS: at sentence #210000, processed 10998901 words, keeping 93372 word types
2026-03-26 10:20:19,100 - INFO - PROGRESS: at sentence #220000, processed 11579903 words, keeping 96260 word types
2026-03-26 10:20:19,227 - INFO - PROGRESS: at sentence #230000, processed 12209206 words, keeping 101098 word types
2026-03-26 10:20:19,354 - INFO - PROGRESS: at sentence #240000, processed 12840104 words, keeping 105476 word types
2026-03-26 10:20:19,481 - INFO - PROGRESS: at sentence #250000, processed 13462719 words, keeping 110589 word types
2026-03-26 10:20:19,608 - INFO - PROGRESS: at sentence #260000, processed 14091960 words, keeping 115590 word types
2026-03-26 10:20:19,736 - INFO - PROGRESS: at sentence #270000, processed 14725910 words, keeping 120172 word types
2026-03-26 10:20:19,865 - INFO - PROGRESS: at sentence #280000, processed 15352692 words, keeping 124664 word types
2026-03-26 10:20:19,988 - INFO - PROGRESS: at sentence #290000, processed 15960512 words, keeping 128311 word types
2026-03-26 10:20:20,114 - INFO - PROGRESS: at sentence #300000, processed 16586477 words, keeping 131856 word types
2026-03-26 10:20:20,239 - INFO - PROGRESS: at sentence #310000, processed 17203886 words, keeping 135516 word types
2026-03-26 10:20:20,366 - INFO - PROGRESS: at sentence #320000, processed 17822431 words, keeping 138809 word types
2026-03-26 10:20:20,488 - INFO - PROGRESS: at sentence #330000, processed 18431634 words, keeping 141818 word types
2026-03-26 10:20:20,610 - INFO - PROGRESS: at sentence #340000, processed 19033252 words, keeping 144725 word types
2026-03-26 10:20:20,734 - INFO - PROGRESS: at sentence #350000, processed 19644019 words, keeping 147811 word types
2026-03-26 10:20:20,858 - INFO - PROGRESS: at sentence #360000, processed 20262550 words, keeping 150813 word types
2026-03-26 10:20:20,982 - INFO - PROGRESS: at sentence #370000, processed 20873236 words, keeping 153461 word types
2026-03-26 10:20:21,073 - INFO - PROGRESS: at sentence #380000, processed 21302735 words, keeping 156293 word types
2026-03-26 10:20:21,160 - INFO - PROGRESS: at sentence #390000, processed 21716215 words, keeping 160584 word types
2026-03-26 10:20:21,251 - INFO - PROGRESS: at sentence #400000, processed 22145998 words, keeping 163545 word types
2026-03-26 10:20:21,364 - INFO - PROGRESS: at sentence #410000, processed 22695575 words, keeping 166391 word types
2026-03-26 10:20:21,476 - INFO - PROGRESS: at sentence #420000, processed 23241980 words, keeping 168807 word types
2026-03-26 10:20:21,587 - INFO - PROGRESS: at sentence #430000, processed 23782548 words, keeping 171067 word types
2026-03-26 10:20:21,675 - INFO - PROGRESS: at sentence #440000, processed 24191679 words, keeping 173514 word types
2026-03-26 10:20:21,785 - INFO - PROGRESS: at sentence #450000, processed 24695199 words, keeping 176198 word types
2026-03-26 10:20:21,899 - INFO - PROGRESS: at sentence #460000, processed 25250397 words, keeping 178881 word types
2026-03-26 10:20:22,001 - INFO - PROGRESS: at sentence #470000, processed 25745032 words, keeping 180987 word types
2026-03-26 10:20:22,102 - INFO - PROGRESS: at sentence #480000, processed 26234028 words, keeping 182958 word types
2026-03-26 10:20:22,201 - INFO - PROGRESS: at sentence #490000, processed 26714834 words, keeping 184884 word types
2026-03-26 10:20:22,301 - INFO - PROGRESS: at sentence #500000, processed 27196025 words, keeping 186715 word types
2026-03-26 10:20:22,407 - INFO - PROGRESS: at sentence #510000, processed 27707156 words, keeping 188573 word types
2026-03-26 10:20:22,517 - INFO - PROGRESS: at sentence #520000, processed 28231172 words, keeping 190565 word types
2026-03-26 10:20:22,623 - INFO - PROGRESS: at sentence #530000, processed 28735352 words, keeping 192279 word types
2026-03-26 10:20:22,746 - INFO - PROGRESS: at sentence #540000, processed 29328238 words, keeping 195411 word types
2026-03-26 10:20:22,883 - INFO - PROGRESS: at sentence #550000, processed 29993836 words, keeping 199155 word types
2026-03-26 10:20:23,018 - INFO - PROGRESS: at sentence #560000, processed 30654603 words, keeping 201975 word types
2026-03-26 10:20:23,161 - INFO - PROGRESS: at sentence #570000, processed 31363924 words, keeping 203097 word types
2026-03-26 10:20:23,304 - INFO - PROGRESS: at sentence #580000, processed 32081067 words, keeping 203924 word types
2026-03-26 10:20:23,458 - INFO - PROGRESS: at sentence #590000, processed 32845048 words, keeping 205593 word types
2026-03-26 10:20:23,581 - INFO - PROGRESS: at sentence #600000, processed 33445415 words, keeping 207508 word types
2026-03-26 10:20:23,684 - INFO - PROGRESS: at sentence #610000, processed 33941433 words, keeping 209371 word types
2026-03-26 10:20:23,786 - INFO - PROGRESS: at sentence #620000, processed 34433307 words, keeping 211078 word types
2026-03-26 10:20:23,890 - INFO - PROGRESS: at sentence #630000, processed 34932047 words, keeping 212891 word types
2026-03-26 10:20:23,993 - INFO - PROGRESS: at sentence #640000, processed 35432482 words, keeping 214658 word types
2026-03-26 10:20:24,099 - INFO - PROGRESS: at sentence #650000, processed 35943686 words, keeping 216337 word types
2026-03-26 10:20:24,200 - INFO - PROGRESS: at sentence #660000, processed 36433312 words, keeping 217736 word types
2026-03-26 10:20:24,306 - INFO - PROGRESS: at sentence #670000, processed 36953728 words, keeping 218855 word types
2026-03-26 10:20:24,429 - INFO - PROGRESS: at sentence #680000, processed 37557812 words, keeping 219757 word types
2026-03-26 10:20:24,560 - INFO - PROGRESS: at sentence #690000, processed 38205313 words, keeping 220877 word types
2026-03-26 10:20:24,671 - INFO - PROGRESS: at sentence #700000, processed 38751436 words, keeping 222341 word types
2026-03-26 10:20:24,775 - INFO - PROGRESS: at sentence #710000, processed 39254216 words, keeping 223916 word types
2026-03-26 10:20:24,879 - INFO - PROGRESS: at sentence #720000, processed 39750076 words, keeping 226226 word types
2026-03-26 10:20:24,974 - INFO - PROGRESS: at sentence #730000, processed 40199574 words, keeping 228203 word types
2026-03-26 10:20:25,085 - INFO - PROGRESS: at sentence #740000, processed 40728183 words, keeping 230871 word types
2026-03-26 10:20:25,162 - INFO - PROGRESS: at sentence #750000, processed 41094295 words, keeping 231988 word types
2026-03-26 10:20:25,239 - INFO - PROGRESS: at sentence #760000, processed 41456422 words, keeping 233061 word types
2026-03-26 10:20:25,316 - INFO - PROGRESS: at sentence #770000, processed 41817774 words, keeping 234031 word types
2026-03-26 10:20:25,393 - INFO - PROGRESS: at sentence #780000, processed 42183310 words, keeping 234958 word types
2026-03-26 10:20:25,468 - INFO - PROGRESS: at sentence #790000, processed 42539500 words, keeping 235826 word types
2026-03-26 10:20:25,545 - INFO - PROGRESS: at sentence #800000, processed 42904257 words, keeping 236742 word types
2026-03-26 10:20:25,621 - INFO - PROGRESS: at sentence #810000, processed 43262325 words, keeping 237648 word types
2026-03-26 10:20:25,697 - INFO - PROGRESS: at sentence #820000, processed 43623620 words, keeping 238578 word types
2026-03-26 10:20:25,774 - INFO - PROGRESS: at sentence #830000, processed 43982878 words, keeping 239397 word types
2026-03-26 10:20:25,851 - INFO - PROGRESS: at sentence #840000, processed 44342688 words, keeping 240234 word types
2026-03-26 10:20:25,942 - INFO - PROGRESS: at sentence #850000, processed 44767658 words, keeping 241563 word types
2026-03-26 10:20:26,096 - INFO - PROGRESS: at sentence #860000, processed 45548069 words, keeping 243313 word types
2026-03-26 10:20:26,236 - INFO - PROGRESS: at sentence #870000, processed 46257041 words, keeping 244112 word types
2026-03-26 10:20:26,302 - INFO - PROGRESS: at sentence #880000, processed 46557594 words, keeping 245109 word types
2026-03-26 10:20:26,414 - INFO - PROGRESS: at sentence #890000, processed 47095080 words, keeping 246160 word types
2026-03-26 10:20:26,535 - INFO - PROGRESS: at sentence #900000, processed 47682764 words, keeping 247056 word types
2026-03-26 10:20:26,657 - INFO - PROGRESS: at sentence #910000, processed 48279171 words, keeping 247900 word types
2026-03-26 10:20:26,769 - INFO - PROGRESS: at sentence #920000, processed 48819921 words, keeping 248796 word types
2026-03-26 10:20:26,875 - INFO - PROGRESS: at sentence #930000, processed 49318886 words, keeping 251033 word types
2026-03-26 10:20:26,986 - INFO - PROGRESS: at sentence #940000, processed 49847226 words, keeping 252640 word types
2026-03-26 10:20:27,101 - INFO - PROGRESS: at sentence #950000, processed 50396828 words, keeping 254363 word types
2026-03-26 10:20:27,210 - INFO - PROGRESS: at sentence #960000, processed 50921605 words, keeping 255879 word types
2026-03-26 10:20:27,330 - INFO - PROGRESS: at sentence #970000, processed 51483469 words, keeping 258530 word types
2026-03-26 10:20:27,449 - INFO - PROGRESS: at sentence #980000, processed 52042716 words, keeping 260301 word types
2026-03-26 10:20:27,567 - INFO - PROGRESS: at sentence #990000, processed 52600283 words, keeping 261918 word types
2026-03-26 10:20:27,677 - INFO - PROGRESS: at sentence #1000000, processed 53119792 words, keeping 263486 word types
2026-03-26 10:20:27,822 - INFO - PROGRESS: at sentence #1010000, processed 53838277 words, keeping 265342 word types
2026-03-26 10:20:27,984 - INFO - PROGRESS: at sentence #1020000, processed 54650456 words, keeping 266930 word types
2026-03-26 10:20:28,110 - INFO - PROGRESS: at sentence #1030000, processed 55262323 words, keeping 269122 word types
2026-03-26 10:20:28,222 - INFO - PROGRESS: at sentence #1040000, processed 55804401 words, keeping 271111 word types
2026-03-26 10:20:28,334 - INFO - PROGRESS: at sentence #1050000, processed 56342083 words, keeping 272987 word types
2026-03-26 10:20:28,444 - INFO - PROGRESS: at sentence #1060000, processed 56872327 words, keeping 274595 word types
2026-03-26 10:20:28,532 - INFO - PROGRESS: at sentence #1070000, processed 57290670 words, keeping 275676 word types
2026-03-26 10:20:28,680 - INFO - PROGRESS: at sentence #1080000, processed 58013915 words, keeping 277370 word types
2026-03-26 10:20:28,783 - INFO - PROGRESS: at sentence #1090000, processed 58496465 words, keeping 279946 word types
2026-03-26 10:20:28,895 - INFO - PROGRESS: at sentence #1100000, processed 59034907 words, keeping 280996 word types
2026-03-26 10:20:29,007 - INFO - PROGRESS: at sentence #1110000, processed 59576523 words, keeping 281956 word types
2026-03-26 10:20:29,138 - INFO - PROGRESS: at sentence #1120000, processed 60200275 words, keeping 285606 word types
2026-03-26 10:20:29,280 - INFO - PROGRESS: at sentence #1130000, processed 60880642 words, keeping 287227 word types
2026-03-26 10:20:29,400 - INFO - PROGRESS: at sentence #1140000, processed 61448060 words, keeping 289048 word types
2026-03-26 10:20:29,503 - INFO - PROGRESS: at sentence #1150000, processed 61932226 words, keeping 291171 word types
2026-03-26 10:20:29,621 - INFO - PROGRESS: at sentence #1160000, processed 62508469 words, keeping 293484 word types
2026-03-26 10:20:29,724 - INFO - PROGRESS: at sentence #1170000, processed 63001681 words, keeping 295000 word types
2026-03-26 10:20:29,827 - INFO - PROGRESS: at sentence #1180000, processed 63498319 words, keeping 296537 word types
2026-03-26 10:20:29,927 - INFO - PROGRESS: at sentence #1190000, processed 63980201 words, keeping 297875 word types
2026-03-26 10:20:30,028 - INFO - PROGRESS: at sentence #1200000, processed 64465410 words, keeping 299195 word types
2026-03-26 10:20:30,132 - INFO - PROGRESS: at sentence #1210000, processed 64969389 words, keeping 300581 word types
2026-03-26 10:20:30,240 - INFO - PROGRESS: at sentence #1220000, processed 65488071 words, keeping 301946 word types
2026-03-26 10:20:30,357 - INFO - PROGRESS: at sentence #1230000, processed 66056332 words, keeping 303525 word types
2026-03-26 10:20:30,464 - INFO - PROGRESS: at sentence #1240000, processed 66564774 words, keeping 305003 word types
2026-03-26 10:20:30,571 - INFO - PROGRESS: at sentence #1250000, processed 67081333 words, keeping 306429 word types
2026-03-26 10:20:30,679 - INFO - PROGRESS: at sentence #1260000, processed 67597901 words, keeping 307836 word types
2026-03-26 10:20:30,783 - INFO - PROGRESS: at sentence #1270000, processed 68095899 words, keeping 309071 word types
2026-03-26 10:20:30,866 - INFO - PROGRESS: at sentence #1280000, processed 68483891 words, keeping 310674 word types
2026-03-26 10:20:30,949 - INFO - PROGRESS: at sentence #1290000, processed 68873648 words, keeping 311953 word types
2026-03-26 10:20:31,033 - INFO - PROGRESS: at sentence #1300000, processed 69267418 words, keeping 313367 word types
2026-03-26 10:20:31,117 - INFO - PROGRESS: at sentence #1310000, processed 69660867 words, keeping 314653 word types
2026-03-26 10:20:31,200 - INFO - PROGRESS: at sentence #1320000, processed 70050736 words, keeping 315831 word types
2026-03-26 10:20:31,283 - INFO - PROGRESS: at sentence #1330000, processed 70442697 words, keeping 317326 word types
2026-03-26 10:20:31,368 - INFO - PROGRESS: at sentence #1340000, processed 70835871 words, keeping 318408 word types
2026-03-26 10:20:31,451 - INFO - PROGRESS: at sentence #1350000, processed 71225402 words, keeping 319584 word types
2026-03-26 10:20:31,533 - INFO - PROGRESS: at sentence #1360000, processed 71611081 words, keeping 320655 word types
2026-03-26 10:20:31,616 - INFO - PROGRESS: at sentence #1370000, processed 72000378 words, keeping 321810 word types
2026-03-26 10:20:31,717 - INFO - PROGRESS: at sentence #1380000, processed 72486983 words, keeping 323045 word types
2026-03-26 10:20:31,861 - INFO - PROGRESS: at sentence #1390000, processed 73193800 words, keeping 325063 word types
2026-03-26 10:20:31,985 - INFO - PROGRESS: at sentence #1400000, processed 73804331 words, keeping 326659 word types
2026-03-26 10:20:32,057 - INFO - PROGRESS: at sentence #1410000, processed 74160108 words, keeping 326869 word types
2026-03-26 10:20:32,129 - INFO - PROGRESS: at sentence #1420000, processed 74514699 words, keeping 326958 word types
2026-03-26 10:20:32,199 - INFO - PROGRESS: at sentence #1430000, processed 74862203 words, keeping 327063 word types
2026-03-26 10:20:32,271 - INFO - PROGRESS: at sentence #1440000, processed 75216049 words, keeping 327188 word types
2026-03-26 10:20:32,342 - INFO - PROGRESS: at sentence #1450000, processed 75565025 words, keeping 327293 word types
2026-03-26 10:20:32,412 - INFO - PROGRESS: at sentence #1460000, processed 75915266 words, keeping 327431 word types
2026-03-26 10:20:32,484 - INFO - PROGRESS: at sentence #1470000, processed 76269192 words, keeping 327547 word types
2026-03-26 10:20:32,554 - INFO - PROGRESS: at sentence #1480000, processed 76619550 words, keeping 327645 word types
2026-03-26 10:20:32,624 - INFO - PROGRESS: at sentence #1490000, processed 76966726 words, keeping 327749 word types
2026-03-26 10:20:32,696 - INFO - PROGRESS: at sentence #1500000, processed 77321545 words, keeping 327862 word types
2026-03-26 10:20:32,767 - INFO - PROGRESS: at sentence #1510000, processed 77673312 words, keeping 327992 word types
2026-03-26 10:20:32,838 - INFO - PROGRESS: at sentence #1520000, processed 78020667 words, keeping 328124 word types
2026-03-26 10:20:32,908 - INFO - PROGRESS: at sentence #1530000, processed 78367075 words, keeping 328215 word types
2026-03-26 10:20:32,978 - INFO - PROGRESS: at sentence #1540000, processed 78715724 words, keeping 328312 word types
2026-03-26 10:20:33,049 - INFO - PROGRESS: at sentence #1550000, processed 79067322 words, keeping 328423 word types
2026-03-26 10:20:33,119 - INFO - PROGRESS: at sentence #1560000, processed 79413016 words, keeping 328499 word types
2026-03-26 10:20:33,190 - INFO - PROGRESS: at sentence #1570000, processed 79762526 words, keeping 328594 word types
2026-03-26 10:20:33,261 - INFO - PROGRESS: at sentence #1580000, processed 80111959 words, keeping 328686 word types
2026-03-26 10:20:33,331 - INFO - PROGRESS: at sentence #1590000, processed 80458270 words, keeping 328798 word types
2026-03-26 10:20:33,402 - INFO - PROGRESS: at sentence #1600000, processed 80808803 words, keeping 328906 word types
2026-03-26 10:20:33,473 - INFO - PROGRESS: at sentence #1610000, processed 81154080 words, keeping 328985 word types
2026-03-26 10:20:33,544 - INFO - PROGRESS: at sentence #1620000, processed 81501441 words, keeping 329051 word types
2026-03-26 10:20:33,616 - INFO - PROGRESS: at sentence #1630000, processed 81852873 words, keeping 329180 word types
2026-03-26 10:20:33,692 - INFO - PROGRESS: at sentence #1640000, processed 82197638 words, keeping 329263 word types
2026-03-26 10:20:33,769 - INFO - PROGRESS: at sentence #1650000, processed 82549122 words, keeping 329381 word types
2026-03-26 10:20:33,841 - INFO - PROGRESS: at sentence #1660000, processed 82896024 words, keeping 329535 word types
2026-03-26 10:20:33,911 - INFO - PROGRESS: at sentence #1670000, processed 83242824 words, keeping 329609 word types
2026-03-26 10:20:33,990 - INFO - PROGRESS: at sentence #1680000, processed 83644399 words, keeping 329753 word types
2026-03-26 10:20:34,083 - INFO - PROGRESS: at sentence #1690000, processed 84094378 words, keeping 330740 word types
2026-03-26 10:20:34,178 - INFO - PROGRESS: at sentence #1700000, processed 84548462 words, keeping 331492 word types
2026-03-26 10:20:34,270 - INFO - PROGRESS: at sentence #1710000, processed 84987408 words, keeping 332301 word types
2026-03-26 10:20:34,361 - INFO - PROGRESS: at sentence #1720000, processed 85427967 words, keeping 333045 word types
2026-03-26 10:20:34,453 - INFO - PROGRESS: at sentence #1730000, processed 85867028 words, keeping 333855 word types
2026-03-26 10:20:34,543 - INFO - PROGRESS: at sentence #1740000, processed 86297445 words, keeping 334675 word types
2026-03-26 10:20:34,634 - INFO - PROGRESS: at sentence #1750000, processed 86735772 words, keeping 335397 word types
2026-03-26 10:20:34,724 - INFO - PROGRESS: at sentence #1760000, processed 87168704 words, keeping 336075 word types
2026-03-26 10:20:34,818 - INFO - PROGRESS: at sentence #1770000, processed 87608993 words, keeping 336863 word types
2026-03-26 10:20:34,909 - INFO - PROGRESS: at sentence #1780000, processed 88045636 words, keeping 337587 word types
2026-03-26 10:20:35,002 - INFO - PROGRESS: at sentence #1790000, processed 88491583 words, keeping 338314 word types
2026-03-26 10:20:35,093 - INFO - PROGRESS: at sentence #1800000, processed 88924735 words, keeping 338923 word types
2026-03-26 10:20:35,184 - INFO - PROGRESS: at sentence #1810000, processed 89365713 words, keeping 339604 word types
2026-03-26 10:20:35,275 - INFO - PROGRESS: at sentence #1820000, processed 89801200 words, keeping 340273 word types
2026-03-26 10:20:35,365 - INFO - PROGRESS: at sentence #1830000, processed 90226527 words, keeping 341472 word types
2026-03-26 10:20:35,471 - INFO - PROGRESS: at sentence #1840000, processed 90748776 words, keeping 343185 word types
2026-03-26 10:20:35,558 - INFO - PROGRESS: at sentence #1850000, processed 91191410 words, keeping 343397 word types
2026-03-26 10:20:35,645 - INFO - PROGRESS: at sentence #1860000, processed 91634970 words, keeping 343562 word types
2026-03-26 10:20:35,732 - INFO - PROGRESS: at sentence #1870000, processed 92081252 words, keeping 343754 word types
2026-03-26 10:20:35,819 - INFO - PROGRESS: at sentence #1880000, processed 92524440 words, keeping 343882 word types
2026-03-26 10:20:35,906 - INFO - PROGRESS: at sentence #1890000, processed 92965301 words, keeping 343993 word types
2026-03-26 10:20:35,994 - INFO - PROGRESS: at sentence #1900000, processed 93407916 words, keeping 344130 word types
2026-03-26 10:20:36,082 - INFO - PROGRESS: at sentence #1910000, processed 93855962 words, keeping 344256 word types
2026-03-26 10:20:36,169 - INFO - PROGRESS: at sentence #1920000, processed 94297384 words, keeping 344311 word types
2026-03-26 10:20:36,255 - INFO - PROGRESS: at sentence #1930000, processed 94737483 words, keeping 344402 word types
2026-03-26 10:20:36,344 - INFO - PROGRESS: at sentence #1940000, processed 95186492 words, keeping 344473 word types
2026-03-26 10:20:36,431 - INFO - PROGRESS: at sentence #1950000, processed 95627193 words, keeping 344593 word types
2026-03-26 10:20:36,518 - INFO - PROGRESS: at sentence #1960000, processed 96070324 words, keeping 344694 word types
2026-03-26 10:20:36,605 - INFO - PROGRESS: at sentence #1970000, processed 96508544 words, keeping 344795 word types
2026-03-26 10:20:36,692 - INFO - PROGRESS: at sentence #1980000, processed 96954684 words, keeping 344897 word types
2026-03-26 10:20:36,783 - INFO - PROGRESS: at sentence #1990000, processed 97395180 words, keeping 344979 word types
2026-03-26 10:20:36,872 - INFO - PROGRESS: at sentence #2000000, processed 97836138 words, keeping 345056 word types
2026-03-26 10:20:36,967 - INFO - PROGRESS: at sentence #2010000, processed 98283088 words, keeping 345142 word types
2026-03-26 10:20:37,063 - INFO - PROGRESS: at sentence #2020000, processed 98728732 words, keeping 345225 word types
2026-03-26 10:20:37,150 - INFO - PROGRESS: at sentence #2030000, processed 99168836 words, keeping 345295 word types
2026-03-26 10:20:37,238 - INFO - PROGRESS: at sentence #2040000, processed 99612169 words, keeping 345377 word types
2026-03-26 10:20:37,325 - INFO - PROGRESS: at sentence #2050000, processed 100053286 words, keeping 345452 word types
2026-03-26 10:20:37,416 - INFO - PROGRESS: at sentence #2060000, processed 100494342 words, keeping 345545 word types
2026-03-26 10:20:37,507 - INFO - PROGRESS: at sentence #2070000, processed 100936448 words, keeping 345599 word types
2026-03-26 10:20:37,597 - INFO - PROGRESS: at sentence #2080000, processed 101358713 words, keeping 346435 word types
2026-03-26 10:20:37,686 - INFO - PROGRESS: at sentence #2090000, processed 101779877 words, keeping 347250 word types
2026-03-26 10:20:37,778 - INFO - PROGRESS: at sentence #2100000, processed 102205929 words, keeping 348101 word types
2026-03-26 10:20:37,872 - INFO - PROGRESS: at sentence #2110000, processed 102635422 words, keeping 348914 word types
2026-03-26 10:20:37,973 - INFO - PROGRESS: at sentence #2120000, processed 103060681 words, keeping 349751 word types
2026-03-26 10:20:38,065 - INFO - PROGRESS: at sentence #2130000, processed 103488365 words, keeping 350532 word types
2026-03-26 10:20:38,156 - INFO - PROGRESS: at sentence #2140000, processed 103909681 words, keeping 351301 word types
2026-03-26 10:20:38,246 - INFO - PROGRESS: at sentence #2150000, processed 104339863 words, keeping 352049 word types
2026-03-26 10:20:38,337 - INFO - PROGRESS: at sentence #2160000, processed 104769468 words, keeping 352866 word types
2026-03-26 10:20:38,428 - INFO - PROGRESS: at sentence #2170000, processed 105205349 words, keeping 353630 word types
2026-03-26 10:20:38,518 - INFO - PROGRESS: at sentence #2180000, processed 105631284 words, keeping 354400 word types
2026-03-26 10:20:38,609 - INFO - PROGRESS: at sentence #2190000, processed 106062448 words, keeping 355188 word types
2026-03-26 10:20:38,700 - INFO - PROGRESS: at sentence #2200000, processed 106493792 words, keeping 355959 word types
2026-03-26 10:20:38,789 - INFO - PROGRESS: at sentence #2210000, processed 106919872 words, keeping 356693 word types
2026-03-26 10:20:38,879 - INFO - PROGRESS: at sentence #2220000, processed 107345574 words, keeping 357549 word types
2026-03-26 10:20:38,996 - INFO - PROGRESS: at sentence #2230000, processed 107902002 words, keeping 358296 word types
2026-03-26 10:20:39,131 - INFO - PROGRESS: at sentence #2240000, processed 108557468 words, keeping 358878 word types
2026-03-26 10:20:39,255 - INFO - PROGRESS: at sentence #2250000, processed 109143104 words, keeping 359367 word types
2026-03-26 10:20:39,370 - INFO - PROGRESS: at sentence #2260000, processed 109687682 words, keeping 360526 word types
2026-03-26 10:20:39,478 - INFO - PROGRESS: at sentence #2270000, processed 110193032 words, keeping 362644 word types
2026-03-26 10:20:39,586 - INFO - PROGRESS: at sentence #2280000, processed 110697110 words, keeping 364664 word types
2026-03-26 10:20:39,693 - INFO - PROGRESS: at sentence #2290000, processed 111196080 words, keeping 366543 word types
2026-03-26 10:20:39,800 - INFO - PROGRESS: at sentence #2300000, processed 111699037 words, keeping 368342 word types
2026-03-26 10:20:39,894 - INFO - PROGRESS: at sentence #2310000, processed 112139426 words, keeping 369109 word types
2026-03-26 10:20:39,986 - INFO - PROGRESS: at sentence #2320000, processed 112573005 words, keeping 369847 word types
2026-03-26 10:20:40,088 - INFO - PROGRESS: at sentence #2330000, processed 113065969 words, keeping 370675 word types
2026-03-26 10:20:40,205 - INFO - PROGRESS: at sentence #2340000, processed 113635092 words, keeping 371469 word types
2026-03-26 10:20:40,299 - INFO - PROGRESS: at sentence #2350000, processed 114084567 words, keeping 372063 word types
2026-03-26 10:20:40,398 - INFO - PROGRESS: at sentence #2360000, processed 114556358 words, keeping 372689 word types
2026-03-26 10:20:40,495 - INFO - PROGRESS: at sentence #2370000, processed 115017398 words, keeping 373261 word types
2026-03-26 10:20:40,592 - INFO - PROGRESS: at sentence #2380000, processed 115479483 words, keeping 373908 word types
2026-03-26 10:20:40,688 - INFO - PROGRESS: at sentence #2390000, processed 115942109 words, keeping 374456 word types
2026-03-26 10:20:40,783 - INFO - PROGRESS: at sentence #2400000, processed 116395230 words, keeping 375006 word types
2026-03-26 10:20:40,895 - INFO - PROGRESS: at sentence #2410000, processed 116929346 words, keeping 376211 word types
2026-03-26 10:20:41,034 - INFO - PROGRESS: at sentence #2420000, processed 117605052 words, keeping 377799 word types
2026-03-26 10:20:41,172 - INFO - PROGRESS: at sentence #2430000, processed 118278734 words, keeping 379212 word types
2026-03-26 10:20:41,310 - INFO - PROGRESS: at sentence #2440000, processed 118953946 words, keeping 380473 word types
2026-03-26 10:20:41,450 - INFO - PROGRESS: at sentence #2450000, processed 119637854 words, keeping 381675 word types
2026-03-26 10:20:41,587 - INFO - PROGRESS: at sentence #2460000, processed 120305409 words, keeping 382749 word types
2026-03-26 10:20:41,738 - INFO - PROGRESS: at sentence #2470000, processed 121048452 words, keeping 383650 word types
2026-03-26 10:20:41,859 - INFO - PROGRESS: at sentence #2480000, processed 121637700 words, keeping 384686 word types
2026-03-26 10:20:41,966 - INFO - PROGRESS: at sentence #2490000, processed 122155137 words, keeping 385313 word types
2026-03-26 10:20:42,056 - INFO - PROGRESS: at sentence #2500000, processed 122586372 words, keeping 385826 word types
2026-03-26 10:20:42,153 - INFO - PROGRESS: at sentence #2510000, processed 123049081 words, keeping 386693 word types
2026-03-26 10:20:42,237 - INFO - PROGRESS: at sentence #2520000, processed 123445502 words, keeping 387628 word types
2026-03-26 10:20:42,320 - INFO - PROGRESS: at sentence #2530000, processed 123835399 words, keeping 388444 word types
2026-03-26 10:20:42,403 - INFO - PROGRESS: at sentence #2540000, processed 124228735 words, keeping 389242 word types
2026-03-26 10:20:42,486 - INFO - PROGRESS: at sentence #2550000, processed 124614119 words, keeping 390022 word types
2026-03-26 10:20:42,612 - INFO - PROGRESS: at sentence #2560000, processed 125234167 words, keeping 390639 word types
2026-03-26 10:20:42,729 - INFO - PROGRESS: at sentence #2570000, processed 125798602 words, keeping 391266 word types
2026-03-26 10:20:42,845 - INFO - PROGRESS: at sentence #2580000, processed 126352890 words, keeping 391572 word types
2026-03-26 10:20:42,959 - INFO - PROGRESS: at sentence #2590000, processed 126891704 words, keeping 392284 word types
2026-03-26 10:20:43,084 - INFO - PROGRESS: at sentence #2600000, processed 127509169 words, keeping 393537 word types
2026-03-26 10:20:43,191 - INFO - PROGRESS: at sentence #2610000, processed 128013466 words, keeping 395255 word types
2026-03-26 10:20:43,255 - INFO - PROGRESS: at sentence #2620000, processed 128301039 words, keeping 396172 word types
2026-03-26 10:20:43,319 - INFO - PROGRESS: at sentence #2630000, processed 128586242 words, keeping 397012 word types
2026-03-26 10:20:43,464 - INFO - PROGRESS: at sentence #2640000, processed 129303524 words, keeping 397984 word types
2026-03-26 10:20:43,560 - INFO - PROGRESS: at sentence #2650000, processed 129762074 words, keeping 398731 word types
2026-03-26 10:20:43,624 - INFO - PROGRESS: at sentence #2660000, processed 130051702 words, keeping 399135 word types
2026-03-26 10:20:43,688 - INFO - PROGRESS: at sentence #2670000, processed 130340855 words, keeping 399497 word types
2026-03-26 10:20:43,751 - INFO - PROGRESS: at sentence #2680000, processed 130628879 words, keeping 399833 word types
2026-03-26 10:20:43,815 - INFO - PROGRESS: at sentence #2690000, processed 130916174 words, keeping 400154 word types
2026-03-26 10:20:43,879 - INFO - PROGRESS: at sentence #2700000, processed 131202906 words, keeping 400510 word types
2026-03-26 10:20:43,949 - INFO - PROGRESS: at sentence #2710000, processed 131524295 words, keeping 400996 word types
2026-03-26 10:20:44,049 - INFO - PROGRESS: at sentence #2720000, processed 131993589 words, keeping 401932 word types
2026-03-26 10:20:44,147 - INFO - PROGRESS: at sentence #2730000, processed 132451270 words, keeping 402687 word types
2026-03-26 10:20:44,243 - INFO - PROGRESS: at sentence #2740000, processed 132901195 words, keeping 403337 word types
2026-03-26 10:20:44,332 - INFO - PROGRESS: at sentence #2750000, processed 133323909 words, keeping 404088 word types
2026-03-26 10:20:44,422 - INFO - PROGRESS: at sentence #2760000, processed 133754680 words, keeping 404794 word types
2026-03-26 10:20:44,511 - INFO - PROGRESS: at sentence #2770000, processed 134176521 words, keeping 405500 word types
2026-03-26 10:20:44,602 - INFO - PROGRESS: at sentence #2780000, processed 134606624 words, keeping 406212 word types
2026-03-26 10:20:44,691 - INFO - PROGRESS: at sentence #2790000, processed 135034015 words, keeping 406870 word types
2026-03-26 10:20:44,782 - INFO - PROGRESS: at sentence #2800000, processed 135467238 words, keeping 407598 word types
2026-03-26 10:20:44,871 - INFO - PROGRESS: at sentence #2810000, processed 135888021 words, keeping 408251 word types
2026-03-26 10:20:44,960 - INFO - PROGRESS: at sentence #2820000, processed 136310426 words, keeping 408972 word types
2026-03-26 10:20:45,050 - INFO - PROGRESS: at sentence #2830000, processed 136737603 words, keeping 409661 word types
2026-03-26 10:20:45,140 - INFO - PROGRESS: at sentence #2840000, processed 137164709 words, keeping 410393 word types
2026-03-26 10:20:45,233 - INFO - PROGRESS: at sentence #2850000, processed 137599582 words, keeping 411095 word types
2026-03-26 10:20:45,323 - INFO - PROGRESS: at sentence #2860000, processed 138027688 words, keeping 411814 word types
2026-03-26 10:20:45,412 - INFO - PROGRESS: at sentence #2870000, processed 138452442 words, keeping 412445 word types
2026-03-26 10:20:45,501 - INFO - PROGRESS: at sentence #2880000, processed 138877331 words, keeping 413089 word types
2026-03-26 10:20:45,592 - INFO - PROGRESS: at sentence #2890000, processed 139311068 words, keeping 413759 word types
2026-03-26 10:20:45,707 - INFO - PROGRESS: at sentence #2900000, processed 139871284 words, keeping 414495 word types
2026-03-26 10:20:45,811 - INFO - PROGRESS: at sentence #2910000, processed 140372349 words, keeping 415237 word types
2026-03-26 10:20:45,913 - INFO - PROGRESS: at sentence #2920000, processed 140865166 words, keeping 415903 word types
2026-03-26 10:20:46,040 - INFO - PROGRESS: at sentence #2930000, processed 141476819 words, keeping 416733 word types
2026-03-26 10:20:46,151 - INFO - PROGRESS: at sentence #2940000, processed 142013794 words, keeping 417895 word types
2026-03-26 10:20:46,262 - INFO - PROGRESS: at sentence #2950000, processed 142543423 words, keeping 418926 word types
2026-03-26 10:20:46,369 - INFO - PROGRESS: at sentence #2960000, processed 143062009 words, keeping 419951 word types
2026-03-26 10:20:46,480 - INFO - PROGRESS: at sentence #2970000, processed 143595154 words, keeping 420966 word types
2026-03-26 10:20:46,590 - INFO - PROGRESS: at sentence #2980000, processed 144122412 words, keeping 422012 word types
2026-03-26 10:20:46,702 - INFO - PROGRESS: at sentence #2990000, processed 144658854 words, keeping 423025 word types
2026-03-26 10:20:46,815 - INFO - PROGRESS: at sentence #3000000, processed 145196107 words, keeping 423877 word types
2026-03-26 10:20:46,961 - INFO - PROGRESS: at sentence #3010000, processed 145907926 words, keeping 425056 word types
2026-03-26 10:20:47,067 - INFO - PROGRESS: at sentence #3020000, processed 146417512 words, keeping 425608 word types
2026-03-26 10:20:47,181 - INFO - PROGRESS: at sentence #3030000, processed 146963800 words, keeping 427009 word types
2026-03-26 10:20:47,272 - INFO - PROGRESS: at sentence #3040000, processed 147396738 words, keeping 428574 word types
2026-03-26 10:20:47,367 - INFO - PROGRESS: at sentence #3050000, processed 147845215 words, keeping 430191 word types
2026-03-26 10:20:47,459 - INFO - PROGRESS: at sentence #3060000, processed 148285664 words, keeping 431602 word types
2026-03-26 10:20:47,554 - INFO - PROGRESS: at sentence #3070000, processed 148731377 words, keeping 433010 word types
2026-03-26 10:20:47,642 - INFO - PROGRESS: at sentence #3080000, processed 149147042 words, keeping 433702 word types
2026-03-26 10:20:47,745 - INFO - PROGRESS: at sentence #3090000, processed 149641589 words, keeping 434315 word types
2026-03-26 10:20:47,856 - INFO - PROGRESS: at sentence #3100000, processed 150180902 words, keeping 434985 word types
2026-03-26 10:20:47,941 - INFO - PROGRESS: at sentence #3110000, processed 150584698 words, keeping 435682 word types
2026-03-26 10:20:48,027 - INFO - PROGRESS: at sentence #3120000, processed 150986919 words, keeping 436383 word types
2026-03-26 10:20:48,112 - INFO - PROGRESS: at sentence #3130000, processed 151388285 words, keeping 437078 word types
2026-03-26 10:20:48,199 - INFO - PROGRESS: at sentence #3140000, processed 151794403 words, keeping 437707 word types
2026-03-26 10:20:48,285 - INFO - PROGRESS: at sentence #3150000, processed 152202070 words, keeping 438309 word types
2026-03-26 10:20:48,371 - INFO - PROGRESS: at sentence #3160000, processed 152607739 words, keeping 438903 word types
2026-03-26 10:20:48,444 - INFO - PROGRESS: at sentence #3170000, processed 152945840 words, keeping 439352 word types
2026-03-26 10:20:48,533 - INFO - PROGRESS: at sentence #3180000, processed 153367533 words, keeping 440486 word types
2026-03-26 10:20:48,625 - INFO - PROGRESS: at sentence #3190000, processed 153806077 words, keeping 441625 word types
2026-03-26 10:20:48,717 - INFO - PROGRESS: at sentence #3200000, processed 154242842 words, keeping 442834 word types
2026-03-26 10:20:48,810 - INFO - PROGRESS: at sentence #3210000, processed 154686702 words, keeping 444075 word types
2026-03-26 10:20:48,903 - INFO - PROGRESS: at sentence #3220000, processed 155125116 words, keeping 445261 word types
2026-03-26 10:20:48,994 - INFO - PROGRESS: at sentence #3230000, processed 155558340 words, keeping 446270 word types
2026-03-26 10:20:49,097 - INFO - PROGRESS: at sentence #3240000, processed 156053478 words, keeping 446917 word types
2026-03-26 10:20:49,222 - INFO - PROGRESS: at sentence #3250000, processed 156662537 words, keeping 447080 word types
2026-03-26 10:20:49,378 - INFO - PROGRESS: at sentence #3260000, processed 157436897 words, keeping 447394 word types
2026-03-26 10:20:49,518 - INFO - PROGRESS: at sentence #3270000, processed 158116655 words, keeping 448531 word types
2026-03-26 10:20:49,632 - INFO - PROGRESS: at sentence #3280000, processed 158673905 words, keeping 449690 word types
2026-03-26 10:20:49,729 - INFO - PROGRESS: at sentence #3290000, processed 159142569 words, keeping 450632 word types
2026-03-26 10:20:49,830 - INFO - PROGRESS: at sentence #3300000, processed 159625682 words, keeping 451252 word types
2026-03-26 10:20:49,932 - INFO - PROGRESS: at sentence #3310000, processed 160114301 words, keeping 451945 word types
2026-03-26 10:20:50,034 - INFO - PROGRESS: at sentence #3320000, processed 160606754 words, keeping 452578 word types
2026-03-26 10:20:50,138 - INFO - PROGRESS: at sentence #3330000, processed 161102943 words, keeping 453227 word types
2026-03-26 10:20:50,304 - INFO - PROGRESS: at sentence #3340000, processed 161901858 words, keeping 456993 word types
2026-03-26 10:20:50,490 - INFO - PROGRESS: at sentence #3350000, processed 162811575 words, keeping 459448 word types
2026-03-26 10:20:50,592 - INFO - PROGRESS: at sentence #3360000, processed 163293509 words, keeping 460052 word types
2026-03-26 10:20:50,688 - INFO - PROGRESS: at sentence #3370000, processed 163744033 words, keeping 461503 word types
2026-03-26 10:20:50,806 - INFO - PROGRESS: at sentence #3380000, processed 164286950 words, keeping 463857 word types
2026-03-26 10:20:50,918 - INFO - PROGRESS: at sentence #3390000, processed 164806229 words, keeping 465830 word types
2026-03-26 10:20:51,013 - INFO - PROGRESS: at sentence #3400000, processed 165258182 words, keeping 466660 word types
2026-03-26 10:20:51,114 - INFO - PROGRESS: at sentence #3410000, processed 165745563 words, keeping 467567 word types
2026-03-26 10:20:51,214 - INFO - PROGRESS: at sentence #3420000, processed 166229928 words, keeping 468496 word types
2026-03-26 10:20:51,317 - INFO - PROGRESS: at sentence #3430000, processed 166726022 words, keeping 469357 word types
2026-03-26 10:20:51,418 - INFO - PROGRESS: at sentence #3440000, processed 167212795 words, keeping 470270 word types
2026-03-26 10:20:51,519 - INFO - PROGRESS: at sentence #3450000, processed 167704217 words, keeping 471131 word types
2026-03-26 10:20:51,621 - INFO - PROGRESS: at sentence #3460000, processed 168196351 words, keeping 471881 word types
2026-03-26 10:20:51,724 - INFO - PROGRESS: at sentence #3470000, processed 168692398 words, keeping 472797 word types
2026-03-26 10:20:51,826 - INFO - PROGRESS: at sentence #3480000, processed 169182221 words, keeping 473498 word types
2026-03-26 10:20:51,929 - INFO - PROGRESS: at sentence #3490000, processed 169676439 words, keeping 474314 word types
2026-03-26 10:20:52,031 - INFO - PROGRESS: at sentence #3500000, processed 170168752 words, keeping 475050 word types
2026-03-26 10:20:52,136 - INFO - PROGRESS: at sentence #3510000, processed 170668598 words, keeping 475815 word types
2026-03-26 10:20:52,239 - INFO - PROGRESS: at sentence #3520000, processed 171165600 words, keeping 476606 word types
2026-03-26 10:20:52,342 - INFO - PROGRESS: at sentence #3530000, processed 171661926 words, keeping 477345 word types
2026-03-26 10:20:52,437 - INFO - PROGRESS: at sentence #3540000, processed 172109819 words, keeping 477995 word types
2026-03-26 10:20:52,487 - INFO - PROGRESS: at sentence #3550000, processed 172317855 words, keeping 478056 word types
2026-03-26 10:20:52,610 - INFO - PROGRESS: at sentence #3560000, processed 172919626 words, keeping 478629 word types
2026-03-26 10:20:52,714 - INFO - PROGRESS: at sentence #3570000, processed 173405781 words, keeping 479414 word types
2026-03-26 10:20:52,782 - INFO - PROGRESS: at sentence #3580000, processed 173711484 words, keeping 479752 word types
2026-03-26 10:20:52,910 - INFO - PROGRESS: at sentence #3590000, processed 174326468 words, keeping 480351 word types
2026-03-26 10:20:53,027 - INFO - PROGRESS: at sentence #3600000, processed 174870743 words, keeping 481817 word types
2026-03-26 10:20:53,147 - INFO - PROGRESS: at sentence #3610000, processed 175442792 words, keeping 482866 word types
2026-03-26 10:20:53,244 - INFO - PROGRESS: at sentence #3620000, processed 175900015 words, keeping 483529 word types
2026-03-26 10:20:53,351 - INFO - PROGRESS: at sentence #3630000, processed 176411456 words, keeping 484170 word types
2026-03-26 10:20:53,464 - INFO - PROGRESS: at sentence #3640000, processed 176939177 words, keeping 485009 word types
2026-03-26 10:20:53,560 - INFO - PROGRESS: at sentence #3650000, processed 177377031 words, keeping 485675 word types
2026-03-26 10:20:53,678 - INFO - PROGRESS: at sentence #3660000, processed 177942810 words, keeping 486670 word types
2026-03-26 10:20:53,802 - INFO - PROGRESS: at sentence #3670000, processed 178540361 words, keeping 487658 word types
2026-03-26 10:20:53,923 - INFO - PROGRESS: at sentence #3680000, processed 179126651 words, keeping 488639 word types
2026-03-26 10:20:54,044 - INFO - PROGRESS: at sentence #3690000, processed 179714753 words, keeping 489619 word types
2026-03-26 10:20:54,167 - INFO - PROGRESS: at sentence #3700000, processed 180308497 words, keeping 490552 word types
2026-03-26 10:20:54,290 - INFO - PROGRESS: at sentence #3710000, processed 180905312 words, keeping 491462 word types
2026-03-26 10:20:54,413 - INFO - PROGRESS: at sentence #3720000, processed 181501162 words, keeping 492429 word types
2026-03-26 10:20:54,536 - INFO - PROGRESS: at sentence #3730000, processed 182089562 words, keeping 493402 word types
2026-03-26 10:20:54,660 - INFO - PROGRESS: at sentence #3740000, processed 182693260 words, keeping 494324 word types
2026-03-26 10:20:54,786 - INFO - PROGRESS: at sentence #3750000, processed 183301278 words, keeping 495159 word types
2026-03-26 10:20:54,908 - INFO - PROGRESS: at sentence #3760000, processed 183879912 words, keeping 496146 word types
2026-03-26 10:20:55,030 - INFO - PROGRESS: at sentence #3770000, processed 184472237 words, keeping 496993 word types
2026-03-26 10:20:55,151 - INFO - PROGRESS: at sentence #3780000, processed 185056858 words, keeping 497844 word types
2026-03-26 10:20:55,269 - INFO - PROGRESS: at sentence #3790000, processed 185628712 words, keeping 498575 word types
2026-03-26 10:20:55,394 - INFO - PROGRESS: at sentence #3800000, processed 186234017 words, keeping 499460 word types
2026-03-26 10:20:55,517 - INFO - PROGRESS: at sentence #3810000, processed 186835106 words, keeping 500184 word types
2026-03-26 10:20:55,623 - INFO - PROGRESS: at sentence #3820000, processed 187334038 words, keeping 500897 word types
2026-03-26 10:20:55,724 - INFO - PROGRESS: at sentence #3830000, processed 187812006 words, keeping 501436 word types
2026-03-26 10:20:55,889 - INFO - PROGRESS: at sentence #3840000, processed 188617521 words, keeping 502861 word types
2026-03-26 10:20:55,962 - INFO - PROGRESS: at sentence #3850000, processed 188949371 words, keeping 503096 word types
2026-03-26 10:20:56,041 - INFO - PROGRESS: at sentence #3860000, processed 189321307 words, keeping 503621 word types
2026-03-26 10:20:56,120 - INFO - PROGRESS: at sentence #3870000, processed 189693617 words, keeping 504082 word types
2026-03-26 10:20:56,199 - INFO - PROGRESS: at sentence #3880000, processed 190067873 words, keeping 504575 word types
2026-03-26 10:20:56,279 - INFO - PROGRESS: at sentence #3890000, processed 190441905 words, keeping 505024 word types
2026-03-26 10:20:56,379 - INFO - PROGRESS: at sentence #3900000, processed 190903461 words, keeping 505437 word types
2026-03-26 10:20:56,502 - INFO - PROGRESS: at sentence #3910000, processed 191498959 words, keeping 505676 word types
2026-03-26 10:20:56,595 - INFO - PROGRESS: at sentence #3920000, processed 191955537 words, keeping 506230 word types
2026-03-26 10:20:56,684 - INFO - PROGRESS: at sentence #3930000, processed 192395362 words, keeping 506631 word types
2026-03-26 10:20:56,773 - INFO - PROGRESS: at sentence #3940000, processed 192840075 words, keeping 506941 word types
2026-03-26 10:20:56,863 - INFO - PROGRESS: at sentence #3950000, processed 193286371 words, keeping 507286 word types
2026-03-26 10:20:56,952 - INFO - PROGRESS: at sentence #3960000, processed 193729445 words, keeping 507625 word types
2026-03-26 10:20:57,040 - INFO - PROGRESS: at sentence #3970000, processed 194164462 words, keeping 507954 word types
2026-03-26 10:20:57,132 - INFO - PROGRESS: at sentence #3980000, processed 194608361 words, keeping 508323 word types
2026-03-26 10:20:57,222 - INFO - PROGRESS: at sentence #3990000, processed 195056988 words, keeping 508622 word types
2026-03-26 10:20:57,312 - INFO - PROGRESS: at sentence #4000000, processed 195498624 words, keeping 508929 word types
2026-03-26 10:20:57,402 - INFO - PROGRESS: at sentence #4010000, processed 195940771 words, keeping 509268 word types
2026-03-26 10:20:57,492 - INFO - PROGRESS: at sentence #4020000, processed 196382196 words, keeping 509651 word types
2026-03-26 10:20:57,579 - INFO - PROGRESS: at sentence #4030000, processed 196817865 words, keeping 509987 word types
2026-03-26 10:20:57,670 - INFO - PROGRESS: at sentence #4040000, processed 197266473 words, keeping 510344 word types
2026-03-26 10:20:57,761 - INFO - PROGRESS: at sentence #4050000, processed 197713861 words, keeping 510716 word types
2026-03-26 10:20:57,851 - INFO - PROGRESS: at sentence #4060000, processed 198156417 words, keeping 511071 word types
2026-03-26 10:20:58,005 - INFO - PROGRESS: at sentence #4070000, processed 198916137 words, keeping 511549 word types
2026-03-26 10:20:58,166 - INFO - PROGRESS: at sentence #4080000, processed 199710219 words, keeping 512543 word types
2026-03-26 10:20:58,283 - INFO - PROGRESS: at sentence #4090000, processed 200266743 words, keeping 513194 word types
2026-03-26 10:20:58,374 - INFO - PROGRESS: at sentence #4100000, processed 200685847 words, keeping 513527 word types
2026-03-26 10:20:58,508 - INFO - PROGRESS: at sentence #4110000, processed 201331085 words, keeping 514304 word types
2026-03-26 10:20:58,646 - INFO - PROGRESS: at sentence #4120000, processed 201993433 words, keeping 514940 word types
2026-03-26 10:20:58,783 - INFO - PROGRESS: at sentence #4130000, processed 202653206 words, keeping 515577 word types
2026-03-26 10:20:58,922 - INFO - PROGRESS: at sentence #4140000, processed 203322394 words, keeping 516214 word types
2026-03-26 10:20:59,057 - INFO - PROGRESS: at sentence #4150000, processed 203977353 words, keeping 516842 word types
2026-03-26 10:20:59,179 - INFO - PROGRESS: at sentence #4160000, processed 204547663 words, keeping 517481 word types
2026-03-26 10:20:59,325 - INFO - PROGRESS: at sentence #4170000, processed 205266289 words, keeping 518501 word types
2026-03-26 10:20:59,418 - INFO - PROGRESS: at sentence #4180000, processed 205700508 words, keeping 519175 word types
2026-03-26 10:20:59,530 - INFO - PROGRESS: at sentence #4190000, processed 206236130 words, keeping 520447 word types
2026-03-26 10:20:59,630 - INFO - PROGRESS: at sentence #4200000, processed 206720569 words, keeping 521320 word types
2026-03-26 10:20:59,716 - INFO - PROGRESS: at sentence #4210000, processed 207124587 words, keeping 522071 word types
2026-03-26 10:20:59,801 - INFO - PROGRESS: at sentence #4220000, processed 207530193 words, keeping 522808 word types
2026-03-26 10:20:59,888 - INFO - PROGRESS: at sentence #4230000, processed 207939244 words, keeping 523538 word types
2026-03-26 10:20:59,975 - INFO - PROGRESS: at sentence #4240000, processed 208351974 words, keeping 524227 word types
2026-03-26 10:21:00,061 - INFO - PROGRESS: at sentence #4250000, processed 208759184 words, keeping 524900 word types
2026-03-26 10:21:00,149 - INFO - PROGRESS: at sentence #4260000, processed 209175573 words, keeping 525578 word types
2026-03-26 10:21:00,266 - INFO - PROGRESS: at sentence #4270000, processed 209729046 words, keeping 525981 word types
2026-03-26 10:21:00,364 - INFO - PROGRESS: at sentence #4280000, processed 210189588 words, keeping 526320 word types
2026-03-26 10:21:00,447 - INFO - PROGRESS: at sentence #4290000, processed 210570355 words, keeping 526610 word types
2026-03-26 10:21:00,551 - INFO - PROGRESS: at sentence #4300000, processed 211066008 words, keeping 527230 word types
2026-03-26 10:21:00,659 - INFO - PROGRESS: at sentence #4310000, processed 211601297 words, keeping 528473 word types
2026-03-26 10:21:00,766 - INFO - PROGRESS: at sentence #4320000, processed 212128888 words, keeping 529459 word types
2026-03-26 10:21:00,874 - INFO - PROGRESS: at sentence #4330000, processed 212662960 words, keeping 530358 word types
2026-03-26 10:21:00,982 - INFO - PROGRESS: at sentence #4340000, processed 213194750 words, keeping 531214 word types
2026-03-26 10:21:01,089 - INFO - PROGRESS: at sentence #4350000, processed 213723923 words, keeping 532003 word types
2026-03-26 10:21:01,199 - INFO - PROGRESS: at sentence #4360000, processed 214267545 words, keeping 532711 word types
2026-03-26 10:21:01,312 - INFO - PROGRESS: at sentence #4370000, processed 214823936 words, keeping 533465 word types
2026-03-26 10:21:01,439 - INFO - PROGRESS: at sentence #4380000, processed 215424700 words, keeping 533515 word types
2026-03-26 10:21:01,542 - INFO - PROGRESS: at sentence #4390000, processed 215910022 words, keeping 534011 word types
2026-03-26 10:21:01,654 - INFO - PROGRESS: at sentence #4400000, processed 216444775 words, keeping 534907 word types
2026-03-26 10:21:01,760 - INFO - PROGRESS: at sentence #4410000, processed 216951041 words, keeping 535632 word types
2026-03-26 10:21:01,854 - INFO - PROGRESS: at sentence #4420000, processed 217394389 words, keeping 536220 word types
2026-03-26 10:21:01,985 - INFO - PROGRESS: at sentence #4430000, processed 218011765 words, keeping 537340 word types
2026-03-26 10:21:02,114 - INFO - PROGRESS: at sentence #4440000, processed 218636063 words, keeping 537967 word types
2026-03-26 10:21:02,236 - INFO - PROGRESS: at sentence #4450000, processed 219220459 words, keeping 538664 word types
2026-03-26 10:21:02,365 - INFO - PROGRESS: at sentence #4460000, processed 219832316 words, keeping 539954 word types
2026-03-26 10:21:02,500 - INFO - PROGRESS: at sentence #4470000, processed 220486631 words, keeping 541169 word types
2026-03-26 10:21:02,627 - INFO - PROGRESS: at sentence #4480000, processed 221110833 words, keeping 541871 word types
2026-03-26 10:21:02,729 - INFO - PROGRESS: at sentence #4490000, processed 221605977 words, keeping 542345 word types
2026-03-26 10:21:02,855 - INFO - PROGRESS: at sentence #4500000, processed 222221899 words, keeping 542908 word types
2026-03-26 10:21:02,975 - INFO - PROGRESS: at sentence #4510000, processed 222802494 words, keeping 543025 word types
2026-03-26 10:21:03,093 - INFO - PROGRESS: at sentence #4520000, processed 223368256 words, keeping 543151 word types
2026-03-26 10:21:03,210 - INFO - PROGRESS: at sentence #4530000, processed 223924158 words, keeping 544089 word types
2026-03-26 10:21:03,377 - INFO - PROGRESS: at sentence #4540000, processed 224741094 words, keeping 546208 word types
2026-03-26 10:21:03,506 - INFO - PROGRESS: at sentence #4550000, processed 225358966 words, keeping 546856 word types
2026-03-26 10:21:03,636 - INFO - PROGRESS: at sentence #4560000, processed 225989142 words, keeping 547557 word types
2026-03-26 10:21:03,769 - INFO - PROGRESS: at sentence #4570000, processed 226635398 words, keeping 548132 word types
2026-03-26 10:21:03,899 - INFO - PROGRESS: at sentence #4580000, processed 227267839 words, keeping 548756 word types
2026-03-26 10:21:04,028 - INFO - PROGRESS: at sentence #4590000, processed 227887480 words, keeping 549752 word types
2026-03-26 10:21:04,139 - INFO - PROGRESS: at sentence #4600000, processed 228422109 words, keeping 550244 word types
2026-03-26 10:21:04,220 - INFO - PROGRESS: at sentence #4610000, processed 228802279 words, keeping 550762 word types
2026-03-26 10:21:04,297 - INFO - PROGRESS: at sentence #4620000, processed 229158588 words, keeping 551182 word types
2026-03-26 10:21:04,372 - INFO - PROGRESS: at sentence #4630000, processed 229511053 words, keeping 551603 word types
2026-03-26 10:21:04,448 - INFO - PROGRESS: at sentence #4640000, processed 229866076 words, keeping 552030 word types
2026-03-26 10:21:04,523 - INFO - PROGRESS: at sentence #4650000, processed 230220324 words, keeping 552408 word types
2026-03-26 10:21:04,647 - INFO - PROGRESS: at sentence #4660000, processed 230822199 words, keeping 552772 word types
2026-03-26 10:21:04,781 - INFO - PROGRESS: at sentence #4670000, processed 231462670 words, keeping 552968 word types
2026-03-26 10:21:04,918 - INFO - PROGRESS: at sentence #4680000, processed 232129555 words, keeping 553049 word types
2026-03-26 10:21:05,053 - INFO - PROGRESS: at sentence #4690000, processed 232784457 words, keeping 553083 word types
2026-03-26 10:21:05,185 - INFO - PROGRESS: at sentence #4700000, processed 233429553 words, keeping 553176 word types
2026-03-26 10:21:05,295 - INFO - PROGRESS: at sentence #4710000, processed 233957227 words, keeping 553804 word types
2026-03-26 10:21:05,405 - INFO - PROGRESS: at sentence #4720000, processed 234481234 words, keeping 554375 word types
2026-03-26 10:21:05,513 - INFO - PROGRESS: at sentence #4730000, processed 235000161 words, keeping 554956 word types
2026-03-26 10:21:05,629 - INFO - PROGRESS: at sentence #4740000, processed 235558595 words, keeping 555608 word types
2026-03-26 10:21:05,736 - INFO - PROGRESS: at sentence #4750000, processed 236076005 words, keeping 556284 word types
2026-03-26 10:21:05,847 - INFO - PROGRESS: at sentence #4760000, processed 236612714 words, keeping 556825 word types
2026-03-26 10:21:05,964 - INFO - PROGRESS: at sentence #4770000, processed 237180488 words, keeping 557388 word types
2026-03-26 10:21:06,073 - INFO - PROGRESS: at sentence #4780000, processed 237709361 words, keeping 558155 word types
2026-03-26 10:21:06,184 - INFO - PROGRESS: at sentence #4790000, processed 238253737 words, keeping 558748 word types
2026-03-26 10:21:06,309 - INFO - PROGRESS: at sentence #4800000, processed 238841728 words, keeping 559310 word types
2026-03-26 10:21:06,436 - INFO - PROGRESS: at sentence #4810000, processed 239437834 words, keeping 560650 word types
2026-03-26 10:21:06,537 - INFO - PROGRESS: at sentence #4820000, processed 239914299 words, keeping 561293 word types
2026-03-26 10:21:06,645 - INFO - PROGRESS: at sentence #4830000, processed 240435136 words, keeping 562011 word types
2026-03-26 10:21:06,744 - INFO - PROGRESS: at sentence #4840000, processed 240907485 words, keeping 563024 word types
2026-03-26 10:21:06,843 - INFO - PROGRESS: at sentence #4850000, processed 241381023 words, keeping 563945 word types
2026-03-26 10:21:06,942 - INFO - PROGRESS: at sentence #4860000, processed 241855816 words, keeping 564913 word types
2026-03-26 10:21:07,039 - INFO - PROGRESS: at sentence #4870000, processed 242322476 words, keeping 565807 word types
2026-03-26 10:21:07,138 - INFO - PROGRESS: at sentence #4880000, processed 242794062 words, keeping 566771 word types
2026-03-26 10:21:07,235 - INFO - PROGRESS: at sentence #4890000, processed 243261027 words, keeping 567689 word types
2026-03-26 10:21:07,333 - INFO - PROGRESS: at sentence #4900000, processed 243729510 words, keeping 568597 word types
2026-03-26 10:21:07,434 - INFO - PROGRESS: at sentence #4910000, processed 244210372 words, keeping 569444 word types
2026-03-26 10:21:07,533 - INFO - PROGRESS: at sentence #4920000, processed 244681733 words, keeping 570308 word types
2026-03-26 10:21:07,644 - INFO - PROGRESS: at sentence #4930000, processed 245199556 words, keeping 570981 word types
2026-03-26 10:21:07,778 - INFO - PROGRESS: at sentence #4940000, processed 245851722 words, keeping 571572 word types
2026-03-26 10:21:07,904 - INFO - PROGRESS: at sentence #4950000, processed 246456231 words, keeping 572486 word types
2026-03-26 10:21:08,036 - INFO - PROGRESS: at sentence #4960000, processed 247083955 words, keeping 573123 word types
2026-03-26 10:21:08,179 - INFO - PROGRESS: at sentence #4970000, processed 247772445 words, keeping 573722 word types
2026-03-26 10:21:08,323 - INFO - PROGRESS: at sentence #4980000, processed 248464455 words, keeping 574106 word types
2026-03-26 10:21:08,459 - INFO - PROGRESS: at sentence #4990000, processed 249126230 words, keeping 574688 word types
2026-03-26 10:21:08,605 - INFO - PROGRESS: at sentence #5000000, processed 249867466 words, keeping 575410 word types
2026-03-26 10:21:08,751 - INFO - PROGRESS: at sentence #5010000, processed 250607691 words, keeping 575957 word types
2026-03-26 10:21:08,896 - INFO - PROGRESS: at sentence #5020000, processed 251347248 words, keeping 576450 word types
2026-03-26 10:21:09,042 - INFO - PROGRESS: at sentence #5030000, processed 252081110 words, keeping 577088 word types
2026-03-26 10:21:09,163 - INFO - PROGRESS: at sentence #5040000, processed 252663406 words, keeping 577936 word types
2026-03-26 10:21:09,236 - INFO - PROGRESS: at sentence #5050000, processed 253003624 words, keeping 578546 word types
2026-03-26 10:21:09,309 - INFO - PROGRESS: at sentence #5060000, processed 253344155 words, keeping 578990 word types
2026-03-26 10:21:09,397 - INFO - PROGRESS: at sentence #5070000, processed 253760697 words, keeping 579102 word types
2026-03-26 10:21:09,478 - INFO - PROGRESS: at sentence #5080000, processed 254132717 words, keeping 579258 word types
2026-03-26 10:21:09,579 - INFO - PROGRESS: at sentence #5090000, processed 254616757 words, keeping 579397 word types
2026-03-26 10:21:09,717 - INFO - PROGRESS: at sentence #5100000, processed 255285283 words, keeping 581899 word types
2026-03-26 10:21:09,800 - INFO - PROGRESS: at sentence #5110000, processed 255678881 words, keeping 582500 word types
2026-03-26 10:21:09,882 - INFO - PROGRESS: at sentence #5120000, processed 256071645 words, keeping 583087 word types
2026-03-26 10:21:09,963 - INFO - PROGRESS: at sentence #5130000, processed 256463193 words, keeping 583652 word types
2026-03-26 10:21:10,044 - INFO - PROGRESS: at sentence #5140000, processed 256851062 words, keeping 584232 word types
2026-03-26 10:21:10,126 - INFO - PROGRESS: at sentence #5150000, processed 257243944 words, keeping 584761 word types
2026-03-26 10:21:10,242 - INFO - PROGRESS: at sentence #5160000, processed 257818273 words, keeping 585539 word types
2026-03-26 10:21:10,377 - INFO - PROGRESS: at sentence #5170000, processed 258485637 words, keeping 586278 word types
2026-03-26 10:21:10,513 - INFO - PROGRESS: at sentence #5180000, processed 259148890 words, keeping 586976 word types
2026-03-26 10:21:10,647 - INFO - PROGRESS: at sentence #5190000, processed 259819852 words, keeping 587660 word types
2026-03-26 10:21:10,781 - INFO - PROGRESS: at sentence #5200000, processed 260486772 words, keeping 588408 word types
2026-03-26 10:21:10,943 - INFO - PROGRESS: at sentence #5210000, processed 261304145 words, keeping 588963 word types
2026-03-26 10:21:11,081 - INFO - PROGRESS: at sentence #5220000, processed 261967138 words, keeping 589443 word types
2026-03-26 10:21:11,205 - INFO - PROGRESS: at sentence #5230000, processed 262558502 words, keeping 589828 word types
2026-03-26 10:21:11,294 - INFO - PROGRESS: at sentence #5240000, processed 262970599 words, keeping 590482 word types
2026-03-26 10:21:11,364 - INFO - PROGRESS: at sentence #5250000, processed 263297030 words, keeping 590897 word types
2026-03-26 10:21:11,434 - INFO - PROGRESS: at sentence #5260000, processed 263620379 words, keeping 591283 word types
2026-03-26 10:21:11,503 - INFO - PROGRESS: at sentence #5270000, processed 263942113 words, keeping 591634 word types
2026-03-26 10:21:11,572 - INFO - PROGRESS: at sentence #5280000, processed 264262490 words, keeping 592037 word types
2026-03-26 10:21:11,641 - INFO - PROGRESS: at sentence #5290000, processed 264584182 words, keeping 592420 word types
2026-03-26 10:21:11,711 - INFO - PROGRESS: at sentence #5300000, processed 264906038 words, keeping 592787 word types
2026-03-26 10:21:11,782 - INFO - PROGRESS: at sentence #5310000, processed 265242051 words, keeping 593300 word types
2026-03-26 10:21:11,861 - INFO - PROGRESS: at sentence #5320000, processed 265606101 words, keeping 594098 word types
2026-03-26 10:21:11,995 - INFO - PROGRESS: at sentence #5330000, processed 266266936 words, keeping 595058 word types
2026-03-26 10:21:12,131 - INFO - PROGRESS: at sentence #5340000, processed 266919316 words, keeping 596898 word types
2026-03-26 10:21:12,258 - INFO - PROGRESS: at sentence #5350000, processed 267527198 words, keeping 597631 word types
2026-03-26 10:21:12,359 - INFO - PROGRESS: at sentence #5360000, processed 268015212 words, keeping 598003 word types
2026-03-26 10:21:12,449 - INFO - PROGRESS: at sentence #5370000, processed 268447222 words, keeping 598482 word types
2026-03-26 10:21:12,568 - INFO - PROGRESS: at sentence #5380000, processed 269031000 words, keeping 599219 word types
2026-03-26 10:21:12,709 - INFO - PROGRESS: at sentence #5390000, processed 269725800 words, keeping 599835 word types
2026-03-26 10:21:12,853 - INFO - PROGRESS: at sentence #5400000, processed 270423062 words, keeping 600544 word types
2026-03-26 10:21:12,996 - INFO - PROGRESS: at sentence #5410000, processed 271116625 words, keeping 601386 word types
2026-03-26 10:21:13,138 - INFO - PROGRESS: at sentence #5420000, processed 271802768 words, keeping 602169 word types
2026-03-26 10:21:13,287 - INFO - PROGRESS: at sentence #5430000, processed 272505727 words, keeping 602868 word types
2026-03-26 10:21:13,430 - INFO - PROGRESS: at sentence #5440000, processed 273199668 words, keeping 603597 word types
2026-03-26 10:21:13,576 - INFO - PROGRESS: at sentence #5450000, processed 273909325 words, keeping 604218 word types
2026-03-26 10:21:13,720 - INFO - PROGRESS: at sentence #5460000, processed 274607594 words, keeping 604898 word types
2026-03-26 10:21:13,837 - INFO - PROGRESS: at sentence #5470000, processed 275165013 words, keeping 605217 word types
2026-03-26 10:21:13,950 - INFO - PROGRESS: at sentence #5480000, processed 275694311 words, keeping 605403 word types
2026-03-26 10:21:14,089 - INFO - PROGRESS: at sentence #5490000, processed 276357574 words, keeping 605873 word types
2026-03-26 10:21:14,224 - INFO - PROGRESS: at sentence #5500000, processed 277008339 words, keeping 606621 word types
2026-03-26 10:21:14,357 - INFO - PROGRESS: at sentence #5510000, processed 277649632 words, keeping 607543 word types
2026-03-26 10:21:14,488 - INFO - PROGRESS: at sentence #5520000, processed 278290066 words, keeping 608347 word types
2026-03-26 10:21:14,617 - INFO - PROGRESS: at sentence #5530000, processed 278911656 words, keeping 609135 word types
2026-03-26 10:21:14,750 - INFO - PROGRESS: at sentence #5540000, processed 279555768 words, keeping 609943 word types
2026-03-26 10:21:14,850 - INFO - PROGRESS: at sentence #5550000, processed 280015070 words, keeping 610617 word types
2026-03-26 10:21:14,903 - INFO - PROGRESS: at sentence #5560000, processed 280239044 words, keeping 610667 word types
2026-03-26 10:21:14,955 - INFO - PROGRESS: at sentence #5570000, processed 280462859 words, keeping 610715 word types
2026-03-26 10:21:15,007 - INFO - PROGRESS: at sentence #5580000, processed 280686412 words, keeping 610758 word types
2026-03-26 10:21:15,060 - INFO - PROGRESS: at sentence #5590000, processed 280912430 words, keeping 610790 word types
2026-03-26 10:21:15,112 - INFO - PROGRESS: at sentence #5600000, processed 281134964 words, keeping 610829 word types
2026-03-26 10:21:15,191 - INFO - PROGRESS: at sentence #5610000, processed 281496285 words, keeping 611137 word types
2026-03-26 10:21:15,314 - INFO - PROGRESS: at sentence #5620000, processed 282102392 words, keeping 611683 word types
2026-03-26 10:21:15,435 - INFO - PROGRESS: at sentence #5630000, processed 282688346 words, keeping 612578 word types
2026-03-26 10:21:15,558 - INFO - PROGRESS: at sentence #5640000, processed 283276552 words, keeping 613460 word types
2026-03-26 10:21:15,675 - INFO - PROGRESS: at sentence #5650000, processed 283835019 words, keeping 614334 word types
2026-03-26 10:21:15,795 - INFO - PROGRESS: at sentence #5660000, processed 284414851 words, keeping 615179 word types
2026-03-26 10:21:15,912 - INFO - PROGRESS: at sentence #5670000, processed 284977220 words, keeping 616070 word types
2026-03-26 10:21:16,029 - INFO - PROGRESS: at sentence #5680000, processed 285538957 words, keeping 616960 word types
2026-03-26 10:21:16,152 - INFO - PROGRESS: at sentence #5690000, processed 286112640 words, keeping 617865 word types
2026-03-26 10:21:16,272 - INFO - PROGRESS: at sentence #5700000, processed 286687606 words, keeping 618714 word types
2026-03-26 10:21:16,390 - INFO - PROGRESS: at sentence #5710000, processed 287253807 words, keeping 619542 word types
2026-03-26 10:21:16,512 - INFO - PROGRESS: at sentence #5720000, processed 287844704 words, keeping 620416 word types
2026-03-26 10:21:16,633 - INFO - PROGRESS: at sentence #5730000, processed 288429260 words, keeping 621215 word types
2026-03-26 10:21:16,753 - INFO - PROGRESS: at sentence #5740000, processed 289014001 words, keeping 622043 word types
2026-03-26 10:21:16,873 - INFO - PROGRESS: at sentence #5750000, processed 289587633 words, keeping 622852 word types
2026-03-26 10:21:16,994 - INFO - PROGRESS: at sentence #5760000, processed 290171137 words, keeping 623719 word types
2026-03-26 10:21:17,114 - INFO - PROGRESS: at sentence #5770000, processed 290747724 words, keeping 624546 word types
2026-03-26 10:21:17,234 - INFO - PROGRESS: at sentence #5780000, processed 291327818 words, keeping 625432 word types
2026-03-26 10:21:17,354 - INFO - PROGRESS: at sentence #5790000, processed 291901072 words, keeping 626257 word types
2026-03-26 10:21:17,473 - INFO - PROGRESS: at sentence #5800000, processed 292477811 words, keeping 627047 word types
2026-03-26 10:21:17,592 - INFO - PROGRESS: at sentence #5810000, processed 293048662 words, keeping 627763 word types
2026-03-26 10:21:17,711 - INFO - PROGRESS: at sentence #5820000, processed 293624114 words, keeping 628496 word types
2026-03-26 10:21:17,831 - INFO - PROGRESS: at sentence #5830000, processed 294200387 words, keeping 629266 word types
2026-03-26 10:21:17,951 - INFO - PROGRESS: at sentence #5840000, processed 294775800 words, keeping 630142 word types
2026-03-26 10:21:18,069 - INFO - PROGRESS: at sentence #5850000, processed 295341953 words, keeping 630972 word types
2026-03-26 10:21:18,189 - INFO - PROGRESS: at sentence #5860000, processed 295922158 words, keeping 631699 word types
2026-03-26 10:21:18,308 - INFO - PROGRESS: at sentence #5870000, processed 296492833 words, keeping 632540 word types
2026-03-26 10:21:18,427 - INFO - PROGRESS: at sentence #5880000, processed 297065962 words, keeping 633318 word types
2026-03-26 10:21:18,545 - INFO - PROGRESS: at sentence #5890000, processed 297631858 words, keeping 634127 word types
2026-03-26 10:21:18,666 - INFO - PROGRESS: at sentence #5900000, processed 298213429 words, keeping 634967 word types
2026-03-26 10:21:18,786 - INFO - PROGRESS: at sentence #5910000, processed 298793092 words, keeping 635714 word types
2026-03-26 10:21:18,906 - INFO - PROGRESS: at sentence #5920000, processed 299367629 words, keeping 636428 word types
2026-03-26 10:21:19,034 - INFO - PROGRESS: at sentence #5930000, processed 299972523 words, keeping 637154 word types
2026-03-26 10:21:19,159 - INFO - PROGRESS: at sentence #5940000, processed 300572951 words, keeping 637930 word types
2026-03-26 10:21:19,274 - INFO - PROGRESS: at sentence #5950000, processed 301129732 words, keeping 638093 word types
2026-03-26 10:21:19,405 - INFO - PROGRESS: at sentence #5960000, processed 301762414 words, keeping 638428 word types
2026-03-26 10:21:19,552 - INFO - PROGRESS: at sentence #5970000, processed 302480412 words, keeping 639315 word types
2026-03-26 10:21:19,655 - INFO - PROGRESS: at sentence #5980000, processed 302965698 words, keeping 639658 word types
2026-03-26 10:21:19,748 - INFO - PROGRESS: at sentence #5990000, processed 303390086 words, keeping 640235 word types
2026-03-26 10:21:19,853 - INFO - PROGRESS: at sentence #6000000, processed 303888309 words, keeping 641081 word types
2026-03-26 10:21:19,947 - INFO - PROGRESS: at sentence #6010000, processed 304329448 words, keeping 641965 word types
2026-03-26 10:21:20,042 - INFO - PROGRESS: at sentence #6020000, processed 304778083 words, keeping 642945 word types
2026-03-26 10:21:20,138 - INFO - PROGRESS: at sentence #6030000, processed 305228804 words, keeping 643800 word types
2026-03-26 10:21:20,232 - INFO - PROGRESS: at sentence #6040000, processed 305674059 words, keeping 644585 word types
2026-03-26 10:21:20,327 - INFO - PROGRESS: at sentence #6050000, processed 306119807 words, keeping 645387 word types
2026-03-26 10:21:20,420 - INFO - PROGRESS: at sentence #6060000, processed 306562624 words, keeping 646214 word types
2026-03-26 10:21:20,513 - INFO - PROGRESS: at sentence #6070000, processed 306998956 words, keeping 646906 word types
2026-03-26 10:21:20,620 - INFO - PROGRESS: at sentence #6080000, processed 307511917 words, keeping 647575 word types
2026-03-26 10:21:20,710 - INFO - PROGRESS: at sentence #6090000, processed 307947748 words, keeping 648226 word types
2026-03-26 10:21:20,797 - INFO - PROGRESS: at sentence #6100000, processed 308369681 words, keeping 648795 word types
2026-03-26 10:21:20,885 - INFO - PROGRESS: at sentence #6110000, processed 308792151 words, keeping 649399 word types
2026-03-26 10:21:20,961 - INFO - PROGRESS: at sentence #6120000, processed 309177393 words, keeping 649578 word types
2026-03-26 10:21:21,034 - INFO - PROGRESS: at sentence #6130000, processed 309550078 words, keeping 649609 word types
2026-03-26 10:21:21,107 - INFO - PROGRESS: at sentence #6140000, processed 309925213 words, keeping 649636 word types
2026-03-26 10:21:21,180 - INFO - PROGRESS: at sentence #6150000, processed 310301981 words, keeping 649651 word types
2026-03-26 10:21:21,253 - INFO - PROGRESS: at sentence #6160000, processed 310678234 words, keeping 649668 word types
2026-03-26 10:21:21,326 - INFO - PROGRESS: at sentence #6170000, processed 311056020 words, keeping 649677 word types
2026-03-26 10:21:21,400 - INFO - PROGRESS: at sentence #6180000, processed 311433717 words, keeping 649700 word types
2026-03-26 10:21:21,472 - INFO - PROGRESS: at sentence #6190000, processed 311807709 words, keeping 649712 word types
2026-03-26 10:21:21,545 - INFO - PROGRESS: at sentence #6200000, processed 312184878 words, keeping 649733 word types
2026-03-26 10:21:21,618 - INFO - PROGRESS: at sentence #6210000, processed 312561897 words, keeping 649739 word types
2026-03-26 10:21:21,691 - INFO - PROGRESS: at sentence #6220000, processed 312935162 words, keeping 649750 word types
2026-03-26 10:21:21,768 - INFO - PROGRESS: at sentence #6230000, processed 313314433 words, keeping 649779 word types
2026-03-26 10:21:21,840 - INFO - PROGRESS: at sentence #6240000, processed 313689149 words, keeping 649797 word types
2026-03-26 10:21:21,913 - INFO - PROGRESS: at sentence #6250000, processed 314063374 words, keeping 649808 word types
2026-03-26 10:21:21,986 - INFO - PROGRESS: at sentence #6260000, processed 314439852 words, keeping 649828 word types
2026-03-26 10:21:22,061 - INFO - PROGRESS: at sentence #6270000, processed 314815396 words, keeping 649838 word types
2026-03-26 10:21:22,135 - INFO - PROGRESS: at sentence #6280000, processed 315193241 words, keeping 649850 word types
2026-03-26 10:21:22,208 - INFO - PROGRESS: at sentence #6290000, processed 315567849 words, keeping 649857 word types
2026-03-26 10:21:22,282 - INFO - PROGRESS: at sentence #6300000, processed 315943733 words, keeping 649865 word types
2026-03-26 10:21:22,356 - INFO - PROGRESS: at sentence #6310000, processed 316320484 words, keeping 649867 word types
2026-03-26 10:21:22,429 - INFO - PROGRESS: at sentence #6320000, processed 316695693 words, keeping 649873 word types
2026-03-26 10:21:22,502 - INFO - PROGRESS: at sentence #6330000, processed 317072488 words, keeping 649893 word types
2026-03-26 10:21:22,575 - INFO - PROGRESS: at sentence #6340000, processed 317449020 words, keeping 649899 word types
2026-03-26 10:21:22,648 - INFO - PROGRESS: at sentence #6350000, processed 317825437 words, keeping 649914 word types
2026-03-26 10:21:22,720 - INFO - PROGRESS: at sentence #6360000, processed 318201199 words, keeping 649926 word types
2026-03-26 10:21:22,793 - INFO - PROGRESS: at sentence #6370000, processed 318576480 words, keeping 649930 word types
2026-03-26 10:21:22,866 - INFO - PROGRESS: at sentence #6380000, processed 318950915 words, keeping 649940 word types
2026-03-26 10:21:22,938 - INFO - PROGRESS: at sentence #6390000, processed 319324462 words, keeping 649947 word types
2026-03-26 10:21:23,011 - INFO - PROGRESS: at sentence #6400000, processed 319697831 words, keeping 649954 word types
2026-03-26 10:21:23,084 - INFO - PROGRESS: at sentence #6410000, processed 320073254 words, keeping 649958 word types
2026-03-26 10:21:23,157 - INFO - PROGRESS: at sentence #6420000, processed 320447941 words, keeping 649965 word types
2026-03-26 10:21:23,230 - INFO - PROGRESS: at sentence #6430000, processed 320824328 words, keeping 649972 word types
2026-03-26 10:21:23,303 - INFO - PROGRESS: at sentence #6440000, processed 321200448 words, keeping 649980 word types
2026-03-26 10:21:23,376 - INFO - PROGRESS: at sentence #6450000, processed 321574950 words, keeping 649983 word types
2026-03-26 10:21:23,449 - INFO - PROGRESS: at sentence #6460000, processed 321948785 words, keeping 649991 word types
2026-03-26 10:21:23,522 - INFO - PROGRESS: at sentence #6470000, processed 322322096 words, keeping 649996 word types
2026-03-26 10:21:23,596 - INFO - PROGRESS: at sentence #6480000, processed 322696666 words, keeping 650009 word types
2026-03-26 10:21:23,670 - INFO - PROGRESS: at sentence #6490000, processed 323073472 words, keeping 650021 word types
2026-03-26 10:21:23,743 - INFO - PROGRESS: at sentence #6500000, processed 323448260 words, keeping 650025 word types
2026-03-26 10:21:23,817 - INFO - PROGRESS: at sentence #6510000, processed 323824139 words, keeping 650029 word types
2026-03-26 10:21:23,890 - INFO - PROGRESS: at sentence #6520000, processed 324195851 words, keeping 650034 word types
2026-03-26 10:21:23,964 - INFO - PROGRESS: at sentence #6530000, processed 324572660 words, keeping 650036 word types
2026-03-26 10:21:24,038 - INFO - PROGRESS: at sentence #6540000, processed 324949925 words, keeping 650041 word types
2026-03-26 10:21:24,111 - INFO - PROGRESS: at sentence #6550000, processed 325324731 words, keeping 650046 word types
2026-03-26 10:21:24,198 - INFO - PROGRESS: at sentence #6560000, processed 325743359 words, keeping 650650 word types
2026-03-26 10:21:24,296 - INFO - PROGRESS: at sentence #6570000, processed 326215011 words, keeping 651578 word types
2026-03-26 10:21:24,408 - INFO - PROGRESS: at sentence #6580000, processed 326756115 words, keeping 652418 word types
2026-03-26 10:21:24,542 - INFO - PROGRESS: at sentence #6590000, processed 327408593 words, keeping 652866 word types
2026-03-26 10:21:24,671 - INFO - PROGRESS: at sentence #6600000, processed 327992787 words, keeping 653224 word types
2026-03-26 10:21:24,780 - INFO - PROGRESS: at sentence #6610000, processed 328495042 words, keeping 653949 word types
2026-03-26 10:21:24,902 - INFO - PROGRESS: at sentence #6620000, processed 329082935 words, keeping 654510 word types
2026-03-26 10:21:24,993 - INFO - PROGRESS: at sentence #6630000, processed 329505693 words, keeping 655040 word types
2026-03-26 10:21:25,079 - INFO - PROGRESS: at sentence #6640000, processed 329902996 words, keeping 655656 word types
2026-03-26 10:21:25,133 - INFO - PROGRESS: at sentence #6650000, processed 330133295 words, keeping 656442 word types
2026-03-26 10:21:25,207 - INFO - PROGRESS: at sentence #6660000, processed 330468357 words, keeping 657147 word types
2026-03-26 10:21:25,290 - INFO - PROGRESS: at sentence #6670000, processed 330847449 words, keeping 657605 word types
2026-03-26 10:21:25,357 - INFO - PROGRESS: at sentence #6680000, processed 331143342 words, keeping 658000 word types
2026-03-26 10:21:25,492 - INFO - PROGRESS: at sentence #6690000, processed 331802935 words, keeping 658535 word types
2026-03-26 10:21:25,605 - INFO - PROGRESS: at sentence #6700000, processed 332346739 words, keeping 658731 word types
2026-03-26 10:21:25,719 - INFO - PROGRESS: at sentence #6710000, processed 332898175 words, keeping 658915 word types
2026-03-26 10:21:25,839 - INFO - PROGRESS: at sentence #6720000, processed 333477819 words, keeping 659333 word types
2026-03-26 10:21:25,965 - INFO - PROGRESS: at sentence #6730000, processed 334072771 words, keeping 660167 word types
2026-03-26 10:21:26,090 - INFO - PROGRESS: at sentence #6740000, processed 334663700 words, keeping 660921 word types
2026-03-26 10:21:26,240 - INFO - PROGRESS: at sentence #6750000, processed 335390856 words, keeping 661818 word types
2026-03-26 10:21:26,353 - INFO - PROGRESS: at sentence #6760000, processed 335935646 words, keeping 662139 word types
2026-03-26 10:21:26,441 - INFO - PROGRESS: at sentence #6770000, processed 336353045 words, keeping 662520 word types
2026-03-26 10:21:26,528 - INFO - PROGRESS: at sentence #6780000, processed 336767248 words, keeping 662893 word types
2026-03-26 10:21:26,615 - INFO - PROGRESS: at sentence #6790000, processed 337184504 words, keeping 663293 word types
2026-03-26 10:21:26,703 - INFO - PROGRESS: at sentence #6800000, processed 337604708 words, keeping 663644 word types
2026-03-26 10:21:26,789 - INFO - PROGRESS: at sentence #6810000, processed 338013315 words, keeping 663995 word types
2026-03-26 10:21:26,876 - INFO - PROGRESS: at sentence #6820000, processed 338427752 words, keeping 664349 word types
2026-03-26 10:21:26,962 - INFO - PROGRESS: at sentence #6830000, processed 338834741 words, keeping 664710 word types
2026-03-26 10:21:27,050 - INFO - PROGRESS: at sentence #6840000, processed 339253321 words, keeping 665073 word types
2026-03-26 10:21:27,136 - INFO - PROGRESS: at sentence #6850000, processed 339661749 words, keeping 665426 word types
2026-03-26 10:21:27,223 - INFO - PROGRESS: at sentence #6860000, processed 340081873 words, keeping 665801 word types
2026-03-26 10:21:27,310 - INFO - PROGRESS: at sentence #6870000, processed 340497159 words, keeping 666114 word types
2026-03-26 10:21:27,398 - INFO - PROGRESS: at sentence #6880000, processed 340904534 words, keeping 666433 word types
2026-03-26 10:21:27,486 - INFO - PROGRESS: at sentence #6890000, processed 341322319 words, keeping 666757 word types
2026-03-26 10:21:27,577 - INFO - PROGRESS: at sentence #6900000, processed 341750764 words, keeping 667287 word types
2026-03-26 10:21:27,669 - INFO - PROGRESS: at sentence #6910000, processed 342176504 words, keeping 667705 word types
2026-03-26 10:21:27,761 - INFO - PROGRESS: at sentence #6920000, processed 342608220 words, keeping 668143 word types
2026-03-26 10:21:27,851 - INFO - PROGRESS: at sentence #6930000, processed 343033988 words, keeping 668608 word types
2026-03-26 10:21:27,942 - INFO - PROGRESS: at sentence #6940000, processed 343457102 words, keeping 669005 word types
2026-03-26 10:21:28,033 - INFO - PROGRESS: at sentence #6950000, processed 343881750 words, keeping 669420 word types
2026-03-26 10:21:28,122 - INFO - PROGRESS: at sentence #6960000, processed 344298624 words, keeping 669805 word types
2026-03-26 10:21:28,213 - INFO - PROGRESS: at sentence #6970000, processed 344724432 words, keeping 670216 word types
2026-03-26 10:21:28,302 - INFO - PROGRESS: at sentence #6980000, processed 345140548 words, keeping 670601 word types
2026-03-26 10:21:28,393 - INFO - PROGRESS: at sentence #6990000, processed 345568581 words, keeping 670994 word types
2026-03-26 10:21:28,496 - INFO - PROGRESS: at sentence #7000000, processed 346054972 words, keeping 671818 word types
2026-03-26 10:21:28,585 - INFO - PROGRESS: at sentence #7010000, processed 346471842 words, keeping 672262 word types
2026-03-26 10:21:28,673 - INFO - PROGRESS: at sentence #7020000, processed 346888644 words, keeping 672677 word types
2026-03-26 10:21:28,761 - INFO - PROGRESS: at sentence #7030000, processed 347305196 words, keeping 673108 word types
2026-03-26 10:21:28,848 - INFO - PROGRESS: at sentence #7040000, processed 347721706 words, keeping 673491 word types
2026-03-26 10:21:28,937 - INFO - PROGRESS: at sentence #7050000, processed 348140378 words, keeping 673896 word types
2026-03-26 10:21:29,024 - INFO - PROGRESS: at sentence #7060000, processed 348555202 words, keeping 674235 word types
2026-03-26 10:21:29,134 - INFO - PROGRESS: at sentence #7070000, processed 349083573 words, keeping 674675 word types
2026-03-26 10:21:29,235 - INFO - PROGRESS: at sentence #7080000, processed 349565064 words, keeping 675094 word types
2026-03-26 10:21:29,317 - INFO - PROGRESS: at sentence #7090000, processed 349952220 words, keeping 675588 word types
2026-03-26 10:21:29,398 - INFO - PROGRESS: at sentence #7100000, processed 350332172 words, keeping 676051 word types
2026-03-26 10:21:29,480 - INFO - PROGRESS: at sentence #7110000, processed 350718454 words, keeping 676563 word types
2026-03-26 10:21:29,638 - INFO - PROGRESS: at sentence #7120000, processed 351504974 words, keeping 677049 word types
2026-03-26 10:21:29,791 - INFO - PROGRESS: at sentence #7130000, processed 352265692 words, keeping 677488 word types
2026-03-26 10:21:29,918 - INFO - PROGRESS: at sentence #7140000, processed 352885992 words, keeping 677961 word types
2026-03-26 10:21:30,012 - INFO - PROGRESS: at sentence #7150000, processed 353330324 words, keeping 678756 word types
2026-03-26 10:21:30,108 - INFO - PROGRESS: at sentence #7160000, processed 353784904 words, keeping 679552 word types
2026-03-26 10:21:30,208 - INFO - PROGRESS: at sentence #7170000, processed 354248362 words, keeping 680334 word types
2026-03-26 10:21:30,305 - INFO - PROGRESS: at sentence #7180000, processed 354713081 words, keeping 681116 word types
2026-03-26 10:21:30,401 - INFO - PROGRESS: at sentence #7190000, processed 355167512 words, keeping 681934 word types
2026-03-26 10:21:30,497 - INFO - PROGRESS: at sentence #7200000, processed 355612765 words, keeping 682969 word types
2026-03-26 10:21:30,597 - INFO - PROGRESS: at sentence #7210000, processed 356074132 words, keeping 683551 word types
2026-03-26 10:21:30,696 - INFO - PROGRESS: at sentence #7220000, processed 356537181 words, keeping 684127 word types
2026-03-26 10:21:30,794 - INFO - PROGRESS: at sentence #7230000, processed 356989074 words, keeping 684737 word types
2026-03-26 10:21:30,893 - INFO - PROGRESS: at sentence #7240000, processed 357450799 words, keeping 685383 word types
2026-03-26 10:21:30,997 - INFO - PROGRESS: at sentence #7250000, processed 357937717 words, keeping 686082 word types
2026-03-26 10:21:31,144 - INFO - PROGRESS: at sentence #7260000, processed 358660940 words, keeping 687163 word types
2026-03-26 10:21:31,251 - INFO - PROGRESS: at sentence #7270000, processed 359175849 words, keeping 687749 word types
2026-03-26 10:21:31,360 - INFO - PROGRESS: at sentence #7280000, processed 359707795 words, keeping 688330 word types
2026-03-26 10:21:31,543 - INFO - PROGRESS: at sentence #7290000, processed 360611790 words, keeping 688881 word types
2026-03-26 10:21:31,769 - INFO - PROGRESS: at sentence #7300000, processed 361738242 words, keeping 689023 word types
2026-03-26 10:21:31,902 - INFO - PROGRESS: at sentence #7310000, processed 362386892 words, keeping 689517 word types
2026-03-26 10:21:32,009 - INFO - PROGRESS: at sentence #7320000, processed 362885865 words, keeping 690746 word types
2026-03-26 10:21:32,112 - INFO - PROGRESS: at sentence #7330000, processed 363364023 words, keeping 691809 word types
2026-03-26 10:21:32,211 - INFO - PROGRESS: at sentence #7340000, processed 363829226 words, keeping 692836 word types
2026-03-26 10:21:32,316 - INFO - PROGRESS: at sentence #7350000, processed 364331708 words, keeping 693898 word types
2026-03-26 10:21:32,491 - INFO - PROGRESS: at sentence #7360000, processed 365215343 words, keeping 694418 word types
2026-03-26 10:21:32,591 - INFO - PROGRESS: at sentence #7370000, processed 365686026 words, keeping 695063 word types
2026-03-26 10:21:32,689 - INFO - PROGRESS: at sentence #7380000, processed 366146077 words, keeping 695580 word types
2026-03-26 10:21:32,785 - INFO - PROGRESS: at sentence #7390000, processed 366598424 words, keeping 696054 word types
2026-03-26 10:21:32,934 - INFO - PROGRESS: at sentence #7400000, processed 367319887 words, keeping 697379 word types
2026-03-26 10:21:33,113 - INFO - PROGRESS: at sentence #7410000, processed 368180744 words, keeping 698701 word types
2026-03-26 10:21:33,203 - INFO - PROGRESS: at sentence #7420000, processed 368596658 words, keeping 698851 word types
2026-03-26 10:21:33,337 - INFO - PROGRESS: at sentence #7430000, processed 369139911 words, keeping 699373 word types
2026-03-26 10:21:33,447 - INFO - PROGRESS: at sentence #7440000, processed 369672147 words, keeping 699840 word types
2026-03-26 10:21:33,557 - INFO - PROGRESS: at sentence #7450000, processed 370206125 words, keeping 700364 word types
2026-03-26 10:21:33,669 - INFO - PROGRESS: at sentence #7460000, processed 370750846 words, keeping 700818 word types
2026-03-26 10:21:33,783 - INFO - PROGRESS: at sentence #7470000, processed 371302562 words, keeping 701317 word types
2026-03-26 10:21:33,892 - INFO - PROGRESS: at sentence #7480000, processed 371836226 words, keeping 701824 word types
2026-03-26 10:21:34,004 - INFO - PROGRESS: at sentence #7490000, processed 372380218 words, keeping 702415 word types
2026-03-26 10:21:34,105 - INFO - PROGRESS: at sentence #7500000, processed 372866081 words, keeping 702890 word types
2026-03-26 10:21:34,192 - INFO - PROGRESS: at sentence #7510000, processed 373280732 words, keeping 703322 word types
2026-03-26 10:21:34,317 - INFO - PROGRESS: at sentence #7520000, processed 373895159 words, keeping 703915 word types
2026-03-26 10:21:34,424 - INFO - PROGRESS: at sentence #7530000, processed 374404596 words, keeping 704258 word types
2026-03-26 10:21:34,559 - INFO - PROGRESS: at sentence #7540000, processed 375068645 words, keeping 704661 word types
2026-03-26 10:21:34,709 - INFO - PROGRESS: at sentence #7550000, processed 375815868 words, keeping 705255 word types
2026-03-26 10:21:34,829 - INFO - PROGRESS: at sentence #7560000, processed 376394205 words, keeping 706236 word types
2026-03-26 10:21:34,924 - INFO - PROGRESS: at sentence #7570000, processed 376854439 words, keeping 706678 word types
2026-03-26 10:21:35,019 - INFO - PROGRESS: at sentence #7580000, processed 377311295 words, keeping 707068 word types
2026-03-26 10:21:35,120 - INFO - PROGRESS: at sentence #7590000, processed 377797968 words, keeping 707650 word types
2026-03-26 10:21:35,203 - INFO - PROGRESS: at sentence #7600000, processed 378189360 words, keeping 708012 word types
2026-03-26 10:21:35,287 - INFO - PROGRESS: at sentence #7610000, processed 378584200 words, keeping 708350 word types
2026-03-26 10:21:35,368 - INFO - PROGRESS: at sentence #7620000, processed 378970280 words, keeping 708698 word types
2026-03-26 10:21:35,452 - INFO - PROGRESS: at sentence #7630000, processed 379367375 words, keeping 709042 word types
2026-03-26 10:21:35,560 - INFO - PROGRESS: at sentence #7640000, processed 379894676 words, keeping 709417 word types
2026-03-26 10:21:35,679 - INFO - PROGRESS: at sentence #7650000, processed 380469330 words, keeping 710052 word types
2026-03-26 10:21:35,810 - INFO - PROGRESS: at sentence #7660000, processed 381082204 words, keeping 710778 word types
2026-03-26 10:21:35,936 - INFO - PROGRESS: at sentence #7670000, processed 381687056 words, keeping 711390 word types
2026-03-26 10:21:36,070 - INFO - PROGRESS: at sentence #7680000, processed 382338372 words, keeping 711843 word types
2026-03-26 10:21:36,191 - INFO - PROGRESS: at sentence #7690000, processed 382924003 words, keeping 712257 word types
2026-03-26 10:21:36,291 - INFO - PROGRESS: at sentence #7700000, processed 383400391 words, keeping 712825 word types
2026-03-26 10:21:36,390 - INFO - PROGRESS: at sentence #7710000, processed 383872014 words, keeping 713394 word types
2026-03-26 10:21:36,489 - INFO - PROGRESS: at sentence #7720000, processed 384343462 words, keeping 713971 word types
2026-03-26 10:21:36,590 - INFO - PROGRESS: at sentence #7730000, processed 384822538 words, keeping 714474 word types
2026-03-26 10:21:36,690 - INFO - PROGRESS: at sentence #7740000, processed 385299347 words, keeping 715020 word types
2026-03-26 10:21:36,791 - INFO - PROGRESS: at sentence #7750000, processed 385783471 words, keeping 715486 word types
2026-03-26 10:21:36,889 - INFO - PROGRESS: at sentence #7760000, processed 386248817 words, keeping 716154 word types
2026-03-26 10:21:36,986 - INFO - PROGRESS: at sentence #7770000, processed 386718727 words, keeping 716856 word types
2026-03-26 10:21:37,086 - INFO - PROGRESS: at sentence #7780000, processed 387192656 words, keeping 717531 word types
2026-03-26 10:21:37,182 - INFO - PROGRESS: at sentence #7790000, processed 387656023 words, keeping 718131 word types
2026-03-26 10:21:37,281 - INFO - PROGRESS: at sentence #7800000, processed 388121202 words, keeping 718716 word types
2026-03-26 10:21:37,375 - INFO - PROGRESS: at sentence #7810000, processed 388567619 words, keeping 719313 word types
2026-03-26 10:21:37,464 - INFO - PROGRESS: at sentence #7820000, processed 388984803 words, keeping 719786 word types
2026-03-26 10:21:37,583 - INFO - PROGRESS: at sentence #7830000, processed 389584345 words, keeping 720201 word types
2026-03-26 10:21:37,676 - INFO - PROGRESS: at sentence #7840000, processed 390021764 words, keeping 720366 word types
2026-03-26 10:21:37,759 - INFO - PROGRESS: at sentence #7850000, processed 390414492 words, keeping 720481 word types
2026-03-26 10:21:37,879 - INFO - PROGRESS: at sentence #7860000, processed 390987582 words, keeping 720612 word types
2026-03-26 10:21:37,991 - INFO - PROGRESS: at sentence #7870000, processed 391528139 words, keeping 721005 word types
2026-03-26 10:21:38,107 - INFO - PROGRESS: at sentence #7880000, processed 392081801 words, keeping 721079 word types
2026-03-26 10:21:38,219 - INFO - PROGRESS: at sentence #7890000, processed 392625825 words, keeping 721370 word types
2026-03-26 10:21:38,328 - INFO - PROGRESS: at sentence #7900000, processed 393149844 words, keeping 721753 word types
2026-03-26 10:21:38,428 - INFO - PROGRESS: at sentence #7910000, processed 393637538 words, keeping 722158 word types
2026-03-26 10:21:38,604 - INFO - PROGRESS: at sentence #7920000, processed 394505920 words, keeping 724524 word types
2026-03-26 10:21:38,756 - INFO - PROGRESS: at sentence #7930000, processed 395241073 words, keeping 725221 word types
2026-03-26 10:21:38,956 - INFO - PROGRESS: at sentence #7940000, processed 396254669 words, keeping 725743 word types
2026-03-26 10:21:39,108 - INFO - PROGRESS: at sentence #7950000, processed 397010060 words, keeping 726228 word types
2026-03-26 10:21:39,271 - INFO - PROGRESS: at sentence #7960000, processed 397815621 words, keeping 726913 word types
2026-03-26 10:21:39,469 - INFO - PROGRESS: at sentence #7970000, processed 398811510 words, keeping 727233 word types
2026-03-26 10:21:39,632 - INFO - PROGRESS: at sentence #7980000, processed 399627044 words, keeping 727580 word types
2026-03-26 10:21:39,748 - INFO - PROGRESS: at sentence #7990000, processed 400191620 words, keeping 728617 word types
2026-03-26 10:21:39,845 - INFO - PROGRESS: at sentence #8000000, processed 400659480 words, keeping 729384 word types
2026-03-26 10:21:39,942 - INFO - PROGRESS: at sentence #8010000, processed 401123106 words, keeping 730054 word types
2026-03-26 10:21:40,062 - INFO - PROGRESS: at sentence #8020000, processed 401690670 words, keeping 730244 word types
2026-03-26 10:21:40,182 - INFO - PROGRESS: at sentence #8030000, processed 402274313 words, keeping 730301 word types
2026-03-26 10:21:40,299 - INFO - PROGRESS: at sentence #8040000, processed 402833159 words, keeping 731005 word types
2026-03-26 10:21:40,425 - INFO - PROGRESS: at sentence #8050000, processed 403450609 words, keeping 731440 word types
2026-03-26 10:21:40,549 - INFO - PROGRESS: at sentence #8060000, processed 404052111 words, keeping 731892 word types
2026-03-26 10:21:40,667 - INFO - PROGRESS: at sentence #8070000, processed 404611562 words, keeping 732434 word types
2026-03-26 10:21:40,792 - INFO - PROGRESS: at sentence #8080000, processed 405214297 words, keeping 733073 word types
2026-03-26 10:21:40,938 - INFO - PROGRESS: at sentence #8090000, processed 405931535 words, keeping 733306 word types
2026-03-26 10:21:41,061 - INFO - PROGRESS: at sentence #8100000, processed 406540959 words, keeping 733791 word types
2026-03-26 10:21:41,191 - INFO - PROGRESS: at sentence #8110000, processed 407183132 words, keeping 734305 word types
2026-03-26 10:21:41,358 - INFO - PROGRESS: at sentence #8120000, processed 408026760 words, keeping 734741 word types
2026-03-26 10:21:41,471 - INFO - PROGRESS: at sentence #8130000, processed 408548637 words, keeping 734874 word types
2026-03-26 10:21:41,568 - INFO - PROGRESS: at sentence #8140000, processed 409006268 words, keeping 735873 word types
2026-03-26 10:21:41,678 - INFO - PROGRESS: at sentence #8150000, processed 409535237 words, keeping 736289 word types
2026-03-26 10:21:41,797 - INFO - PROGRESS: at sentence #8160000, processed 410111693 words, keeping 736774 word types
2026-03-26 10:21:41,915 - INFO - PROGRESS: at sentence #8170000, processed 410680490 words, keeping 737442 word types
2026-03-26 10:21:42,034 - INFO - PROGRESS: at sentence #8180000, processed 411253676 words, keeping 737928 word types
2026-03-26 10:21:42,150 - INFO - PROGRESS: at sentence #8190000, processed 411812772 words, keeping 738460 word types
2026-03-26 10:21:42,264 - INFO - PROGRESS: at sentence #8200000, processed 412366450 words, keeping 738908 word types
2026-03-26 10:21:42,382 - INFO - PROGRESS: at sentence #8210000, processed 412928852 words, keeping 739428 word types
2026-03-26 10:21:42,498 - INFO - PROGRESS: at sentence #8220000, processed 413493128 words, keeping 739889 word types
2026-03-26 10:21:42,614 - INFO - PROGRESS: at sentence #8230000, processed 414049000 words, keeping 740378 word types
2026-03-26 10:21:42,704 - INFO - PROGRESS: at sentence #8240000, processed 414473373 words, keeping 740765 word types
2026-03-26 10:21:42,772 - INFO - PROGRESS: at sentence #8250000, processed 414784122 words, keeping 740992 word types
2026-03-26 10:21:42,842 - INFO - PROGRESS: at sentence #8260000, processed 415091759 words, keeping 741261 word types
2026-03-26 10:21:42,910 - INFO - PROGRESS: at sentence #8270000, processed 415400817 words, keeping 741508 word types
2026-03-26 10:21:42,977 - INFO - PROGRESS: at sentence #8280000, processed 415710199 words, keeping 741743 word types
2026-03-26 10:21:43,045 - INFO - PROGRESS: at sentence #8290000, processed 416020677 words, keeping 741978 word types
2026-03-26 10:21:43,112 - INFO - PROGRESS: at sentence #8300000, processed 416327087 words, keeping 742245 word types
2026-03-26 10:21:43,179 - INFO - PROGRESS: at sentence #8310000, processed 416633427 words, keeping 742518 word types
2026-03-26 10:21:43,274 - INFO - PROGRESS: at sentence #8320000, processed 417089646 words, keeping 742825 word types
2026-03-26 10:21:43,388 - INFO - PROGRESS: at sentence #8330000, processed 417659021 words, keeping 743189 word types
2026-03-26 10:21:43,502 - INFO - PROGRESS: at sentence #8340000, processed 418226927 words, keeping 743522 word types
2026-03-26 10:21:43,617 - INFO - PROGRESS: at sentence #8350000, processed 418801066 words, keeping 743875 word types
2026-03-26 10:21:43,733 - INFO - PROGRESS: at sentence #8360000, processed 419374374 words, keeping 744193 word types
2026-03-26 10:21:43,850 - INFO - PROGRESS: at sentence #8370000, processed 419952664 words, keeping 744527 word types
2026-03-26 10:21:43,965 - INFO - PROGRESS: at sentence #8380000, processed 420521890 words, keeping 744862 word types
2026-03-26 10:21:44,083 - INFO - PROGRESS: at sentence #8390000, processed 421109016 words, keeping 745211 word types
2026-03-26 10:21:44,197 - INFO - PROGRESS: at sentence #8400000, processed 421677261 words, keeping 745492 word types
2026-03-26 10:21:44,316 - INFO - PROGRESS: at sentence #8410000, processed 422257557 words, keeping 745790 word types
2026-03-26 10:21:44,430 - INFO - PROGRESS: at sentence #8420000, processed 422829504 words, keeping 746093 word types
2026-03-26 10:21:44,546 - INFO - PROGRESS: at sentence #8430000, processed 423401905 words, keeping 746448 word types
2026-03-26 10:21:44,672 - INFO - PROGRESS: at sentence #8440000, processed 424010332 words, keeping 747137 word types
2026-03-26 10:21:44,796 - INFO - PROGRESS: at sentence #8450000, processed 424607846 words, keeping 747781 word types
2026-03-26 10:21:44,920 - INFO - PROGRESS: at sentence #8460000, processed 425214378 words, keeping 748359 word types
2026-03-26 10:21:45,045 - INFO - PROGRESS: at sentence #8470000, processed 425815124 words, keeping 749033 word types
2026-03-26 10:21:45,166 - INFO - PROGRESS: at sentence #8480000, processed 426392048 words, keeping 749439 word types
2026-03-26 10:21:45,270 - INFO - PROGRESS: at sentence #8490000, processed 426887263 words, keeping 750097 word types
2026-03-26 10:21:45,357 - INFO - PROGRESS: at sentence #8500000, processed 427295156 words, keeping 750505 word types
2026-03-26 10:21:45,444 - INFO - PROGRESS: at sentence #8510000, processed 427708061 words, keeping 750953 word types
2026-03-26 10:21:45,531 - INFO - PROGRESS: at sentence #8520000, processed 428125873 words, keeping 751351 word types
2026-03-26 10:21:45,617 - INFO - PROGRESS: at sentence #8530000, processed 428534290 words, keeping 751764 word types
2026-03-26 10:21:45,706 - INFO - PROGRESS: at sentence #8540000, processed 428947781 words, keeping 752170 word types
2026-03-26 10:21:45,793 - INFO - PROGRESS: at sentence #8550000, processed 429359997 words, keeping 752551 word types
2026-03-26 10:21:45,883 - INFO - PROGRESS: at sentence #8560000, processed 429787040 words, keeping 752905 word types
2026-03-26 10:21:46,021 - INFO - PROGRESS: at sentence #8570000, processed 430459838 words, keeping 753337 word types
2026-03-26 10:21:46,138 - INFO - PROGRESS: at sentence #8580000, processed 431025930 words, keeping 753930 word types
2026-03-26 10:21:46,275 - INFO - PROGRESS: at sentence #8590000, processed 431688369 words, keeping 754958 word types
2026-03-26 10:21:46,362 - INFO - PROGRESS: at sentence #8600000, processed 432104877 words, keeping 755426 word types
2026-03-26 10:21:46,449 - INFO - PROGRESS: at sentence #8610000, processed 432527058 words, keeping 755891 word types
2026-03-26 10:21:46,537 - INFO - PROGRESS: at sentence #8620000, processed 432947739 words, keeping 756357 word types
2026-03-26 10:21:46,624 - INFO - PROGRESS: at sentence #8630000, processed 433365760 words, keeping 756752 word types
2026-03-26 10:21:46,712 - INFO - PROGRESS: at sentence #8640000, processed 433786519 words, keeping 757189 word types
2026-03-26 10:21:46,799 - INFO - PROGRESS: at sentence #8650000, processed 434203018 words, keeping 757636 word types
2026-03-26 10:21:46,885 - INFO - PROGRESS: at sentence #8660000, processed 434614388 words, keeping 758087 word types
2026-03-26 10:21:46,973 - INFO - PROGRESS: at sentence #8670000, processed 435032810 words, keeping 758509 word types
2026-03-26 10:21:47,063 - INFO - PROGRESS: at sentence #8680000, processed 435448239 words, keeping 758948 word types
2026-03-26 10:21:47,151 - INFO - PROGRESS: at sentence #8690000, processed 435865716 words, keeping 759377 word types
2026-03-26 10:21:47,277 - INFO - PROGRESS: at sentence #8700000, processed 436488335 words, keeping 759723 word types
2026-03-26 10:21:47,418 - INFO - PROGRESS: at sentence #8710000, processed 437170357 words, keeping 760186 word types
2026-03-26 10:21:47,560 - INFO - PROGRESS: at sentence #8720000, processed 437866414 words, keeping 760316 word types
2026-03-26 10:21:47,701 - INFO - PROGRESS: at sentence #8730000, processed 438561795 words, keeping 760632 word types
2026-03-26 10:21:47,843 - INFO - PROGRESS: at sentence #8740000, processed 439254116 words, keeping 761174 word types
2026-03-26 10:21:47,984 - INFO - PROGRESS: at sentence #8750000, processed 439948204 words, keeping 761666 word types
2026-03-26 10:21:48,147 - INFO - PROGRESS: at sentence #8760000, processed 440761094 words, keeping 762027 word types
2026-03-26 10:21:48,305 - INFO - PROGRESS: at sentence #8770000, processed 441543760 words, keeping 762322 word types
2026-03-26 10:21:48,420 - INFO - PROGRESS: at sentence #8780000, processed 442093023 words, keeping 762450 word types
2026-03-26 10:21:48,517 - INFO - PROGRESS: at sentence #8790000, processed 442538937 words, keeping 763279 word types
2026-03-26 10:21:48,621 - INFO - PROGRESS: at sentence #8800000, processed 443024912 words, keeping 763983 word types
2026-03-26 10:21:48,721 - INFO - PROGRESS: at sentence #8810000, processed 443491380 words, keeping 764345 word types
2026-03-26 10:21:48,795 - INFO - PROGRESS: at sentence #8820000, processed 443829041 words, keeping 764388 word types
2026-03-26 10:21:48,885 - INFO - PROGRESS: at sentence #8830000, processed 444276181 words, keeping 764545 word types
2026-03-26 10:21:48,977 - INFO - PROGRESS: at sentence #8840000, processed 444727090 words, keeping 764689 word types
2026-03-26 10:21:49,069 - INFO - PROGRESS: at sentence #8850000, processed 445176927 words, keeping 764793 word types
2026-03-26 10:21:49,161 - INFO - PROGRESS: at sentence #8860000, processed 445629800 words, keeping 764914 word types
2026-03-26 10:21:49,264 - INFO - PROGRESS: at sentence #8870000, processed 446122144 words, keeping 765426 word types
2026-03-26 10:21:49,377 - INFO - PROGRESS: at sentence #8880000, processed 446653613 words, keeping 765899 word types
2026-03-26 10:21:49,494 - INFO - PROGRESS: at sentence #8890000, processed 447206629 words, keeping 767122 word types
2026-03-26 10:21:49,609 - INFO - PROGRESS: at sentence #8900000, processed 447752541 words, keeping 768374 word types
2026-03-26 10:21:49,723 - INFO - PROGRESS: at sentence #8910000, processed 448294189 words, keeping 769580 word types
2026-03-26 10:21:49,838 - INFO - PROGRESS: at sentence #8920000, processed 448832500 words, keeping 770771 word types
2026-03-26 10:21:49,946 - INFO - PROGRESS: at sentence #8930000, processed 449349129 words, keeping 771586 word types
2026-03-26 10:21:50,030 - INFO - PROGRESS: at sentence #8940000, processed 449755787 words, keeping 771810 word types
2026-03-26 10:21:50,117 - INFO - PROGRESS: at sentence #8950000, processed 450174260 words, keeping 772070 word types
2026-03-26 10:21:50,199 - INFO - PROGRESS: at sentence #8960000, processed 450577586 words, keeping 772230 word types
2026-03-26 10:21:50,285 - INFO - PROGRESS: at sentence #8970000, processed 450999576 words, keeping 772517 word types
2026-03-26 10:21:50,384 - INFO - PROGRESS: at sentence #8980000, processed 451474587 words, keeping 773248 word types
2026-03-26 10:21:50,482 - INFO - PROGRESS: at sentence #8990000, processed 451950644 words, keeping 773902 word types
2026-03-26 10:21:50,579 - INFO - PROGRESS: at sentence #9000000, processed 452420714 words, keeping 774650 word types
2026-03-26 10:21:50,677 - INFO - PROGRESS: at sentence #9010000, processed 452891803 words, keeping 775274 word types
2026-03-26 10:21:50,776 - INFO - PROGRESS: at sentence #9020000, processed 453367176 words, keeping 775949 word types
2026-03-26 10:21:50,875 - INFO - PROGRESS: at sentence #9030000, processed 453840857 words, keeping 776630 word types
2026-03-26 10:21:50,973 - INFO - PROGRESS: at sentence #9040000, processed 454315760 words, keeping 777330 word types
2026-03-26 10:21:51,074 - INFO - PROGRESS: at sentence #9050000, processed 454800720 words, keeping 777976 word types
2026-03-26 10:21:51,173 - INFO - PROGRESS: at sentence #9060000, processed 455278891 words, keeping 778564 word types
2026-03-26 10:21:51,273 - INFO - PROGRESS: at sentence #9070000, processed 455751424 words, keeping 779176 word types
2026-03-26 10:21:51,371 - INFO - PROGRESS: at sentence #9080000, processed 456224343 words, keeping 779806 word types
2026-03-26 10:21:51,468 - INFO - PROGRESS: at sentence #9090000, processed 456692894 words, keeping 780428 word types
2026-03-26 10:21:51,568 - INFO - PROGRESS: at sentence #9100000, processed 457178248 words, keeping 781062 word types
2026-03-26 10:21:51,666 - INFO - PROGRESS: at sentence #9110000, processed 457644071 words, keeping 781884 word types
2026-03-26 10:21:51,739 - INFO - PROGRESS: at sentence #9120000, processed 457987339 words, keeping 782509 word types
2026-03-26 10:21:51,846 - INFO - PROGRESS: at sentence #9130000, processed 458498050 words, keeping 782806 word types
2026-03-26 10:21:51,956 - INFO - PROGRESS: at sentence #9140000, processed 459022925 words, keeping 783032 word types
2026-03-26 10:21:52,063 - INFO - PROGRESS: at sentence #9150000, processed 459538407 words, keeping 783614 word types
2026-03-26 10:21:52,162 - INFO - PROGRESS: at sentence #9160000, processed 460011036 words, keeping 784300 word types
2026-03-26 10:21:52,265 - INFO - PROGRESS: at sentence #9170000, processed 460503708 words, keeping 784938 word types
2026-03-26 10:21:52,363 - INFO - PROGRESS: at sentence #9180000, processed 460976387 words, keeping 785683 word types
2026-03-26 10:21:52,462 - INFO - PROGRESS: at sentence #9190000, processed 461449672 words, keeping 786381 word types
2026-03-26 10:21:52,563 - INFO - PROGRESS: at sentence #9200000, processed 461927203 words, keeping 787099 word types
2026-03-26 10:21:52,662 - INFO - PROGRESS: at sentence #9210000, processed 462403657 words, keeping 787757 word types
2026-03-26 10:21:52,762 - INFO - PROGRESS: at sentence #9220000, processed 462879342 words, keeping 788406 word types
2026-03-26 10:21:52,859 - INFO - PROGRESS: at sentence #9230000, processed 463345506 words, keeping 789042 word types
2026-03-26 10:21:52,958 - INFO - PROGRESS: at sentence #9240000, processed 463818260 words, keeping 789755 word types
2026-03-26 10:21:53,056 - INFO - PROGRESS: at sentence #9250000, processed 464290136 words, keeping 790381 word types
2026-03-26 10:21:53,156 - INFO - PROGRESS: at sentence #9260000, processed 464766651 words, keeping 791024 word types
2026-03-26 10:21:53,255 - INFO - PROGRESS: at sentence #9270000, processed 465237153 words, keeping 791652 word types
2026-03-26 10:21:53,354 - INFO - PROGRESS: at sentence #9280000, processed 465712389 words, keeping 792270 word types
2026-03-26 10:21:53,455 - INFO - PROGRESS: at sentence #9290000, processed 466194148 words, keeping 792903 word types
2026-03-26 10:21:53,553 - INFO - PROGRESS: at sentence #9300000, processed 466664207 words, keeping 793524 word types
2026-03-26 10:21:53,665 - INFO - PROGRESS: at sentence #9310000, processed 467224025 words, keeping 793886 word types
2026-03-26 10:21:53,766 - INFO - PROGRESS: at sentence #9320000, processed 467749213 words, keeping 793939 word types
2026-03-26 10:21:53,867 - INFO - PROGRESS: at sentence #9330000, processed 468271952 words, keeping 793991 word types
2026-03-26 10:21:53,970 - INFO - PROGRESS: at sentence #9340000, processed 468795994 words, keeping 794027 word types
2026-03-26 10:21:54,071 - INFO - PROGRESS: at sentence #9350000, processed 469318001 words, keeping 794071 word types
2026-03-26 10:21:54,172 - INFO - PROGRESS: at sentence #9360000, processed 469843526 words, keeping 794113 word types
2026-03-26 10:21:54,275 - INFO - PROGRESS: at sentence #9370000, processed 470371137 words, keeping 794148 word types
2026-03-26 10:21:54,375 - INFO - PROGRESS: at sentence #9380000, processed 470896391 words, keeping 794203 word types
2026-03-26 10:21:54,475 - INFO - PROGRESS: at sentence #9390000, processed 471419813 words, keeping 794240 word types
2026-03-26 10:21:54,575 - INFO - PROGRESS: at sentence #9400000, processed 471942424 words, keeping 794279 word types
2026-03-26 10:21:54,676 - INFO - PROGRESS: at sentence #9410000, processed 472467371 words, keeping 794321 word types
2026-03-26 10:21:54,777 - INFO - PROGRESS: at sentence #9420000, processed 472993727 words, keeping 794359 word types
2026-03-26 10:21:54,877 - INFO - PROGRESS: at sentence #9430000, processed 473515153 words, keeping 794403 word types
2026-03-26 10:21:54,980 - INFO - PROGRESS: at sentence #9440000, processed 474041225 words, keeping 794441 word types
2026-03-26 10:21:55,082 - INFO - PROGRESS: at sentence #9450000, processed 474560966 words, keeping 794482 word types
2026-03-26 10:21:55,184 - INFO - PROGRESS: at sentence #9460000, processed 475090314 words, keeping 794526 word types
2026-03-26 10:21:55,283 - INFO - PROGRESS: at sentence #9470000, processed 475611656 words, keeping 794572 word types
2026-03-26 10:21:55,387 - INFO - PROGRESS: at sentence #9480000, processed 476140005 words, keeping 794604 word types
2026-03-26 10:21:55,489 - INFO - PROGRESS: at sentence #9490000, processed 476662443 words, keeping 794638 word types
2026-03-26 10:21:55,590 - INFO - PROGRESS: at sentence #9500000, processed 477184352 words, keeping 794671 word types
2026-03-26 10:21:55,691 - INFO - PROGRESS: at sentence #9510000, processed 477705072 words, keeping 794707 word types
2026-03-26 10:21:55,792 - INFO - PROGRESS: at sentence #9520000, processed 478233417 words, keeping 794745 word types
2026-03-26 10:21:55,894 - INFO - PROGRESS: at sentence #9530000, processed 478760687 words, keeping 794787 word types
2026-03-26 10:21:55,996 - INFO - PROGRESS: at sentence #9540000, processed 479287665 words, keeping 794831 word types
2026-03-26 10:21:56,096 - INFO - PROGRESS: at sentence #9550000, processed 479809701 words, keeping 794869 word types
2026-03-26 10:21:56,197 - INFO - PROGRESS: at sentence #9560000, processed 480332717 words, keeping 794900 word types
2026-03-26 10:21:56,311 - INFO - PROGRESS: at sentence #9570000, processed 480892004 words, keeping 795037 word types
2026-03-26 10:21:56,431 - INFO - PROGRESS: at sentence #9580000, processed 481466724 words, keeping 795179 word types
2026-03-26 10:21:56,545 - INFO - PROGRESS: at sentence #9590000, processed 482015748 words, keeping 795421 word types
2026-03-26 10:21:56,716 - INFO - PROGRESS: at sentence #9600000, processed 482865605 words, keeping 795674 word types
2026-03-26 10:21:56,854 - INFO - PROGRESS: at sentence #9610000, processed 483539917 words, keeping 795798 word types
2026-03-26 10:21:56,973 - INFO - PROGRESS: at sentence #9620000, processed 484113738 words, keeping 796193 word types
2026-03-26 10:21:57,088 - INFO - PROGRESS: at sentence #9630000, processed 484672140 words, keeping 796699 word types
2026-03-26 10:21:57,203 - INFO - PROGRESS: at sentence #9640000, processed 485230550 words, keeping 797217 word types
2026-03-26 10:21:57,313 - INFO - PROGRESS: at sentence #9650000, processed 485762978 words, keeping 797695 word types
2026-03-26 10:21:57,428 - INFO - PROGRESS: at sentence #9660000, processed 486325379 words, keeping 798146 word types
2026-03-26 10:21:57,541 - INFO - PROGRESS: at sentence #9670000, processed 486872609 words, keeping 798711 word types
2026-03-26 10:21:57,655 - INFO - PROGRESS: at sentence #9680000, processed 487429766 words, keeping 799177 word types
2026-03-26 10:21:57,770 - INFO - PROGRESS: at sentence #9690000, processed 487988725 words, keeping 799612 word types
2026-03-26 10:21:57,886 - INFO - PROGRESS: at sentence #9700000, processed 488557256 words, keeping 800109 word types
2026-03-26 10:21:57,998 - INFO - PROGRESS: at sentence #9710000, processed 489101627 words, keeping 800561 word types
2026-03-26 10:21:58,111 - INFO - PROGRESS: at sentence #9720000, processed 489650054 words, keeping 800976 word types
2026-03-26 10:21:58,247 - INFO - PROGRESS: at sentence #9730000, processed 490319253 words, keeping 801450 word types
2026-03-26 10:21:58,356 - INFO - PROGRESS: at sentence #9740000, processed 490841764 words, keeping 801888 word types
2026-03-26 10:21:58,463 - INFO - PROGRESS: at sentence #9750000, processed 491362252 words, keeping 802418 word types
2026-03-26 10:21:58,569 - INFO - PROGRESS: at sentence #9760000, processed 491876861 words, keeping 802947 word types
2026-03-26 10:21:58,676 - INFO - PROGRESS: at sentence #9770000, processed 492393993 words, keeping 803414 word types
2026-03-26 10:21:58,783 - INFO - PROGRESS: at sentence #9780000, processed 492916634 words, keeping 804000 word types
2026-03-26 10:21:58,887 - INFO - PROGRESS: at sentence #9790000, processed 493426287 words, keeping 804549 word types
2026-03-26 10:21:58,993 - INFO - PROGRESS: at sentence #9800000, processed 493943059 words, keeping 805101 word types
2026-03-26 10:21:59,099 - INFO - PROGRESS: at sentence #9810000, processed 494463593 words, keeping 805697 word types
2026-03-26 10:21:59,206 - INFO - PROGRESS: at sentence #9820000, processed 494983967 words, keeping 806206 word types
2026-03-26 10:21:59,312 - INFO - PROGRESS: at sentence #9830000, processed 495503971 words, keeping 806663 word types
2026-03-26 10:21:59,419 - INFO - PROGRESS: at sentence #9840000, processed 496021958 words, keeping 807202 word types
2026-03-26 10:21:59,524 - INFO - PROGRESS: at sentence #9850000, processed 496531666 words, keeping 807741 word types
2026-03-26 10:21:59,644 - INFO - PROGRESS: at sentence #9860000, processed 497107602 words, keeping 809378 word types
2026-03-26 10:21:59,775 - INFO - PROGRESS: at sentence #9870000, processed 497734181 words, keeping 811534 word types
2026-03-26 10:21:59,907 - INFO - PROGRESS: at sentence #9880000, processed 498363095 words, keeping 813392 word types
2026-03-26 10:22:00,038 - INFO - PROGRESS: at sentence #9890000, processed 498990700 words, keeping 815215 word types
2026-03-26 10:22:00,169 - INFO - PROGRESS: at sentence #9900000, processed 499617964 words, keeping 816803 word types
2026-03-26 10:22:00,300 - INFO - PROGRESS: at sentence #9910000, processed 500246640 words, keeping 818341 word types
2026-03-26 10:22:00,433 - INFO - PROGRESS: at sentence #9920000, processed 500883618 words, keeping 819754 word types
2026-03-26 10:22:00,555 - INFO - PROGRESS: at sentence #9930000, processed 501473571 words, keeping 820005 word types
2026-03-26 10:22:00,674 - INFO - PROGRESS: at sentence #9940000, processed 502042507 words, keeping 820282 word types
2026-03-26 10:22:00,795 - INFO - PROGRESS: at sentence #9950000, processed 502628888 words, keeping 820687 word types
2026-03-26 10:22:00,920 - INFO - PROGRESS: at sentence #9960000, processed 503236520 words, keeping 821016 word types
2026-03-26 10:22:01,022 - INFO - PROGRESS: at sentence #9970000, processed 503719184 words, keeping 821867 word types
2026-03-26 10:22:01,124 - INFO - PROGRESS: at sentence #9980000, processed 504200045 words, keeping 822604 word types
2026-03-26 10:22:01,225 - INFO - PROGRESS: at sentence #9990000, processed 504680487 words, keeping 823358 word types
2026-03-26 10:22:01,328 - INFO - PROGRESS: at sentence #10000000, processed 505167844 words, keeping 824131 word types
2026-03-26 10:22:01,428 - INFO - PROGRESS: at sentence #10010000, processed 505639778 words, keeping 824911 word types
2026-03-26 10:22:01,528 - INFO - PROGRESS: at sentence #10020000, processed 506117595 words, keeping 825604 word types
2026-03-26 10:22:01,643 - INFO - PROGRESS: at sentence #10030000, processed 506666761 words, keeping 826100 word types
2026-03-26 10:22:01,778 - INFO - PROGRESS: at sentence #10040000, processed 507311285 words, keeping 826936 word types
2026-03-26 10:22:01,918 - INFO - PROGRESS: at sentence #10050000, processed 507986417 words, keeping 827637 word types
2026-03-26 10:22:02,057 - INFO - PROGRESS: at sentence #10060000, processed 508652823 words, keeping 828059 word types
2026-03-26 10:22:02,207 - INFO - PROGRESS: at sentence #10070000, processed 509378658 words, keeping 829097 word types
2026-03-26 10:22:02,363 - INFO - PROGRESS: at sentence #10080000, processed 510149487 words, keeping 830169 word types
2026-03-26 10:22:02,572 - INFO - PROGRESS: at sentence #10090000, processed 511213402 words, keeping 830246 word types
2026-03-26 10:22:02,697 - INFO - PROGRESS: at sentence #10100000, processed 511804591 words, keeping 830557 word types
2026-03-26 10:22:02,783 - INFO - PROGRESS: at sentence #10110000, processed 512190267 words, keeping 831872 word types
2026-03-26 10:22:02,884 - INFO - PROGRESS: at sentence #10120000, processed 512662450 words, keeping 832752 word types
2026-03-26 10:22:02,982 - INFO - PROGRESS: at sentence #10130000, processed 513132021 words, keeping 833298 word types
2026-03-26 10:22:03,079 - INFO - PROGRESS: at sentence #10140000, processed 513593448 words, keeping 833759 word types
2026-03-26 10:22:03,186 - INFO - PROGRESS: at sentence #10150000, processed 514103692 words, keeping 834080 word types
2026-03-26 10:22:03,296 - INFO - PROGRESS: at sentence #10160000, processed 514631210 words, keeping 834489 word types
2026-03-26 10:22:03,403 - INFO - PROGRESS: at sentence #10170000, processed 515137137 words, keeping 835140 word types
2026-03-26 10:22:03,507 - INFO - PROGRESS: at sentence #10180000, processed 515619720 words, keeping 836375 word types
2026-03-26 10:22:03,613 - INFO - PROGRESS: at sentence #10190000, processed 516113460 words, keeping 837510 word types
2026-03-26 10:22:03,719 - INFO - PROGRESS: at sentence #10200000, processed 516609703 words, keeping 838739 word types
2026-03-26 10:22:03,823 - INFO - PROGRESS: at sentence #10210000, processed 517095827 words, keeping 839905 word types
2026-03-26 10:22:03,926 - INFO - PROGRESS: at sentence #10220000, processed 517582176 words, keeping 840843 word types
2026-03-26 10:22:04,031 - INFO - PROGRESS: at sentence #10230000, processed 518074978 words, keeping 841836 word types
2026-03-26 10:22:04,138 - INFO - PROGRESS: at sentence #10240000, processed 518572474 words, keeping 842899 word types
2026-03-26 10:22:04,244 - INFO - PROGRESS: at sentence #10250000, processed 519067976 words, keeping 843933 word types
2026-03-26 10:22:04,349 - INFO - PROGRESS: at sentence #10260000, processed 519558716 words, keeping 844913 word types
2026-03-26 10:22:04,455 - INFO - PROGRESS: at sentence #10270000, processed 520056917 words, keeping 846104 word types
2026-03-26 10:22:04,562 - INFO - PROGRESS: at sentence #10280000, processed 520558216 words, keeping 846966 word types
2026-03-26 10:22:04,674 - INFO - PROGRESS: at sentence #10290000, processed 521100906 words, keeping 847496 word types
2026-03-26 10:22:04,794 - INFO - PROGRESS: at sentence #10300000, processed 521689975 words, keeping 847754 word types
2026-03-26 10:22:04,915 - INFO - PROGRESS: at sentence #10310000, processed 522286330 words, keeping 847976 word types
2026-03-26 10:22:05,035 - INFO - PROGRESS: at sentence #10320000, processed 522877087 words, keeping 848229 word types
2026-03-26 10:22:05,141 - INFO - PROGRESS: at sentence #10330000, processed 523393423 words, keeping 848509 word types
2026-03-26 10:22:05,231 - INFO - PROGRESS: at sentence #10340000, processed 523812415 words, keeping 848882 word types
2026-03-26 10:22:05,320 - INFO - PROGRESS: at sentence #10350000, processed 524234146 words, keeping 849224 word types
2026-03-26 10:22:05,408 - INFO - PROGRESS: at sentence #10360000, processed 524646615 words, keeping 849543 word types
2026-03-26 10:22:05,495 - INFO - PROGRESS: at sentence #10370000, processed 525060251 words, keeping 849878 word types
2026-03-26 10:22:05,593 - INFO - PROGRESS: at sentence #10380000, processed 525522771 words, keeping 850122 word types
2026-03-26 10:22:05,695 - INFO - PROGRESS: at sentence #10390000, processed 526002033 words, keeping 850300 word types
2026-03-26 10:22:05,795 - INFO - PROGRESS: at sentence #10400000, processed 526474265 words, keeping 850476 word types
2026-03-26 10:22:05,894 - INFO - PROGRESS: at sentence #10410000, processed 526942270 words, keeping 850611 word types
2026-03-26 10:22:06,004 - INFO - PROGRESS: at sentence #10420000, processed 527472637 words, keeping 850849 word types
2026-03-26 10:22:06,119 - INFO - PROGRESS: at sentence #10430000, processed 528028760 words, keeping 851153 word types
2026-03-26 10:22:06,236 - INFO - PROGRESS: at sentence #10440000, processed 528591250 words, keeping 851503 word types
2026-03-26 10:22:06,354 - INFO - PROGRESS: at sentence #10450000, processed 529162534 words, keeping 851797 word types
2026-03-26 10:22:06,468 - INFO - PROGRESS: at sentence #10460000, processed 529713775 words, keeping 852039 word types
2026-03-26 10:22:06,584 - INFO - PROGRESS: at sentence #10470000, processed 530277326 words, keeping 852355 word types
2026-03-26 10:22:06,698 - INFO - PROGRESS: at sentence #10480000, processed 530829341 words, keeping 852573 word types
2026-03-26 10:22:06,852 - INFO - PROGRESS: at sentence #10490000, processed 531600856 words, keeping 853061 word types
2026-03-26 10:22:06,990 - INFO - PROGRESS: at sentence #10500000, processed 532270275 words, keeping 853706 word types
2026-03-26 10:22:07,098 - INFO - PROGRESS: at sentence #10510000, processed 532786934 words, keeping 854269 word types
2026-03-26 10:22:07,204 - INFO - PROGRESS: at sentence #10520000, processed 533297096 words, keeping 854517 word types
2026-03-26 10:22:07,312 - INFO - PROGRESS: at sentence #10530000, processed 533812540 words, keeping 854743 word types
2026-03-26 10:22:07,400 - INFO - PROGRESS: at sentence #10540000, processed 534224075 words, keeping 855398 word types
2026-03-26 10:22:07,484 - INFO - PROGRESS: at sentence #10550000, processed 534610744 words, keeping 856201 word types
2026-03-26 10:22:07,592 - INFO - PROGRESS: at sentence #10560000, processed 535132171 words, keeping 856668 word types
2026-03-26 10:22:07,706 - INFO - PROGRESS: at sentence #10570000, processed 535683093 words, keeping 857011 word types
2026-03-26 10:22:07,846 - INFO - PROGRESS: at sentence #10580000, processed 536369206 words, keeping 857060 word types
2026-03-26 10:22:07,995 - INFO - PROGRESS: at sentence #10590000, processed 537098647 words, keeping 857092 word types
2026-03-26 10:22:08,119 - INFO - PROGRESS: at sentence #10600000, processed 537702006 words, keeping 857355 word types
2026-03-26 10:22:08,214 - INFO - PROGRESS: at sentence #10610000, processed 538156586 words, keeping 857705 word types
2026-03-26 10:22:08,308 - INFO - PROGRESS: at sentence #10620000, processed 538606894 words, keeping 858052 word types
2026-03-26 10:22:08,403 - INFO - PROGRESS: at sentence #10630000, processed 539064533 words, keeping 858402 word types
2026-03-26 10:22:08,499 - INFO - PROGRESS: at sentence #10640000, processed 539523250 words, keeping 858718 word types
2026-03-26 10:22:08,593 - INFO - PROGRESS: at sentence #10650000, processed 539972799 words, keeping 859026 word types
2026-03-26 10:22:08,688 - INFO - PROGRESS: at sentence #10660000, processed 540430413 words, keeping 859396 word types
2026-03-26 10:22:08,781 - INFO - PROGRESS: at sentence #10670000, processed 540878127 words, keeping 859708 word types
2026-03-26 10:22:08,876 - INFO - PROGRESS: at sentence #10680000, processed 541332291 words, keeping 860020 word types
2026-03-26 10:22:08,968 - INFO - PROGRESS: at sentence #10690000, processed 541776144 words, keeping 860350 word types
2026-03-26 10:22:09,056 - INFO - PROGRESS: at sentence #10700000, processed 542209633 words, keeping 860529 word types
2026-03-26 10:22:09,144 - INFO - PROGRESS: at sentence #10710000, processed 542640455 words, keeping 860675 word types
2026-03-26 10:22:09,232 - INFO - PROGRESS: at sentence #10720000, processed 543069392 words, keeping 860834 word types
2026-03-26 10:22:09,321 - INFO - PROGRESS: at sentence #10730000, processed 543502695 words, keeping 860977 word types
2026-03-26 10:22:09,410 - INFO - PROGRESS: at sentence #10740000, processed 543939171 words, keeping 861110 word types
2026-03-26 10:22:09,498 - INFO - PROGRESS: at sentence #10750000, processed 544374441 words, keeping 861245 word types
2026-03-26 10:22:09,586 - INFO - PROGRESS: at sentence #10760000, processed 544805697 words, keeping 861394 word types
2026-03-26 10:22:09,674 - INFO - PROGRESS: at sentence #10770000, processed 545236579 words, keeping 861518 word types
2026-03-26 10:22:09,762 - INFO - PROGRESS: at sentence #10780000, processed 545672090 words, keeping 861666 word types
2026-03-26 10:22:09,850 - INFO - PROGRESS: at sentence #10790000, processed 546106144 words, keeping 861803 word types
2026-03-26 10:22:09,939 - INFO - PROGRESS: at sentence #10800000, processed 546541120 words, keeping 861956 word types
2026-03-26 10:22:10,026 - INFO - PROGRESS: at sentence #10810000, processed 546973649 words, keeping 862083 word types
2026-03-26 10:22:10,115 - INFO - PROGRESS: at sentence #10820000, processed 547409065 words, keeping 862211 word types
2026-03-26 10:22:10,204 - INFO - PROGRESS: at sentence #10830000, processed 547846693 words, keeping 862396 word types
2026-03-26 10:22:10,292 - INFO - PROGRESS: at sentence #10840000, processed 548279880 words, keeping 862525 word types
2026-03-26 10:22:10,379 - INFO - PROGRESS: at sentence #10850000, processed 548705918 words, keeping 862646 word types
2026-03-26 10:22:10,466 - INFO - PROGRESS: at sentence #10860000, processed 549135809 words, keeping 862746 word types
2026-03-26 10:22:10,554 - INFO - PROGRESS: at sentence #10870000, processed 549573483 words, keeping 862886 word types
2026-03-26 10:22:10,644 - INFO - PROGRESS: at sentence #10880000, processed 549997030 words, keeping 863014 word types
2026-03-26 10:22:10,804 - INFO - PROGRESS: at sentence #10890000, processed 550796096 words, keeping 863193 word types
2026-03-26 10:22:10,935 - INFO - PROGRESS: at sentence #10900000, processed 551437997 words, keeping 863225 word types
2026-03-26 10:22:11,051 - INFO - PROGRESS: at sentence #10910000, processed 552006963 words, keeping 863235 word types
2026-03-26 10:22:11,169 - INFO - PROGRESS: at sentence #10920000, processed 552575936 words, keeping 863374 word types
2026-03-26 10:22:11,256 - INFO - PROGRESS: at sentence #10930000, processed 553008080 words, keeping 863553 word types
2026-03-26 10:22:11,334 - INFO - PROGRESS: at sentence #10940000, processed 553403562 words, keeping 863591 word types
2026-03-26 10:22:11,413 - INFO - PROGRESS: at sentence #10950000, processed 553799104 words, keeping 863641 word types
2026-03-26 10:22:11,492 - INFO - PROGRESS: at sentence #10960000, processed 554196523 words, keeping 863697 word types
2026-03-26 10:22:11,571 - INFO - PROGRESS: at sentence #10970000, processed 554596811 words, keeping 863744 word types
2026-03-26 10:22:11,650 - INFO - PROGRESS: at sentence #10980000, processed 554997238 words, keeping 863785 word types
2026-03-26 10:22:11,728 - INFO - PROGRESS: at sentence #10990000, processed 555393172 words, keeping 863825 word types
2026-03-26 10:22:11,807 - INFO - PROGRESS: at sentence #11000000, processed 555797162 words, keeping 863848 word types
2026-03-26 10:22:11,885 - INFO - PROGRESS: at sentence #11010000, processed 556194468 words, keeping 863892 word types
2026-03-26 10:22:11,966 - INFO - PROGRESS: at sentence #11020000, processed 556604245 words, keeping 863918 word types
2026-03-26 10:22:12,044 - INFO - PROGRESS: at sentence #11030000, processed 557002069 words, keeping 863978 word types
2026-03-26 10:22:12,123 - INFO - PROGRESS: at sentence #11040000, processed 557404287 words, keeping 864012 word types
2026-03-26 10:22:12,202 - INFO - PROGRESS: at sentence #11050000, processed 557801239 words, keeping 864069 word types
2026-03-26 10:22:12,280 - INFO - PROGRESS: at sentence #11060000, processed 558200802 words, keeping 864100 word types
2026-03-26 10:22:12,360 - INFO - PROGRESS: at sentence #11070000, processed 558605802 words, keeping 864139 word types
2026-03-26 10:22:12,438 - INFO - PROGRESS: at sentence #11080000, processed 559005904 words, keeping 864191 word types
2026-03-26 10:22:12,517 - INFO - PROGRESS: at sentence #11090000, processed 559407021 words, keeping 864220 word types
2026-03-26 10:22:12,595 - INFO - PROGRESS: at sentence #11100000, processed 559805578 words, keeping 864278 word types
2026-03-26 10:22:12,675 - INFO - PROGRESS: at sentence #11110000, processed 560213167 words, keeping 864303 word types
2026-03-26 10:22:12,753 - INFO - PROGRESS: at sentence #11120000, processed 560610882 words, keeping 864324 word types
2026-03-26 10:22:12,833 - INFO - PROGRESS: at sentence #11130000, processed 561014638 words, keeping 864354 word types
2026-03-26 10:22:12,910 - INFO - PROGRESS: at sentence #11140000, processed 561413201 words, keeping 864378 word types
2026-03-26 10:22:12,987 - INFO - PROGRESS: at sentence #11150000, processed 561813873 words, keeping 864419 word types
2026-03-26 10:22:13,066 - INFO - PROGRESS: at sentence #11160000, processed 562217731 words, keeping 864471 word types
2026-03-26 10:22:13,142 - INFO - PROGRESS: at sentence #11170000, processed 562613081 words, keeping 864499 word types
2026-03-26 10:22:13,219 - INFO - PROGRESS: at sentence #11180000, processed 563009379 words, keeping 864528 word types
2026-03-26 10:22:13,297 - INFO - PROGRESS: at sentence #11190000, processed 563409520 words, keeping 864583 word types
2026-03-26 10:22:13,377 - INFO - PROGRESS: at sentence #11200000, processed 563816949 words, keeping 864634 word types
2026-03-26 10:22:13,455 - INFO - PROGRESS: at sentence #11210000, processed 564211293 words, keeping 864668 word types
2026-03-26 10:22:13,533 - INFO - PROGRESS: at sentence #11220000, processed 564610489 words, keeping 864694 word types
2026-03-26 10:22:13,613 - INFO - PROGRESS: at sentence #11230000, processed 565015483 words, keeping 864717 word types
2026-03-26 10:22:13,709 - INFO - PROGRESS: at sentence #11240000, processed 565492420 words, keeping 864852 word types
2026-03-26 10:22:13,856 - INFO - PROGRESS: at sentence #11250000, processed 566210915 words, keeping 865154 word types
2026-03-26 10:22:14,002 - INFO - PROGRESS: at sentence #11260000, processed 566916056 words, keeping 865410 word types
2026-03-26 10:22:14,142 - INFO - PROGRESS: at sentence #11270000, processed 567579549 words, keeping 866676 word types
2026-03-26 10:22:14,262 - INFO - PROGRESS: at sentence #11280000, processed 568154956 words, keeping 867282 word types
2026-03-26 10:22:14,384 - INFO - PROGRESS: at sentence #11290000, processed 568737236 words, keeping 867759 word types
2026-03-26 10:22:14,510 - INFO - PROGRESS: at sentence #11300000, processed 569346822 words, keeping 868253 word types
2026-03-26 10:22:14,657 - INFO - PROGRESS: at sentence #11310000, processed 570068784 words, keeping 868420 word types
2026-03-26 10:22:14,803 - INFO - PROGRESS: at sentence #11320000, processed 570794871 words, keeping 868539 word types
2026-03-26 10:22:14,895 - INFO - PROGRESS: at sentence #11330000, processed 571223851 words, keeping 868665 word types
2026-03-26 10:22:15,000 - INFO - PROGRESS: at sentence #11340000, processed 571721209 words, keeping 869184 word types
2026-03-26 10:22:15,195 - INFO - PROGRESS: at sentence #11350000, processed 572689680 words, keeping 869325 word types
2026-03-26 10:22:15,318 - INFO - PROGRESS: at sentence #11360000, processed 573283696 words, keeping 869605 word types
2026-03-26 10:22:15,416 - INFO - PROGRESS: at sentence #11370000, processed 573750067 words, keeping 869975 word types
2026-03-26 10:22:15,509 - INFO - PROGRESS: at sentence #11380000, processed 574177061 words, keeping 870140 word types
2026-03-26 10:22:15,618 - INFO - PROGRESS: at sentence #11390000, processed 574702737 words, keeping 870585 word types
2026-03-26 10:22:15,701 - INFO - PROGRESS: at sentence #11400000, processed 575090883 words, keeping 871157 word types
2026-03-26 10:22:15,860 - INFO - PROGRESS: at sentence #11410000, processed 575879112 words, keeping 871653 word types
2026-03-26 10:22:16,015 - INFO - PROGRESS: at sentence #11420000, processed 576642775 words, keeping 871882 word types
2026-03-26 10:22:16,131 - INFO - PROGRESS: at sentence #11430000, processed 577209130 words, keeping 871993 word types
2026-03-26 10:22:16,298 - INFO - PROGRESS: at sentence #11440000, processed 578050370 words, keeping 872241 word types
2026-03-26 10:22:16,406 - INFO - PROGRESS: at sentence #11450000, processed 578568851 words, keeping 872832 word types
2026-03-26 10:22:16,513 - INFO - PROGRESS: at sentence #11460000, processed 579088539 words, keeping 873418 word types
2026-03-26 10:22:16,625 - INFO - PROGRESS: at sentence #11470000, processed 579627336 words, keeping 873937 word types
2026-03-26 10:22:16,735 - INFO - PROGRESS: at sentence #11480000, processed 580160126 words, keeping 874507 word types
2026-03-26 10:22:16,844 - INFO - PROGRESS: at sentence #11490000, processed 580692640 words, keeping 875060 word types
2026-03-26 10:22:16,957 - INFO - PROGRESS: at sentence #11500000, processed 581232185 words, keeping 875567 word types
2026-03-26 10:22:17,066 - INFO - PROGRESS: at sentence #11510000, processed 581765170 words, keeping 876114 word types
2026-03-26 10:22:17,176 - INFO - PROGRESS: at sentence #11520000, processed 582296493 words, keeping 876596 word types
2026-03-26 10:22:17,247 - INFO - PROGRESS: at sentence #11530000, processed 582634187 words, keeping 876698 word types
2026-03-26 10:22:17,318 - INFO - PROGRESS: at sentence #11540000, processed 582967688 words, keeping 876739 word types
2026-03-26 10:22:17,551 - INFO - PROGRESS: at sentence #11550000, processed 584219123 words, keeping 876744 word types
2026-03-26 10:22:17,675 - INFO - PROGRESS: at sentence #11560000, processed 584833888 words, keeping 876982 word types
2026-03-26 10:22:17,807 - INFO - PROGRESS: at sentence #11570000, processed 585467598 words, keeping 877098 word types
2026-03-26 10:22:17,932 - INFO - PROGRESS: at sentence #11580000, processed 586059951 words, keeping 877140 word types
2026-03-26 10:22:18,026 - INFO - PROGRESS: at sentence #11590000, processed 586492274 words, keeping 878002 word types
2026-03-26 10:22:18,114 - INFO - PROGRESS: at sentence #11600000, processed 586903233 words, keeping 878839 word types
2026-03-26 10:22:18,213 - INFO - PROGRESS: at sentence #11610000, processed 587382942 words, keeping 879128 word types
2026-03-26 10:22:18,373 - INFO - PROGRESS: at sentence #11620000, processed 588170342 words, keeping 879457 word types
2026-03-26 10:22:18,494 - INFO - PROGRESS: at sentence #11630000, processed 588758166 words, keeping 879728 word types
2026-03-26 10:22:18,612 - INFO - PROGRESS: at sentence #11640000, processed 589333488 words, keeping 879998 word types
2026-03-26 10:22:18,733 - INFO - PROGRESS: at sentence #11650000, processed 589917319 words, keeping 880381 word types
2026-03-26 10:22:18,858 - INFO - PROGRESS: at sentence #11660000, processed 590529475 words, keeping 880649 word types
2026-03-26 10:22:19,003 - INFO - PROGRESS: at sentence #11670000, processed 591243316 words, keeping 880697 word types
2026-03-26 10:22:19,117 - INFO - PROGRESS: at sentence #11680000, processed 591777893 words, keeping 880752 word types
2026-03-26 10:22:19,234 - INFO - PROGRESS: at sentence #11690000, processed 592328485 words, keeping 880804 word types
2026-03-26 10:22:19,351 - INFO - PROGRESS: at sentence #11700000, processed 592874003 words, keeping 880842 word types
2026-03-26 10:22:19,464 - INFO - PROGRESS: at sentence #11710000, processed 593405753 words, keeping 880918 word types
2026-03-26 10:22:19,579 - INFO - PROGRESS: at sentence #11720000, processed 593946095 words, keeping 880953 word types
2026-03-26 10:22:19,696 - INFO - PROGRESS: at sentence #11730000, processed 594493483 words, keeping 880992 word types
2026-03-26 10:22:19,855 - INFO - PROGRESS: at sentence #11740000, processed 595277734 words, keeping 881180 word types
2026-03-26 10:22:20,038 - INFO - PROGRESS: at sentence #11750000, processed 596180273 words, keeping 881454 word types
2026-03-26 10:22:20,174 - INFO - PROGRESS: at sentence #11760000, processed 596847059 words, keeping 881502 word types
2026-03-26 10:22:20,300 - INFO - PROGRESS: at sentence #11770000, processed 597466940 words, keeping 882273 word types
2026-03-26 10:22:20,403 - INFO - PROGRESS: at sentence #11780000, processed 597965691 words, keeping 882902 word types
2026-03-26 10:22:20,497 - INFO - PROGRESS: at sentence #11790000, processed 598406142 words, keeping 883453 word types
2026-03-26 10:22:20,590 - INFO - PROGRESS: at sentence #11800000, processed 598838276 words, keeping 883969 word types
2026-03-26 10:22:20,684 - INFO - PROGRESS: at sentence #11810000, processed 599280316 words, keeping 884400 word types
2026-03-26 10:22:20,777 - INFO - PROGRESS: at sentence #11820000, processed 599714583 words, keeping 884883 word types
2026-03-26 10:22:20,871 - INFO - PROGRESS: at sentence #11830000, processed 600148555 words, keeping 885269 word types
2026-03-26 10:22:21,001 - INFO - PROGRESS: at sentence #11840000, processed 600763289 words, keeping 885930 word types
2026-03-26 10:22:21,110 - INFO - PROGRESS: at sentence #11850000, processed 601275340 words, keeping 886652 word types
2026-03-26 10:22:21,213 - INFO - PROGRESS: at sentence #11860000, processed 601752951 words, keeping 887286 word types
2026-03-26 10:22:21,333 - INFO - PROGRESS: at sentence #11870000, processed 602333467 words, keeping 887483 word types
2026-03-26 10:22:21,465 - INFO - PROGRESS: at sentence #11880000, processed 602969372 words, keeping 887782 word types
2026-03-26 10:22:21,568 - INFO - PROGRESS: at sentence #11890000, processed 603459385 words, keeping 887839 word types
2026-03-26 10:22:21,705 - INFO - PROGRESS: at sentence #11900000, processed 604122551 words, keeping 887946 word types
2026-03-26 10:22:21,870 - INFO - collected 888210 word types from a corpus of 604933589 raw words and 11909955 sentences
2026-03-26 10:22:21,870 - INFO - Creating a fresh vocabulary
2026-03-26 10:22:22,564 - DEBUG - starting a new internal lifecycle event log for Word2Vec
2026-03-26 10:22:22,564 - INFO - Word2Vec lifecycle event {'msg': 'effective_min_count=10 retains 177584 unique words (19.99% of original 888210, drops 710626)', 'datetime': '2026-03-26T10:22:22.562022', 'gensim': '4.4.0', 'python': '3.10.19 | packaged by conda-forge | (main, Jan 26 2026, 23:45:08) [GCC 14.3.0]', 'platform': 'Linux-4.18.0-305.3.1.el8.x86_64-x86_64-with-glibc2.28', 'event': 'prepare_vocab'}
2026-03-26 10:22:22,564 - INFO - Word2Vec lifecycle event {'msg': 'effective_min_count=10 leaves 603361241 word corpus (99.74% of original 604933589, drops 1572348)', 'datetime': '2026-03-26T10:22:22.564861', 'gensim': '4.4.0', 'python': '3.10.19 | packaged by conda-forge | (main, Jan 26 2026, 23:45:08) [GCC 14.3.0]', 'platform': 'Linux-4.18.0-305.3.1.el8.x86_64-x86_64-with-glibc2.28', 'event': 'prepare_vocab'}
2026-03-26 10:22:23,252 - INFO - deleting the raw counts dictionary of 888210 items
2026-03-26 10:22:23,271 - INFO - sample=0.001 downsamples 50 most-common words
2026-03-26 10:22:23,271 - INFO - Word2Vec lifecycle event {'msg': 'downsampling leaves estimated 478048442.36899614 word corpus (79.2%% of prior 603361241)', 'datetime': '2026-03-26T10:22:23.271263', 'gensim': '4.4.0', 'python': '3.10.19 | packaged by conda-forge | (main, Jan 26 2026, 23:45:08) [GCC 14.3.0]', 'platform': 'Linux-4.18.0-305.3.1.el8.x86_64-x86_64-with-glibc2.28', 'event': 'prepare_vocab'}
2026-03-26 10:22:24,496 - INFO - estimated required memory for 177584 words and 300 dimensions: 514993600 bytes
2026-03-26 10:22:24,497 - INFO - resetting layer weights
2026-03-26 10:22:24,724 - INFO - Word2Vec lifecycle event {'update': False, 'trim_rule': 'None', 'datetime': '2026-03-26T10:22:24.724384', 'gensim': '4.4.0', 'python': '3.10.19 | packaged by conda-forge | (main, Jan 26 2026, 23:45:08) [GCC 14.3.0]', 'platform': 'Linux-4.18.0-305.3.1.el8.x86_64-x86_64-with-glibc2.28', 'event': 'build_vocab'}
2026-03-26 10:22:24,724 - INFO - Word2Vec lifecycle event {'msg': 'training model with 16 workers on 177584 vocabulary and 300 features, using sg=1 hs=0 sample=0.001 negative=5 window=8 shrink_windows=True', 'datetime': '2026-03-26T10:22:24.724659', 'gensim': '4.4.0', 'python': '3.10.19 | packaged by conda-forge | (main, Jan 26 2026, 23:45:08) [GCC 14.3.0]', 'platform': 'Linux-4.18.0-305.3.1.el8.x86_64-x86_64-with-glibc2.28', 'event': 'train'}
2026-03-26 10:22:24,724 - INFO - Training started.
2026-03-26 10:22:24,724 - INFO - Epoch 1 starting...
2026-03-26 10:22:25,747 - INFO - EPOCH 0 - PROGRESS: at 0.08% examples, 491140 words/s, in_qsize 31, out_qsize 0
2026-03-26 10:22:26,761 - INFO - EPOCH 0 - PROGRESS: at 0.21% examples, 586254 words/s, in_qsize 31, out_qsize 0
2026-03-26 10:22:27,768 - INFO - EPOCH 0 - PROGRESS: at 0.36% examples, 614648 words/s, in_qsize 30, out_qsize 0
2026-03-26 10:22:28,781 - INFO - EPOCH 0 - PROGRESS: at 0.51% examples, 629469 words/s, in_qsize 31, out_qsize 0
2026-03-26 10:22:29,795 - INFO - EPOCH 0 - PROGRESS: at 0.67% examples, 640086 words/s, in_qsize 31, out_qsize 0
2026-03-26 10:22:30,797 - INFO - EPOCH 0 - PROGRESS: at 0.82% examples, 647205 words/s, in_qsize 31, out_qsize 0
2026-03-26 10:22:31,817 - INFO - EPOCH 0 - PROGRESS: at 0.97% examples, 650621 words/s, in_qsize 31, out_qsize 0
2026-03-26 10:22:32,823 - INFO - EPOCH 0 - PROGRESS: at 1.13% examples, 654211 words/s, in_qsize 30, out_qsize 2
2026-03-26 10:22:33,841 - INFO - EPOCH 0 - PROGRESS: at 1.28% examples, 656866 words/s, in_qsize 28, out_qsize 2
2026-03-26 10:22:34,862 - INFO - EPOCH 0 - PROGRESS: at 1.41% examples, 658824 words/s, in_qsize 31, out_qsize 0
2026-03-26 10:22:35,871 - INFO - EPOCH 0 - PROGRESS: at 1.53% examples, 662637 words/s, in_qsize 31, out_qsize 0
2026-03-26 10:22:36,873 - INFO - EPOCH 0 - PROGRESS: at 1.65% examples, 662230 words/s, in_qsize 31, out_qsize 1
2026-03-26 10:22:37,882 - INFO - EPOCH 0 - PROGRESS: at 1.78% examples, 662620 words/s, in_qsize 29, out_qsize 1
2026-03-26 10:22:38,885 - INFO - EPOCH 0 - PROGRESS: at 1.90% examples, 663251 words/s, in_qsize 31, out_qsize 0
2026-03-26 10:22:39,895 - INFO - EPOCH 0 - PROGRESS: at 2.01% examples, 663679 words/s, in_qsize 31, out_qsize 1
2026-03-26 10:22:40,903 - INFO - EPOCH 0 - PROGRESS: at 2.13% examples, 664868 words/s, in_qsize 32, out_qsize 1
2026-03-26 10:22:41,910 - INFO - EPOCH 0 - PROGRESS: at 2.24% examples, 665004 words/s, in_qsize 31, out_qsize 0
2026-03-26 10:22:42,926 - INFO - EPOCH 0 - PROGRESS: at 2.36% examples, 665194 words/s, in_qsize 30, out_qsize 1
2026-03-26 10:22:43,938 - INFO - EPOCH 0 - PROGRESS: at 2.48% examples, 666312 words/s, in_qsize 28, out_qsize 1
2026-03-26 10:22:44,950 - INFO - EPOCH 0 - PROGRESS: at 2.59% examples, 666155 words/s, in_qsize 32, out_qsize 2
2026-03-26 10:22:45,959 - INFO - EPOCH 0 - PROGRESS: at 2.71% examples, 666201 words/s, in_qsize 31, out_qsize 1
2026-03-26 10:22:46,970 - INFO - EPOCH 0 - PROGRESS: at 2.83% examples, 665771 words/s, in_qsize 30, out_qsize 2
2026-03-26 10:22:47,971 - INFO - EPOCH 0 - PROGRESS: at 2.95% examples, 666973 words/s, in_qsize 29, out_qsize 1
2026-03-26 10:22:48,975 - INFO - EPOCH 0 - PROGRESS: at 3.06% examples, 667440 words/s, in_qsize 30, out_qsize 1
2026-03-26 10:22:49,994 - INFO - EPOCH 0 - PROGRESS: at 3.23% examples, 668563 words/s, in_qsize 32, out_qsize 1
2026-03-26 10:22:51,026 - INFO - EPOCH 0 - PROGRESS: at 3.39% examples, 669024 words/s, in_qsize 29, out_qsize 2
2026-03-26 10:22:52,074 - INFO - EPOCH 0 - PROGRESS: at 3.52% examples, 668542 words/s, in_qsize 32, out_qsize 2
2026-03-26 10:22:53,085 - INFO - EPOCH 0 - PROGRESS: at 3.67% examples, 669140 words/s, in_qsize 31, out_qsize 2
2026-03-26 10:22:54,104 - INFO - EPOCH 0 - PROGRESS: at 3.82% examples, 670649 words/s, in_qsize 29, out_qsize 2
2026-03-26 10:22:55,146 - INFO - EPOCH 0 - PROGRESS: at 3.97% examples, 670178 words/s, in_qsize 32, out_qsize 2
2026-03-26 10:22:56,162 - INFO - EPOCH 0 - PROGRESS: at 4.11% examples, 669773 words/s, in_qsize 32, out_qsize 0
2026-03-26 10:22:57,166 - INFO - EPOCH 0 - PROGRESS: at 4.26% examples, 669865 words/s, in_qsize 32, out_qsize 0
2026-03-26 10:22:58,187 - INFO - EPOCH 0 - PROGRESS: at 4.40% examples, 670147 words/s, in_qsize 32, out_qsize 0
2026-03-26 10:22:59,210 - INFO - EPOCH 0 - PROGRESS: at 4.53% examples, 670329 words/s, in_qsize 32, out_qsize 2
2026-03-26 10:23:00,241 - INFO - EPOCH 0 - PROGRESS: at 4.64% examples, 670468 words/s, in_qsize 29, out_qsize 2
2026-03-26 10:23:01,248 - INFO - EPOCH 0 - PROGRESS: at 4.75% examples, 670995 words/s, in_qsize 32, out_qsize 0
2026-03-26 10:23:02,253 - INFO - EPOCH 0 - PROGRESS: at 4.85% examples, 671262 words/s, in_qsize 31, out_qsize 0
2026-03-26 10:23:03,261 - INFO - EPOCH 0 - PROGRESS: at 4.94% examples, 671129 words/s, in_qsize 31, out_qsize 0
2026-03-26 10:23:04,264 - INFO - EPOCH 0 - PROGRESS: at 5.06% examples, 670823 words/s, in_qsize 32, out_qsize 2
2026-03-26 10:23:05,275 - INFO - EPOCH 0 - PROGRESS: at 5.21% examples, 671079 words/s, in_qsize 30, out_qsize 1
2026-03-26 10:23:06,278 - INFO - EPOCH 0 - PROGRESS: at 5.36% examples, 671437 words/s, in_qsize 32, out_qsize 1
2026-03-26 10:23:07,284 - INFO - EPOCH 0 - PROGRESS: at 5.50% examples, 671166 words/s, in_qsize 28, out_qsize 3
2026-03-26 10:23:08,286 - INFO - EPOCH 0 - PROGRESS: at 5.64% examples, 671883 words/s, in_qsize 31, out_qsize 0
2026-03-26 10:23:09,326 - INFO - EPOCH 0 - PROGRESS: at 5.76% examples, 671452 words/s, in_qsize 29, out_qsize 2
2026-03-26 10:23:10,330 - INFO - EPOCH 0 - PROGRESS: at 5.89% examples, 671795 words/s, in_qsize 30, out_qsize 1
2026-03-26 10:23:11,335 - INFO - EPOCH 0 - PROGRESS: at 6.03% examples, 672304 words/s, in_qsize 30, out_qsize 1
2026-03-26 10:23:12,345 - INFO - EPOCH 0 - PROGRESS: at 6.18% examples, 672137 words/s, in_qsize 32, out_qsize 0
2026-03-26 10:23:13,357 - INFO - EPOCH 0 - PROGRESS: at 6.38% examples, 672868 words/s, in_qsize 30, out_qsize 1
2026-03-26 10:23:14,379 - INFO - EPOCH 0 - PROGRESS: at 6.59% examples, 673120 words/s, in_qsize 30, out_qsize 1
2026-03-26 10:23:15,406 - INFO - EPOCH 0 - PROGRESS: at 6.79% examples, 673150 words/s, in_qsize 25, out_qsize 4
2026-03-26 10:23:16,409 - INFO - EPOCH 0 - PROGRESS: at 7.00% examples, 673950 words/s, in_qsize 30, out_qsize 1
2026-03-26 10:23:17,433 - INFO - EPOCH 0 - PROGRESS: at 7.17% examples, 673991 words/s, in_qsize 31, out_qsize 0
2026-03-26 10:23:18,458 - INFO - EPOCH 0 - PROGRESS: at 7.25% examples, 673522 words/s, in_qsize 31, out_qsize 1
2026-03-26 10:23:19,491 - INFO - EPOCH 0 - PROGRESS: at 7.41% examples, 673114 words/s, in_qsize 30, out_qsize 1
2026-03-26 10:23:20,521 - INFO - EPOCH 0 - PROGRESS: at 7.54% examples, 673059 words/s, in_qsize 31, out_qsize 0
2026-03-26 10:23:21,524 - INFO - EPOCH 0 - PROGRESS: at 7.66% examples, 673023 words/s, in_qsize 31, out_qsize 0
2026-03-26 10:23:22,525 - INFO - EPOCH 0 - PROGRESS: at 7.80% examples, 673411 words/s, in_qsize 28, out_qsize 1
2026-03-26 10:23:23,566 - INFO - EPOCH 0 - PROGRESS: at 7.94% examples, 673522 words/s, in_qsize 31, out_qsize 0
2026-03-26 10:23:24,575 - INFO - EPOCH 0 - PROGRESS: at 8.07% examples, 673450 words/s, in_qsize 29, out_qsize 1
2026-03-26 10:23:25,584 - INFO - EPOCH 0 - PROGRESS: at 8.20% examples, 673668 words/s, in_qsize 32, out_qsize 0
2026-03-26 10:23:26,586 - INFO - EPOCH 0 - PROGRESS: at 8.33% examples, 673802 words/s, in_qsize 31, out_qsize 2
2026-03-26 10:23:27,612 - INFO - EPOCH 0 - PROGRESS: at 8.45% examples, 674001 words/s, in_qsize 30, out_qsize 1
2026-03-26 10:23:28,625 - INFO - EPOCH 0 - PROGRESS: at 8.54% examples, 673824 words/s, in_qsize 31, out_qsize 0
2026-03-26 10:23:29,628 - INFO - EPOCH 0 - PROGRESS: at 8.65% examples, 673575 words/s, in_qsize 31, out_qsize 4
2026-03-26 10:23:30,633 - INFO - EPOCH 0 - PROGRESS: at 8.79% examples, 673949 words/s, in_qsize 32, out_qsize 2
2026-03-26 10:23:31,637 - INFO - EPOCH 0 - PROGRESS: at 8.95% examples, 674029 words/s, in_qsize 31, out_qsize 1
2026-03-26 10:23:32,644 - INFO - EPOCH 0 - PROGRESS: at 9.05% examples, 673881 words/s, in_qsize 32, out_qsize 0
2026-03-26 10:23:33,666 - INFO - EPOCH 0 - PROGRESS: at 9.19% examples, 674122 words/s, in_qsize 30, out_qsize 1
2026-03-26 10:23:34,673 - INFO - EPOCH 0 - PROGRESS: at 9.33% examples, 674459 words/s, in_qsize 31, out_qsize 0
2026-03-26 10:23:35,708 - INFO - EPOCH 0 - PROGRESS: at 9.44% examples, 674386 words/s, in_qsize 32, out_qsize 2
2026-03-26 10:23:36,717 - INFO - EPOCH 0 - PROGRESS: at 9.56% examples, 674555 words/s, in_qsize 30, out_qsize 1
2026-03-26 10:23:37,722 - INFO - EPOCH 0 - PROGRESS: at 9.70% examples, 674521 words/s, in_qsize 32, out_qsize 3
2026-03-26 10:23:38,746 - INFO - EPOCH 0 - PROGRESS: at 9.85% examples, 674666 words/s, in_qsize 31, out_qsize 0
2026-03-26 10:23:39,748 - INFO - EPOCH 0 - PROGRESS: at 10.00% examples, 674681 words/s, in_qsize 32, out_qsize 1
2026-03-26 10:23:40,762 - INFO - EPOCH 0 - PROGRESS: at 10.15% examples, 674688 words/s, in_qsize 30, out_qsize 1
2026-03-26 10:23:41,764 - INFO - EPOCH 0 - PROGRESS: at 10.29% examples, 675069 words/s, in_qsize 30, out_qsize 1
2026-03-26 10:23:42,770 - INFO - EPOCH 0 - PROGRESS: at 10.42% examples, 674844 words/s, in_qsize 31, out_qsize 0
2026-03-26 10:23:43,804 - INFO - EPOCH 0 - PROGRESS: at 10.56% examples, 674875 words/s, in_qsize 30, out_qsize 1
2026-03-26 10:23:44,839 - INFO - EPOCH 0 - PROGRESS: at 10.72% examples, 674612 words/s, in_qsize 32, out_qsize 6
2026-03-26 10:23:45,855 - INFO - EPOCH 0 - PROGRESS: at 10.92% examples, 675277 words/s, in_qsize 32, out_qsize 0
2026-03-26 10:23:46,870 - INFO - EPOCH 0 - PROGRESS: at 11.11% examples, 675451 words/s, in_qsize 31, out_qsize 0
2026-03-26 10:23:47,897 - INFO - EPOCH 0 - PROGRESS: at 11.27% examples, 674097 words/s, in_qsize 32, out_qsize 1
2026-03-26 10:23:48,898 - INFO - EPOCH 0 - PROGRESS: at 11.46% examples, 674305 words/s, in_qsize 31, out_qsize 0
2026-03-26 10:23:49,908 - INFO - EPOCH 0 - PROGRESS: at 11.60% examples, 673625 words/s, in_qsize 31, out_qsize 0
2026-03-26 10:23:50,921 - INFO - EPOCH 0 - PROGRESS: at 11.70% examples, 673368 words/s, in_qsize 31, out_qsize 2
2026-03-26 10:23:51,946 - INFO - EPOCH 0 - PROGRESS: at 11.89% examples, 674001 words/s, in_qsize 30, out_qsize 1
2026-03-26 10:23:52,977 - INFO - EPOCH 0 - PROGRESS: at 12.12% examples, 674651 words/s, in_qsize 30, out_qsize 1
2026-03-26 10:23:53,979 - INFO - EPOCH 0 - PROGRESS: at 12.33% examples, 674918 words/s, in_qsize 28, out_qsize 5
2026-03-26 10:23:54,994 - INFO - EPOCH 0 - PROGRESS: at 12.57% examples, 675920 words/s, in_qsize 31, out_qsize 0
2026-03-26 10:23:55,998 - INFO - EPOCH 0 - PROGRESS: at 12.80% examples, 676653 words/s, in_qsize 31, out_qsize 0
2026-03-26 10:23:56,998 - INFO - EPOCH 0 - PROGRESS: at 13.03% examples, 677139 words/s, in_qsize 32, out_qsize 0
2026-03-26 10:23:58,023 - INFO - EPOCH 0 - PROGRESS: at 13.26% examples, 677857 words/s, in_qsize 31, out_qsize 1
2026-03-26 10:23:59,034 - INFO - EPOCH 0 - PROGRESS: at 13.46% examples, 677503 words/s, in_qsize 30, out_qsize 8
2026-03-26 10:24:00,076 - INFO - EPOCH 0 - PROGRESS: at 13.68% examples, 677584 words/s, in_qsize 31, out_qsize 3
2026-03-26 10:24:01,078 - INFO - EPOCH 0 - PROGRESS: at 13.92% examples, 678359 words/s, in_qsize 31, out_qsize 0
2026-03-26 10:24:02,092 - INFO - EPOCH 0 - PROGRESS: at 14.12% examples, 678649 words/s, in_qsize 29, out_qsize 3
2026-03-26 10:24:03,100 - INFO - EPOCH 0 - PROGRESS: at 14.29% examples, 679050 words/s, in_qsize 30, out_qsize 0
2026-03-26 10:24:04,111 - INFO - EPOCH 0 - PROGRESS: at 14.46% examples, 678937 words/s, in_qsize 30, out_qsize 0
2026-03-26 10:24:05,126 - INFO - EPOCH 0 - PROGRESS: at 14.63% examples, 679114 words/s, in_qsize 31, out_qsize 0
2026-03-26 10:24:06,159 - INFO - EPOCH 0 - PROGRESS: at 14.80% examples, 679021 words/s, in_qsize 29, out_qsize 2
2026-03-26 10:24:07,166 - INFO - EPOCH 0 - PROGRESS: at 14.97% examples, 679167 words/s, in_qsize 31, out_qsize 0
2026-03-26 10:24:08,187 - INFO - EPOCH 0 - PROGRESS: at 15.12% examples, 678381 words/s, in_qsize 31, out_qsize 0
2026-03-26 10:24:09,225 - INFO - EPOCH 0 - PROGRESS: at 15.28% examples, 678104 words/s, in_qsize 29, out_qsize 2
2026-03-26 10:24:10,233 - INFO - EPOCH 0 - PROGRESS: at 15.43% examples, 677981 words/s, in_qsize 31, out_qsize 2
2026-03-26 10:24:11,259 - INFO - EPOCH 0 - PROGRESS: at 15.60% examples, 678077 words/s, in_qsize 30, out_qsize 1
2026-03-26 10:24:12,291 - INFO - EPOCH 0 - PROGRESS: at 15.78% examples, 678276 words/s, in_qsize 32, out_qsize 2
2026-03-26 10:24:13,293 - INFO - EPOCH 0 - PROGRESS: at 15.96% examples, 678597 words/s, in_qsize 31, out_qsize 1
2026-03-26 10:24:14,304 - INFO - EPOCH 0 - PROGRESS: at 16.14% examples, 678922 words/s, in_qsize 31, out_qsize 0
2026-03-26 10:24:15,333 - INFO - EPOCH 0 - PROGRESS: at 16.31% examples, 679057 words/s, in_qsize 31, out_qsize 3
2026-03-26 10:24:16,333 - INFO - EPOCH 0 - PROGRESS: at 16.48% examples, 679295 words/s, in_qsize 32, out_qsize 0
2026-03-26 10:24:17,335 - INFO - EPOCH 0 - PROGRESS: at 16.66% examples, 679726 words/s, in_qsize 32, out_qsize 0
2026-03-26 10:24:18,342 - INFO - EPOCH 0 - PROGRESS: at 16.83% examples, 679787 words/s, in_qsize 32, out_qsize 0
2026-03-26 10:24:19,346 - INFO - EPOCH 0 - PROGRESS: at 17.01% examples, 679996 words/s, in_qsize 31, out_qsize 0
2026-03-26 10:24:20,349 - INFO - EPOCH 0 - PROGRESS: at 17.16% examples, 679479 words/s, in_qsize 30, out_qsize 1
2026-03-26 10:24:21,355 - INFO - EPOCH 0 - PROGRESS: at 17.33% examples, 679282 words/s, in_qsize 31, out_qsize 0
2026-03-26 10:24:22,383 - INFO - EPOCH 0 - PROGRESS: at 17.48% examples, 678659 words/s, in_qsize 31, out_qsize 0
2026-03-26 10:24:23,431 - INFO - EPOCH 0 - PROGRESS: at 17.65% examples, 678390 words/s, in_qsize 32, out_qsize 0
2026-03-26 10:24:24,437 - INFO - EPOCH 0 - PROGRESS: at 17.80% examples, 677769 words/s, in_qsize 32, out_qsize 1
2026-03-26 10:24:25,461 - INFO - EPOCH 0 - PROGRESS: at 17.97% examples, 677581 words/s, in_qsize 32, out_qsize 2
2026-03-26 10:24:26,466 - INFO - EPOCH 0 - PROGRESS: at 18.12% examples, 677178 words/s, in_qsize 25, out_qsize 6
2026-03-26 10:24:27,479 - INFO - EPOCH 0 - PROGRESS: at 18.29% examples, 676984 words/s, in_qsize 31, out_qsize 0
2026-03-26 10:24:28,480 - INFO - EPOCH 0 - PROGRESS: at 18.43% examples, 676162 words/s, in_qsize 31, out_qsize 0
2026-03-26 10:24:29,481 - INFO - EPOCH 0 - PROGRESS: at 18.60% examples, 676181 words/s, in_qsize 31, out_qsize 0
2026-03-26 10:24:30,527 - INFO - EPOCH 0 - PROGRESS: at 18.73% examples, 675813 words/s, in_qsize 31, out_qsize 0
2026-03-26 10:24:31,534 - INFO - EPOCH 0 - PROGRESS: at 18.85% examples, 675872 words/s, in_qsize 31, out_qsize 0
2026-03-26 10:24:32,536 - INFO - EPOCH 0 - PROGRESS: at 18.97% examples, 675899 words/s, in_qsize 32, out_qsize 0
2026-03-26 10:24:33,551 - INFO - EPOCH 0 - PROGRESS: at 19.12% examples, 675990 words/s, in_qsize 32, out_qsize 0
2026-03-26 10:24:34,552 - INFO - EPOCH 0 - PROGRESS: at 19.26% examples, 676162 words/s, in_qsize 31, out_qsize 0
2026-03-26 10:24:35,563 - INFO - EPOCH 0 - PROGRESS: at 19.41% examples, 676136 words/s, in_qsize 32, out_qsize 2
2026-03-26 10:24:36,570 - INFO - EPOCH 0 - PROGRESS: at 19.57% examples, 676335 words/s, in_qsize 29, out_qsize 2
2026-03-26 10:24:37,601 - INFO - EPOCH 0 - PROGRESS: at 19.70% examples, 676358 words/s, in_qsize 32, out_qsize 0
2026-03-26 10:24:38,732 - INFO - EPOCH 0 - PROGRESS: at 19.87% examples, 675926 words/s, in_qsize 31, out_qsize 0
2026-03-26 10:24:39,784 - INFO - EPOCH 0 - PROGRESS: at 20.03% examples, 675724 words/s, in_qsize 31, out_qsize 0
2026-03-26 10:24:40,796 - INFO - EPOCH 0 - PROGRESS: at 20.17% examples, 675100 words/s, in_qsize 30, out_qsize 1
2026-03-26 10:24:41,797 - INFO - EPOCH 0 - PROGRESS: at 20.29% examples, 675084 words/s, in_qsize 32, out_qsize 1
2026-03-26 10:24:42,826 - INFO - EPOCH 0 - PROGRESS: at 20.39% examples, 674826 words/s, in_qsize 32, out_qsize 1
2026-03-26 10:24:43,837 - INFO - EPOCH 0 - PROGRESS: at 20.50% examples, 674934 words/s, in_qsize 31, out_qsize 0
2026-03-26 10:24:44,845 - INFO - EPOCH 0 - PROGRESS: at 20.61% examples, 674946 words/s, in_qsize 32, out_qsize 1
2026-03-26 10:24:45,855 - INFO - EPOCH 0 - PROGRESS: at 20.71% examples, 674890 words/s, in_qsize 32, out_qsize 1
2026-03-26 10:24:46,875 - INFO - EPOCH 0 - PROGRESS: at 20.82% examples, 674751 words/s, in_qsize 30, out_qsize 2
2026-03-26 10:24:47,881 - INFO - EPOCH 0 - PROGRESS: at 20.98% examples, 674965 words/s, in_qsize 32, out_qsize 0
2026-03-26 10:24:48,898 - INFO - EPOCH 0 - PROGRESS: at 21.15% examples, 674981 words/s, in_qsize 31, out_qsize 1
2026-03-26 10:24:49,903 - INFO - EPOCH 0 - PROGRESS: at 21.34% examples, 675157 words/s, in_qsize 32, out_qsize 0
2026-03-26 10:24:50,912 - INFO - EPOCH 0 - PROGRESS: at 21.49% examples, 675146 words/s, in_qsize 31, out_qsize 0
2026-03-26 10:24:51,913 - INFO - EPOCH 0 - PROGRESS: at 21.61% examples, 675331 words/s, in_qsize 30, out_qsize 0
2026-03-26 10:24:52,918 - INFO - EPOCH 0 - PROGRESS: at 21.74% examples, 675401 words/s, in_qsize 32, out_qsize 0
2026-03-26 10:24:53,949 - INFO - EPOCH 0 - PROGRESS: at 21.86% examples, 675261 words/s, in_qsize 32, out_qsize 1
2026-03-26 10:24:54,950 - INFO - EPOCH 0 - PROGRESS: at 22.09% examples, 675659 words/s, in_qsize 31, out_qsize 0
2026-03-26 10:24:55,969 - INFO - EPOCH 0 - PROGRESS: at 22.19% examples, 675505 words/s, in_qsize 29, out_qsize 2
2026-03-26 10:24:56,991 - INFO - EPOCH 0 - PROGRESS: at 22.43% examples, 675835 words/s, in_qsize 31, out_qsize 0
2026-03-26 10:24:58,010 - INFO - EPOCH 0 - PROGRESS: at 22.67% examples, 675659 words/s, in_qsize 26, out_qsize 5
2026-03-26 10:24:59,051 - INFO - EPOCH 0 - PROGRESS: at 22.84% examples, 675231 words/s, in_qsize 31, out_qsize 0
2026-03-26 10:25:00,059 - INFO - EPOCH 0 - PROGRESS: at 22.98% examples, 674667 words/s, in_qsize 31, out_qsize 0
2026-03-26 10:25:01,063 - INFO - EPOCH 0 - PROGRESS: at 23.14% examples, 674659 words/s, in_qsize 31, out_qsize 0
2026-03-26 10:25:02,087 - INFO - EPOCH 0 - PROGRESS: at 23.30% examples, 674164 words/s, in_qsize 31, out_qsize 0
2026-03-26 10:25:03,088 - INFO - EPOCH 0 - PROGRESS: at 23.47% examples, 674214 words/s, in_qsize 31, out_qsize 0
2026-03-26 10:25:04,089 - INFO - EPOCH 0 - PROGRESS: at 23.64% examples, 674273 words/s, in_qsize 32, out_qsize 1
2026-03-26 10:25:05,094 - INFO - EPOCH 0 - PROGRESS: at 23.81% examples, 674360 words/s, in_qsize 32, out_qsize 1
2026-03-26 10:25:06,097 - INFO - EPOCH 0 - PROGRESS: at 23.98% examples, 674495 words/s, in_qsize 31, out_qsize 0
2026-03-26 10:25:07,117 - INFO - EPOCH 0 - PROGRESS: at 24.16% examples, 674568 words/s, in_qsize 32, out_qsize 1
2026-03-26 10:25:08,134 - INFO - EPOCH 0 - PROGRESS: at 24.33% examples, 674607 words/s, in_qsize 32, out_qsize 0
2026-03-26 10:25:09,143 - INFO - EPOCH 0 - PROGRESS: at 24.45% examples, 674565 words/s, in_qsize 31, out_qsize 2
2026-03-26 10:25:10,152 - INFO - EPOCH 0 - PROGRESS: at 24.58% examples, 674695 words/s, in_qsize 32, out_qsize 0
2026-03-26 10:25:11,167 - INFO - EPOCH 0 - PROGRESS: at 24.72% examples, 674736 words/s, in_qsize 31, out_qsize 0
2026-03-26 10:25:12,200 - INFO - EPOCH 0 - PROGRESS: at 24.86% examples, 674619 words/s, in_qsize 31, out_qsize 0
2026-03-26 10:25:13,249 - INFO - EPOCH 0 - PROGRESS: at 25.00% examples, 674484 words/s, in_qsize 31, out_qsize 1
2026-03-26 10:25:14,273 - INFO - EPOCH 0 - PROGRESS: at 25.13% examples, 674392 words/s, in_qsize 32, out_qsize 3
2026-03-26 10:25:15,289 - INFO - EPOCH 0 - PROGRESS: at 25.25% examples, 674454 words/s, in_qsize 32, out_qsize 1
2026-03-26 10:25:16,314 - INFO - EPOCH 0 - PROGRESS: at 25.38% examples, 674544 words/s, in_qsize 32, out_qsize 2
2026-03-26 10:25:17,342 - INFO - EPOCH 0 - PROGRESS: at 25.54% examples, 674591 words/s, in_qsize 30, out_qsize 2
2026-03-26 10:25:18,352 - INFO - EPOCH 0 - PROGRESS: at 25.71% examples, 674639 words/s, in_qsize 31, out_qsize 0
2026-03-26 10:25:19,356 - INFO - EPOCH 0 - PROGRESS: at 25.88% examples, 674741 words/s, in_qsize 31, out_qsize 0
2026-03-26 10:25:20,371 - INFO - EPOCH 0 - PROGRESS: at 26.02% examples, 674833 words/s, in_qsize 31, out_qsize 0
2026-03-26 10:25:21,377 - INFO - EPOCH 0 - PROGRESS: at 26.20% examples, 675004 words/s, in_qsize 31, out_qsize 0
2026-03-26 10:25:22,377 - INFO - EPOCH 0 - PROGRESS: at 26.35% examples, 674470 words/s, in_qsize 32, out_qsize 0
2026-03-26 10:25:23,382 - INFO - EPOCH 0 - PROGRESS: at 26.51% examples, 674013 words/s, in_qsize 31, out_qsize 0
2026-03-26 10:25:24,445 - INFO - EPOCH 0 - PROGRESS: at 26.70% examples, 673860 words/s, in_qsize 30, out_qsize 1
2026-03-26 10:25:25,467 - INFO - EPOCH 0 - PROGRESS: at 26.84% examples, 673373 words/s, in_qsize 30, out_qsize 1
2026-03-26 10:25:26,501 - INFO - EPOCH 0 - PROGRESS: at 27.00% examples, 673146 words/s, in_qsize 32, out_qsize 1
2026-03-26 10:25:27,503 - INFO - EPOCH 0 - PROGRESS: at 27.15% examples, 672616 words/s, in_qsize 30, out_qsize 0
2026-03-26 10:25:28,504 - INFO - EPOCH 0 - PROGRESS: at 27.27% examples, 672524 words/s, in_qsize 32, out_qsize 0
2026-03-26 10:25:29,514 - INFO - EPOCH 0 - PROGRESS: at 27.37% examples, 672639 words/s, in_qsize 32, out_qsize 0
2026-03-26 10:25:30,551 - INFO - EPOCH 0 - PROGRESS: at 27.47% examples, 672384 words/s, in_qsize 29, out_qsize 2
2026-03-26 10:25:31,565 - INFO - EPOCH 0 - PROGRESS: at 27.61% examples, 672488 words/s, in_qsize 31, out_qsize 0
2026-03-26 10:25:32,571 - INFO - EPOCH 0 - PROGRESS: at 27.77% examples, 672530 words/s, in_qsize 31, out_qsize 1
2026-03-26 10:25:33,581 - INFO - EPOCH 0 - PROGRESS: at 27.91% examples, 672525 words/s, in_qsize 28, out_qsize 3
2026-03-26 10:25:34,582 - INFO - EPOCH 0 - PROGRESS: at 28.03% examples, 672723 words/s, in_qsize 31, out_qsize 0
2026-03-26 10:25:35,589 - INFO - EPOCH 0 - PROGRESS: at 28.10% examples, 672621 words/s, in_qsize 30, out_qsize 1
2026-03-26 10:25:36,652 - INFO - EPOCH 0 - PROGRESS: at 28.23% examples, 672468 words/s, in_qsize 32, out_qsize 4
2026-03-26 10:25:37,696 - INFO - EPOCH 0 - PROGRESS: at 28.39% examples, 672692 words/s, in_qsize 32, out_qsize 4
2026-03-26 10:25:38,708 - INFO - EPOCH 0 - PROGRESS: at 28.54% examples, 672840 words/s, in_qsize 31, out_qsize 0
2026-03-26 10:25:39,710 - INFO - EPOCH 0 - PROGRESS: at 28.69% examples, 672799 words/s, in_qsize 31, out_qsize 1
2026-03-26 10:25:40,718 - INFO - EPOCH 0 - PROGRESS: at 28.84% examples, 672815 words/s, in_qsize 31, out_qsize 0
2026-03-26 10:25:41,744 - INFO - EPOCH 0 - PROGRESS: at 28.98% examples, 672677 words/s, in_qsize 32, out_qsize 2
2026-03-26 10:25:42,746 - INFO - EPOCH 0 - PROGRESS: at 29.13% examples, 672795 words/s, in_qsize 32, out_qsize 0
2026-03-26 10:25:43,757 - INFO - EPOCH 0 - PROGRESS: at 29.26% examples, 672245 words/s, in_qsize 31, out_qsize 0
2026-03-26 10:25:44,807 - INFO - EPOCH 0 - PROGRESS: at 29.40% examples, 672119 words/s, in_qsize 32, out_qsize 0
2026-03-26 10:25:45,836 - INFO - EPOCH 0 - PROGRESS: at 29.53% examples, 671678 words/s, in_qsize 29, out_qsize 2
2026-03-26 10:25:46,871 - INFO - EPOCH 0 - PROGRESS: at 29.68% examples, 671598 words/s, in_qsize 31, out_qsize 0
2026-03-26 10:25:47,874 - INFO - EPOCH 0 - PROGRESS: at 29.87% examples, 671448 words/s, in_qsize 31, out_qsize 0
2026-03-26 10:25:48,883 - INFO - EPOCH 0 - PROGRESS: at 30.03% examples, 671557 words/s, in_qsize 32, out_qsize 0
2026-03-26 10:25:49,911 - INFO - EPOCH 0 - PROGRESS: at 30.16% examples, 671556 words/s, in_qsize 32, out_qsize 1
2026-03-26 10:25:50,916 - INFO - EPOCH 0 - PROGRESS: at 30.28% examples, 671609 words/s, in_qsize 29, out_qsize 2
2026-03-26 10:25:51,926 - INFO - EPOCH 0 - PROGRESS: at 30.44% examples, 671811 words/s, in_qsize 31, out_qsize 0
2026-03-26 10:25:52,976 - INFO - EPOCH 0 - PROGRESS: at 30.58% examples, 671768 words/s, in_qsize 32, out_qsize 2
2026-03-26 10:25:53,979 - INFO - EPOCH 0 - PROGRESS: at 30.73% examples, 671899 words/s, in_qsize 31, out_qsize 0
2026-03-26 10:25:54,981 - INFO - EPOCH 0 - PROGRESS: at 30.85% examples, 671898 words/s, in_qsize 31, out_qsize 1
2026-03-26 10:25:55,983 - INFO - EPOCH 0 - PROGRESS: at 30.98% examples, 671942 words/s, in_qsize 31, out_qsize 0
2026-03-26 10:25:56,987 - INFO - EPOCH 0 - PROGRESS: at 31.10% examples, 671867 words/s, in_qsize 31, out_qsize 0
2026-03-26 10:25:57,993 - INFO - EPOCH 0 - PROGRESS: at 31.22% examples, 671970 words/s, in_qsize 31, out_qsize 0
2026-03-26 10:25:59,020 - INFO - EPOCH 0 - PROGRESS: at 31.35% examples, 671932 words/s, in_qsize 30, out_qsize 1
2026-03-26 10:26:00,021 - INFO - EPOCH 0 - PROGRESS: at 31.47% examples, 671912 words/s, in_qsize 31, out_qsize 0
2026-03-26 10:26:01,034 - INFO - EPOCH 0 - PROGRESS: at 31.59% examples, 671870 words/s, in_qsize 31, out_qsize 0
2026-03-26 10:26:02,054 - INFO - EPOCH 0 - PROGRESS: at 31.71% examples, 671834 words/s, in_qsize 26, out_qsize 0
2026-03-26 10:26:03,055 - INFO - EPOCH 0 - PROGRESS: at 31.83% examples, 671793 words/s, in_qsize 30, out_qsize 0
2026-03-26 10:26:04,094 - INFO - EPOCH 0 - PROGRESS: at 31.96% examples, 671804 words/s, in_qsize 29, out_qsize 2
2026-03-26 10:26:05,102 - INFO - EPOCH 0 - PROGRESS: at 32.10% examples, 671950 words/s, in_qsize 32, out_qsize 0
2026-03-26 10:26:06,121 - INFO - EPOCH 0 - PROGRESS: at 32.20% examples, 671851 words/s, in_qsize 32, out_qsize 2
2026-03-26 10:26:07,141 - INFO - EPOCH 0 - PROGRESS: at 32.38% examples, 671938 words/s, in_qsize 31, out_qsize 0
2026-03-26 10:26:08,162 - INFO - EPOCH 0 - PROGRESS: at 32.56% examples, 671643 words/s, in_qsize 31, out_qsize 0
2026-03-26 10:26:09,208 - INFO - EPOCH 0 - PROGRESS: at 32.74% examples, 671498 words/s, in_qsize 32, out_qsize 0
2026-03-26 10:26:10,211 - INFO - EPOCH 0 - PROGRESS: at 32.86% examples, 671505 words/s, in_qsize 32, out_qsize 0
2026-03-26 10:26:11,215 - INFO - EPOCH 0 - PROGRESS: at 33.03% examples, 671497 words/s, in_qsize 31, out_qsize 0
2026-03-26 10:26:12,252 - INFO - EPOCH 0 - PROGRESS: at 33.20% examples, 671556 words/s, in_qsize 31, out_qsize 3
2026-03-26 10:26:13,260 - INFO - EPOCH 0 - PROGRESS: at 33.37% examples, 671668 words/s, in_qsize 31, out_qsize 0
2026-03-26 10:26:14,284 - INFO - EPOCH 0 - PROGRESS: at 33.54% examples, 671601 words/s, in_qsize 32, out_qsize 2
2026-03-26 10:26:15,299 - INFO - EPOCH 0 - PROGRESS: at 33.71% examples, 671759 words/s, in_qsize 32, out_qsize 2
2026-03-26 10:26:16,307 - INFO - EPOCH 0 - PROGRESS: at 33.89% examples, 671866 words/s, in_qsize 31, out_qsize 0
2026-03-26 10:26:17,321 - INFO - EPOCH 0 - PROGRESS: at 34.06% examples, 671954 words/s, in_qsize 32, out_qsize 1
2026-03-26 10:26:18,322 - INFO - EPOCH 0 - PROGRESS: at 34.16% examples, 671969 words/s, in_qsize 31, out_qsize 0
2026-03-26 10:26:19,367 - INFO - EPOCH 0 - PROGRESS: at 34.25% examples, 671867 words/s, in_qsize 31, out_qsize 0
2026-03-26 10:26:20,390 - INFO - EPOCH 0 - PROGRESS: at 34.41% examples, 671948 words/s, in_qsize 32, out_qsize 1
2026-03-26 10:26:21,408 - INFO - EPOCH 0 - PROGRESS: at 34.52% examples, 671976 words/s, in_qsize 31, out_qsize 0
2026-03-26 10:26:22,416 - INFO - EPOCH 0 - PROGRESS: at 34.63% examples, 671947 words/s, in_qsize 31, out_qsize 0
2026-03-26 10:26:23,419 - INFO - EPOCH 0 - PROGRESS: at 34.74% examples, 672064 words/s, in_qsize 31, out_qsize 0
2026-03-26 10:26:24,431 - INFO - EPOCH 0 - PROGRESS: at 34.85% examples, 671918 words/s, in_qsize 32, out_qsize 3
2026-03-26 10:26:25,464 - INFO - EPOCH 0 - PROGRESS: at 34.97% examples, 671929 words/s, in_qsize 31, out_qsize 0
2026-03-26 10:26:26,470 - INFO - EPOCH 0 - PROGRESS: at 35.11% examples, 672068 words/s, in_qsize 30, out_qsize 0
2026-03-26 10:26:27,490 - INFO - EPOCH 0 - PROGRESS: at 35.23% examples, 671865 words/s, in_qsize 31, out_qsize 0
2026-03-26 10:26:28,515 - INFO - EPOCH 0 - PROGRESS: at 35.40% examples, 671777 words/s, in_qsize 29, out_qsize 2
2026-03-26 10:26:29,554 - INFO - EPOCH 0 - PROGRESS: at 35.57% examples, 671555 words/s, in_qsize 31, out_qsize 7
2026-03-26 10:26:30,571 - INFO - EPOCH 0 - PROGRESS: at 35.76% examples, 671681 words/s, in_qsize 31, out_qsize 4
2026-03-26 10:26:31,608 - INFO - EPOCH 0 - PROGRESS: at 35.88% examples, 671513 words/s, in_qsize 30, out_qsize 1
2026-03-26 10:26:32,626 - INFO - EPOCH 0 - PROGRESS: at 36.06% examples, 671528 words/s, in_qsize 31, out_qsize 1
2026-03-26 10:26:33,654 - INFO - EPOCH 0 - PROGRESS: at 36.19% examples, 671462 words/s, in_qsize 28, out_qsize 3
2026-03-26 10:26:34,660 - INFO - EPOCH 0 - PROGRESS: at 36.34% examples, 671551 words/s, in_qsize 31, out_qsize 0
2026-03-26 10:26:35,690 - INFO - EPOCH 0 - PROGRESS: at 36.48% examples, 671506 words/s, in_qsize 32, out_qsize 1
2026-03-26 10:26:36,703 - INFO - EPOCH 0 - PROGRESS: at 36.62% examples, 671602 words/s, in_qsize 32, out_qsize 1
2026-03-26 10:26:37,722 - INFO - EPOCH 0 - PROGRESS: at 36.74% examples, 671563 words/s, in_qsize 29, out_qsize 2
2026-03-26 10:26:38,759 - INFO - EPOCH 0 - PROGRESS: at 36.88% examples, 671636 words/s, in_qsize 31, out_qsize 1
2026-03-26 10:26:39,761 - INFO - EPOCH 0 - PROGRESS: at 37.03% examples, 671704 words/s, in_qsize 31, out_qsize 0
2026-03-26 10:26:40,763 - INFO - EPOCH 0 - PROGRESS: at 37.17% examples, 671803 words/s, in_qsize 31, out_qsize 0
2026-03-26 10:26:41,797 - INFO - EPOCH 0 - PROGRESS: at 37.29% examples, 671729 words/s, in_qsize 31, out_qsize 2
2026-03-26 10:26:42,847 - INFO - EPOCH 0 - PROGRESS: at 37.42% examples, 671751 words/s, in_qsize 31, out_qsize 0
2026-03-26 10:26:43,859 - INFO - EPOCH 0 - PROGRESS: at 37.52% examples, 671760 words/s, in_qsize 26, out_qsize 2
2026-03-26 10:26:44,874 - INFO - EPOCH 0 - PROGRESS: at 37.66% examples, 671793 words/s, in_qsize 31, out_qsize 1
2026-03-26 10:26:45,893 - INFO - EPOCH 0 - PROGRESS: at 37.77% examples, 671757 words/s, in_qsize 31, out_qsize 4
2026-03-26 10:26:46,897 - INFO - EPOCH 0 - PROGRESS: at 37.90% examples, 671830 words/s, in_qsize 31, out_qsize 0
2026-03-26 10:26:47,905 - INFO - EPOCH 0 - PROGRESS: at 38.03% examples, 671914 words/s, in_qsize 30, out_qsize 0
2026-03-26 10:26:48,906 - INFO - EPOCH 0 - PROGRESS: at 38.12% examples, 671884 words/s, in_qsize 32, out_qsize 1
2026-03-26 10:26:49,954 - INFO - EPOCH 0 - PROGRESS: at 38.23% examples, 671835 words/s, in_qsize 31, out_qsize 1
2026-03-26 10:26:50,964 - INFO - EPOCH 0 - PROGRESS: at 38.35% examples, 671911 words/s, in_qsize 31, out_qsize 0
2026-03-26 10:26:51,969 - INFO - EPOCH 0 - PROGRESS: at 38.46% examples, 671880 words/s, in_qsize 31, out_qsize 2
2026-03-26 10:26:52,971 - INFO - EPOCH 0 - PROGRESS: at 38.57% examples, 671879 words/s, in_qsize 31, out_qsize 0
2026-03-26 10:26:53,981 - INFO - EPOCH 0 - PROGRESS: at 38.75% examples, 671901 words/s, in_qsize 32, out_qsize 0
2026-03-26 10:26:54,986 - INFO - EPOCH 0 - PROGRESS: at 38.96% examples, 671993 words/s, in_qsize 32, out_qsize 0
2026-03-26 10:26:56,020 - INFO - EPOCH 0 - PROGRESS: at 39.12% examples, 672015 words/s, in_qsize 31, out_qsize 2
2026-03-26 10:26:57,030 - INFO - EPOCH 0 - PROGRESS: at 39.23% examples, 672049 words/s, in_qsize 32, out_qsize 2
2026-03-26 10:26:58,041 - INFO - EPOCH 0 - PROGRESS: at 39.34% examples, 672105 words/s, in_qsize 30, out_qsize 1
2026-03-26 10:26:59,056 - INFO - EPOCH 0 - PROGRESS: at 39.45% examples, 672116 words/s, in_qsize 32, out_qsize 0
2026-03-26 10:27:00,080 - INFO - EPOCH 0 - PROGRESS: at 39.58% examples, 672100 words/s, in_qsize 30, out_qsize 3
2026-03-26 10:27:01,089 - INFO - EPOCH 0 - PROGRESS: at 39.73% examples, 672239 words/s, in_qsize 31, out_qsize 0
2026-03-26 10:27:02,094 - INFO - EPOCH 0 - PROGRESS: at 39.86% examples, 672241 words/s, in_qsize 31, out_qsize 0
2026-03-26 10:27:03,103 - INFO - EPOCH 0 - PROGRESS: at 40.00% examples, 672251 words/s, in_qsize 32, out_qsize 0
2026-03-26 10:27:04,112 - INFO - EPOCH 0 - PROGRESS: at 40.12% examples, 672252 words/s, in_qsize 31, out_qsize 0
2026-03-26 10:27:05,117 - INFO - EPOCH 0 - PROGRESS: at 40.26% examples, 672266 words/s, in_qsize 31, out_qsize 0
2026-03-26 10:27:06,184 - INFO - EPOCH 0 - PROGRESS: at 40.37% examples, 672105 words/s, in_qsize 31, out_qsize 0
2026-03-26 10:27:07,191 - INFO - EPOCH 0 - PROGRESS: at 40.51% examples, 672098 words/s, in_qsize 31, out_qsize 0
2026-03-26 10:27:08,203 - INFO - EPOCH 0 - PROGRESS: at 40.65% examples, 671873 words/s, in_qsize 28, out_qsize 3
2026-03-26 10:27:09,224 - INFO - EPOCH 0 - PROGRESS: at 40.80% examples, 671843 words/s, in_qsize 32, out_qsize 0
2026-03-26 10:27:10,226 - INFO - EPOCH 0 - PROGRESS: at 40.96% examples, 671806 words/s, in_qsize 31, out_qsize 0
2026-03-26 10:27:11,246 - INFO - EPOCH 0 - PROGRESS: at 41.10% examples, 671588 words/s, in_qsize 31, out_qsize 0
2026-03-26 10:27:12,298 - INFO - EPOCH 0 - PROGRESS: at 41.25% examples, 671433 words/s, in_qsize 32, out_qsize 5
2026-03-26 10:27:13,345 - INFO - EPOCH 0 - PROGRESS: at 41.40% examples, 671587 words/s, in_qsize 31, out_qsize 1
2026-03-26 10:27:14,360 - INFO - EPOCH 0 - PROGRESS: at 41.52% examples, 671644 words/s, in_qsize 31, out_qsize 0
2026-03-26 10:27:15,372 - INFO - EPOCH 0 - PROGRESS: at 41.64% examples, 671594 words/s, in_qsize 31, out_qsize 2
2026-03-26 10:27:16,391 - INFO - EPOCH 0 - PROGRESS: at 41.74% examples, 671611 words/s, in_qsize 30, out_qsize 2
2026-03-26 10:27:17,417 - INFO - EPOCH 0 - PROGRESS: at 41.85% examples, 671637 words/s, in_qsize 29, out_qsize 3
2026-03-26 10:27:18,431 - INFO - EPOCH 0 - PROGRESS: at 41.95% examples, 671654 words/s, in_qsize 31, out_qsize 0
2026-03-26 10:27:19,438 - INFO - EPOCH 0 - PROGRESS: at 42.05% examples, 671608 words/s, in_qsize 30, out_qsize 1
2026-03-26 10:27:20,447 - INFO - EPOCH 0 - PROGRESS: at 42.15% examples, 671634 words/s, in_qsize 30, out_qsize 1
2026-03-26 10:27:21,453 - INFO - EPOCH 0 - PROGRESS: at 42.24% examples, 671547 words/s, in_qsize 32, out_qsize 2
2026-03-26 10:27:22,463 - INFO - EPOCH 0 - PROGRESS: at 42.41% examples, 671658 words/s, in_qsize 32, out_qsize 1
2026-03-26 10:27:23,480 - INFO - EPOCH 0 - PROGRESS: at 42.60% examples, 671624 words/s, in_qsize 31, out_qsize 0
2026-03-26 10:27:24,498 - INFO - EPOCH 0 - PROGRESS: at 42.75% examples, 671626 words/s, in_qsize 31, out_qsize 0
2026-03-26 10:27:25,538 - INFO - EPOCH 0 - PROGRESS: at 42.89% examples, 671555 words/s, in_qsize 32, out_qsize 2
2026-03-26 10:27:26,543 - INFO - EPOCH 0 - PROGRESS: at 43.08% examples, 671661 words/s, in_qsize 31, out_qsize 0
2026-03-26 10:27:27,545 - INFO - EPOCH 0 - PROGRESS: at 43.28% examples, 671822 words/s, in_qsize 31, out_qsize 0
2026-03-26 10:27:28,553 - INFO - EPOCH 0 - PROGRESS: at 43.38% examples, 671700 words/s, in_qsize 32, out_qsize 1
2026-03-26 10:27:29,554 - INFO - EPOCH 0 - PROGRESS: at 43.49% examples, 671755 words/s, in_qsize 31, out_qsize 0
2026-03-26 10:27:30,559 - INFO - EPOCH 0 - PROGRESS: at 43.60% examples, 671715 words/s, in_qsize 31, out_qsize 0
2026-03-26 10:27:31,582 - INFO - EPOCH 0 - PROGRESS: at 43.70% examples, 671567 words/s, in_qsize 29, out_qsize 4
2026-03-26 10:27:32,596 - INFO - EPOCH 0 - PROGRESS: at 43.78% examples, 671623 words/s, in_qsize 29, out_qsize 2
2026-03-26 10:27:33,602 - INFO - EPOCH 0 - PROGRESS: at 43.91% examples, 671674 words/s, in_qsize 31, out_qsize 0
2026-03-26 10:27:34,608 - INFO - EPOCH 0 - PROGRESS: at 44.08% examples, 671485 words/s, in_qsize 31, out_qsize 0
2026-03-26 10:27:35,662 - INFO - EPOCH 0 - PROGRESS: at 44.30% examples, 671367 words/s, in_qsize 31, out_qsize 0
2026-03-26 10:27:36,672 - INFO - EPOCH 0 - PROGRESS: at 44.49% examples, 671040 words/s, in_qsize 31, out_qsize 0
2026-03-26 10:27:37,697 - INFO - EPOCH 0 - PROGRESS: at 44.69% examples, 671020 words/s, in_qsize 32, out_qsize 0
2026-03-26 10:27:38,714 - INFO - EPOCH 0 - PROGRESS: at 44.78% examples, 670939 words/s, in_qsize 31, out_qsize 0
2026-03-26 10:27:39,746 - INFO - EPOCH 0 - PROGRESS: at 44.90% examples, 670869 words/s, in_qsize 31, out_qsize 2
2026-03-26 10:27:40,797 - INFO - EPOCH 0 - PROGRESS: at 45.07% examples, 670924 words/s, in_qsize 32, out_qsize 3
2026-03-26 10:27:41,799 - INFO - EPOCH 0 - PROGRESS: at 45.19% examples, 670903 words/s, in_qsize 32, out_qsize 4
2026-03-26 10:27:42,800 - INFO - EPOCH 0 - PROGRESS: at 45.29% examples, 670989 words/s, in_qsize 30, out_qsize 0
2026-03-26 10:27:43,826 - INFO - EPOCH 0 - PROGRESS: at 45.40% examples, 670971 words/s, in_qsize 31, out_qsize 0
2026-03-26 10:27:44,829 - INFO - EPOCH 0 - PROGRESS: at 45.50% examples, 670975 words/s, in_qsize 31, out_qsize 0
2026-03-26 10:27:45,867 - INFO - EPOCH 0 - PROGRESS: at 45.60% examples, 670902 words/s, in_qsize 31, out_qsize 0
2026-03-26 10:27:46,894 - INFO - EPOCH 0 - PROGRESS: at 45.71% examples, 670926 words/s, in_qsize 30, out_qsize 2
2026-03-26 10:27:47,902 - INFO - EPOCH 0 - PROGRESS: at 45.81% examples, 670895 words/s, in_qsize 31, out_qsize 2
2026-03-26 10:27:48,930 - INFO - EPOCH 0 - PROGRESS: at 45.94% examples, 670942 words/s, in_qsize 32, out_qsize 3
2026-03-26 10:27:49,932 - INFO - EPOCH 0 - PROGRESS: at 46.06% examples, 671074 words/s, in_qsize 31, out_qsize 0
2026-03-26 10:27:50,944 - INFO - EPOCH 0 - PROGRESS: at 46.17% examples, 671054 words/s, in_qsize 31, out_qsize 0
2026-03-26 10:27:51,954 - INFO - EPOCH 0 - PROGRESS: at 46.29% examples, 671102 words/s, in_qsize 31, out_qsize 0
2026-03-26 10:27:52,964 - INFO - EPOCH 0 - PROGRESS: at 46.40% examples, 671083 words/s, in_qsize 31, out_qsize 0
2026-03-26 10:27:53,977 - INFO - EPOCH 0 - PROGRESS: at 46.52% examples, 671010 words/s, in_qsize 29, out_qsize 2
2026-03-26 10:27:55,014 - INFO - EPOCH 0 - PROGRESS: at 46.75% examples, 671048 words/s, in_qsize 31, out_qsize 0
2026-03-26 10:27:56,050 - INFO - EPOCH 0 - PROGRESS: at 47.08% examples, 671177 words/s, in_qsize 31, out_qsize 0
2026-03-26 10:27:57,064 - INFO - EPOCH 0 - PROGRESS: at 47.18% examples, 670983 words/s, in_qsize 30, out_qsize 1
2026-03-26 10:27:58,091 - INFO - EPOCH 0 - PROGRESS: at 47.30% examples, 670905 words/s, in_qsize 31, out_qsize 0
2026-03-26 10:27:59,100 - INFO - EPOCH 0 - PROGRESS: at 47.43% examples, 670914 words/s, in_qsize 31, out_qsize 0
2026-03-26 10:28:00,102 - INFO - EPOCH 0 - PROGRESS: at 47.56% examples, 670934 words/s, in_qsize 32, out_qsize 1
2026-03-26 10:28:01,112 - INFO - EPOCH 0 - PROGRESS: at 47.69% examples, 670964 words/s, in_qsize 32, out_qsize 1
2026-03-26 10:28:02,114 - INFO - EPOCH 0 - PROGRESS: at 47.81% examples, 670962 words/s, in_qsize 31, out_qsize 3
2026-03-26 10:28:03,159 - INFO - EPOCH 0 - PROGRESS: at 47.94% examples, 670961 words/s, in_qsize 32, out_qsize 2
2026-03-26 10:28:04,207 - INFO - EPOCH 0 - PROGRESS: at 48.08% examples, 671007 words/s, in_qsize 30, out_qsize 1
2026-03-26 10:28:05,240 - INFO - EPOCH 0 - PROGRESS: at 48.20% examples, 671037 words/s, in_qsize 31, out_qsize 2
2026-03-26 10:28:06,252 - INFO - EPOCH 0 - PROGRESS: at 48.33% examples, 671036 words/s, in_qsize 32, out_qsize 2
2026-03-26 10:28:07,259 - INFO - EPOCH 0 - PROGRESS: at 48.46% examples, 671093 words/s, in_qsize 32, out_qsize 2
2026-03-26 10:28:08,263 - INFO - EPOCH 0 - PROGRESS: at 48.58% examples, 671063 words/s, in_qsize 30, out_qsize 1
2026-03-26 10:28:09,297 - INFO - EPOCH 0 - PROGRESS: at 48.71% examples, 671066 words/s, in_qsize 31, out_qsize 1
2026-03-26 10:28:10,343 - INFO - EPOCH 0 - PROGRESS: at 48.84% examples, 671024 words/s, in_qsize 30, out_qsize 5
2026-03-26 10:28:11,346 - INFO - EPOCH 0 - PROGRESS: at 48.96% examples, 671067 words/s, in_qsize 27, out_qsize 4
2026-03-26 10:28:12,350 - INFO - EPOCH 0 - PROGRESS: at 49.10% examples, 671148 words/s, in_qsize 28, out_qsize 2
2026-03-26 10:28:13,359 - INFO - EPOCH 0 - PROGRESS: at 49.22% examples, 671136 words/s, in_qsize 31, out_qsize 1
2026-03-26 10:28:14,395 - INFO - EPOCH 0 - PROGRESS: at 49.35% examples, 671159 words/s, in_qsize 31, out_qsize 0
2026-03-26 10:28:15,410 - INFO - EPOCH 0 - PROGRESS: at 49.48% examples, 671174 words/s, in_qsize 31, out_qsize 0
2026-03-26 10:28:16,436 - INFO - EPOCH 0 - PROGRESS: at 49.61% examples, 671186 words/s, in_qsize 30, out_qsize 1
2026-03-26 10:28:17,461 - INFO - EPOCH 0 - PROGRESS: at 49.74% examples, 671180 words/s, in_qsize 30, out_qsize 2
2026-03-26 10:28:18,472 - INFO - EPOCH 0 - PROGRESS: at 49.85% examples, 671211 words/s, in_qsize 32, out_qsize 0
2026-03-26 10:28:19,496 - INFO - EPOCH 0 - PROGRESS: at 49.98% examples, 671193 words/s, in_qsize 31, out_qsize 2
2026-03-26 10:28:20,521 - INFO - EPOCH 0 - PROGRESS: at 50.10% examples, 671262 words/s, in_qsize 32, out_qsize 0
2026-03-26 10:28:21,551 - INFO - EPOCH 0 - PROGRESS: at 50.23% examples, 671255 words/s, in_qsize 31, out_qsize 1
2026-03-26 10:28:22,554 - INFO - EPOCH 0 - PROGRESS: at 50.39% examples, 671319 words/s, in_qsize 32, out_qsize 1
2026-03-26 10:28:23,566 - INFO - EPOCH 0 - PROGRESS: at 50.55% examples, 671368 words/s, in_qsize 30, out_qsize 1
2026-03-26 10:28:24,603 - INFO - EPOCH 0 - PROGRESS: at 50.72% examples, 671397 words/s, in_qsize 29, out_qsize 2
2026-03-26 10:28:25,615 - INFO - EPOCH 0 - PROGRESS: at 50.88% examples, 671406 words/s, in_qsize 31, out_qsize 0
2026-03-26 10:28:26,652 - INFO - EPOCH 0 - PROGRESS: at 51.04% examples, 671441 words/s, in_qsize 29, out_qsize 2
2026-03-26 10:28:27,658 - INFO - EPOCH 0 - PROGRESS: at 51.22% examples, 671534 words/s, in_qsize 31, out_qsize 0
2026-03-26 10:28:28,664 - INFO - EPOCH 0 - PROGRESS: at 51.42% examples, 671709 words/s, in_qsize 30, out_qsize 1
2026-03-26 10:28:29,683 - INFO - EPOCH 0 - PROGRESS: at 51.61% examples, 671654 words/s, in_qsize 31, out_qsize 0
2026-03-26 10:28:30,759 - INFO - EPOCH 0 - PROGRESS: at 51.82% examples, 671661 words/s, in_qsize 32, out_qsize 3
2026-03-26 10:28:31,791 - INFO - EPOCH 0 - PROGRESS: at 52.06% examples, 671958 words/s, in_qsize 29, out_qsize 2
2026-03-26 10:28:32,809 - INFO - EPOCH 0 - PROGRESS: at 52.27% examples, 672049 words/s, in_qsize 32, out_qsize 0
2026-03-26 10:28:33,813 - INFO - EPOCH 0 - PROGRESS: at 52.48% examples, 672166 words/s, in_qsize 28, out_qsize 3
2026-03-26 10:28:34,819 - INFO - EPOCH 0 - PROGRESS: at 52.70% examples, 672444 words/s, in_qsize 31, out_qsize 0
2026-03-26 10:28:35,851 - INFO - EPOCH 0 - PROGRESS: at 52.91% examples, 672471 words/s, in_qsize 31, out_qsize 0
2026-03-26 10:28:36,859 - INFO - EPOCH 0 - PROGRESS: at 53.12% examples, 672579 words/s, in_qsize 30, out_qsize 1
2026-03-26 10:28:37,896 - INFO - EPOCH 0 - PROGRESS: at 53.34% examples, 672797 words/s, in_qsize 31, out_qsize 0
2026-03-26 10:28:38,912 - INFO - EPOCH 0 - PROGRESS: at 53.55% examples, 672890 words/s, in_qsize 30, out_qsize 1
2026-03-26 10:28:39,922 - INFO - EPOCH 0 - PROGRESS: at 53.75% examples, 672832 words/s, in_qsize 32, out_qsize 1
2026-03-26 10:28:40,971 - INFO - EPOCH 0 - PROGRESS: at 53.96% examples, 672864 words/s, in_qsize 28, out_qsize 3
2026-03-26 10:28:41,983 - INFO - EPOCH 0 - PROGRESS: at 54.17% examples, 672962 words/s, in_qsize 32, out_qsize 0
2026-03-26 10:28:43,018 - INFO - EPOCH 0 - PROGRESS: at 54.40% examples, 673198 words/s, in_qsize 30, out_qsize 1
2026-03-26 10:28:44,048 - INFO - EPOCH 0 - PROGRESS: at 54.60% examples, 673203 words/s, in_qsize 31, out_qsize 0
2026-03-26 10:28:45,063 - INFO - EPOCH 0 - PROGRESS: at 54.80% examples, 673195 words/s, in_qsize 32, out_qsize 1
2026-03-26 10:28:46,072 - INFO - EPOCH 0 - PROGRESS: at 55.00% examples, 673256 words/s, in_qsize 31, out_qsize 1
2026-03-26 10:28:47,084 - INFO - EPOCH 0 - PROGRESS: at 55.17% examples, 673245 words/s, in_qsize 31, out_qsize 0
2026-03-26 10:28:48,098 - INFO - EPOCH 0 - PROGRESS: at 55.29% examples, 673240 words/s, in_qsize 31, out_qsize 0
2026-03-26 10:28:49,102 - INFO - EPOCH 0 - PROGRESS: at 55.41% examples, 673315 words/s, in_qsize 31, out_qsize 0
2026-03-26 10:28:50,135 - INFO - EPOCH 0 - PROGRESS: at 55.54% examples, 673288 words/s, in_qsize 32, out_qsize 2
2026-03-26 10:28:51,298 - INFO - EPOCH 0 - PROGRESS: at 55.71% examples, 673069 words/s, in_qsize 27, out_qsize 11
2026-03-26 10:28:52,343 - INFO - EPOCH 0 - PROGRESS: at 55.95% examples, 673176 words/s, in_qsize 32, out_qsize 1
2026-03-26 10:28:53,369 - INFO - EPOCH 0 - PROGRESS: at 56.10% examples, 672920 words/s, in_qsize 31, out_qsize 1
2026-03-26 10:28:54,369 - INFO - EPOCH 0 - PROGRESS: at 56.23% examples, 672934 words/s, in_qsize 28, out_qsize 0
2026-03-26 10:28:55,378 - INFO - EPOCH 0 - PROGRESS: at 56.36% examples, 672934 words/s, in_qsize 29, out_qsize 0
2026-03-26 10:28:56,389 - INFO - EPOCH 0 - PROGRESS: at 56.48% examples, 672952 words/s, in_qsize 31, out_qsize 2
2026-03-26 10:28:57,394 - INFO - EPOCH 0 - PROGRESS: at 56.60% examples, 672974 words/s, in_qsize 32, out_qsize 1
2026-03-26 10:28:58,417 - INFO - EPOCH 0 - PROGRESS: at 56.70% examples, 672905 words/s, in_qsize 29, out_qsize 4
2026-03-26 10:28:59,467 - INFO - EPOCH 0 - PROGRESS: at 56.88% examples, 672973 words/s, in_qsize 32, out_qsize 2
2026-03-26 10:29:00,474 - INFO - EPOCH 0 - PROGRESS: at 57.06% examples, 673054 words/s, in_qsize 28, out_qsize 0
2026-03-26 10:29:01,490 - INFO - EPOCH 0 - PROGRESS: at 57.23% examples, 673063 words/s, in_qsize 32, out_qsize 2
2026-03-26 10:29:02,494 - INFO - EPOCH 0 - PROGRESS: at 57.42% examples, 673148 words/s, in_qsize 32, out_qsize 0
2026-03-26 10:29:03,518 - INFO - EPOCH 0 - PROGRESS: at 57.60% examples, 673181 words/s, in_qsize 31, out_qsize 0
2026-03-26 10:29:04,526 - INFO - EPOCH 0 - PROGRESS: at 57.77% examples, 673163 words/s, in_qsize 31, out_qsize 0
2026-03-26 10:29:05,538 - INFO - EPOCH 0 - PROGRESS: at 57.93% examples, 673099 words/s, in_qsize 31, out_qsize 3
2026-03-26 10:29:06,543 - INFO - EPOCH 0 - PROGRESS: at 58.10% examples, 673170 words/s, in_qsize 29, out_qsize 1
2026-03-26 10:29:07,547 - INFO - EPOCH 0 - PROGRESS: at 58.28% examples, 673204 words/s, in_qsize 31, out_qsize 0
2026-03-26 10:29:08,552 - INFO - EPOCH 0 - PROGRESS: at 58.46% examples, 673313 words/s, in_qsize 31, out_qsize 0
2026-03-26 10:29:09,558 - INFO - EPOCH 0 - PROGRESS: at 58.62% examples, 673267 words/s, in_qsize 29, out_qsize 6
2026-03-26 10:29:10,564 - INFO - EPOCH 0 - PROGRESS: at 58.79% examples, 673373 words/s, in_qsize 31, out_qsize 1
2026-03-26 10:29:11,569 - INFO - EPOCH 0 - PROGRESS: at 58.97% examples, 673440 words/s, in_qsize 31, out_qsize 0
2026-03-26 10:29:12,581 - INFO - EPOCH 0 - PROGRESS: at 59.15% examples, 673456 words/s, in_qsize 31, out_qsize 0
2026-03-26 10:29:13,588 - INFO - EPOCH 0 - PROGRESS: at 59.32% examples, 673461 words/s, in_qsize 31, out_qsize 2
2026-03-26 10:29:14,607 - INFO - EPOCH 0 - PROGRESS: at 59.46% examples, 673455 words/s, in_qsize 31, out_qsize 0
2026-03-26 10:29:15,621 - INFO - EPOCH 0 - PROGRESS: at 59.63% examples, 673252 words/s, in_qsize 31, out_qsize 0
2026-03-26 10:29:16,633 - INFO - EPOCH 0 - PROGRESS: at 59.77% examples, 673240 words/s, in_qsize 31, out_qsize 0
2026-03-26 10:29:17,656 - INFO - EPOCH 0 - PROGRESS: at 59.85% examples, 673176 words/s, in_qsize 32, out_qsize 0
2026-03-26 10:29:18,662 - INFO - EPOCH 0 - PROGRESS: at 59.95% examples, 673085 words/s, in_qsize 32, out_qsize 0
2026-03-26 10:29:19,669 - INFO - EPOCH 0 - PROGRESS: at 60.12% examples, 673080 words/s, in_qsize 31, out_qsize 2
2026-03-26 10:29:20,735 - INFO - EPOCH 0 - PROGRESS: at 60.28% examples, 673092 words/s, in_qsize 32, out_qsize 3
2026-03-26 10:29:21,746 - INFO - EPOCH 0 - PROGRESS: at 60.45% examples, 673173 words/s, in_qsize 30, out_qsize 1
2026-03-26 10:29:22,753 - INFO - EPOCH 0 - PROGRESS: at 60.61% examples, 673237 words/s, in_qsize 31, out_qsize 0
2026-03-26 10:29:23,780 - INFO - EPOCH 0 - PROGRESS: at 60.78% examples, 673233 words/s, in_qsize 31, out_qsize 0
2026-03-26 10:29:24,810 - INFO - EPOCH 0 - PROGRESS: at 60.91% examples, 673251 words/s, in_qsize 31, out_qsize 0
2026-03-26 10:29:25,824 - INFO - EPOCH 0 - PROGRESS: at 61.03% examples, 673213 words/s, in_qsize 31, out_qsize 1
2026-03-26 10:29:26,832 - INFO - EPOCH 0 - PROGRESS: at 61.15% examples, 673202 words/s, in_qsize 32, out_qsize 2
2026-03-26 10:29:27,840 - INFO - EPOCH 0 - PROGRESS: at 61.23% examples, 673221 words/s, in_qsize 31, out_qsize 0
2026-03-26 10:29:28,841 - INFO - EPOCH 0 - PROGRESS: at 61.29% examples, 673196 words/s, in_qsize 31, out_qsize 0
2026-03-26 10:29:29,853 - INFO - EPOCH 0 - PROGRESS: at 61.40% examples, 673167 words/s, in_qsize 32, out_qsize 2
2026-03-26 10:29:30,868 - INFO - EPOCH 0 - PROGRESS: at 61.55% examples, 673166 words/s, in_qsize 31, out_qsize 3
2026-03-26 10:29:31,883 - INFO - EPOCH 0 - PROGRESS: at 61.71% examples, 673256 words/s, in_qsize 30, out_qsize 1
2026-03-26 10:29:32,898 - INFO - EPOCH 0 - PROGRESS: at 61.79% examples, 673210 words/s, in_qsize 31, out_qsize 0
2026-03-26 10:29:33,915 - INFO - EPOCH 0 - PROGRESS: at 61.95% examples, 673262 words/s, in_qsize 31, out_qsize 0
2026-03-26 10:29:34,948 - INFO - EPOCH 0 - PROGRESS: at 62.09% examples, 673267 words/s, in_qsize 32, out_qsize 0
2026-03-26 10:29:35,949 - INFO - EPOCH 0 - PROGRESS: at 62.18% examples, 673283 words/s, in_qsize 32, out_qsize 0
2026-03-26 10:29:36,951 - INFO - EPOCH 0 - PROGRESS: at 62.30% examples, 673310 words/s, in_qsize 32, out_qsize 1
2026-03-26 10:29:37,976 - INFO - EPOCH 0 - PROGRESS: at 62.44% examples, 673332 words/s, in_qsize 31, out_qsize 0
2026-03-26 10:29:38,986 - INFO - EPOCH 0 - PROGRESS: at 62.57% examples, 673309 words/s, in_qsize 32, out_qsize 2
2026-03-26 10:29:40,002 - INFO - EPOCH 0 - PROGRESS: at 62.71% examples, 673361 words/s, in_qsize 32, out_qsize 0
2026-03-26 10:29:41,004 - INFO - EPOCH 0 - PROGRESS: at 62.84% examples, 673349 words/s, in_qsize 32, out_qsize 1
2026-03-26 10:29:42,037 - INFO - EPOCH 0 - PROGRESS: at 62.99% examples, 673342 words/s, in_qsize 31, out_qsize 0
2026-03-26 10:29:43,070 - INFO - EPOCH 0 - PROGRESS: at 63.12% examples, 673272 words/s, in_qsize 31, out_qsize 0
2026-03-26 10:29:44,072 - INFO - EPOCH 0 - PROGRESS: at 63.26% examples, 673311 words/s, in_qsize 30, out_qsize 0
2026-03-26 10:29:45,110 - INFO - EPOCH 0 - PROGRESS: at 63.36% examples, 673365 words/s, in_qsize 31, out_qsize 0
2026-03-26 10:29:46,136 - INFO - EPOCH 0 - PROGRESS: at 63.48% examples, 673361 words/s, in_qsize 28, out_qsize 3
2026-03-26 10:29:47,137 - INFO - EPOCH 0 - PROGRESS: at 63.64% examples, 673412 words/s, in_qsize 30, out_qsize 1
2026-03-26 10:29:48,151 - INFO - EPOCH 0 - PROGRESS: at 63.80% examples, 673411 words/s, in_qsize 31, out_qsize 0
2026-03-26 10:29:49,174 - INFO - EPOCH 0 - PROGRESS: at 63.99% examples, 673458 words/s, in_qsize 31, out_qsize 0
2026-03-26 10:29:50,183 - INFO - EPOCH 0 - PROGRESS: at 64.15% examples, 673469 words/s, in_qsize 30, out_qsize 2
2026-03-26 10:29:51,194 - INFO - EPOCH 0 - PROGRESS: at 64.27% examples, 673505 words/s, in_qsize 31, out_qsize 0
2026-03-26 10:29:52,201 - INFO - EPOCH 0 - PROGRESS: at 64.39% examples, 673462 words/s, in_qsize 30, out_qsize 1
2026-03-26 10:29:53,204 - INFO - EPOCH 0 - PROGRESS: at 64.50% examples, 673495 words/s, in_qsize 30, out_qsize 1
2026-03-26 10:29:54,207 - INFO - EPOCH 0 - PROGRESS: at 64.64% examples, 673528 words/s, in_qsize 30, out_qsize 1
2026-03-26 10:29:55,216 - INFO - EPOCH 0 - PROGRESS: at 64.80% examples, 673531 words/s, in_qsize 30, out_qsize 2
2026-03-26 10:29:56,229 - INFO - EPOCH 0 - PROGRESS: at 64.95% examples, 673583 words/s, in_qsize 32, out_qsize 0
2026-03-26 10:29:57,244 - INFO - EPOCH 0 - PROGRESS: at 65.11% examples, 673613 words/s, in_qsize 32, out_qsize 0
2026-03-26 10:29:58,256 - INFO - EPOCH 0 - PROGRESS: at 65.26% examples, 673575 words/s, in_qsize 32, out_qsize 3
2026-03-26 10:29:59,258 - INFO - EPOCH 0 - PROGRESS: at 65.42% examples, 673640 words/s, in_qsize 31, out_qsize 0
2026-03-26 10:30:00,261 - INFO - EPOCH 0 - PROGRESS: at 65.58% examples, 673601 words/s, in_qsize 29, out_qsize 0
2026-03-26 10:30:01,269 - INFO - EPOCH 0 - PROGRESS: at 65.72% examples, 673599 words/s, in_qsize 32, out_qsize 1
2026-03-26 10:30:02,285 - INFO - EPOCH 0 - PROGRESS: at 65.89% examples, 673686 words/s, in_qsize 30, out_qsize 1
2026-03-26 10:30:03,307 - INFO - EPOCH 0 - PROGRESS: at 66.02% examples, 673694 words/s, in_qsize 31, out_qsize 0
2026-03-26 10:30:04,339 - INFO - EPOCH 0 - PROGRESS: at 66.15% examples, 673706 words/s, in_qsize 31, out_qsize 3
2026-03-26 10:30:05,340 - INFO - EPOCH 0 - PROGRESS: at 66.28% examples, 673715 words/s, in_qsize 32, out_qsize 3
2026-03-26 10:30:06,345 - INFO - EPOCH 0 - PROGRESS: at 66.44% examples, 673782 words/s, in_qsize 31, out_qsize 1
2026-03-26 10:30:07,387 - INFO - EPOCH 0 - PROGRESS: at 66.51% examples, 673683 words/s, in_qsize 31, out_qsize 0
2026-03-26 10:30:08,392 - INFO - EPOCH 0 - PROGRESS: at 66.60% examples, 673664 words/s, in_qsize 31, out_qsize 0
2026-03-26 10:30:09,400 - INFO - EPOCH 0 - PROGRESS: at 66.67% examples, 673605 words/s, in_qsize 32, out_qsize 3
2026-03-26 10:30:10,413 - INFO - EPOCH 0 - PROGRESS: at 66.77% examples, 673626 words/s, in_qsize 31, out_qsize 0
2026-03-26 10:30:11,417 - INFO - EPOCH 0 - PROGRESS: at 66.85% examples, 673605 words/s, in_qsize 30, out_qsize 1
2026-03-26 10:30:12,419 - INFO - EPOCH 0 - PROGRESS: at 66.92% examples, 673603 words/s, in_qsize 32, out_qsize 0
2026-03-26 10:30:13,423 - INFO - EPOCH 0 - PROGRESS: at 67.01% examples, 673574 words/s, in_qsize 30, out_qsize 1
2026-03-26 10:30:14,423 - INFO - EPOCH 0 - PROGRESS: at 67.15% examples, 673624 words/s, in_qsize 30, out_qsize 0
2026-03-26 10:30:15,457 - INFO - EPOCH 0 - PROGRESS: at 67.30% examples, 673561 words/s, in_qsize 26, out_qsize 3
2026-03-26 10:30:16,482 - INFO - EPOCH 0 - PROGRESS: at 67.42% examples, 673550 words/s, in_qsize 30, out_qsize 1
2026-03-26 10:30:17,483 - INFO - EPOCH 0 - PROGRESS: at 67.54% examples, 673528 words/s, in_qsize 31, out_qsize 1
2026-03-26 10:30:18,484 - INFO - EPOCH 0 - PROGRESS: at 67.66% examples, 673575 words/s, in_qsize 31, out_qsize 0
2026-03-26 10:30:19,490 - INFO - EPOCH 0 - PROGRESS: at 67.79% examples, 673526 words/s, in_qsize 32, out_qsize 5
2026-03-26 10:30:20,494 - INFO - EPOCH 0 - PROGRESS: at 67.89% examples, 673454 words/s, in_qsize 32, out_qsize 1
2026-03-26 10:30:21,500 - INFO - EPOCH 0 - PROGRESS: at 68.00% examples, 673461 words/s, in_qsize 31, out_qsize 0
2026-03-26 10:30:22,527 - INFO - EPOCH 0 - PROGRESS: at 68.11% examples, 673418 words/s, in_qsize 32, out_qsize 2
2026-03-26 10:30:23,535 - INFO - EPOCH 0 - PROGRESS: at 68.20% examples, 673435 words/s, in_qsize 31, out_qsize 0
2026-03-26 10:30:24,563 - INFO - EPOCH 0 - PROGRESS: at 68.36% examples, 673446 words/s, in_qsize 32, out_qsize 2
2026-03-26 10:30:25,569 - INFO - EPOCH 0 - PROGRESS: at 68.49% examples, 673497 words/s, in_qsize 31, out_qsize 0
2026-03-26 10:30:26,588 - INFO - EPOCH 0 - PROGRESS: at 68.62% examples, 673500 words/s, in_qsize 31, out_qsize 0
2026-03-26 10:30:27,597 - INFO - EPOCH 0 - PROGRESS: at 68.75% examples, 673484 words/s, in_qsize 31, out_qsize 0
2026-03-26 10:30:28,606 - INFO - EPOCH 0 - PROGRESS: at 68.88% examples, 673504 words/s, in_qsize 31, out_qsize 0
2026-03-26 10:30:29,632 - INFO - EPOCH 0 - PROGRESS: at 69.01% examples, 673498 words/s, in_qsize 30, out_qsize 1
2026-03-26 10:30:30,641 - INFO - EPOCH 0 - PROGRESS: at 69.14% examples, 673531 words/s, in_qsize 31, out_qsize 0
2026-03-26 10:30:31,665 - INFO - EPOCH 0 - PROGRESS: at 69.39% examples, 673629 words/s, in_qsize 32, out_qsize 1
2026-03-26 10:30:32,685 - INFO - EPOCH 0 - PROGRESS: at 69.60% examples, 673491 words/s, in_qsize 31, out_qsize 0
2026-03-26 10:30:33,694 - INFO - EPOCH 0 - PROGRESS: at 69.82% examples, 673459 words/s, in_qsize 31, out_qsize 0
2026-03-26 10:30:34,729 - INFO - EPOCH 0 - PROGRESS: at 69.95% examples, 673375 words/s, in_qsize 28, out_qsize 3
2026-03-26 10:30:35,747 - INFO - EPOCH 0 - PROGRESS: at 70.08% examples, 673396 words/s, in_qsize 31, out_qsize 2
2026-03-26 10:30:36,761 - INFO - EPOCH 0 - PROGRESS: at 70.20% examples, 673375 words/s, in_qsize 31, out_qsize 2
2026-03-26 10:30:37,772 - INFO - EPOCH 0 - PROGRESS: at 70.33% examples, 673344 words/s, in_qsize 32, out_qsize 0
2026-03-26 10:30:38,774 - INFO - EPOCH 0 - PROGRESS: at 70.45% examples, 673292 words/s, in_qsize 31, out_qsize 0
2026-03-26 10:30:39,785 - INFO - EPOCH 0 - PROGRESS: at 70.58% examples, 673276 words/s, in_qsize 32, out_qsize 0
2026-03-26 10:30:40,789 - INFO - EPOCH 0 - PROGRESS: at 70.70% examples, 673285 words/s, in_qsize 32, out_qsize 0
2026-03-26 10:30:41,799 - INFO - EPOCH 0 - PROGRESS: at 70.83% examples, 673271 words/s, in_qsize 31, out_qsize 0
2026-03-26 10:30:42,818 - INFO - EPOCH 0 - PROGRESS: at 70.95% examples, 673273 words/s, in_qsize 28, out_qsize 3
2026-03-26 10:30:43,848 - INFO - EPOCH 0 - PROGRESS: at 71.07% examples, 673304 words/s, in_qsize 30, out_qsize 1
2026-03-26 10:30:44,849 - INFO - EPOCH 0 - PROGRESS: at 71.19% examples, 673331 words/s, in_qsize 31, out_qsize 0
2026-03-26 10:30:45,871 - INFO - EPOCH 0 - PROGRESS: at 71.35% examples, 673344 words/s, in_qsize 32, out_qsize 2
2026-03-26 10:30:46,892 - INFO - EPOCH 0 - PROGRESS: at 71.54% examples, 673394 words/s, in_qsize 29, out_qsize 2
2026-03-26 10:30:47,922 - INFO - EPOCH 0 - PROGRESS: at 71.72% examples, 673404 words/s, in_qsize 32, out_qsize 2
2026-03-26 10:30:48,945 - INFO - EPOCH 0 - PROGRESS: at 71.89% examples, 673469 words/s, in_qsize 31, out_qsize 0
2026-03-26 10:30:49,960 - INFO - EPOCH 0 - PROGRESS: at 71.99% examples, 673405 words/s, in_qsize 32, out_qsize 5
2026-03-26 10:30:51,003 - INFO - EPOCH 0 - PROGRESS: at 72.12% examples, 673477 words/s, in_qsize 30, out_qsize 3
2026-03-26 10:30:52,047 - INFO - EPOCH 0 - PROGRESS: at 72.30% examples, 673479 words/s, in_qsize 29, out_qsize 2
2026-03-26 10:30:53,067 - INFO - EPOCH 0 - PROGRESS: at 72.48% examples, 673530 words/s, in_qsize 31, out_qsize 0
2026-03-26 10:30:54,094 - INFO - EPOCH 0 - PROGRESS: at 72.66% examples, 673510 words/s, in_qsize 32, out_qsize 2
2026-03-26 10:30:55,125 - INFO - EPOCH 0 - PROGRESS: at 72.85% examples, 673592 words/s, in_qsize 30, out_qsize 1
2026-03-26 10:30:56,147 - INFO - EPOCH 0 - PROGRESS: at 73.01% examples, 673594 words/s, in_qsize 31, out_qsize 0
2026-03-26 10:30:57,149 - INFO - EPOCH 0 - PROGRESS: at 73.11% examples, 673601 words/s, in_qsize 31, out_qsize 2
2026-03-26 10:30:58,155 - INFO - EPOCH 0 - PROGRESS: at 73.22% examples, 673605 words/s, in_qsize 30, out_qsize 1
2026-03-26 10:30:59,171 - INFO - EPOCH 0 - PROGRESS: at 73.32% examples, 673586 words/s, in_qsize 31, out_qsize 3
2026-03-26 10:31:00,171 - INFO - EPOCH 0 - PROGRESS: at 73.42% examples, 673594 words/s, in_qsize 29, out_qsize 1
2026-03-26 10:31:01,178 - INFO - EPOCH 0 - PROGRESS: at 73.52% examples, 673599 words/s, in_qsize 31, out_qsize 0
2026-03-26 10:31:02,206 - INFO - EPOCH 0 - PROGRESS: at 73.60% examples, 673534 words/s, in_qsize 31, out_qsize 0
2026-03-26 10:31:03,225 - INFO - EPOCH 0 - PROGRESS: at 73.73% examples, 673573 words/s, in_qsize 32, out_qsize 0
2026-03-26 10:31:04,286 - INFO - EPOCH 0 - PROGRESS: at 73.89% examples, 673529 words/s, in_qsize 27, out_qsize 4
2026-03-26 10:31:05,329 - INFO - EPOCH 0 - PROGRESS: at 74.09% examples, 673641 words/s, in_qsize 31, out_qsize 0
2026-03-26 10:31:06,333 - INFO - EPOCH 0 - PROGRESS: at 74.26% examples, 673673 words/s, in_qsize 31, out_qsize 0
2026-03-26 10:31:07,364 - INFO - EPOCH 0 - PROGRESS: at 74.42% examples, 673654 words/s, in_qsize 30, out_qsize 2
2026-03-26 10:31:08,380 - INFO - EPOCH 0 - PROGRESS: at 74.57% examples, 673704 words/s, in_qsize 31, out_qsize 0
2026-03-26 10:31:09,435 - INFO - EPOCH 0 - PROGRESS: at 74.70% examples, 673666 words/s, in_qsize 32, out_qsize 4
2026-03-26 10:31:10,437 - INFO - EPOCH 0 - PROGRESS: at 74.83% examples, 673714 words/s, in_qsize 32, out_qsize 1
2026-03-26 10:31:11,441 - INFO - EPOCH 0 - PROGRESS: at 74.97% examples, 673755 words/s, in_qsize 31, out_qsize 0
2026-03-26 10:31:12,477 - INFO - EPOCH 0 - PROGRESS: at 75.15% examples, 673727 words/s, in_qsize 31, out_qsize 0
2026-03-26 10:31:13,496 - INFO - EPOCH 0 - PROGRESS: at 75.32% examples, 673692 words/s, in_qsize 31, out_qsize 0
2026-03-26 10:31:14,504 - INFO - EPOCH 0 - PROGRESS: at 75.47% examples, 673695 words/s, in_qsize 31, out_qsize 1
2026-03-26 10:31:15,512 - INFO - EPOCH 0 - PROGRESS: at 75.62% examples, 673682 words/s, in_qsize 31, out_qsize 2
2026-03-26 10:31:16,524 - INFO - EPOCH 0 - PROGRESS: at 75.78% examples, 673693 words/s, in_qsize 31, out_qsize 0
2026-03-26 10:31:17,541 - INFO - EPOCH 0 - PROGRESS: at 75.93% examples, 673713 words/s, in_qsize 32, out_qsize 0
2026-03-26 10:31:18,545 - INFO - EPOCH 0 - PROGRESS: at 76.09% examples, 673749 words/s, in_qsize 31, out_qsize 0
2026-03-26 10:31:19,549 - INFO - EPOCH 0 - PROGRESS: at 76.24% examples, 673741 words/s, in_qsize 29, out_qsize 1
2026-03-26 10:31:20,572 - INFO - EPOCH 0 - PROGRESS: at 76.39% examples, 673726 words/s, in_qsize 32, out_qsize 4
2026-03-26 10:31:21,576 - INFO - EPOCH 0 - PROGRESS: at 76.57% examples, 673778 words/s, in_qsize 30, out_qsize 3
2026-03-26 10:31:22,590 - INFO - EPOCH 0 - PROGRESS: at 76.72% examples, 673838 words/s, in_qsize 30, out_qsize 0
2026-03-26 10:31:23,605 - INFO - EPOCH 0 - PROGRESS: at 76.86% examples, 673840 words/s, in_qsize 32, out_qsize 0
2026-03-26 10:31:24,630 - INFO - EPOCH 0 - PROGRESS: at 77.02% examples, 673878 words/s, in_qsize 31, out_qsize 0
2026-03-26 10:31:25,653 - INFO - EPOCH 0 - PROGRESS: at 77.18% examples, 673871 words/s, in_qsize 32, out_qsize 0
2026-03-26 10:31:26,679 - INFO - EPOCH 0 - PROGRESS: at 77.33% examples, 673864 words/s, in_qsize 29, out_qsize 2
2026-03-26 10:31:27,689 - INFO - EPOCH 0 - PROGRESS: at 77.49% examples, 673893 words/s, in_qsize 30, out_qsize 1
2026-03-26 10:31:28,714 - INFO - EPOCH 0 - PROGRESS: at 77.65% examples, 673947 words/s, in_qsize 31, out_qsize 0
2026-03-26 10:31:29,740 - INFO - EPOCH 0 - PROGRESS: at 77.81% examples, 673954 words/s, in_qsize 32, out_qsize 0
2026-03-26 10:31:30,752 - INFO - EPOCH 0 - PROGRESS: at 77.96% examples, 673951 words/s, in_qsize 30, out_qsize 1
2026-03-26 10:31:31,754 - INFO - EPOCH 0 - PROGRESS: at 78.11% examples, 673961 words/s, in_qsize 30, out_qsize 1
2026-03-26 10:31:32,755 - INFO - EPOCH 0 - PROGRESS: at 78.25% examples, 674022 words/s, in_qsize 31, out_qsize 0
2026-03-26 10:31:33,778 - INFO - EPOCH 0 - PROGRESS: at 78.39% examples, 674076 words/s, in_qsize 32, out_qsize 3
2026-03-26 10:31:34,782 - INFO - EPOCH 0 - PROGRESS: at 78.54% examples, 674166 words/s, in_qsize 29, out_qsize 1
2026-03-26 10:31:35,782 - INFO - EPOCH 0 - PROGRESS: at 78.68% examples, 674234 words/s, in_qsize 29, out_qsize 1
2026-03-26 10:31:36,785 - INFO - EPOCH 0 - PROGRESS: at 78.83% examples, 674355 words/s, in_qsize 31, out_qsize 0
2026-03-26 10:31:37,806 - INFO - EPOCH 0 - PROGRESS: at 78.97% examples, 674411 words/s, in_qsize 29, out_qsize 2
2026-03-26 10:31:38,809 - INFO - EPOCH 0 - PROGRESS: at 79.12% examples, 674563 words/s, in_qsize 32, out_qsize 0
2026-03-26 10:31:39,815 - INFO - EPOCH 0 - PROGRESS: at 79.27% examples, 674664 words/s, in_qsize 31, out_qsize 0
2026-03-26 10:31:40,841 - INFO - EPOCH 0 - PROGRESS: at 79.40% examples, 674626 words/s, in_qsize 31, out_qsize 0
2026-03-26 10:31:41,842 - INFO - EPOCH 0 - PROGRESS: at 79.54% examples, 674664 words/s, in_qsize 31, out_qsize 0
2026-03-26 10:31:42,869 - INFO - EPOCH 0 - PROGRESS: at 79.68% examples, 674654 words/s, in_qsize 32, out_qsize 3
2026-03-26 10:31:43,891 - INFO - EPOCH 0 - PROGRESS: at 79.83% examples, 674765 words/s, in_qsize 30, out_qsize 1
2026-03-26 10:31:44,950 - INFO - EPOCH 0 - PROGRESS: at 79.98% examples, 674830 words/s, in_qsize 30, out_qsize 3
2026-03-26 10:31:45,957 - INFO - EPOCH 0 - PROGRESS: at 80.13% examples, 674945 words/s, in_qsize 30, out_qsize 1
2026-03-26 10:31:46,966 - INFO - EPOCH 0 - PROGRESS: at 80.27% examples, 674999 words/s, in_qsize 28, out_qsize 5
2026-03-26 10:31:47,971 - INFO - EPOCH 0 - PROGRESS: at 80.39% examples, 675002 words/s, in_qsize 29, out_qsize 0
2026-03-26 10:31:48,987 - INFO - EPOCH 0 - PROGRESS: at 80.52% examples, 674955 words/s, in_qsize 31, out_qsize 7
2026-03-26 10:31:50,005 - INFO - EPOCH 0 - PROGRESS: at 80.61% examples, 675030 words/s, in_qsize 32, out_qsize 0
2026-03-26 10:31:51,035 - INFO - EPOCH 0 - PROGRESS: at 80.72% examples, 675001 words/s, in_qsize 31, out_qsize 2
2026-03-26 10:31:52,038 - INFO - EPOCH 0 - PROGRESS: at 80.85% examples, 675015 words/s, in_qsize 31, out_qsize 0
2026-03-26 10:31:53,052 - INFO - EPOCH 0 - PROGRESS: at 80.99% examples, 675016 words/s, in_qsize 29, out_qsize 2
2026-03-26 10:31:54,065 - INFO - EPOCH 0 - PROGRESS: at 81.12% examples, 675008 words/s, in_qsize 32, out_qsize 3
2026-03-26 10:31:55,148 - INFO - EPOCH 0 - PROGRESS: at 81.26% examples, 674998 words/s, in_qsize 29, out_qsize 3
2026-03-26 10:31:56,162 - INFO - EPOCH 0 - PROGRESS: at 81.39% examples, 675011 words/s, in_qsize 29, out_qsize 2
2026-03-26 10:31:57,167 - INFO - EPOCH 0 - PROGRESS: at 81.52% examples, 674998 words/s, in_qsize 32, out_qsize 0
2026-03-26 10:31:58,172 - INFO - EPOCH 0 - PROGRESS: at 81.65% examples, 675039 words/s, in_qsize 31, out_qsize 0
2026-03-26 10:31:59,182 - INFO - EPOCH 0 - PROGRESS: at 81.78% examples, 675044 words/s, in_qsize 30, out_qsize 1
2026-03-26 10:32:00,194 - INFO - EPOCH 0 - PROGRESS: at 81.91% examples, 674989 words/s, in_qsize 31, out_qsize 0
2026-03-26 10:32:01,210 - INFO - EPOCH 0 - PROGRESS: at 82.05% examples, 674982 words/s, in_qsize 32, out_qsize 0
2026-03-26 10:32:02,230 - INFO - EPOCH 0 - PROGRESS: at 82.20% examples, 675012 words/s, in_qsize 32, out_qsize 0
2026-03-26 10:32:03,273 - INFO - EPOCH 0 - PROGRESS: at 82.34% examples, 674958 words/s, in_qsize 32, out_qsize 4
2026-03-26 10:32:04,289 - INFO - EPOCH 0 - PROGRESS: at 82.49% examples, 675030 words/s, in_qsize 31, out_qsize 1
2026-03-26 10:32:05,309 - INFO - EPOCH 0 - PROGRESS: at 82.63% examples, 674992 words/s, in_qsize 32, out_qsize 1
2026-03-26 10:32:06,330 - INFO - EPOCH 0 - PROGRESS: at 82.76% examples, 674979 words/s, in_qsize 32, out_qsize 1
2026-03-26 10:32:07,339 - INFO - EPOCH 0 - PROGRESS: at 82.88% examples, 675035 words/s, in_qsize 32, out_qsize 0
2026-03-26 10:32:08,348 - INFO - EPOCH 0 - PROGRESS: at 82.99% examples, 675051 words/s, in_qsize 29, out_qsize 0
2026-03-26 10:32:09,364 - INFO - EPOCH 0 - PROGRESS: at 83.10% examples, 675029 words/s, in_qsize 29, out_qsize 4
2026-03-26 10:32:10,396 - INFO - EPOCH 0 - PROGRESS: at 83.22% examples, 675088 words/s, in_qsize 32, out_qsize 1
2026-03-26 10:32:11,437 - INFO - EPOCH 0 - PROGRESS: at 83.33% examples, 675087 words/s, in_qsize 31, out_qsize 3
2026-03-26 10:32:12,455 - INFO - EPOCH 0 - PROGRESS: at 83.46% examples, 675112 words/s, in_qsize 29, out_qsize 2
2026-03-26 10:32:13,459 - INFO - EPOCH 0 - PROGRESS: at 83.59% examples, 675138 words/s, in_qsize 30, out_qsize 1
2026-03-26 10:32:14,482 - INFO - EPOCH 0 - PROGRESS: at 83.72% examples, 675082 words/s, in_qsize 31, out_qsize 0
2026-03-26 10:32:15,502 - INFO - EPOCH 0 - PROGRESS: at 83.87% examples, 675049 words/s, in_qsize 28, out_qsize 1
2026-03-26 10:32:16,506 - INFO - EPOCH 0 - PROGRESS: at 84.01% examples, 674970 words/s, in_qsize 29, out_qsize 2
2026-03-26 10:32:17,508 - INFO - EPOCH 0 - PROGRESS: at 84.16% examples, 674958 words/s, in_qsize 32, out_qsize 0
2026-03-26 10:32:18,518 - INFO - EPOCH 0 - PROGRESS: at 84.28% examples, 674964 words/s, in_qsize 31, out_qsize 0
2026-03-26 10:32:19,565 - INFO - EPOCH 0 - PROGRESS: at 84.39% examples, 674975 words/s, in_qsize 32, out_qsize 1
2026-03-26 10:32:20,582 - INFO - EPOCH 0 - PROGRESS: at 84.49% examples, 674981 words/s, in_qsize 31, out_qsize 1
2026-03-26 10:32:21,610 - INFO - EPOCH 0 - PROGRESS: at 84.61% examples, 674999 words/s, in_qsize 31, out_qsize 0
2026-03-26 10:32:22,624 - INFO - EPOCH 0 - PROGRESS: at 84.67% examples, 674972 words/s, in_qsize 31, out_qsize 0
2026-03-26 10:32:23,643 - INFO - EPOCH 0 - PROGRESS: at 84.76% examples, 674942 words/s, in_qsize 31, out_qsize 1
2026-03-26 10:32:24,682 - INFO - EPOCH 0 - PROGRESS: at 84.93% examples, 674955 words/s, in_qsize 30, out_qsize 4
2026-03-26 10:32:25,702 - INFO - EPOCH 0 - PROGRESS: at 85.09% examples, 675006 words/s, in_qsize 31, out_qsize 1
2026-03-26 10:32:26,720 - INFO - EPOCH 0 - PROGRESS: at 85.23% examples, 674998 words/s, in_qsize 29, out_qsize 3
2026-03-26 10:32:27,741 - INFO - EPOCH 0 - PROGRESS: at 85.38% examples, 675022 words/s, in_qsize 29, out_qsize 1
2026-03-26 10:32:28,755 - INFO - EPOCH 0 - PROGRESS: at 85.53% examples, 675041 words/s, in_qsize 32, out_qsize 2
2026-03-26 10:32:29,767 - INFO - EPOCH 0 - PROGRESS: at 85.68% examples, 675089 words/s, in_qsize 31, out_qsize 0
2026-03-26 10:32:30,768 - INFO - EPOCH 0 - PROGRESS: at 85.83% examples, 675110 words/s, in_qsize 31, out_qsize 0
2026-03-26 10:32:31,780 - INFO - EPOCH 0 - PROGRESS: at 85.98% examples, 675120 words/s, in_qsize 32, out_qsize 1
2026-03-26 10:32:32,793 - INFO - EPOCH 0 - PROGRESS: at 86.13% examples, 675168 words/s, in_qsize 29, out_qsize 1
2026-03-26 10:32:33,803 - INFO - EPOCH 0 - PROGRESS: at 86.27% examples, 675152 words/s, in_qsize 31, out_qsize 2
2026-03-26 10:32:34,826 - INFO - EPOCH 0 - PROGRESS: at 86.41% examples, 675179 words/s, in_qsize 30, out_qsize 1
2026-03-26 10:32:35,827 - INFO - EPOCH 0 - PROGRESS: at 86.53% examples, 675195 words/s, in_qsize 32, out_qsize 0
2026-03-26 10:32:36,841 - INFO - EPOCH 0 - PROGRESS: at 86.65% examples, 675171 words/s, in_qsize 31, out_qsize 0
2026-03-26 10:32:37,844 - INFO - EPOCH 0 - PROGRESS: at 86.81% examples, 675209 words/s, in_qsize 31, out_qsize 0
2026-03-26 10:32:38,847 - INFO - EPOCH 0 - PROGRESS: at 86.99% examples, 675225 words/s, in_qsize 31, out_qsize 0
2026-03-26 10:32:39,880 - INFO - EPOCH 0 - PROGRESS: at 87.16% examples, 675228 words/s, in_qsize 28, out_qsize 3
2026-03-26 10:32:40,893 - INFO - EPOCH 0 - PROGRESS: at 87.31% examples, 675270 words/s, in_qsize 30, out_qsize 1
2026-03-26 10:32:41,923 - INFO - EPOCH 0 - PROGRESS: at 87.46% examples, 675308 words/s, in_qsize 31, out_qsize 0
2026-03-26 10:32:42,936 - INFO - EPOCH 0 - PROGRESS: at 87.59% examples, 675297 words/s, in_qsize 31, out_qsize 0
2026-03-26 10:32:43,937 - INFO - EPOCH 0 - PROGRESS: at 87.72% examples, 675289 words/s, in_qsize 31, out_qsize 2
2026-03-26 10:32:44,955 - INFO - EPOCH 0 - PROGRESS: at 87.85% examples, 675296 words/s, in_qsize 31, out_qsize 2
2026-03-26 10:32:45,958 - INFO - EPOCH 0 - PROGRESS: at 87.98% examples, 675338 words/s, in_qsize 30, out_qsize 1
2026-03-26 10:32:46,963 - INFO - EPOCH 0 - PROGRESS: at 88.08% examples, 675312 words/s, in_qsize 31, out_qsize 1
2026-03-26 10:32:48,028 - INFO - EPOCH 0 - PROGRESS: at 88.19% examples, 675251 words/s, in_qsize 31, out_qsize 0
2026-03-26 10:32:49,062 - INFO - EPOCH 0 - PROGRESS: at 88.33% examples, 675224 words/s, in_qsize 31, out_qsize 0
2026-03-26 10:32:50,101 - INFO - EPOCH 0 - PROGRESS: at 88.46% examples, 675078 words/s, in_qsize 30, out_qsize 1
2026-03-26 10:32:51,146 - INFO - EPOCH 0 - PROGRESS: at 88.64% examples, 675076 words/s, in_qsize 32, out_qsize 4
2026-03-26 10:32:52,153 - INFO - EPOCH 0 - PROGRESS: at 88.78% examples, 675141 words/s, in_qsize 31, out_qsize 0
2026-03-26 10:32:53,174 - INFO - EPOCH 0 - PROGRESS: at 88.87% examples, 675099 words/s, in_qsize 30, out_qsize 1
2026-03-26 10:32:54,180 - INFO - EPOCH 0 - PROGRESS: at 88.98% examples, 675116 words/s, in_qsize 31, out_qsize 1
2026-03-26 10:32:55,189 - INFO - EPOCH 0 - PROGRESS: at 89.14% examples, 675135 words/s, in_qsize 31, out_qsize 0
2026-03-26 10:32:56,196 - INFO - EPOCH 0 - PROGRESS: at 89.30% examples, 675144 words/s, in_qsize 32, out_qsize 1
2026-03-26 10:32:57,212 - INFO - EPOCH 0 - PROGRESS: at 89.46% examples, 675129 words/s, in_qsize 28, out_qsize 1
2026-03-26 10:32:58,221 - INFO - EPOCH 0 - PROGRESS: at 89.63% examples, 675160 words/s, in_qsize 31, out_qsize 0
2026-03-26 10:32:59,242 - INFO - EPOCH 0 - PROGRESS: at 89.79% examples, 675159 words/s, in_qsize 32, out_qsize 0
2026-03-26 10:33:00,258 - INFO - EPOCH 0 - PROGRESS: at 89.97% examples, 675183 words/s, in_qsize 31, out_qsize 0
2026-03-26 10:33:01,265 - INFO - EPOCH 0 - PROGRESS: at 90.14% examples, 675231 words/s, in_qsize 31, out_qsize 0
2026-03-26 10:33:02,266 - INFO - EPOCH 0 - PROGRESS: at 90.31% examples, 675257 words/s, in_qsize 32, out_qsize 0
2026-03-26 10:33:03,296 - INFO - EPOCH 0 - PROGRESS: at 90.48% examples, 675242 words/s, in_qsize 32, out_qsize 0
2026-03-26 10:33:04,300 - INFO - EPOCH 0 - PROGRESS: at 90.66% examples, 675291 words/s, in_qsize 31, out_qsize 0
2026-03-26 10:33:05,347 - INFO - EPOCH 0 - PROGRESS: at 90.83% examples, 675283 words/s, in_qsize 29, out_qsize 2
2026-03-26 10:33:06,356 - INFO - EPOCH 0 - PROGRESS: at 91.01% examples, 675314 words/s, in_qsize 31, out_qsize 0
2026-03-26 10:33:07,383 - INFO - EPOCH 0 - PROGRESS: at 91.18% examples, 675289 words/s, in_qsize 31, out_qsize 1
2026-03-26 10:33:08,391 - INFO - EPOCH 0 - PROGRESS: at 91.34% examples, 675219 words/s, in_qsize 32, out_qsize 0
2026-03-26 10:33:09,393 - INFO - EPOCH 0 - PROGRESS: at 91.43% examples, 675189 words/s, in_qsize 32, out_qsize 1
2026-03-26 10:33:10,402 - INFO - EPOCH 0 - PROGRESS: at 91.54% examples, 675205 words/s, in_qsize 30, out_qsize 1
2026-03-26 10:33:11,421 - INFO - EPOCH 0 - PROGRESS: at 91.67% examples, 675219 words/s, in_qsize 32, out_qsize 0
2026-03-26 10:33:12,446 - INFO - EPOCH 0 - PROGRESS: at 91.85% examples, 675238 words/s, in_qsize 31, out_qsize 0
2026-03-26 10:33:13,455 - INFO - EPOCH 0 - PROGRESS: at 92.03% examples, 675215 words/s, in_qsize 31, out_qsize 0
2026-03-26 10:33:14,461 - INFO - EPOCH 0 - PROGRESS: at 92.22% examples, 675206 words/s, in_qsize 31, out_qsize 0
2026-03-26 10:33:15,469 - INFO - EPOCH 0 - PROGRESS: at 92.41% examples, 675242 words/s, in_qsize 31, out_qsize 0
2026-03-26 10:33:16,479 - INFO - EPOCH 0 - PROGRESS: at 92.61% examples, 675312 words/s, in_qsize 31, out_qsize 0
2026-03-26 10:33:17,484 - INFO - EPOCH 0 - PROGRESS: at 92.80% examples, 675339 words/s, in_qsize 31, out_qsize 0
2026-03-26 10:33:18,512 - INFO - EPOCH 0 - PROGRESS: at 93.00% examples, 675379 words/s, in_qsize 30, out_qsize 1
2026-03-26 10:33:19,530 - INFO - EPOCH 0 - PROGRESS: at 93.19% examples, 675439 words/s, in_qsize 29, out_qsize 2
2026-03-26 10:33:20,554 - INFO - EPOCH 0 - PROGRESS: at 93.39% examples, 675505 words/s, in_qsize 31, out_qsize 1
2026-03-26 10:33:21,590 - INFO - EPOCH 0 - PROGRESS: at 93.59% examples, 675523 words/s, in_qsize 32, out_qsize 1
2026-03-26 10:33:22,597 - INFO - EPOCH 0 - PROGRESS: at 93.80% examples, 675643 words/s, in_qsize 31, out_qsize 0
2026-03-26 10:33:23,605 - INFO - EPOCH 0 - PROGRESS: at 93.98% examples, 675619 words/s, in_qsize 32, out_qsize 2
2026-03-26 10:33:24,613 - INFO - EPOCH 0 - PROGRESS: at 94.18% examples, 675734 words/s, in_qsize 31, out_qsize 0
2026-03-26 10:33:25,627 - INFO - EPOCH 0 - PROGRESS: at 94.36% examples, 675719 words/s, in_qsize 29, out_qsize 2
2026-03-26 10:33:26,637 - INFO - EPOCH 0 - PROGRESS: at 94.46% examples, 675735 words/s, in_qsize 31, out_qsize 0
2026-03-26 10:33:27,641 - INFO - EPOCH 0 - PROGRESS: at 94.56% examples, 675732 words/s, in_qsize 31, out_qsize 0
2026-03-26 10:33:28,653 - INFO - EPOCH 0 - PROGRESS: at 94.68% examples, 675725 words/s, in_qsize 32, out_qsize 1
2026-03-26 10:33:29,668 - INFO - EPOCH 0 - PROGRESS: at 94.81% examples, 675731 words/s, in_qsize 31, out_qsize 2
2026-03-26 10:33:30,696 - INFO - EPOCH 0 - PROGRESS: at 94.92% examples, 675742 words/s, in_qsize 31, out_qsize 0
2026-03-26 10:33:31,706 - INFO - EPOCH 0 - PROGRESS: at 95.02% examples, 675754 words/s, in_qsize 31, out_qsize 0
2026-03-26 10:33:32,706 - INFO - EPOCH 0 - PROGRESS: at 95.17% examples, 675772 words/s, in_qsize 31, out_qsize 0
2026-03-26 10:33:33,723 - INFO - EPOCH 0 - PROGRESS: at 95.26% examples, 675761 words/s, in_qsize 31, out_qsize 0
2026-03-26 10:33:34,725 - INFO - EPOCH 0 - PROGRESS: at 95.35% examples, 675662 words/s, in_qsize 31, out_qsize 2
2026-03-26 10:33:35,750 - INFO - EPOCH 0 - PROGRESS: at 95.52% examples, 675708 words/s, in_qsize 32, out_qsize 2
2026-03-26 10:33:36,755 - INFO - EPOCH 0 - PROGRESS: at 95.67% examples, 675742 words/s, in_qsize 31, out_qsize 0
2026-03-26 10:33:37,780 - INFO - EPOCH 0 - PROGRESS: at 95.78% examples, 675732 words/s, in_qsize 31, out_qsize 0
2026-03-26 10:33:38,807 - INFO - EPOCH 0 - PROGRESS: at 95.88% examples, 675701 words/s, in_qsize 30, out_qsize 3
2026-03-26 10:33:39,826 - INFO - EPOCH 0 - PROGRESS: at 95.99% examples, 675712 words/s, in_qsize 28, out_qsize 3
2026-03-26 10:33:40,827 - INFO - EPOCH 0 - PROGRESS: at 96.09% examples, 675712 words/s, in_qsize 30, out_qsize 1
2026-03-26 10:33:41,846 - INFO - EPOCH 0 - PROGRESS: at 96.23% examples, 675717 words/s, in_qsize 31, out_qsize 0
2026-03-26 10:33:42,851 - INFO - EPOCH 0 - PROGRESS: at 96.37% examples, 675746 words/s, in_qsize 30, out_qsize 0
2026-03-26 10:33:43,853 - INFO - EPOCH 0 - PROGRESS: at 96.51% examples, 675741 words/s, in_qsize 29, out_qsize 0
2026-03-26 10:33:44,893 - INFO - EPOCH 0 - PROGRESS: at 96.64% examples, 675723 words/s, in_qsize 28, out_qsize 3
2026-03-26 10:33:45,901 - INFO - EPOCH 0 - PROGRESS: at 96.82% examples, 675783 words/s, in_qsize 32, out_qsize 0
2026-03-26 10:33:46,909 - INFO - EPOCH 0 - PROGRESS: at 96.93% examples, 675782 words/s, in_qsize 32, out_qsize 3
2026-03-26 10:33:47,922 - INFO - EPOCH 0 - PROGRESS: at 96.99% examples, 675751 words/s, in_qsize 32, out_qsize 0
2026-03-26 10:33:48,944 - INFO - EPOCH 0 - PROGRESS: at 97.11% examples, 675736 words/s, in_qsize 29, out_qsize 2
2026-03-26 10:33:49,958 - INFO - EPOCH 0 - PROGRESS: at 97.24% examples, 675759 words/s, in_qsize 29, out_qsize 2
2026-03-26 10:33:50,969 - INFO - EPOCH 0 - PROGRESS: at 97.42% examples, 675806 words/s, in_qsize 31, out_qsize 0
2026-03-26 10:33:51,987 - INFO - EPOCH 0 - PROGRESS: at 97.54% examples, 675799 words/s, in_qsize 32, out_qsize 2
2026-03-26 10:33:52,996 - INFO - EPOCH 0 - PROGRESS: at 97.64% examples, 675804 words/s, in_qsize 31, out_qsize 0
2026-03-26 10:33:54,023 - INFO - EPOCH 0 - PROGRESS: at 97.77% examples, 675788 words/s, in_qsize 30, out_qsize 1
2026-03-26 10:33:55,052 - INFO - EPOCH 0 - PROGRESS: at 97.89% examples, 675759 words/s, in_qsize 30, out_qsize 1
2026-03-26 10:33:56,062 - INFO - EPOCH 0 - PROGRESS: at 98.00% examples, 675787 words/s, in_qsize 30, out_qsize 0
2026-03-26 10:33:57,065 - INFO - EPOCH 0 - PROGRESS: at 98.13% examples, 675807 words/s, in_qsize 31, out_qsize 0
2026-03-26 10:33:58,113 - INFO - EPOCH 0 - PROGRESS: at 98.26% examples, 675783 words/s, in_qsize 32, out_qsize 3
2026-03-26 10:33:59,119 - INFO - EPOCH 0 - PROGRESS: at 98.40% examples, 675815 words/s, in_qsize 31, out_qsize 1
2026-03-26 10:34:00,122 - INFO - EPOCH 0 - PROGRESS: at 98.53% examples, 675854 words/s, in_qsize 31, out_qsize 1
2026-03-26 10:34:01,140 - INFO - EPOCH 0 - PROGRESS: at 98.62% examples, 675838 words/s, in_qsize 31, out_qsize 0
2026-03-26 10:34:02,154 - INFO - EPOCH 0 - PROGRESS: at 98.69% examples, 675794 words/s, in_qsize 28, out_qsize 5
2026-03-26 10:34:03,168 - INFO - EPOCH 0 - PROGRESS: at 98.79% examples, 675757 words/s, in_qsize 31, out_qsize 0
2026-03-26 10:34:04,191 - INFO - EPOCH 0 - PROGRESS: at 98.94% examples, 675736 words/s, in_qsize 30, out_qsize 1
2026-03-26 10:34:05,197 - INFO - EPOCH 0 - PROGRESS: at 99.11% examples, 675774 words/s, in_qsize 32, out_qsize 0
2026-03-26 10:34:06,200 - INFO - EPOCH 0 - PROGRESS: at 99.27% examples, 675746 words/s, in_qsize 32, out_qsize 5
2026-03-26 10:34:07,219 - INFO - EPOCH 0 - PROGRESS: at 99.42% examples, 675812 words/s, in_qsize 30, out_qsize 1
2026-03-26 10:34:08,232 - INFO - EPOCH 0 - PROGRESS: at 99.56% examples, 675833 words/s, in_qsize 32, out_qsize 0
2026-03-26 10:34:09,243 - INFO - EPOCH 0 - PROGRESS: at 99.69% examples, 675825 words/s, in_qsize 32, out_qsize 0
2026-03-26 10:34:10,248 - INFO - EPOCH 0 - PROGRESS: at 99.82% examples, 675831 words/s, in_qsize 30, out_qsize 1
2026-03-26 10:34:11,271 - INFO - EPOCH 0 - PROGRESS: at 99.93% examples, 675843 words/s, in_qsize 32, out_qsize 0
2026-03-26 10:34:11,702 - DEBUG - job loop exiting, total 60863 jobs
2026-03-26 10:34:11,891 - DEBUG - worker exiting, processed 3804 jobs
2026-03-26 10:34:11,892 - DEBUG - worker thread finished; awaiting finish of 15 more threads
2026-03-26 10:34:11,900 - DEBUG - worker exiting, processed 3790 jobs
2026-03-26 10:34:11,900 - DEBUG - worker thread finished; awaiting finish of 14 more threads
2026-03-26 10:34:11,930 - DEBUG - worker exiting, processed 3809 jobs
2026-03-26 10:34:11,930 - DEBUG - worker thread finished; awaiting finish of 13 more threads
2026-03-26 10:34:11,938 - DEBUG - worker exiting, processed 3807 jobs
2026-03-26 10:34:11,938 - DEBUG - worker thread finished; awaiting finish of 12 more threads
2026-03-26 10:34:11,955 - DEBUG - worker exiting, processed 3812 jobs
2026-03-26 10:34:11,955 - DEBUG - worker thread finished; awaiting finish of 11 more threads
2026-03-26 10:34:11,965 - DEBUG - worker exiting, processed 3806 jobs
2026-03-26 10:34:11,965 - DEBUG - worker thread finished; awaiting finish of 10 more threads
2026-03-26 10:34:11,968 - DEBUG - worker exiting, processed 3795 jobs
2026-03-26 10:34:11,968 - DEBUG - worker thread finished; awaiting finish of 9 more threads
2026-03-26 10:34:11,977 - DEBUG - worker exiting, processed 3804 jobs
2026-03-26 10:34:11,977 - DEBUG - worker thread finished; awaiting finish of 8 more threads
2026-03-26 10:34:11,978 - DEBUG - worker exiting, processed 3822 jobs
2026-03-26 10:34:11,978 - DEBUG - worker thread finished; awaiting finish of 7 more threads
2026-03-26 10:34:11,981 - DEBUG - worker exiting, processed 3806 jobs
2026-03-26 10:34:11,981 - DEBUG - worker thread finished; awaiting finish of 6 more threads
2026-03-26 10:34:11,991 - DEBUG - worker exiting, processed 3807 jobs
2026-03-26 10:34:11,991 - DEBUG - worker thread finished; awaiting finish of 5 more threads
2026-03-26 10:34:12,003 - DEBUG - worker exiting, processed 3792 jobs
2026-03-26 10:34:12,003 - DEBUG - worker thread finished; awaiting finish of 4 more threads
2026-03-26 10:34:12,016 - DEBUG - worker exiting, processed 3805 jobs
2026-03-26 10:34:12,016 - DEBUG - worker thread finished; awaiting finish of 3 more threads
2026-03-26 10:34:12,028 - DEBUG - worker exiting, processed 3794 jobs
2026-03-26 10:34:12,028 - DEBUG - worker thread finished; awaiting finish of 2 more threads
2026-03-26 10:34:12,029 - DEBUG - worker exiting, processed 3802 jobs
2026-03-26 10:34:12,029 - DEBUG - worker thread finished; awaiting finish of 1 more threads
2026-03-26 10:34:12,030 - DEBUG - worker exiting, processed 3808 jobs
2026-03-26 10:34:12,030 - DEBUG - worker thread finished; awaiting finish of 0 more threads
2026-03-26 10:34:12,030 - INFO - EPOCH 0: training on 604933589 raw words (478044396 effective words) took 707.3s, 675882 effective words/s
2026-03-26 10:34:12,031 - INFO - Epoch 1 completed in 707.3s
2026-03-26 10:34:12,031 - INFO - Epoch 2 starting...
2026-03-26 10:34:13,045 - INFO - EPOCH 1 - PROGRESS: at 0.08% examples, 539871 words/s, in_qsize 31, out_qsize 0
2026-03-26 10:34:14,070 - INFO - EPOCH 1 - PROGRESS: at 0.20% examples, 564518 words/s, in_qsize 32, out_qsize 0
2026-03-26 10:34:15,085 - INFO - EPOCH 1 - PROGRESS: at 0.35% examples, 593860 words/s, in_qsize 31, out_qsize 0
2026-03-26 10:34:16,089 - INFO - EPOCH 1 - PROGRESS: at 0.50% examples, 611387 words/s, in_qsize 30, out_qsize 1
2026-03-26 10:34:17,095 - INFO - EPOCH 1 - PROGRESS: at 0.63% examples, 609618 words/s, in_qsize 32, out_qsize 0
2026-03-26 10:34:18,116 - INFO - EPOCH 1 - PROGRESS: at 0.79% examples, 622389 words/s, in_qsize 30, out_qsize 2
2026-03-26 10:34:19,125 - INFO - EPOCH 1 - PROGRESS: at 0.95% examples, 634835 words/s, in_qsize 31, out_qsize 0
2026-03-26 10:34:20,146 - INFO - EPOCH 1 - PROGRESS: at 1.10% examples, 637171 words/s, in_qsize 31, out_qsize 1
2026-03-26 10:34:21,163 - INFO - EPOCH 1 - PROGRESS: at 1.26% examples, 643554 words/s, in_qsize 31, out_qsize 0
2026-03-26 10:34:22,171 - INFO - EPOCH 1 - PROGRESS: at 1.38% examples, 645233 words/s, in_qsize 32, out_qsize 0
2026-03-26 10:34:23,174 - INFO - EPOCH 1 - PROGRESS: at 1.50% examples, 647750 words/s, in_qsize 32, out_qsize 2
2026-03-26 10:34:24,182 - INFO - EPOCH 1 - PROGRESS: at 1.63% examples, 650860 words/s, in_qsize 32, out_qsize 0
2026-03-26 10:34:25,191 - INFO - EPOCH 1 - PROGRESS: at 1.75% examples, 651542 words/s, in_qsize 30, out_qsize 3
2026-03-26 10:34:26,196 - INFO - EPOCH 1 - PROGRESS: at 1.88% examples, 655093 words/s, in_qsize 31, out_qsize 0
2026-03-26 10:34:27,245 - INFO - EPOCH 1 - PROGRESS: at 1.99% examples, 653917 words/s, in_qsize 32, out_qsize 5
2026-03-26 10:34:28,261 - INFO - EPOCH 1 - PROGRESS: at 2.11% examples, 657748 words/s, in_qsize 31, out_qsize 0
2026-03-26 10:34:29,296 - INFO - EPOCH 1 - PROGRESS: at 2.23% examples, 658160 words/s, in_qsize 30, out_qsize 1
2026-03-26 10:34:30,301 - INFO - EPOCH 1 - PROGRESS: at 2.35% examples, 659120 words/s, in_qsize 32, out_qsize 2
2026-03-26 10:34:31,319 - INFO - EPOCH 1 - PROGRESS: at 2.47% examples, 660782 words/s, in_qsize 31, out_qsize 0
2026-03-26 10:34:32,329 - INFO - EPOCH 1 - PROGRESS: at 2.59% examples, 662123 words/s, in_qsize 32, out_qsize 0
2026-03-26 10:34:33,359 - INFO - EPOCH 1 - PROGRESS: at 2.70% examples, 662045 words/s, in_qsize 31, out_qsize 1
2026-03-26 10:34:34,362 - INFO - EPOCH 1 - PROGRESS: at 2.83% examples, 663111 words/s, in_qsize 31, out_qsize 0
2026-03-26 10:34:35,372 - INFO - EPOCH 1 - PROGRESS: at 2.95% examples, 663796 words/s, in_qsize 31, out_qsize 0
2026-03-26 10:34:36,383 - INFO - EPOCH 1 - PROGRESS: at 3.06% examples, 663242 words/s, in_qsize 32, out_qsize 5
2026-03-26 10:34:37,421 - INFO - EPOCH 1 - PROGRESS: at 3.23% examples, 665243 words/s, in_qsize 31, out_qsize 2
2026-03-26 10:34:38,442 - INFO - EPOCH 1 - PROGRESS: at 3.39% examples, 666121 words/s, in_qsize 30, out_qsize 1
2026-03-26 10:34:39,494 - INFO - EPOCH 1 - PROGRESS: at 3.52% examples, 666232 words/s, in_qsize 27, out_qsize 4
2026-03-26 10:34:40,496 - INFO - EPOCH 1 - PROGRESS: at 3.67% examples, 666845 words/s, in_qsize 30, out_qsize 1
2026-03-26 10:34:41,519 - INFO - EPOCH 1 - PROGRESS: at 3.80% examples, 665151 words/s, in_qsize 31, out_qsize 4
2026-03-26 10:34:42,526 - INFO - EPOCH 1 - PROGRESS: at 3.95% examples, 666145 words/s, in_qsize 29, out_qsize 2
2026-03-26 10:34:43,526 - INFO - EPOCH 1 - PROGRESS: at 4.10% examples, 667183 words/s, in_qsize 31, out_qsize 0
2026-03-26 10:34:44,541 - INFO - EPOCH 1 - PROGRESS: at 4.25% examples, 667162 words/s, in_qsize 32, out_qsize 3
2026-03-26 10:34:45,550 - INFO - EPOCH 1 - PROGRESS: at 4.40% examples, 668678 words/s, in_qsize 31, out_qsize 0
2026-03-26 10:34:46,557 - INFO - EPOCH 1 - PROGRESS: at 4.52% examples, 668541 words/s, in_qsize 28, out_qsize 2
2026-03-26 10:34:47,626 - INFO - EPOCH 1 - PROGRESS: at 4.63% examples, 667543 words/s, in_qsize 30, out_qsize 7
2026-03-26 10:34:48,633 - INFO - EPOCH 1 - PROGRESS: at 4.75% examples, 669460 words/s, in_qsize 31, out_qsize 0
2026-03-26 10:34:49,643 - INFO - EPOCH 1 - PROGRESS: at 4.85% examples, 669463 words/s, in_qsize 32, out_qsize 0
2026-03-26 10:34:50,650 - INFO - EPOCH 1 - PROGRESS: at 4.95% examples, 669809 words/s, in_qsize 32, out_qsize 0
2026-03-26 10:34:51,669 - INFO - EPOCH 1 - PROGRESS: at 5.07% examples, 669479 words/s, in_qsize 31, out_qsize 0
2026-03-26 10:34:52,674 - INFO - EPOCH 1 - PROGRESS: at 5.22% examples, 670051 words/s, in_qsize 32, out_qsize 0
2026-03-26 10:34:53,676 - INFO - EPOCH 1 - PROGRESS: at 5.36% examples, 670451 words/s, in_qsize 31, out_qsize 0
2026-03-26 10:34:54,696 - INFO - EPOCH 1 - PROGRESS: at 5.51% examples, 670363 words/s, in_qsize 31, out_qsize 0
2026-03-26 10:34:55,703 - INFO - EPOCH 1 - PROGRESS: at 5.64% examples, 670128 words/s, in_qsize 29, out_qsize 2
2026-03-26 10:34:56,706 - INFO - EPOCH 1 - PROGRESS: at 5.76% examples, 670832 words/s, in_qsize 31, out_qsize 0
2026-03-26 10:34:57,712 - INFO - EPOCH 1 - PROGRESS: at 5.89% examples, 671155 words/s, in_qsize 29, out_qsize 0
2026-03-26 10:34:58,732 - INFO - EPOCH 1 - PROGRESS: at 6.03% examples, 670441 words/s, in_qsize 30, out_qsize 3
2026-03-26 10:34:59,754 - INFO - EPOCH 1 - PROGRESS: at 6.18% examples, 670810 words/s, in_qsize 31, out_qsize 2
2026-03-26 10:35:00,756 - INFO - EPOCH 1 - PROGRESS: at 6.38% examples, 671547 words/s, in_qsize 31, out_qsize 0
2026-03-26 10:35:01,778 - INFO - EPOCH 1 - PROGRESS: at 6.59% examples, 672296 words/s, in_qsize 32, out_qsize 1
2026-03-26 10:35:02,818 - INFO - EPOCH 1 - PROGRESS: at 6.80% examples, 672329 words/s, in_qsize 32, out_qsize 0
2026-03-26 10:35:03,835 - INFO - EPOCH 1 - PROGRESS: at 7.02% examples, 673422 words/s, in_qsize 31, out_qsize 0
2026-03-26 10:35:04,837 - INFO - EPOCH 1 - PROGRESS: at 7.17% examples, 673730 words/s, in_qsize 31, out_qsize 0
2026-03-26 10:35:05,879 - INFO - EPOCH 1 - PROGRESS: at 7.25% examples, 673044 words/s, in_qsize 32, out_qsize 1
2026-03-26 10:35:06,901 - INFO - EPOCH 1 - PROGRESS: at 7.42% examples, 672368 words/s, in_qsize 29, out_qsize 10
2026-03-26 10:35:07,948 - INFO - EPOCH 1 - PROGRESS: at 7.55% examples, 672844 words/s, in_qsize 30, out_qsize 1
2026-03-26 10:35:08,964 - INFO - EPOCH 1 - PROGRESS: at 7.67% examples, 672650 words/s, in_qsize 31, out_qsize 0
2026-03-26 10:35:10,008 - INFO - EPOCH 1 - PROGRESS: at 7.82% examples, 672689 words/s, in_qsize 32, out_qsize 1
2026-03-26 10:35:11,053 - INFO - EPOCH 1 - PROGRESS: at 7.95% examples, 672900 words/s, in_qsize 32, out_qsize 3
2026-03-26 10:35:12,058 - INFO - EPOCH 1 - PROGRESS: at 8.09% examples, 673435 words/s, in_qsize 31, out_qsize 0
2026-03-26 10:35:13,095 - INFO - EPOCH 1 - PROGRESS: at 8.22% examples, 673201 words/s, in_qsize 32, out_qsize 1
2026-03-26 10:35:14,125 - INFO - EPOCH 1 - PROGRESS: at 8.36% examples, 673431 words/s, in_qsize 32, out_qsize 1
2026-03-26 10:35:15,145 - INFO - EPOCH 1 - PROGRESS: at 8.47% examples, 673413 words/s, in_qsize 31, out_qsize 2
2026-03-26 10:35:16,161 - INFO - EPOCH 1 - PROGRESS: at 8.56% examples, 673673 words/s, in_qsize 31, out_qsize 0
2026-03-26 10:35:17,177 - INFO - EPOCH 1 - PROGRESS: at 8.69% examples, 673703 words/s, in_qsize 31, out_qsize 0
2026-03-26 10:35:18,193 - INFO - EPOCH 1 - PROGRESS: at 8.82% examples, 673720 words/s, in_qsize 29, out_qsize 2
2026-03-26 10:35:19,209 - INFO - EPOCH 1 - PROGRESS: at 8.98% examples, 673912 words/s, in_qsize 30, out_qsize 2
2026-03-26 10:35:20,229 - INFO - EPOCH 1 - PROGRESS: at 9.09% examples, 674006 words/s, in_qsize 31, out_qsize 1
2026-03-26 10:35:21,271 - INFO - EPOCH 1 - PROGRESS: at 9.23% examples, 673831 words/s, in_qsize 32, out_qsize 4
2026-03-26 10:35:22,279 - INFO - EPOCH 1 - PROGRESS: at 9.36% examples, 674366 words/s, in_qsize 31, out_qsize 0
2026-03-26 10:35:23,285 - INFO - EPOCH 1 - PROGRESS: at 9.48% examples, 674997 words/s, in_qsize 32, out_qsize 0
2026-03-26 10:35:24,308 - INFO - EPOCH 1 - PROGRESS: at 9.61% examples, 674607 words/s, in_qsize 31, out_qsize 3
2026-03-26 10:35:25,314 - INFO - EPOCH 1 - PROGRESS: at 9.74% examples, 674841 words/s, in_qsize 32, out_qsize 0
2026-03-26 10:35:26,317 - INFO - EPOCH 1 - PROGRESS: at 9.89% examples, 674854 words/s, in_qsize 32, out_qsize 1
2026-03-26 10:35:27,323 - INFO - EPOCH 1 - PROGRESS: at 10.04% examples, 675037 words/s, in_qsize 32, out_qsize 0
2026-03-26 10:35:28,344 - INFO - EPOCH 1 - PROGRESS: at 10.19% examples, 675095 words/s, in_qsize 32, out_qsize 0
2026-03-26 10:35:29,354 - INFO - EPOCH 1 - PROGRESS: at 10.32% examples, 675111 words/s, in_qsize 30, out_qsize 3
2026-03-26 10:35:30,359 - INFO - EPOCH 1 - PROGRESS: at 10.47% examples, 675397 words/s, in_qsize 31, out_qsize 0
2026-03-26 10:35:31,365 - INFO - EPOCH 1 - PROGRESS: at 10.61% examples, 675564 words/s, in_qsize 32, out_qsize 0
2026-03-26 10:35:32,393 - INFO - EPOCH 1 - PROGRESS: at 10.79% examples, 675727 words/s, in_qsize 31, out_qsize 0
2026-03-26 10:35:33,412 - INFO - EPOCH 1 - PROGRESS: at 10.98% examples, 676062 words/s, in_qsize 32, out_qsize 0
2026-03-26 10:35:34,470 - INFO - EPOCH 1 - PROGRESS: at 11.18% examples, 676066 words/s, in_qsize 31, out_qsize 3
2026-03-26 10:35:35,474 - INFO - EPOCH 1 - PROGRESS: at 11.37% examples, 676317 words/s, in_qsize 31, out_qsize 2
2026-03-26 10:35:36,481 - INFO - EPOCH 1 - PROGRESS: at 11.55% examples, 676726 words/s, in_qsize 32, out_qsize 1
2026-03-26 10:35:37,494 - INFO - EPOCH 1 - PROGRESS: at 11.67% examples, 676724 words/s, in_qsize 32, out_qsize 0
2026-03-26 10:35:38,546 - INFO - EPOCH 1 - PROGRESS: at 11.80% examples, 676327 words/s, in_qsize 32, out_qsize 0
2026-03-26 10:35:39,574 - INFO - EPOCH 1 - PROGRESS: at 12.03% examples, 676633 words/s, in_qsize 32, out_qsize 4
2026-03-26 10:35:40,584 - INFO - EPOCH 1 - PROGRESS: at 12.26% examples, 677589 words/s, in_qsize 31, out_qsize 0
2026-03-26 10:35:41,607 - INFO - EPOCH 1 - PROGRESS: at 12.48% examples, 677734 words/s, in_qsize 31, out_qsize 0
2026-03-26 10:35:42,629 - INFO - EPOCH 1 - PROGRESS: at 12.71% examples, 678307 words/s, in_qsize 31, out_qsize 2
2026-03-26 10:35:43,650 - INFO - EPOCH 1 - PROGRESS: at 12.93% examples, 678628 words/s, in_qsize 31, out_qsize 4
2026-03-26 10:35:44,690 - INFO - EPOCH 1 - PROGRESS: at 13.17% examples, 679470 words/s, in_qsize 32, out_qsize 0
2026-03-26 10:35:45,716 - INFO - EPOCH 1 - PROGRESS: at 13.41% examples, 680151 words/s, in_qsize 32, out_qsize 2
2026-03-26 10:35:46,738 - INFO - EPOCH 1 - PROGRESS: at 13.64% examples, 680517 words/s, in_qsize 31, out_qsize 0
2026-03-26 10:35:47,753 - INFO - EPOCH 1 - PROGRESS: at 13.86% examples, 680758 words/s, in_qsize 32, out_qsize 1
2026-03-26 10:35:48,757 - INFO - EPOCH 1 - PROGRESS: at 14.09% examples, 681318 words/s, in_qsize 32, out_qsize 1
2026-03-26 10:35:49,759 - INFO - EPOCH 1 - PROGRESS: at 14.24% examples, 681253 words/s, in_qsize 31, out_qsize 1
2026-03-26 10:35:50,783 - INFO - EPOCH 1 - PROGRESS: at 14.41% examples, 681118 words/s, in_qsize 29, out_qsize 3
2026-03-26 10:35:51,798 - INFO - EPOCH 1 - PROGRESS: at 14.58% examples, 681345 words/s, in_qsize 32, out_qsize 2
2026-03-26 10:35:52,803 - INFO - EPOCH 1 - PROGRESS: at 14.75% examples, 681564 words/s, in_qsize 32, out_qsize 1
2026-03-26 10:35:53,806 - INFO - EPOCH 1 - PROGRESS: at 14.90% examples, 680950 words/s, in_qsize 30, out_qsize 1
2026-03-26 10:35:54,810 - INFO - EPOCH 1 - PROGRESS: at 15.06% examples, 680718 words/s, in_qsize 31, out_qsize 0
2026-03-26 10:35:55,857 - INFO - EPOCH 1 - PROGRESS: at 15.23% examples, 680513 words/s, in_qsize 32, out_qsize 3
2026-03-26 10:35:56,876 - INFO - EPOCH 1 - PROGRESS: at 15.39% examples, 680625 words/s, in_qsize 32, out_qsize 1
2026-03-26 10:35:57,905 - INFO - EPOCH 1 - PROGRESS: at 15.57% examples, 680840 words/s, in_qsize 32, out_qsize 2
2026-03-26 10:35:58,906 - INFO - EPOCH 1 - PROGRESS: at 15.74% examples, 681131 words/s, in_qsize 31, out_qsize 0
2026-03-26 10:36:00,007 - INFO - EPOCH 1 - PROGRESS: at 15.92% examples, 680797 words/s, in_qsize 31, out_qsize 6
2026-03-26 10:36:01,018 - INFO - EPOCH 1 - PROGRESS: at 16.09% examples, 681029 words/s, in_qsize 28, out_qsize 3
2026-03-26 10:36:02,057 - INFO - EPOCH 1 - PROGRESS: at 16.28% examples, 681364 words/s, in_qsize 30, out_qsize 2
2026-03-26 10:36:03,070 - INFO - EPOCH 1 - PROGRESS: at 16.46% examples, 681710 words/s, in_qsize 31, out_qsize 1
2026-03-26 10:36:04,098 - INFO - EPOCH 1 - PROGRESS: at 16.63% examples, 681901 words/s, in_qsize 32, out_qsize 3
2026-03-26 10:36:05,101 - INFO - EPOCH 1 - PROGRESS: at 16.82% examples, 682508 words/s, in_qsize 31, out_qsize 0
2026-03-26 10:36:06,104 - INFO - EPOCH 1 - PROGRESS: at 16.99% examples, 682558 words/s, in_qsize 31, out_qsize 0
2026-03-26 10:36:07,105 - INFO - EPOCH 1 - PROGRESS: at 17.17% examples, 682895 words/s, in_qsize 31, out_qsize 0
2026-03-26 10:36:08,137 - INFO - EPOCH 1 - PROGRESS: at 17.34% examples, 682782 words/s, in_qsize 32, out_qsize 2
2026-03-26 10:36:09,138 - INFO - EPOCH 1 - PROGRESS: at 17.52% examples, 683107 words/s, in_qsize 32, out_qsize 0
2026-03-26 10:36:10,147 - INFO - EPOCH 1 - PROGRESS: at 17.69% examples, 683087 words/s, in_qsize 32, out_qsize 1
2026-03-26 10:36:11,166 - INFO - EPOCH 1 - PROGRESS: at 17.86% examples, 682938 words/s, in_qsize 31, out_qsize 1
2026-03-26 10:36:12,194 - INFO - EPOCH 1 - PROGRESS: at 18.04% examples, 683009 words/s, in_qsize 30, out_qsize 1
2026-03-26 10:36:13,208 - INFO - EPOCH 1 - PROGRESS: at 18.21% examples, 683156 words/s, in_qsize 30, out_qsize 1
2026-03-26 10:36:14,209 - INFO - EPOCH 1 - PROGRESS: at 18.38% examples, 683183 words/s, in_qsize 31, out_qsize 0
2026-03-26 10:36:15,224 - INFO - EPOCH 1 - PROGRESS: at 18.55% examples, 683056 words/s, in_qsize 31, out_qsize 2
2026-03-26 10:36:16,224 - INFO - EPOCH 1 - PROGRESS: at 18.70% examples, 683141 words/s, in_qsize 30, out_qsize 1
2026-03-26 10:36:17,238 - INFO - EPOCH 1 - PROGRESS: at 18.81% examples, 683067 words/s, in_qsize 32, out_qsize 1
2026-03-26 10:36:18,242 - INFO - EPOCH 1 - PROGRESS: at 18.94% examples, 683088 words/s, in_qsize 30, out_qsize 1
2026-03-26 10:36:19,280 - INFO - EPOCH 1 - PROGRESS: at 19.09% examples, 683177 words/s, in_qsize 32, out_qsize 1
2026-03-26 10:36:20,286 - INFO - EPOCH 1 - PROGRESS: at 19.23% examples, 683388 words/s, in_qsize 31, out_qsize 0
2026-03-26 10:36:21,315 - INFO - EPOCH 1 - PROGRESS: at 19.38% examples, 683290 words/s, in_qsize 32, out_qsize 1
2026-03-26 10:36:22,354 - INFO - EPOCH 1 - PROGRESS: at 19.55% examples, 683344 words/s, in_qsize 32, out_qsize 3
2026-03-26 10:36:23,358 - INFO - EPOCH 1 - PROGRESS: at 19.67% examples, 682854 words/s, in_qsize 31, out_qsize 0
2026-03-26 10:36:24,393 - INFO - EPOCH 1 - PROGRESS: at 19.83% examples, 682742 words/s, in_qsize 32, out_qsize 1
2026-03-26 10:36:25,423 - INFO - EPOCH 1 - PROGRESS: at 19.99% examples, 682595 words/s, in_qsize 31, out_qsize 1
2026-03-26 10:36:26,443 - INFO - EPOCH 1 - PROGRESS: at 20.15% examples, 682556 words/s, in_qsize 32, out_qsize 0
2026-03-26 10:36:27,454 - INFO - EPOCH 1 - PROGRESS: at 20.27% examples, 682451 words/s, in_qsize 32, out_qsize 0
2026-03-26 10:36:28,490 - INFO - EPOCH 1 - PROGRESS: at 20.38% examples, 682213 words/s, in_qsize 26, out_qsize 5
2026-03-26 10:36:29,492 - INFO - EPOCH 1 - PROGRESS: at 20.49% examples, 682366 words/s, in_qsize 32, out_qsize 0
2026-03-26 10:36:30,493 - INFO - EPOCH 1 - PROGRESS: at 20.59% examples, 682365 words/s, in_qsize 31, out_qsize 0
2026-03-26 10:36:31,501 - INFO - EPOCH 1 - PROGRESS: at 20.70% examples, 682211 words/s, in_qsize 32, out_qsize 0
2026-03-26 10:36:32,538 - INFO - EPOCH 1 - PROGRESS: at 20.81% examples, 682097 words/s, in_qsize 31, out_qsize 2
2026-03-26 10:36:33,550 - INFO - EPOCH 1 - PROGRESS: at 20.97% examples, 682176 words/s, in_qsize 31, out_qsize 0
2026-03-26 10:36:34,563 - INFO - EPOCH 1 - PROGRESS: at 21.12% examples, 682112 words/s, in_qsize 32, out_qsize 0
2026-03-26 10:36:35,576 - INFO - EPOCH 1 - PROGRESS: at 21.31% examples, 682045 words/s, in_qsize 31, out_qsize 0
2026-03-26 10:36:36,590 - INFO - EPOCH 1 - PROGRESS: at 21.47% examples, 681918 words/s, in_qsize 31, out_qsize 0
2026-03-26 10:36:37,593 - INFO - EPOCH 1 - PROGRESS: at 21.58% examples, 681735 words/s, in_qsize 32, out_qsize 3
2026-03-26 10:36:38,612 - INFO - EPOCH 1 - PROGRESS: at 21.72% examples, 681914 words/s, in_qsize 30, out_qsize 1
2026-03-26 10:36:39,640 - INFO - EPOCH 1 - PROGRESS: at 21.84% examples, 681849 words/s, in_qsize 30, out_qsize 1
2026-03-26 10:36:40,667 - INFO - EPOCH 1 - PROGRESS: at 22.06% examples, 682198 words/s, in_qsize 32, out_qsize 0
2026-03-26 10:36:41,668 - INFO - EPOCH 1 - PROGRESS: at 22.17% examples, 682156 words/s, in_qsize 32, out_qsize 1
2026-03-26 10:36:42,688 - INFO - EPOCH 1 - PROGRESS: at 22.40% examples, 682381 words/s, in_qsize 32, out_qsize 0
2026-03-26 10:36:43,694 - INFO - EPOCH 1 - PROGRESS: at 22.67% examples, 682753 words/s, in_qsize 30, out_qsize 1
2026-03-26 10:36:44,698 - INFO - EPOCH 1 - PROGRESS: at 22.85% examples, 682801 words/s, in_qsize 31, out_qsize 0
2026-03-26 10:36:45,703 - INFO - EPOCH 1 - PROGRESS: at 23.01% examples, 682809 words/s, in_qsize 30, out_qsize 2
2026-03-26 10:36:46,704 - INFO - EPOCH 1 - PROGRESS: at 23.18% examples, 682709 words/s, in_qsize 31, out_qsize 0
2026-03-26 10:36:47,744 - INFO - EPOCH 1 - PROGRESS: at 23.33% examples, 682036 words/s, in_qsize 32, out_qsize 1
2026-03-26 10:36:48,754 - INFO - EPOCH 1 - PROGRESS: at 23.49% examples, 681947 words/s, in_qsize 32, out_qsize 1
2026-03-26 10:36:49,765 - INFO - EPOCH 1 - PROGRESS: at 23.67% examples, 682061 words/s, in_qsize 31, out_qsize 1
2026-03-26 10:36:50,770 - INFO - EPOCH 1 - PROGRESS: at 23.85% examples, 682196 words/s, in_qsize 31, out_qsize 0
2026-03-26 10:36:51,795 - INFO - EPOCH 1 - PROGRESS: at 24.02% examples, 682094 words/s, in_qsize 30, out_qsize 1
2026-03-26 10:36:52,811 - INFO - EPOCH 1 - PROGRESS: at 24.19% examples, 682138 words/s, in_qsize 30, out_qsize 1
2026-03-26 10:36:53,813 - INFO - EPOCH 1 - PROGRESS: at 24.34% examples, 682193 words/s, in_qsize 28, out_qsize 2
2026-03-26 10:36:54,821 - INFO - EPOCH 1 - PROGRESS: at 24.49% examples, 682243 words/s, in_qsize 31, out_qsize 0
2026-03-26 10:36:55,832 - INFO - EPOCH 1 - PROGRESS: at 24.61% examples, 682134 words/s, in_qsize 31, out_qsize 2
2026-03-26 10:36:56,834 - INFO - EPOCH 1 - PROGRESS: at 24.75% examples, 682182 words/s, in_qsize 31, out_qsize 0
2026-03-26 10:36:57,854 - INFO - EPOCH 1 - PROGRESS: at 24.89% examples, 682120 words/s, in_qsize 31, out_qsize 0
2026-03-26 10:36:58,857 - INFO - EPOCH 1 - PROGRESS: at 25.02% examples, 682120 words/s, in_qsize 32, out_qsize 2
2026-03-26 10:36:59,862 - INFO - EPOCH 1 - PROGRESS: at 25.15% examples, 681871 words/s, in_qsize 30, out_qsize 2
2026-03-26 10:37:00,872 - INFO - EPOCH 1 - PROGRESS: at 25.26% examples, 681960 words/s, in_qsize 31, out_qsize 0
2026-03-26 10:37:01,882 - INFO - EPOCH 1 - PROGRESS: at 25.40% examples, 681979 words/s, in_qsize 30, out_qsize 1
2026-03-26 10:37:02,906 - INFO - EPOCH 1 - PROGRESS: at 25.56% examples, 681891 words/s, in_qsize 30, out_qsize 3
2026-03-26 10:37:03,933 - INFO - EPOCH 1 - PROGRESS: at 25.73% examples, 681922 words/s, in_qsize 32, out_qsize 3
2026-03-26 10:37:04,947 - INFO - EPOCH 1 - PROGRESS: at 25.92% examples, 682137 words/s, in_qsize 32, out_qsize 1
2026-03-26 10:37:05,955 - INFO - EPOCH 1 - PROGRESS: at 26.05% examples, 682216 words/s, in_qsize 31, out_qsize 0
2026-03-26 10:37:06,969 - INFO - EPOCH 1 - PROGRESS: at 26.23% examples, 682175 words/s, in_qsize 32, out_qsize 0
2026-03-26 10:37:07,979 - INFO - EPOCH 1 - PROGRESS: at 26.41% examples, 682193 words/s, in_qsize 30, out_qsize 1
2026-03-26 10:37:08,993 - INFO - EPOCH 1 - PROGRESS: at 26.61% examples, 682420 words/s, in_qsize 30, out_qsize 1
2026-03-26 10:37:10,008 - INFO - EPOCH 1 - PROGRESS: at 26.77% examples, 682136 words/s, in_qsize 32, out_qsize 0
2026-03-26 10:37:11,021 - INFO - EPOCH 1 - PROGRESS: at 26.94% examples, 682068 words/s, in_qsize 31, out_qsize 0
2026-03-26 10:37:12,026 - INFO - EPOCH 1 - PROGRESS: at 27.08% examples, 681510 words/s, in_qsize 32, out_qsize 0
2026-03-26 10:37:13,029 - INFO - EPOCH 1 - PROGRESS: at 27.21% examples, 681032 words/s, in_qsize 32, out_qsize 0
2026-03-26 10:37:14,039 - INFO - EPOCH 1 - PROGRESS: at 27.32% examples, 681029 words/s, in_qsize 31, out_qsize 0
2026-03-26 10:37:15,057 - INFO - EPOCH 1 - PROGRESS: at 27.42% examples, 680909 words/s, in_qsize 32, out_qsize 3
2026-03-26 10:37:16,059 - INFO - EPOCH 1 - PROGRESS: at 27.54% examples, 680944 words/s, in_qsize 32, out_qsize 0
2026-03-26 10:37:17,069 - INFO - EPOCH 1 - PROGRESS: at 27.70% examples, 681008 words/s, in_qsize 32, out_qsize 0
2026-03-26 10:37:18,077 - INFO - EPOCH 1 - PROGRESS: at 27.84% examples, 680868 words/s, in_qsize 32, out_qsize 1
2026-03-26 10:37:19,081 - INFO - EPOCH 1 - PROGRESS: at 27.99% examples, 680910 words/s, in_qsize 32, out_qsize 0
2026-03-26 10:37:20,092 - INFO - EPOCH 1 - PROGRESS: at 28.06% examples, 680772 words/s, in_qsize 29, out_qsize 2
2026-03-26 10:37:21,098 - INFO - EPOCH 1 - PROGRESS: at 28.16% examples, 680706 words/s, in_qsize 31, out_qsize 0
2026-03-26 10:37:22,115 - INFO - EPOCH 1 - PROGRESS: at 28.31% examples, 680710 words/s, in_qsize 31, out_qsize 0
2026-03-26 10:37:23,118 - INFO - EPOCH 1 - PROGRESS: at 28.44% examples, 680690 words/s, in_qsize 31, out_qsize 1
2026-03-26 10:37:24,123 - INFO - EPOCH 1 - PROGRESS: at 28.60% examples, 680694 words/s, in_qsize 31, out_qsize 1
2026-03-26 10:37:25,130 - INFO - EPOCH 1 - PROGRESS: at 28.75% examples, 680756 words/s, in_qsize 32, out_qsize 1
2026-03-26 10:37:26,189 - INFO - EPOCH 1 - PROGRESS: at 28.90% examples, 680553 words/s, in_qsize 29, out_qsize 5
2026-03-26 10:37:27,196 - INFO - EPOCH 1 - PROGRESS: at 29.05% examples, 680766 words/s, in_qsize 32, out_qsize 1
2026-03-26 10:37:28,207 - INFO - EPOCH 1 - PROGRESS: at 29.20% examples, 680608 words/s, in_qsize 32, out_qsize 3
2026-03-26 10:37:29,231 - INFO - EPOCH 1 - PROGRESS: at 29.35% examples, 680606 words/s, in_qsize 32, out_qsize 1
2026-03-26 10:37:30,250 - INFO - EPOCH 1 - PROGRESS: at 29.50% examples, 680702 words/s, in_qsize 32, out_qsize 0
2026-03-26 10:37:31,259 - INFO - EPOCH 1 - PROGRESS: at 29.65% examples, 680705 words/s, in_qsize 32, out_qsize 0
2026-03-26 10:37:32,285 - INFO - EPOCH 1 - PROGRESS: at 29.86% examples, 680857 words/s, in_qsize 30, out_qsize 1
2026-03-26 10:37:33,290 - INFO - EPOCH 1 - PROGRESS: at 30.01% examples, 680959 words/s, in_qsize 32, out_qsize 0
2026-03-26 10:37:34,292 - INFO - EPOCH 1 - PROGRESS: at 30.15% examples, 681010 words/s, in_qsize 31, out_qsize 0
2026-03-26 10:37:35,293 - INFO - EPOCH 1 - PROGRESS: at 30.27% examples, 680957 words/s, in_qsize 31, out_qsize 0
2026-03-26 10:37:36,315 - INFO - EPOCH 1 - PROGRESS: at 30.41% examples, 680684 words/s, in_qsize 32, out_qsize 0
2026-03-26 10:37:37,320 - INFO - EPOCH 1 - PROGRESS: at 30.54% examples, 680558 words/s, in_qsize 32, out_qsize 1
2026-03-26 10:37:38,321 - INFO - EPOCH 1 - PROGRESS: at 30.69% examples, 680516 words/s, in_qsize 32, out_qsize 1
2026-03-26 10:37:39,340 - INFO - EPOCH 1 - PROGRESS: at 30.81% examples, 680423 words/s, in_qsize 29, out_qsize 3
2026-03-26 10:37:40,344 - INFO - EPOCH 1 - PROGRESS: at 30.94% examples, 680451 words/s, in_qsize 31, out_qsize 2
2026-03-26 10:37:41,396 - INFO - EPOCH 1 - PROGRESS: at 31.06% examples, 680214 words/s, in_qsize 28, out_qsize 7
2026-03-26 10:37:42,428 - INFO - EPOCH 1 - PROGRESS: at 31.19% examples, 680304 words/s, in_qsize 32, out_qsize 3
2026-03-26 10:37:43,436 - INFO - EPOCH 1 - PROGRESS: at 31.32% examples, 680366 words/s, in_qsize 31, out_qsize 0
2026-03-26 10:37:44,458 - INFO - EPOCH 1 - PROGRESS: at 31.44% examples, 680311 words/s, in_qsize 32, out_qsize 0
2026-03-26 10:37:45,468 - INFO - EPOCH 1 - PROGRESS: at 31.56% examples, 680271 words/s, in_qsize 30, out_qsize 2
2026-03-26 10:37:46,475 - INFO - EPOCH 1 - PROGRESS: at 31.69% examples, 680307 words/s, in_qsize 32, out_qsize 0
2026-03-26 10:37:47,484 - INFO - EPOCH 1 - PROGRESS: at 31.82% examples, 680346 words/s, in_qsize 31, out_qsize 0
2026-03-26 10:37:48,519 - INFO - EPOCH 1 - PROGRESS: at 31.94% examples, 680225 words/s, in_qsize 31, out_qsize 2
2026-03-26 10:37:49,547 - INFO - EPOCH 1 - PROGRESS: at 32.08% examples, 680266 words/s, in_qsize 31, out_qsize 3
2026-03-26 10:37:50,565 - INFO - EPOCH 1 - PROGRESS: at 32.19% examples, 680240 words/s, in_qsize 32, out_qsize 2
2026-03-26 10:37:51,596 - INFO - EPOCH 1 - PROGRESS: at 32.36% examples, 680326 words/s, in_qsize 30, out_qsize 2
2026-03-26 10:37:52,631 - INFO - EPOCH 1 - PROGRESS: at 32.57% examples, 680407 words/s, in_qsize 31, out_qsize 2
2026-03-26 10:37:53,666 - INFO - EPOCH 1 - PROGRESS: at 32.75% examples, 680464 words/s, in_qsize 32, out_qsize 3
2026-03-26 10:37:54,695 - INFO - EPOCH 1 - PROGRESS: at 32.89% examples, 680484 words/s, in_qsize 27, out_qsize 2
2026-03-26 10:37:55,702 - INFO - EPOCH 1 - PROGRESS: at 33.06% examples, 680559 words/s, in_qsize 28, out_qsize 2
2026-03-26 10:37:56,736 - INFO - EPOCH 1 - PROGRESS: at 33.23% examples, 680557 words/s, in_qsize 28, out_qsize 3
2026-03-26 10:37:57,747 - INFO - EPOCH 1 - PROGRESS: at 33.40% examples, 680621 words/s, in_qsize 32, out_qsize 3
2026-03-26 10:37:58,763 - INFO - EPOCH 1 - PROGRESS: at 33.58% examples, 680742 words/s, in_qsize 31, out_qsize 0
2026-03-26 10:37:59,784 - INFO - EPOCH 1 - PROGRESS: at 33.75% examples, 680773 words/s, in_qsize 31, out_qsize 0
2026-03-26 10:38:00,797 - INFO - EPOCH 1 - PROGRESS: at 33.92% examples, 680795 words/s, in_qsize 32, out_qsize 1
2026-03-26 10:38:01,817 - INFO - EPOCH 1 - PROGRESS: at 34.10% examples, 680893 words/s, in_qsize 32, out_qsize 0
2026-03-26 10:38:02,826 - INFO - EPOCH 1 - PROGRESS: at 34.19% examples, 680825 words/s, in_qsize 32, out_qsize 0
2026-03-26 10:38:03,846 - INFO - EPOCH 1 - PROGRESS: at 34.28% examples, 680718 words/s, in_qsize 32, out_qsize 0
2026-03-26 10:38:04,882 - INFO - EPOCH 1 - PROGRESS: at 34.43% examples, 680590 words/s, in_qsize 30, out_qsize 1
2026-03-26 10:38:05,891 - INFO - EPOCH 1 - PROGRESS: at 34.55% examples, 680688 words/s, in_qsize 31, out_qsize 0
2026-03-26 10:38:06,905 - INFO - EPOCH 1 - PROGRESS: at 34.65% examples, 680532 words/s, in_qsize 32, out_qsize 1
2026-03-26 10:38:07,908 - INFO - EPOCH 1 - PROGRESS: at 34.76% examples, 680548 words/s, in_qsize 31, out_qsize 0
2026-03-26 10:38:08,913 - INFO - EPOCH 1 - PROGRESS: at 34.87% examples, 680554 words/s, in_qsize 32, out_qsize 0
2026-03-26 10:38:09,931 - INFO - EPOCH 1 - PROGRESS: at 34.98% examples, 680465 words/s, in_qsize 31, out_qsize 3
2026-03-26 10:38:10,932 - INFO - EPOCH 1 - PROGRESS: at 35.14% examples, 680695 words/s, in_qsize 31, out_qsize 0
2026-03-26 10:38:11,941 - INFO - EPOCH 1 - PROGRESS: at 35.28% examples, 680637 words/s, in_qsize 32, out_qsize 0
2026-03-26 10:38:12,942 - INFO - EPOCH 1 - PROGRESS: at 35.46% examples, 680646 words/s, in_qsize 29, out_qsize 2
2026-03-26 10:38:13,955 - INFO - EPOCH 1 - PROGRESS: at 35.64% examples, 680646 words/s, in_qsize 29, out_qsize 2
2026-03-26 10:38:14,978 - INFO - EPOCH 1 - PROGRESS: at 35.80% examples, 680574 words/s, in_qsize 31, out_qsize 4
2026-03-26 10:38:15,988 - INFO - EPOCH 1 - PROGRESS: at 35.96% examples, 680818 words/s, in_qsize 30, out_qsize 1
2026-03-26 10:38:17,035 - INFO - EPOCH 1 - PROGRESS: at 36.12% examples, 680726 words/s, in_qsize 30, out_qsize 1
2026-03-26 10:38:18,048 - INFO - EPOCH 1 - PROGRESS: at 36.26% examples, 680722 words/s, in_qsize 30, out_qsize 1
2026-03-26 10:38:19,075 - INFO - EPOCH 1 - PROGRESS: at 36.40% examples, 680590 words/s, in_qsize 28, out_qsize 2
2026-03-26 10:38:20,121 - INFO - EPOCH 1 - PROGRESS: at 36.54% examples, 680623 words/s, in_qsize 31, out_qsize 0
2026-03-26 10:38:21,145 - INFO - EPOCH 1 - PROGRESS: at 36.68% examples, 680621 words/s, in_qsize 32, out_qsize 0
2026-03-26 10:38:22,205 - INFO - EPOCH 1 - PROGRESS: at 36.80% examples, 680529 words/s, in_qsize 31, out_qsize 3
2026-03-26 10:38:23,211 - INFO - EPOCH 1 - PROGRESS: at 36.95% examples, 680602 words/s, in_qsize 32, out_qsize 1
2026-03-26 10:38:24,217 - INFO - EPOCH 1 - PROGRESS: at 37.11% examples, 680590 words/s, in_qsize 29, out_qsize 2
2026-03-26 10:38:25,225 - INFO - EPOCH 1 - PROGRESS: at 37.23% examples, 680609 words/s, in_qsize 31, out_qsize 1
2026-03-26 10:38:26,229 - INFO - EPOCH 1 - PROGRESS: at 37.35% examples, 680618 words/s, in_qsize 31, out_qsize 1
2026-03-26 10:38:27,259 - INFO - EPOCH 1 - PROGRESS: at 37.46% examples, 680533 words/s, in_qsize 32, out_qsize 4
2026-03-26 10:38:28,282 - INFO - EPOCH 1 - PROGRESS: at 37.58% examples, 680583 words/s, in_qsize 30, out_qsize 2
2026-03-26 10:38:29,342 - INFO - EPOCH 1 - PROGRESS: at 37.71% examples, 680476 words/s, in_qsize 32, out_qsize 4
2026-03-26 10:38:30,349 - INFO - EPOCH 1 - PROGRESS: at 37.84% examples, 680631 words/s, in_qsize 31, out_qsize 1
2026-03-26 10:38:31,362 - INFO - EPOCH 1 - PROGRESS: at 37.97% examples, 680628 words/s, in_qsize 30, out_qsize 1
2026-03-26 10:38:32,369 - INFO - EPOCH 1 - PROGRESS: at 38.06% examples, 680612 words/s, in_qsize 30, out_qsize 1
2026-03-26 10:38:33,371 - INFO - EPOCH 1 - PROGRESS: at 38.18% examples, 680604 words/s, in_qsize 31, out_qsize 0
2026-03-26 10:38:34,376 - INFO - EPOCH 1 - PROGRESS: at 38.29% examples, 680577 words/s, in_qsize 31, out_qsize 1
2026-03-26 10:38:35,377 - INFO - EPOCH 1 - PROGRESS: at 38.40% examples, 680487 words/s, in_qsize 32, out_qsize 2
2026-03-26 10:38:36,396 - INFO - EPOCH 1 - PROGRESS: at 38.51% examples, 680484 words/s, in_qsize 31, out_qsize 2
2026-03-26 10:38:37,413 - INFO - EPOCH 1 - PROGRESS: at 38.65% examples, 680458 words/s, in_qsize 31, out_qsize 0
2026-03-26 10:38:38,453 - INFO - EPOCH 1 - PROGRESS: at 38.83% examples, 680078 words/s, in_qsize 30, out_qsize 1
2026-03-26 10:38:39,465 - INFO - EPOCH 1 - PROGRESS: at 39.04% examples, 680034 words/s, in_qsize 30, out_qsize 1
2026-03-26 10:38:40,488 - INFO - EPOCH 1 - PROGRESS: at 39.15% examples, 679992 words/s, in_qsize 31, out_qsize 1
2026-03-26 10:38:41,496 - INFO - EPOCH 1 - PROGRESS: at 39.27% examples, 680019 words/s, in_qsize 31, out_qsize 0
2026-03-26 10:38:42,504 - INFO - EPOCH 1 - PROGRESS: at 39.38% examples, 680051 words/s, in_qsize 30, out_qsize 0
2026-03-26 10:38:43,531 - INFO - EPOCH 1 - PROGRESS: at 39.49% examples, 680021 words/s, in_qsize 32, out_qsize 0
2026-03-26 10:38:44,539 - INFO - EPOCH 1 - PROGRESS: at 39.63% examples, 680020 words/s, in_qsize 30, out_qsize 1
2026-03-26 10:38:45,564 - INFO - EPOCH 1 - PROGRESS: at 39.77% examples, 679949 words/s, in_qsize 32, out_qsize 1
2026-03-26 10:38:46,568 - INFO - EPOCH 1 - PROGRESS: at 39.91% examples, 680020 words/s, in_qsize 31, out_qsize 0
2026-03-26 10:38:47,587 - INFO - EPOCH 1 - PROGRESS: at 40.04% examples, 679969 words/s, in_qsize 31, out_qsize 0
2026-03-26 10:38:48,604 - INFO - EPOCH 1 - PROGRESS: at 40.17% examples, 679980 words/s, in_qsize 32, out_qsize 1
2026-03-26 10:38:49,622 - INFO - EPOCH 1 - PROGRESS: at 40.30% examples, 680005 words/s, in_qsize 31, out_qsize 3
2026-03-26 10:38:50,626 - INFO - EPOCH 1 - PROGRESS: at 40.43% examples, 680047 words/s, in_qsize 32, out_qsize 0
2026-03-26 10:38:51,660 - INFO - EPOCH 1 - PROGRESS: at 40.58% examples, 680013 words/s, in_qsize 32, out_qsize 2
2026-03-26 10:38:52,689 - INFO - EPOCH 1 - PROGRESS: at 40.74% examples, 680047 words/s, in_qsize 32, out_qsize 2
2026-03-26 10:38:53,706 - INFO - EPOCH 1 - PROGRESS: at 40.90% examples, 680054 words/s, in_qsize 32, out_qsize 0
2026-03-26 10:38:54,715 - INFO - EPOCH 1 - PROGRESS: at 41.06% examples, 680104 words/s, in_qsize 31, out_qsize 0
2026-03-26 10:38:55,769 - INFO - EPOCH 1 - PROGRESS: at 41.22% examples, 680022 words/s, in_qsize 32, out_qsize 2
2026-03-26 10:38:56,803 - INFO - EPOCH 1 - PROGRESS: at 41.38% examples, 680105 words/s, in_qsize 32, out_qsize 0
2026-03-26 10:38:57,811 - INFO - EPOCH 1 - PROGRESS: at 41.49% examples, 680077 words/s, in_qsize 28, out_qsize 2
2026-03-26 10:38:58,828 - INFO - EPOCH 1 - PROGRESS: at 41.61% examples, 680005 words/s, in_qsize 31, out_qsize 3
2026-03-26 10:38:59,839 - INFO - EPOCH 1 - PROGRESS: at 41.72% examples, 680147 words/s, in_qsize 30, out_qsize 0
2026-03-26 10:39:00,840 - INFO - EPOCH 1 - PROGRESS: at 41.82% examples, 680070 words/s, in_qsize 32, out_qsize 1
2026-03-26 10:39:01,871 - INFO - EPOCH 1 - PROGRESS: at 41.92% examples, 680012 words/s, in_qsize 31, out_qsize 3
2026-03-26 10:39:02,889 - INFO - EPOCH 1 - PROGRESS: at 42.02% examples, 679958 words/s, in_qsize 32, out_qsize 0
2026-03-26 10:39:03,935 - INFO - EPOCH 1 - PROGRESS: at 42.12% examples, 679870 words/s, in_qsize 32, out_qsize 0
2026-03-26 10:39:04,966 - INFO - EPOCH 1 - PROGRESS: at 42.22% examples, 679795 words/s, in_qsize 32, out_qsize 1
2026-03-26 10:39:05,969 - INFO - EPOCH 1 - PROGRESS: at 42.37% examples, 679861 words/s, in_qsize 31, out_qsize 0
2026-03-26 10:39:07,022 - INFO - EPOCH 1 - PROGRESS: at 42.56% examples, 679787 words/s, in_qsize 31, out_qsize 0
2026-03-26 10:39:08,023 - INFO - EPOCH 1 - PROGRESS: at 42.73% examples, 679788 words/s, in_qsize 32, out_qsize 0
2026-03-26 10:39:09,045 - INFO - EPOCH 1 - PROGRESS: at 42.86% examples, 679784 words/s, in_qsize 31, out_qsize 2
2026-03-26 10:39:10,084 - INFO - EPOCH 1 - PROGRESS: at 43.05% examples, 679783 words/s, in_qsize 32, out_qsize 3
2026-03-26 10:39:11,086 - INFO - EPOCH 1 - PROGRESS: at 43.26% examples, 679945 words/s, in_qsize 32, out_qsize 0
2026-03-26 10:39:12,092 - INFO - EPOCH 1 - PROGRESS: at 43.37% examples, 679899 words/s, in_qsize 32, out_qsize 2
2026-03-26 10:39:13,096 - INFO - EPOCH 1 - PROGRESS: at 43.48% examples, 679867 words/s, in_qsize 30, out_qsize 1
2026-03-26 10:39:14,097 - INFO - EPOCH 1 - PROGRESS: at 43.58% examples, 679733 words/s, in_qsize 31, out_qsize 3
2026-03-26 10:39:15,108 - INFO - EPOCH 1 - PROGRESS: at 43.69% examples, 679738 words/s, in_qsize 32, out_qsize 2
2026-03-26 10:39:16,128 - INFO - EPOCH 1 - PROGRESS: at 43.77% examples, 679700 words/s, in_qsize 31, out_qsize 0
2026-03-26 10:39:17,141 - INFO - EPOCH 1 - PROGRESS: at 43.90% examples, 679700 words/s, in_qsize 32, out_qsize 1
2026-03-26 10:39:18,150 - INFO - EPOCH 1 - PROGRESS: at 44.09% examples, 679846 words/s, in_qsize 31, out_qsize 0
2026-03-26 10:39:19,168 - INFO - EPOCH 1 - PROGRESS: at 44.32% examples, 679885 words/s, in_qsize 32, out_qsize 0
2026-03-26 10:39:20,170 - INFO - EPOCH 1 - PROGRESS: at 44.56% examples, 680012 words/s, in_qsize 31, out_qsize 0
2026-03-26 10:39:21,173 - INFO - EPOCH 1 - PROGRESS: at 44.71% examples, 679823 words/s, in_qsize 30, out_qsize 1
2026-03-26 10:39:22,207 - INFO - EPOCH 1 - PROGRESS: at 44.82% examples, 679748 words/s, in_qsize 32, out_qsize 4
2026-03-26 10:39:23,212 - INFO - EPOCH 1 - PROGRESS: at 44.94% examples, 679853 words/s, in_qsize 32, out_qsize 0
2026-03-26 10:39:24,243 - INFO - EPOCH 1 - PROGRESS: at 45.10% examples, 679764 words/s, in_qsize 30, out_qsize 3
2026-03-26 10:39:25,248 - INFO - EPOCH 1 - PROGRESS: at 45.22% examples, 679861 words/s, in_qsize 31, out_qsize 0
2026-03-26 10:39:26,254 - INFO - EPOCH 1 - PROGRESS: at 45.32% examples, 679814 words/s, in_qsize 31, out_qsize 0
2026-03-26 10:39:27,256 - INFO - EPOCH 1 - PROGRESS: at 45.42% examples, 679743 words/s, in_qsize 32, out_qsize 0
2026-03-26 10:39:28,304 - INFO - EPOCH 1 - PROGRESS: at 45.53% examples, 679621 words/s, in_qsize 32, out_qsize 2
2026-03-26 10:39:29,305 - INFO - EPOCH 1 - PROGRESS: at 45.63% examples, 679722 words/s, in_qsize 31, out_qsize 0
2026-03-26 10:39:30,316 - INFO - EPOCH 1 - PROGRESS: at 45.73% examples, 679632 words/s, in_qsize 31, out_qsize 2
2026-03-26 10:39:31,327 - INFO - EPOCH 1 - PROGRESS: at 45.83% examples, 679565 words/s, in_qsize 32, out_qsize 2
2026-03-26 10:39:32,328 - INFO - EPOCH 1 - PROGRESS: at 45.97% examples, 679653 words/s, in_qsize 32, out_qsize 1
2026-03-26 10:39:33,342 - INFO - EPOCH 1 - PROGRESS: at 46.09% examples, 679628 words/s, in_qsize 30, out_qsize 1
2026-03-26 10:39:34,346 - INFO - EPOCH 1 - PROGRESS: at 46.19% examples, 679540 words/s, in_qsize 31, out_qsize 4
2026-03-26 10:39:35,374 - INFO - EPOCH 1 - PROGRESS: at 46.31% examples, 679593 words/s, in_qsize 31, out_qsize 1
2026-03-26 10:39:36,400 - INFO - EPOCH 1 - PROGRESS: at 46.43% examples, 679539 words/s, in_qsize 31, out_qsize 3
2026-03-26 10:39:37,473 - INFO - EPOCH 1 - PROGRESS: at 46.54% examples, 679316 words/s, in_qsize 31, out_qsize 1
2026-03-26 10:39:38,493 - INFO - EPOCH 1 - PROGRESS: at 46.82% examples, 679401 words/s, in_qsize 31, out_qsize 0
2026-03-26 10:39:39,499 - INFO - EPOCH 1 - PROGRESS: at 47.08% examples, 679174 words/s, in_qsize 32, out_qsize 0
2026-03-26 10:39:40,513 - INFO - EPOCH 1 - PROGRESS: at 47.18% examples, 678882 words/s, in_qsize 32, out_qsize 1
2026-03-26 10:39:41,517 - INFO - EPOCH 1 - PROGRESS: at 47.31% examples, 678876 words/s, in_qsize 32, out_qsize 0
2026-03-26 10:39:42,529 - INFO - EPOCH 1 - PROGRESS: at 47.43% examples, 678830 words/s, in_qsize 32, out_qsize 1
2026-03-26 10:39:43,550 - INFO - EPOCH 1 - PROGRESS: at 47.56% examples, 678816 words/s, in_qsize 32, out_qsize 3
2026-03-26 10:39:44,580 - INFO - EPOCH 1 - PROGRESS: at 47.69% examples, 678780 words/s, in_qsize 31, out_qsize 1
2026-03-26 10:39:45,582 - INFO - EPOCH 1 - PROGRESS: at 47.82% examples, 678798 words/s, in_qsize 31, out_qsize 0
2026-03-26 10:39:46,583 - INFO - EPOCH 1 - PROGRESS: at 47.95% examples, 678773 words/s, in_qsize 31, out_qsize 3
2026-03-26 10:39:47,583 - INFO - EPOCH 1 - PROGRESS: at 48.07% examples, 678774 words/s, in_qsize 32, out_qsize 0
2026-03-26 10:39:48,611 - INFO - EPOCH 1 - PROGRESS: at 48.19% examples, 678722 words/s, in_qsize 32, out_qsize 3
2026-03-26 10:39:49,616 - INFO - EPOCH 1 - PROGRESS: at 48.31% examples, 678571 words/s, in_qsize 32, out_qsize 10
2026-03-26 10:39:50,616 - INFO - EPOCH 1 - PROGRESS: at 48.45% examples, 678782 words/s, in_qsize 30, out_qsize 1
2026-03-26 10:39:51,638 - INFO - EPOCH 1 - PROGRESS: at 48.58% examples, 678762 words/s, in_qsize 30, out_qsize 1
2026-03-26 10:39:52,641 - INFO - EPOCH 1 - PROGRESS: at 48.70% examples, 678755 words/s, in_qsize 31, out_qsize 1
2026-03-26 10:39:53,657 - INFO - EPOCH 1 - PROGRESS: at 48.83% examples, 678774 words/s, in_qsize 31, out_qsize 0
2026-03-26 10:39:54,661 - INFO - EPOCH 1 - PROGRESS: at 48.96% examples, 678792 words/s, in_qsize 31, out_qsize 0
2026-03-26 10:39:55,665 - INFO - EPOCH 1 - PROGRESS: at 49.09% examples, 678805 words/s, in_qsize 32, out_qsize 0
2026-03-26 10:39:56,708 - INFO - EPOCH 1 - PROGRESS: at 49.21% examples, 678703 words/s, in_qsize 32, out_qsize 3
2026-03-26 10:39:57,717 - INFO - EPOCH 1 - PROGRESS: at 49.34% examples, 678781 words/s, in_qsize 32, out_qsize 1
2026-03-26 10:39:58,730 - INFO - EPOCH 1 - PROGRESS: at 49.47% examples, 678731 words/s, in_qsize 32, out_qsize 3
2026-03-26 10:39:59,755 - INFO - EPOCH 1 - PROGRESS: at 49.60% examples, 678770 words/s, in_qsize 32, out_qsize 2
2026-03-26 10:40:00,786 - INFO - EPOCH 1 - PROGRESS: at 49.73% examples, 678687 words/s, in_qsize 27, out_qsize 4
2026-03-26 10:40:01,787 - INFO - EPOCH 1 - PROGRESS: at 49.85% examples, 678805 words/s, in_qsize 32, out_qsize 0
2026-03-26 10:40:02,805 - INFO - EPOCH 1 - PROGRESS: at 49.97% examples, 678776 words/s, in_qsize 31, out_qsize 0
2026-03-26 10:40:03,830 - INFO - EPOCH 1 - PROGRESS: at 50.09% examples, 678715 words/s, in_qsize 32, out_qsize 2
2026-03-26 10:40:04,842 - INFO - EPOCH 1 - PROGRESS: at 50.21% examples, 678687 words/s, in_qsize 28, out_qsize 3
2026-03-26 10:40:05,898 - INFO - EPOCH 1 - PROGRESS: at 50.37% examples, 678635 words/s, in_qsize 31, out_qsize 0
2026-03-26 10:40:06,913 - INFO - EPOCH 1 - PROGRESS: at 50.53% examples, 678616 words/s, in_qsize 31, out_qsize 0
2026-03-26 10:40:07,937 - INFO - EPOCH 1 - PROGRESS: at 50.67% examples, 678250 words/s, in_qsize 32, out_qsize 0
2026-03-26 10:40:08,938 - INFO - EPOCH 1 - PROGRESS: at 50.81% examples, 677998 words/s, in_qsize 32, out_qsize 0
2026-03-26 10:40:09,946 - INFO - EPOCH 1 - PROGRESS: at 50.97% examples, 677935 words/s, in_qsize 31, out_qsize 0
2026-03-26 10:40:10,951 - INFO - EPOCH 1 - PROGRESS: at 51.10% examples, 677706 words/s, in_qsize 27, out_qsize 2
2026-03-26 10:40:11,959 - INFO - EPOCH 1 - PROGRESS: at 51.27% examples, 677716 words/s, in_qsize 25, out_qsize 6
2026-03-26 10:40:12,963 - INFO - EPOCH 1 - PROGRESS: at 51.48% examples, 677943 words/s, in_qsize 30, out_qsize 1
2026-03-26 10:40:14,001 - INFO - EPOCH 1 - PROGRESS: at 51.70% examples, 678087 words/s, in_qsize 31, out_qsize 1
2026-03-26 10:40:15,023 - INFO - EPOCH 1 - PROGRESS: at 51.93% examples, 678347 words/s, in_qsize 31, out_qsize 0
2026-03-26 10:40:16,073 - INFO - EPOCH 1 - PROGRESS: at 52.14% examples, 678298 words/s, in_qsize 31, out_qsize 2
2026-03-26 10:40:17,089 - INFO - EPOCH 1 - PROGRESS: at 52.35% examples, 678378 words/s, in_qsize 30, out_qsize 1
2026-03-26 10:40:18,091 - INFO - EPOCH 1 - PROGRESS: at 52.57% examples, 678608 words/s, in_qsize 31, out_qsize 0
2026-03-26 10:40:19,123 - INFO - EPOCH 1 - PROGRESS: at 52.75% examples, 678364 words/s, in_qsize 32, out_qsize 0
2026-03-26 10:40:20,126 - INFO - EPOCH 1 - PROGRESS: at 52.97% examples, 678612 words/s, in_qsize 30, out_qsize 1
2026-03-26 10:40:21,153 - INFO - EPOCH 1 - PROGRESS: at 53.18% examples, 678670 words/s, in_qsize 31, out_qsize 0
2026-03-26 10:40:22,193 - INFO - EPOCH 1 - PROGRESS: at 53.38% examples, 678602 words/s, in_qsize 29, out_qsize 2
2026-03-26 10:40:23,235 - INFO - EPOCH 1 - PROGRESS: at 53.59% examples, 678610 words/s, in_qsize 31, out_qsize 1
2026-03-26 10:40:24,248 - INFO - EPOCH 1 - PROGRESS: at 53.79% examples, 678611 words/s, in_qsize 31, out_qsize 0
2026-03-26 10:40:25,249 - INFO - EPOCH 1 - PROGRESS: at 53.99% examples, 678593 words/s, in_qsize 30, out_qsize 1
2026-03-26 10:40:26,252 - INFO - EPOCH 1 - PROGRESS: at 54.19% examples, 678633 words/s, in_qsize 31, out_qsize 1
2026-03-26 10:40:27,276 - INFO - EPOCH 1 - PROGRESS: at 54.39% examples, 678630 words/s, in_qsize 30, out_qsize 1
2026-03-26 10:40:28,318 - INFO - EPOCH 1 - PROGRESS: at 54.60% examples, 678618 words/s, in_qsize 32, out_qsize 1
2026-03-26 10:40:29,332 - INFO - EPOCH 1 - PROGRESS: at 54.81% examples, 678699 words/s, in_qsize 32, out_qsize 0
2026-03-26 10:40:30,333 - INFO - EPOCH 1 - PROGRESS: at 55.03% examples, 678887 words/s, in_qsize 30, out_qsize 1
2026-03-26 10:40:31,345 - INFO - EPOCH 1 - PROGRESS: at 55.18% examples, 678776 words/s, in_qsize 30, out_qsize 1
2026-03-26 10:40:32,346 - INFO - EPOCH 1 - PROGRESS: at 55.30% examples, 678783 words/s, in_qsize 31, out_qsize 0
2026-03-26 10:40:33,365 - INFO - EPOCH 1 - PROGRESS: at 55.42% examples, 678817 words/s, in_qsize 31, out_qsize 0
2026-03-26 10:40:34,384 - INFO - EPOCH 1 - PROGRESS: at 55.55% examples, 678798 words/s, in_qsize 31, out_qsize 0
2026-03-26 10:40:35,385 - INFO - EPOCH 1 - PROGRESS: at 55.72% examples, 678887 words/s, in_qsize 31, out_qsize 0
2026-03-26 10:40:36,385 - INFO - EPOCH 1 - PROGRESS: at 55.95% examples, 678983 words/s, in_qsize 30, out_qsize 0
2026-03-26 10:40:37,393 - INFO - EPOCH 1 - PROGRESS: at 56.12% examples, 679022 words/s, in_qsize 31, out_qsize 0
2026-03-26 10:40:38,411 - INFO - EPOCH 1 - PROGRESS: at 56.25% examples, 678968 words/s, in_qsize 28, out_qsize 3
2026-03-26 10:40:39,413 - INFO - EPOCH 1 - PROGRESS: at 56.39% examples, 679088 words/s, in_qsize 31, out_qsize 0
2026-03-26 10:40:40,422 - INFO - EPOCH 1 - PROGRESS: at 56.51% examples, 679052 words/s, in_qsize 29, out_qsize 2
2026-03-26 10:40:41,486 - INFO - EPOCH 1 - PROGRESS: at 56.63% examples, 678951 words/s, in_qsize 32, out_qsize 6
2026-03-26 10:40:42,511 - INFO - EPOCH 1 - PROGRESS: at 56.75% examples, 678945 words/s, in_qsize 26, out_qsize 6
2026-03-26 10:40:43,526 - INFO - EPOCH 1 - PROGRESS: at 56.92% examples, 679017 words/s, in_qsize 27, out_qsize 4
2026-03-26 10:40:44,538 - INFO - EPOCH 1 - PROGRESS: at 57.10% examples, 679056 words/s, in_qsize 32, out_qsize 0
2026-03-26 10:40:45,565 - INFO - EPOCH 1 - PROGRESS: at 57.29% examples, 679111 words/s, in_qsize 32, out_qsize 0
2026-03-26 10:40:46,588 - INFO - EPOCH 1 - PROGRESS: at 57.46% examples, 679070 words/s, in_qsize 30, out_qsize 3
2026-03-26 10:40:47,593 - INFO - EPOCH 1 - PROGRESS: at 57.64% examples, 679161 words/s, in_qsize 32, out_qsize 0
2026-03-26 10:40:48,658 - INFO - EPOCH 1 - PROGRESS: at 57.82% examples, 679087 words/s, in_qsize 30, out_qsize 4
2026-03-26 10:40:49,664 - INFO - EPOCH 1 - PROGRESS: at 58.00% examples, 679138 words/s, in_qsize 30, out_qsize 1
2026-03-26 10:40:50,668 - INFO - EPOCH 1 - PROGRESS: at 58.17% examples, 679236 words/s, in_qsize 31, out_qsize 0
2026-03-26 10:40:51,671 - INFO - EPOCH 1 - PROGRESS: at 58.33% examples, 679138 words/s, in_qsize 30, out_qsize 1
2026-03-26 10:40:52,677 - INFO - EPOCH 1 - PROGRESS: at 58.51% examples, 679192 words/s, in_qsize 32, out_qsize 0
2026-03-26 10:40:53,695 - INFO - EPOCH 1 - PROGRESS: at 58.69% examples, 679228 words/s, in_qsize 31, out_qsize 2
2026-03-26 10:40:54,702 - INFO - EPOCH 1 - PROGRESS: at 58.85% examples, 679270 words/s, in_qsize 32, out_qsize 1
2026-03-26 10:40:55,724 - INFO - EPOCH 1 - PROGRESS: at 59.03% examples, 679274 words/s, in_qsize 31, out_qsize 0
2026-03-26 10:40:56,736 - INFO - EPOCH 1 - PROGRESS: at 59.22% examples, 679352 words/s, in_qsize 31, out_qsize 0
2026-03-26 10:40:57,758 - INFO - EPOCH 1 - PROGRESS: at 59.36% examples, 679248 words/s, in_qsize 31, out_qsize 3
2026-03-26 10:40:58,802 - INFO - EPOCH 1 - PROGRESS: at 59.54% examples, 679253 words/s, in_qsize 27, out_qsize 7
2026-03-26 10:40:59,811 - INFO - EPOCH 1 - PROGRESS: at 59.73% examples, 679412 words/s, in_qsize 32, out_qsize 0
2026-03-26 10:41:00,836 - INFO - EPOCH 1 - PROGRESS: at 59.80% examples, 679352 words/s, in_qsize 32, out_qsize 0
2026-03-26 10:41:01,850 - INFO - EPOCH 1 - PROGRESS: at 59.92% examples, 679359 words/s, in_qsize 32, out_qsize 2
2026-03-26 10:41:02,883 - INFO - EPOCH 1 - PROGRESS: at 60.07% examples, 679345 words/s, in_qsize 32, out_qsize 2
2026-03-26 10:41:03,888 - INFO - EPOCH 1 - PROGRESS: at 60.24% examples, 679364 words/s, in_qsize 31, out_qsize 0
2026-03-26 10:41:04,901 - INFO - EPOCH 1 - PROGRESS: at 60.40% examples, 679405 words/s, in_qsize 30, out_qsize 1
2026-03-26 10:41:05,910 - INFO - EPOCH 1 - PROGRESS: at 60.56% examples, 679435 words/s, in_qsize 31, out_qsize 0
2026-03-26 10:41:06,917 - INFO - EPOCH 1 - PROGRESS: at 60.72% examples, 679429 words/s, in_qsize 32, out_qsize 0
2026-03-26 10:41:07,920 - INFO - EPOCH 1 - PROGRESS: at 60.88% examples, 679477 words/s, in_qsize 31, out_qsize 0
2026-03-26 10:41:08,937 - INFO - EPOCH 1 - PROGRESS: at 60.98% examples, 679400 words/s, in_qsize 30, out_qsize 1
2026-03-26 10:41:09,959 - INFO - EPOCH 1 - PROGRESS: at 61.13% examples, 679424 words/s, in_qsize 32, out_qsize 0
2026-03-26 10:41:10,976 - INFO - EPOCH 1 - PROGRESS: at 61.20% examples, 679340 words/s, in_qsize 31, out_qsize 1
2026-03-26 10:41:11,985 - INFO - EPOCH 1 - PROGRESS: at 61.27% examples, 679233 words/s, in_qsize 31, out_qsize 5
2026-03-26 10:41:13,002 - INFO - EPOCH 1 - PROGRESS: at 61.36% examples, 679300 words/s, in_qsize 32, out_qsize 0
2026-03-26 10:41:14,010 - INFO - EPOCH 1 - PROGRESS: at 61.51% examples, 679350 words/s, in_qsize 30, out_qsize 0
2026-03-26 10:41:15,018 - INFO - EPOCH 1 - PROGRESS: at 61.67% examples, 679386 words/s, in_qsize 31, out_qsize 0
2026-03-26 10:41:16,022 - INFO - EPOCH 1 - PROGRESS: at 61.76% examples, 679288 words/s, in_qsize 32, out_qsize 2
2026-03-26 10:41:17,062 - INFO - EPOCH 1 - PROGRESS: at 61.89% examples, 679290 words/s, in_qsize 29, out_qsize 3
2026-03-26 10:41:18,069 - INFO - EPOCH 1 - PROGRESS: at 62.06% examples, 679375 words/s, in_qsize 31, out_qsize 0
2026-03-26 10:41:19,071 - INFO - EPOCH 1 - PROGRESS: at 62.15% examples, 679380 words/s, in_qsize 31, out_qsize 0
2026-03-26 10:41:20,100 - INFO - EPOCH 1 - PROGRESS: at 62.23% examples, 679193 words/s, in_qsize 32, out_qsize 1
2026-03-26 10:41:21,131 - INFO - EPOCH 1 - PROGRESS: at 62.37% examples, 679002 words/s, in_qsize 28, out_qsize 3
2026-03-26 10:41:22,132 - INFO - EPOCH 1 - PROGRESS: at 62.50% examples, 678941 words/s, in_qsize 32, out_qsize 3
2026-03-26 10:41:23,195 - INFO - EPOCH 1 - PROGRESS: at 62.64% examples, 678927 words/s, in_qsize 32, out_qsize 1
2026-03-26 10:41:24,237 - INFO - EPOCH 1 - PROGRESS: at 62.77% examples, 678894 words/s, in_qsize 32, out_qsize 1
2026-03-26 10:41:25,261 - INFO - EPOCH 1 - PROGRESS: at 62.90% examples, 678722 words/s, in_qsize 26, out_qsize 6
2026-03-26 10:41:26,265 - INFO - EPOCH 1 - PROGRESS: at 63.06% examples, 678696 words/s, in_qsize 30, out_qsize 1
2026-03-26 10:41:27,271 - INFO - EPOCH 1 - PROGRESS: at 63.18% examples, 678672 words/s, in_qsize 31, out_qsize 0
2026-03-26 10:41:28,295 - INFO - EPOCH 1 - PROGRESS: at 63.30% examples, 678726 words/s, in_qsize 30, out_qsize 1
2026-03-26 10:41:29,313 - INFO - EPOCH 1 - PROGRESS: at 63.40% examples, 678745 words/s, in_qsize 31, out_qsize 3
2026-03-26 10:41:30,330 - INFO - EPOCH 1 - PROGRESS: at 63.54% examples, 678745 words/s, in_qsize 30, out_qsize 1
2026-03-26 10:41:31,361 - INFO - EPOCH 1 - PROGRESS: at 63.70% examples, 678760 words/s, in_qsize 31, out_qsize 0
2026-03-26 10:41:32,368 - INFO - EPOCH 1 - PROGRESS: at 63.88% examples, 678777 words/s, in_qsize 29, out_qsize 3
2026-03-26 10:41:33,372 - INFO - EPOCH 1 - PROGRESS: at 64.07% examples, 678860 words/s, in_qsize 31, out_qsize 0
2026-03-26 10:41:34,373 - INFO - EPOCH 1 - PROGRESS: at 64.20% examples, 678888 words/s, in_qsize 31, out_qsize 0
2026-03-26 10:41:35,393 - INFO - EPOCH 1 - PROGRESS: at 64.32% examples, 678812 words/s, in_qsize 30, out_qsize 3
2026-03-26 10:41:36,429 - INFO - EPOCH 1 - PROGRESS: at 64.44% examples, 678819 words/s, in_qsize 32, out_qsize 3
2026-03-26 10:41:37,433 - INFO - EPOCH 1 - PROGRESS: at 64.56% examples, 678866 words/s, in_qsize 30, out_qsize 0
2026-03-26 10:41:38,446 - INFO - EPOCH 1 - PROGRESS: at 64.71% examples, 678782 words/s, in_qsize 31, out_qsize 7
2026-03-26 10:41:39,453 - INFO - EPOCH 1 - PROGRESS: at 64.87% examples, 678866 words/s, in_qsize 31, out_qsize 0
2026-03-26 10:41:40,474 - INFO - EPOCH 1 - PROGRESS: at 65.02% examples, 678841 words/s, in_qsize 32, out_qsize 2
2026-03-26 10:41:41,504 - INFO - EPOCH 1 - PROGRESS: at 65.18% examples, 678853 words/s, in_qsize 31, out_qsize 4
2026-03-26 10:41:42,513 - INFO - EPOCH 1 - PROGRESS: at 65.34% examples, 678930 words/s, in_qsize 30, out_qsize 0
2026-03-26 10:41:43,553 - INFO - EPOCH 1 - PROGRESS: at 65.50% examples, 678891 words/s, in_qsize 31, out_qsize 2
2026-03-26 10:41:44,553 - INFO - EPOCH 1 - PROGRESS: at 65.67% examples, 678946 words/s, in_qsize 29, out_qsize 1
2026-03-26 10:41:45,626 - INFO - EPOCH 1 - PROGRESS: at 65.80% examples, 678837 words/s, in_qsize 31, out_qsize 0
2026-03-26 10:41:46,628 - INFO - EPOCH 1 - PROGRESS: at 65.96% examples, 678866 words/s, in_qsize 31, out_qsize 0
2026-03-26 10:41:47,673 - INFO - EPOCH 1 - PROGRESS: at 66.09% examples, 678818 words/s, in_qsize 31, out_qsize 0
2026-03-26 10:41:48,676 - INFO - EPOCH 1 - PROGRESS: at 66.22% examples, 678821 words/s, in_qsize 32, out_qsize 1
2026-03-26 10:41:49,702 - INFO - EPOCH 1 - PROGRESS: at 66.36% examples, 678840 words/s, in_qsize 31, out_qsize 0
2026-03-26 10:41:50,743 - INFO - EPOCH 1 - PROGRESS: at 66.48% examples, 678804 words/s, in_qsize 31, out_qsize 1
2026-03-26 10:41:51,748 - INFO - EPOCH 1 - PROGRESS: at 66.57% examples, 678762 words/s, in_qsize 31, out_qsize 4
2026-03-26 10:41:52,763 - INFO - EPOCH 1 - PROGRESS: at 66.64% examples, 678764 words/s, in_qsize 31, out_qsize 0
2026-03-26 10:41:53,767 - INFO - EPOCH 1 - PROGRESS: at 66.71% examples, 678717 words/s, in_qsize 31, out_qsize 0
2026-03-26 10:41:54,791 - INFO - EPOCH 1 - PROGRESS: at 66.82% examples, 678676 words/s, in_qsize 32, out_qsize 1
2026-03-26 10:41:55,807 - INFO - EPOCH 1 - PROGRESS: at 66.89% examples, 678662 words/s, in_qsize 31, out_qsize 2
2026-03-26 10:41:56,841 - INFO - EPOCH 1 - PROGRESS: at 66.96% examples, 678616 words/s, in_qsize 31, out_qsize 1
2026-03-26 10:41:57,862 - INFO - EPOCH 1 - PROGRESS: at 67.09% examples, 678583 words/s, in_qsize 29, out_qsize 3
2026-03-26 10:41:58,871 - INFO - EPOCH 1 - PROGRESS: at 67.25% examples, 678648 words/s, in_qsize 28, out_qsize 2
2026-03-26 10:41:59,913 - INFO - EPOCH 1 - PROGRESS: at 67.38% examples, 678611 words/s, in_qsize 31, out_qsize 3
2026-03-26 10:42:00,919 - INFO - EPOCH 1 - PROGRESS: at 67.51% examples, 678613 words/s, in_qsize 32, out_qsize 1
2026-03-26 10:42:01,938 - INFO - EPOCH 1 - PROGRESS: at 67.62% examples, 678600 words/s, in_qsize 30, out_qsize 1
2026-03-26 10:42:03,000 - INFO - EPOCH 1 - PROGRESS: at 67.75% examples, 678559 words/s, in_qsize 29, out_qsize 4
2026-03-26 10:42:04,002 - INFO - EPOCH 1 - PROGRESS: at 67.87% examples, 678549 words/s, in_qsize 32, out_qsize 1
2026-03-26 10:42:05,007 - INFO - EPOCH 1 - PROGRESS: at 67.98% examples, 678514 words/s, in_qsize 30, out_qsize 2
2026-03-26 10:42:06,009 - INFO - EPOCH 1 - PROGRESS: at 68.09% examples, 678543 words/s, in_qsize 32, out_qsize 0
2026-03-26 10:42:07,032 - INFO - EPOCH 1 - PROGRESS: at 68.18% examples, 678474 words/s, in_qsize 31, out_qsize 1
2026-03-26 10:42:08,057 - INFO - EPOCH 1 - PROGRESS: at 68.33% examples, 678531 words/s, in_qsize 31, out_qsize 0
2026-03-26 10:42:09,059 - INFO - EPOCH 1 - PROGRESS: at 68.46% examples, 678564 words/s, in_qsize 30, out_qsize 1
2026-03-26 10:42:10,066 - INFO - EPOCH 1 - PROGRESS: at 68.59% examples, 678540 words/s, in_qsize 31, out_qsize 2
2026-03-26 10:42:11,073 - INFO - EPOCH 1 - PROGRESS: at 68.72% examples, 678548 words/s, in_qsize 31, out_qsize 0
2026-03-26 10:42:12,080 - INFO - EPOCH 1 - PROGRESS: at 68.85% examples, 678560 words/s, in_qsize 31, out_qsize 0
2026-03-26 10:42:13,082 - INFO - EPOCH 1 - PROGRESS: at 68.98% examples, 678544 words/s, in_qsize 31, out_qsize 0
2026-03-26 10:42:14,125 - INFO - EPOCH 1 - PROGRESS: at 69.11% examples, 678552 words/s, in_qsize 29, out_qsize 2
2026-03-26 10:42:15,127 - INFO - EPOCH 1 - PROGRESS: at 69.33% examples, 678618 words/s, in_qsize 31, out_qsize 2
2026-03-26 10:42:16,133 - INFO - EPOCH 1 - PROGRESS: at 69.59% examples, 678751 words/s, in_qsize 31, out_qsize 0
2026-03-26 10:42:17,147 - INFO - EPOCH 1 - PROGRESS: at 69.80% examples, 678625 words/s, in_qsize 29, out_qsize 2
2026-03-26 10:42:18,181 - INFO - EPOCH 1 - PROGRESS: at 69.94% examples, 678673 words/s, in_qsize 32, out_qsize 0
2026-03-26 10:42:19,211 - INFO - EPOCH 1 - PROGRESS: at 70.07% examples, 678634 words/s, in_qsize 30, out_qsize 1
2026-03-26 10:42:20,247 - INFO - EPOCH 1 - PROGRESS: at 70.20% examples, 678619 words/s, in_qsize 31, out_qsize 0
2026-03-26 10:42:21,256 - INFO - EPOCH 1 - PROGRESS: at 70.33% examples, 678645 words/s, in_qsize 32, out_qsize 0
2026-03-26 10:42:22,266 - INFO - EPOCH 1 - PROGRESS: at 70.46% examples, 678665 words/s, in_qsize 32, out_qsize 0
2026-03-26 10:42:23,270 - INFO - EPOCH 1 - PROGRESS: at 70.59% examples, 678603 words/s, in_qsize 32, out_qsize 4
2026-03-26 10:42:24,319 - INFO - EPOCH 1 - PROGRESS: at 70.72% examples, 678618 words/s, in_qsize 31, out_qsize 1
2026-03-26 10:42:25,319 - INFO - EPOCH 1 - PROGRESS: at 70.84% examples, 678625 words/s, in_qsize 31, out_qsize 3
2026-03-26 10:42:26,321 - INFO - EPOCH 1 - PROGRESS: at 70.96% examples, 678639 words/s, in_qsize 31, out_qsize 2
2026-03-26 10:42:27,359 - INFO - EPOCH 1 - PROGRESS: at 71.08% examples, 678521 words/s, in_qsize 32, out_qsize 0
2026-03-26 10:42:28,386 - INFO - EPOCH 1 - PROGRESS: at 71.20% examples, 678504 words/s, in_qsize 31, out_qsize 1
2026-03-26 10:42:29,444 - INFO - EPOCH 1 - PROGRESS: at 71.36% examples, 678471 words/s, in_qsize 32, out_qsize 3
2026-03-26 10:42:30,448 - INFO - EPOCH 1 - PROGRESS: at 71.55% examples, 678536 words/s, in_qsize 31, out_qsize 0
2026-03-26 10:42:31,470 - INFO - EPOCH 1 - PROGRESS: at 71.72% examples, 678466 words/s, in_qsize 31, out_qsize 3
2026-03-26 10:42:32,472 - INFO - EPOCH 1 - PROGRESS: at 71.89% examples, 678473 words/s, in_qsize 28, out_qsize 3
2026-03-26 10:42:33,491 - INFO - EPOCH 1 - PROGRESS: at 71.99% examples, 678471 words/s, in_qsize 30, out_qsize 1
2026-03-26 10:42:34,505 - INFO - EPOCH 1 - PROGRESS: at 72.11% examples, 678479 words/s, in_qsize 31, out_qsize 1
2026-03-26 10:42:35,511 - INFO - EPOCH 1 - PROGRESS: at 72.29% examples, 678509 words/s, in_qsize 29, out_qsize 3
2026-03-26 10:42:36,515 - INFO - EPOCH 1 - PROGRESS: at 72.46% examples, 678478 words/s, in_qsize 32, out_qsize 3
2026-03-26 10:42:37,546 - INFO - EPOCH 1 - PROGRESS: at 72.64% examples, 678550 words/s, in_qsize 31, out_qsize 0
2026-03-26 10:42:38,555 - INFO - EPOCH 1 - PROGRESS: at 72.82% examples, 678560 words/s, in_qsize 29, out_qsize 2
2026-03-26 10:42:39,564 - INFO - EPOCH 1 - PROGRESS: at 73.00% examples, 678584 words/s, in_qsize 31, out_qsize 0
2026-03-26 10:42:40,569 - INFO - EPOCH 1 - PROGRESS: at 73.10% examples, 678575 words/s, in_qsize 31, out_qsize 0
2026-03-26 10:42:41,592 - INFO - EPOCH 1 - PROGRESS: at 73.21% examples, 678578 words/s, in_qsize 31, out_qsize 0
2026-03-26 10:42:42,614 - INFO - EPOCH 1 - PROGRESS: at 73.31% examples, 678556 words/s, in_qsize 31, out_qsize 0
2026-03-26 10:42:43,618 - INFO - EPOCH 1 - PROGRESS: at 73.41% examples, 678536 words/s, in_qsize 32, out_qsize 1
2026-03-26 10:42:44,623 - INFO - EPOCH 1 - PROGRESS: at 73.51% examples, 678472 words/s, in_qsize 32, out_qsize 4
2026-03-26 10:42:45,628 - INFO - EPOCH 1 - PROGRESS: at 73.59% examples, 678460 words/s, in_qsize 29, out_qsize 2
2026-03-26 10:42:46,630 - INFO - EPOCH 1 - PROGRESS: at 73.71% examples, 678464 words/s, in_qsize 30, out_qsize 2
2026-03-26 10:42:47,641 - INFO - EPOCH 1 - PROGRESS: at 73.87% examples, 678505 words/s, in_qsize 30, out_qsize 1
2026-03-26 10:42:48,645 - INFO - EPOCH 1 - PROGRESS: at 74.05% examples, 678533 words/s, in_qsize 30, out_qsize 2
2026-03-26 10:42:49,653 - INFO - EPOCH 1 - PROGRESS: at 74.22% examples, 678580 words/s, in_qsize 31, out_qsize 0
2026-03-26 10:42:50,657 - INFO - EPOCH 1 - PROGRESS: at 74.39% examples, 678573 words/s, in_qsize 31, out_qsize 0
2026-03-26 10:42:51,711 - INFO - EPOCH 1 - PROGRESS: at 74.53% examples, 678508 words/s, in_qsize 31, out_qsize 3
2026-03-26 10:42:52,716 - INFO - EPOCH 1 - PROGRESS: at 74.66% examples, 678523 words/s, in_qsize 32, out_qsize 1
2026-03-26 10:42:53,718 - INFO - EPOCH 1 - PROGRESS: at 74.80% examples, 678561 words/s, in_qsize 31, out_qsize 0
2026-03-26 10:42:54,738 - INFO - EPOCH 1 - PROGRESS: at 74.93% examples, 678499 words/s, in_qsize 30, out_qsize 5
2026-03-26 10:42:55,780 - INFO - EPOCH 1 - PROGRESS: at 75.09% examples, 678426 words/s, in_qsize 32, out_qsize 1
2026-03-26 10:42:56,813 - INFO - EPOCH 1 - PROGRESS: at 75.27% examples, 678424 words/s, in_qsize 31, out_qsize 0
2026-03-26 10:42:57,823 - INFO - EPOCH 1 - PROGRESS: at 75.42% examples, 678402 words/s, in_qsize 32, out_qsize 2
2026-03-26 10:42:58,837 - INFO - EPOCH 1 - PROGRESS: at 75.58% examples, 678431 words/s, in_qsize 30, out_qsize 1
2026-03-26 10:42:59,848 - INFO - EPOCH 1 - PROGRESS: at 75.74% examples, 678435 words/s, in_qsize 32, out_qsize 0
2026-03-26 10:43:00,851 - INFO - EPOCH 1 - PROGRESS: at 75.89% examples, 678433 words/s, in_qsize 32, out_qsize 2
2026-03-26 10:43:01,853 - INFO - EPOCH 1 - PROGRESS: at 76.04% examples, 678449 words/s, in_qsize 30, out_qsize 1
2026-03-26 10:43:02,861 - INFO - EPOCH 1 - PROGRESS: at 76.20% examples, 678485 words/s, in_qsize 30, out_qsize 1
2026-03-26 10:43:03,867 - INFO - EPOCH 1 - PROGRESS: at 76.35% examples, 678437 words/s, in_qsize 30, out_qsize 3
2026-03-26 10:43:04,873 - INFO - EPOCH 1 - PROGRESS: at 76.52% examples, 678465 words/s, in_qsize 31, out_qsize 0
2026-03-26 10:43:05,891 - INFO - EPOCH 1 - PROGRESS: at 76.68% examples, 678489 words/s, in_qsize 32, out_qsize 3
2026-03-26 10:43:06,891 - INFO - EPOCH 1 - PROGRESS: at 76.82% examples, 678522 words/s, in_qsize 31, out_qsize 0
2026-03-26 10:43:07,892 - INFO - EPOCH 1 - PROGRESS: at 76.97% examples, 678538 words/s, in_qsize 28, out_qsize 0
2026-03-26 10:43:08,917 - INFO - EPOCH 1 - PROGRESS: at 77.12% examples, 678508 words/s, in_qsize 31, out_qsize 0
2026-03-26 10:43:09,946 - INFO - EPOCH 1 - PROGRESS: at 77.28% examples, 678515 words/s, in_qsize 31, out_qsize 2
2026-03-26 10:43:10,972 - INFO - EPOCH 1 - PROGRESS: at 77.44% examples, 678502 words/s, in_qsize 32, out_qsize 1
2026-03-26 10:43:11,974 - INFO - EPOCH 1 - PROGRESS: at 77.60% examples, 678547 words/s, in_qsize 30, out_qsize 1
2026-03-26 10:43:13,007 - INFO - EPOCH 1 - PROGRESS: at 77.75% examples, 678552 words/s, in_qsize 32, out_qsize 2
2026-03-26 10:43:14,029 - INFO - EPOCH 1 - PROGRESS: at 77.91% examples, 678586 words/s, in_qsize 31, out_qsize 0
2026-03-26 10:43:15,046 - INFO - EPOCH 1 - PROGRESS: at 78.07% examples, 678597 words/s, in_qsize 31, out_qsize 0
2026-03-26 10:43:16,048 - INFO - EPOCH 1 - PROGRESS: at 78.20% examples, 678598 words/s, in_qsize 29, out_qsize 2
2026-03-26 10:43:17,059 - INFO - EPOCH 1 - PROGRESS: at 78.35% examples, 678644 words/s, in_qsize 32, out_qsize 2
2026-03-26 10:43:18,063 - INFO - EPOCH 1 - PROGRESS: at 78.50% examples, 678772 words/s, in_qsize 28, out_qsize 1
2026-03-26 10:43:19,071 - INFO - EPOCH 1 - PROGRESS: at 78.64% examples, 678864 words/s, in_qsize 30, out_qsize 1
2026-03-26 10:43:20,077 - INFO - EPOCH 1 - PROGRESS: at 78.78% examples, 678917 words/s, in_qsize 32, out_qsize 0
2026-03-26 10:43:21,078 - INFO - EPOCH 1 - PROGRESS: at 78.92% examples, 678958 words/s, in_qsize 31, out_qsize 0
2026-03-26 10:43:22,145 - INFO - EPOCH 1 - PROGRESS: at 79.07% examples, 678962 words/s, in_qsize 30, out_qsize 1
2026-03-26 10:43:23,183 - INFO - EPOCH 1 - PROGRESS: at 79.22% examples, 679019 words/s, in_qsize 30, out_qsize 1
2026-03-26 10:43:24,228 - INFO - EPOCH 1 - PROGRESS: at 79.36% examples, 679037 words/s, in_qsize 32, out_qsize 2
2026-03-26 10:43:25,260 - INFO - EPOCH 1 - PROGRESS: at 79.50% examples, 679055 words/s, in_qsize 31, out_qsize 1
2026-03-26 10:43:26,395 - INFO - EPOCH 1 - PROGRESS: at 79.65% examples, 678978 words/s, in_qsize 31, out_qsize 0
2026-03-26 10:43:27,407 - INFO - EPOCH 1 - PROGRESS: at 79.79% examples, 679034 words/s, in_qsize 32, out_qsize 0
2026-03-26 10:43:28,418 - INFO - EPOCH 1 - PROGRESS: at 79.93% examples, 679065 words/s, in_qsize 32, out_qsize 0
2026-03-26 10:43:29,433 - INFO - EPOCH 1 - PROGRESS: at 80.08% examples, 679132 words/s, in_qsize 32, out_qsize 0
2026-03-26 10:43:30,435 - INFO - EPOCH 1 - PROGRESS: at 80.22% examples, 679173 words/s, in_qsize 31, out_qsize 0
2026-03-26 10:43:31,501 - INFO - EPOCH 1 - PROGRESS: at 80.35% examples, 679142 words/s, in_qsize 30, out_qsize 2
2026-03-26 10:43:32,508 - INFO - EPOCH 1 - PROGRESS: at 80.50% examples, 679225 words/s, in_qsize 31, out_qsize 0
2026-03-26 10:43:33,531 - INFO - EPOCH 1 - PROGRESS: at 80.58% examples, 679145 words/s, in_qsize 31, out_qsize 2
2026-03-26 10:43:34,548 - INFO - EPOCH 1 - PROGRESS: at 80.68% examples, 679134 words/s, in_qsize 32, out_qsize 2
2026-03-26 10:43:35,551 - INFO - EPOCH 1 - PROGRESS: at 80.81% examples, 679148 words/s, in_qsize 30, out_qsize 1
2026-03-26 10:43:36,551 - INFO - EPOCH 1 - PROGRESS: at 80.94% examples, 679118 words/s, in_qsize 31, out_qsize 2
2026-03-26 10:43:37,558 - INFO - EPOCH 1 - PROGRESS: at 81.08% examples, 679177 words/s, in_qsize 32, out_qsize 1
2026-03-26 10:43:38,587 - INFO - EPOCH 1 - PROGRESS: at 81.21% examples, 679156 words/s, in_qsize 31, out_qsize 0
2026-03-26 10:43:39,600 - INFO - EPOCH 1 - PROGRESS: at 81.34% examples, 679138 words/s, in_qsize 32, out_qsize 0
2026-03-26 10:43:40,604 - INFO - EPOCH 1 - PROGRESS: at 81.47% examples, 679146 words/s, in_qsize 31, out_qsize 1
2026-03-26 10:43:41,610 - INFO - EPOCH 1 - PROGRESS: at 81.61% examples, 679148 words/s, in_qsize 31, out_qsize 1
2026-03-26 10:43:42,612 - INFO - EPOCH 1 - PROGRESS: at 81.71% examples, 679121 words/s, in_qsize 32, out_qsize 0
2026-03-26 10:43:43,633 - INFO - EPOCH 1 - PROGRESS: at 81.86% examples, 679152 words/s, in_qsize 31, out_qsize 0
2026-03-26 10:43:44,648 - INFO - EPOCH 1 - PROGRESS: at 82.01% examples, 679144 words/s, in_qsize 31, out_qsize 0
2026-03-26 10:43:45,654 - INFO - EPOCH 1 - PROGRESS: at 82.15% examples, 679154 words/s, in_qsize 31, out_qsize 0
2026-03-26 10:43:46,687 - INFO - EPOCH 1 - PROGRESS: at 82.29% examples, 679118 words/s, in_qsize 29, out_qsize 2
2026-03-26 10:43:47,710 - INFO - EPOCH 1 - PROGRESS: at 82.44% examples, 679134 words/s, in_qsize 30, out_qsize 1
2026-03-26 10:43:48,711 - INFO - EPOCH 1 - PROGRESS: at 82.58% examples, 679152 words/s, in_qsize 30, out_qsize 1
2026-03-26 10:43:49,776 - INFO - EPOCH 1 - PROGRESS: at 82.72% examples, 679065 words/s, in_qsize 30, out_qsize 7
2026-03-26 10:43:50,778 - INFO - EPOCH 1 - PROGRESS: at 82.84% examples, 679156 words/s, in_qsize 32, out_qsize 0
2026-03-26 10:43:51,790 - INFO - EPOCH 1 - PROGRESS: at 82.96% examples, 679147 words/s, in_qsize 31, out_qsize 2
2026-03-26 10:43:52,799 - INFO - EPOCH 1 - PROGRESS: at 83.07% examples, 679168 words/s, in_qsize 30, out_qsize 2
2026-03-26 10:43:53,804 - INFO - EPOCH 1 - PROGRESS: at 83.18% examples, 679195 words/s, in_qsize 31, out_qsize 2
2026-03-26 10:43:54,814 - INFO - EPOCH 1 - PROGRESS: at 83.29% examples, 679225 words/s, in_qsize 30, out_qsize 0
2026-03-26 10:43:55,853 - INFO - EPOCH 1 - PROGRESS: at 83.43% examples, 679219 words/s, in_qsize 32, out_qsize 1
2026-03-26 10:43:56,881 - INFO - EPOCH 1 - PROGRESS: at 83.55% examples, 679212 words/s, in_qsize 31, out_qsize 4
2026-03-26 10:43:57,925 - INFO - EPOCH 1 - PROGRESS: at 83.69% examples, 679233 words/s, in_qsize 31, out_qsize 2
2026-03-26 10:43:58,930 - INFO - EPOCH 1 - PROGRESS: at 83.84% examples, 679251 words/s, in_qsize 29, out_qsize 1
2026-03-26 10:43:59,945 - INFO - EPOCH 1 - PROGRESS: at 83.99% examples, 679256 words/s, in_qsize 30, out_qsize 1
2026-03-26 10:44:00,977 - INFO - EPOCH 1 - PROGRESS: at 84.15% examples, 679243 words/s, in_qsize 32, out_qsize 3
2026-03-26 10:44:01,988 - INFO - EPOCH 1 - PROGRESS: at 84.27% examples, 679264 words/s, in_qsize 31, out_qsize 1
2026-03-26 10:44:03,025 - INFO - EPOCH 1 - PROGRESS: at 84.38% examples, 679281 words/s, in_qsize 31, out_qsize 0
2026-03-26 10:44:04,028 - INFO - EPOCH 1 - PROGRESS: at 84.48% examples, 679281 words/s, in_qsize 30, out_qsize 1
2026-03-26 10:44:05,041 - INFO - EPOCH 1 - PROGRESS: at 84.60% examples, 679273 words/s, in_qsize 30, out_qsize 1
2026-03-26 10:44:06,057 - INFO - EPOCH 1 - PROGRESS: at 84.66% examples, 679187 words/s, in_qsize 31, out_qsize 6
2026-03-26 10:44:07,073 - INFO - EPOCH 1 - PROGRESS: at 84.74% examples, 679198 words/s, in_qsize 32, out_qsize 3
2026-03-26 10:44:08,088 - INFO - EPOCH 1 - PROGRESS: at 84.89% examples, 679149 words/s, in_qsize 31, out_qsize 0
2026-03-26 10:44:09,134 - INFO - EPOCH 1 - PROGRESS: at 85.05% examples, 679091 words/s, in_qsize 29, out_qsize 3
2026-03-26 10:44:10,165 - INFO - EPOCH 1 - PROGRESS: at 85.20% examples, 679102 words/s, in_qsize 32, out_qsize 3
2026-03-26 10:44:11,178 - INFO - EPOCH 1 - PROGRESS: at 85.34% examples, 679098 words/s, in_qsize 31, out_qsize 3
2026-03-26 10:44:12,211 - INFO - EPOCH 1 - PROGRESS: at 85.50% examples, 679140 words/s, in_qsize 32, out_qsize 2
2026-03-26 10:44:13,236 - INFO - EPOCH 1 - PROGRESS: at 85.65% examples, 679167 words/s, in_qsize 31, out_qsize 0
2026-03-26 10:44:14,261 - INFO - EPOCH 1 - PROGRESS: at 85.80% examples, 679167 words/s, in_qsize 32, out_qsize 3
2026-03-26 10:44:15,270 - INFO - EPOCH 1 - PROGRESS: at 85.96% examples, 679226 words/s, in_qsize 29, out_qsize 1
2026-03-26 10:44:16,287 - INFO - EPOCH 1 - PROGRESS: at 86.10% examples, 679208 words/s, in_qsize 31, out_qsize 1
2026-03-26 10:44:17,309 - INFO - EPOCH 1 - PROGRESS: at 86.25% examples, 679211 words/s, in_qsize 32, out_qsize 3
2026-03-26 10:44:18,316 - INFO - EPOCH 1 - PROGRESS: at 86.39% examples, 679226 words/s, in_qsize 31, out_qsize 2
2026-03-26 10:44:19,334 - INFO - EPOCH 1 - PROGRESS: at 86.51% examples, 679217 words/s, in_qsize 31, out_qsize 3
2026-03-26 10:44:20,357 - INFO - EPOCH 1 - PROGRESS: at 86.64% examples, 679217 words/s, in_qsize 32, out_qsize 0
2026-03-26 10:44:21,403 - INFO - EPOCH 1 - PROGRESS: at 86.79% examples, 679197 words/s, in_qsize 30, out_qsize 5
2026-03-26 10:44:22,422 - INFO - EPOCH 1 - PROGRESS: at 86.98% examples, 679267 words/s, in_qsize 32, out_qsize 0
2026-03-26 10:44:23,423 - INFO - EPOCH 1 - PROGRESS: at 87.15% examples, 679310 words/s, in_qsize 31, out_qsize 0
2026-03-26 10:44:24,454 - INFO - EPOCH 1 - PROGRESS: at 87.30% examples, 679312 words/s, in_qsize 32, out_qsize 2
2026-03-26 10:44:25,503 - INFO - EPOCH 1 - PROGRESS: at 87.46% examples, 679338 words/s, in_qsize 32, out_qsize 1
2026-03-26 10:44:26,506 - INFO - EPOCH 1 - PROGRESS: at 87.59% examples, 679357 words/s, in_qsize 27, out_qsize 0
2026-03-26 10:44:27,511 - INFO - EPOCH 1 - PROGRESS: at 87.72% examples, 679350 words/s, in_qsize 30, out_qsize 1
2026-03-26 10:44:28,526 - INFO - EPOCH 1 - PROGRESS: at 87.85% examples, 679380 words/s, in_qsize 31, out_qsize 0
2026-03-26 10:44:29,532 - INFO - EPOCH 1 - PROGRESS: at 87.98% examples, 679372 words/s, in_qsize 32, out_qsize 2
2026-03-26 10:44:30,532 - INFO - EPOCH 1 - PROGRESS: at 88.08% examples, 679371 words/s, in_qsize 32, out_qsize 0
2026-03-26 10:44:31,541 - INFO - EPOCH 1 - PROGRESS: at 88.19% examples, 679352 words/s, in_qsize 31, out_qsize 0
2026-03-26 10:44:32,564 - INFO - EPOCH 1 - PROGRESS: at 88.33% examples, 679343 words/s, in_qsize 28, out_qsize 2
2026-03-26 10:44:33,597 - INFO - EPOCH 1 - PROGRESS: at 88.50% examples, 679391 words/s, in_qsize 32, out_qsize 1
2026-03-26 10:44:34,606 - INFO - EPOCH 1 - PROGRESS: at 88.66% examples, 679402 words/s, in_qsize 31, out_qsize 0
2026-03-26 10:44:35,619 - INFO - EPOCH 1 - PROGRESS: at 88.79% examples, 679392 words/s, in_qsize 32, out_qsize 1
2026-03-26 10:44:36,657 - INFO - EPOCH 1 - PROGRESS: at 88.89% examples, 679362 words/s, in_qsize 29, out_qsize 2
2026-03-26 10:44:37,660 - INFO - EPOCH 1 - PROGRESS: at 89.01% examples, 679402 words/s, in_qsize 31, out_qsize 0
2026-03-26 10:44:38,682 - INFO - EPOCH 1 - PROGRESS: at 89.17% examples, 679387 words/s, in_qsize 30, out_qsize 1
2026-03-26 10:44:39,690 - INFO - EPOCH 1 - PROGRESS: at 89.33% examples, 679415 words/s, in_qsize 30, out_qsize 1
2026-03-26 10:44:40,723 - INFO - EPOCH 1 - PROGRESS: at 89.49% examples, 679400 words/s, in_qsize 32, out_qsize 1
2026-03-26 10:44:41,739 - INFO - EPOCH 1 - PROGRESS: at 89.66% examples, 679441 words/s, in_qsize 32, out_qsize 0
2026-03-26 10:44:42,755 - INFO - EPOCH 1 - PROGRESS: at 89.81% examples, 679338 words/s, in_qsize 30, out_qsize 1
2026-03-26 10:44:43,800 - INFO - EPOCH 1 - PROGRESS: at 89.98% examples, 679263 words/s, in_qsize 31, out_qsize 2
2026-03-26 10:44:44,805 - INFO - EPOCH 1 - PROGRESS: at 90.14% examples, 679220 words/s, in_qsize 28, out_qsize 3
2026-03-26 10:44:45,835 - INFO - EPOCH 1 - PROGRESS: at 90.30% examples, 679111 words/s, in_qsize 31, out_qsize 0
2026-03-26 10:44:46,854 - INFO - EPOCH 1 - PROGRESS: at 90.45% examples, 679029 words/s, in_qsize 31, out_qsize 3
2026-03-26 10:44:47,873 - INFO - EPOCH 1 - PROGRESS: at 90.61% examples, 678947 words/s, in_qsize 32, out_qsize 1
2026-03-26 10:44:48,881 - INFO - EPOCH 1 - PROGRESS: at 90.79% examples, 679011 words/s, in_qsize 31, out_qsize 0
2026-03-26 10:44:49,884 - INFO - EPOCH 1 - PROGRESS: at 90.96% examples, 679017 words/s, in_qsize 32, out_qsize 0
2026-03-26 10:44:50,890 - INFO - EPOCH 1 - PROGRESS: at 91.13% examples, 679034 words/s, in_qsize 30, out_qsize 1
2026-03-26 10:44:51,902 - INFO - EPOCH 1 - PROGRESS: at 91.31% examples, 679061 words/s, in_qsize 28, out_qsize 1
2026-03-26 10:44:52,903 - INFO - EPOCH 1 - PROGRESS: at 91.42% examples, 679066 words/s, in_qsize 29, out_qsize 0
2026-03-26 10:44:53,909 - INFO - EPOCH 1 - PROGRESS: at 91.53% examples, 679053 words/s, in_qsize 32, out_qsize 0
2026-03-26 10:44:54,911 - INFO - EPOCH 1 - PROGRESS: at 91.65% examples, 679066 words/s, in_qsize 31, out_qsize 0
2026-03-26 10:44:55,917 - INFO - EPOCH 1 - PROGRESS: at 91.82% examples, 679095 words/s, in_qsize 31, out_qsize 0
2026-03-26 10:44:56,931 - INFO - EPOCH 1 - PROGRESS: at 92.02% examples, 679153 words/s, in_qsize 31, out_qsize 1
2026-03-26 10:44:57,947 - INFO - EPOCH 1 - PROGRESS: at 92.21% examples, 679128 words/s, in_qsize 31, out_qsize 1
2026-03-26 10:44:58,967 - INFO - EPOCH 1 - PROGRESS: at 92.41% examples, 679217 words/s, in_qsize 32, out_qsize 0
2026-03-26 10:44:59,974 - INFO - EPOCH 1 - PROGRESS: at 92.60% examples, 679261 words/s, in_qsize 31, out_qsize 0
2026-03-26 10:45:00,976 - INFO - EPOCH 1 - PROGRESS: at 92.77% examples, 679132 words/s, in_qsize 30, out_qsize 0
2026-03-26 10:45:01,980 - INFO - EPOCH 1 - PROGRESS: at 92.96% examples, 679144 words/s, in_qsize 32, out_qsize 0
2026-03-26 10:45:02,986 - INFO - EPOCH 1 - PROGRESS: at 93.15% examples, 679187 words/s, in_qsize 31, out_qsize 0
2026-03-26 10:45:03,987 - INFO - EPOCH 1 - PROGRESS: at 93.34% examples, 679225 words/s, in_qsize 31, out_qsize 0
2026-03-26 10:45:04,997 - INFO - EPOCH 1 - PROGRESS: at 93.54% examples, 679264 words/s, in_qsize 32, out_qsize 0
2026-03-26 10:45:06,020 - INFO - EPOCH 1 - PROGRESS: at 93.72% examples, 679232 words/s, in_qsize 32, out_qsize 0
2026-03-26 10:45:07,030 - INFO - EPOCH 1 - PROGRESS: at 93.91% examples, 679259 words/s, in_qsize 31, out_qsize 4
2026-03-26 10:45:08,039 - INFO - EPOCH 1 - PROGRESS: at 94.12% examples, 679345 words/s, in_qsize 32, out_qsize 0
2026-03-26 10:45:09,070 - INFO - EPOCH 1 - PROGRESS: at 94.29% examples, 679280 words/s, in_qsize 32, out_qsize 0
2026-03-26 10:45:10,104 - INFO - EPOCH 1 - PROGRESS: at 94.42% examples, 679258 words/s, in_qsize 31, out_qsize 2
2026-03-26 10:45:11,117 - INFO - EPOCH 1 - PROGRESS: at 94.52% examples, 679229 words/s, in_qsize 32, out_qsize 3
2026-03-26 10:45:12,123 - INFO - EPOCH 1 - PROGRESS: at 94.63% examples, 679250 words/s, in_qsize 30, out_qsize 0
2026-03-26 10:45:13,133 - INFO - EPOCH 1 - PROGRESS: at 94.76% examples, 679265 words/s, in_qsize 32, out_qsize 0
2026-03-26 10:45:14,150 - INFO - EPOCH 1 - PROGRESS: at 94.88% examples, 679230 words/s, in_qsize 31, out_qsize 3
2026-03-26 10:45:15,195 - INFO - EPOCH 1 - PROGRESS: at 94.98% examples, 679225 words/s, in_qsize 31, out_qsize 2
2026-03-26 10:45:16,227 - INFO - EPOCH 1 - PROGRESS: at 95.11% examples, 679240 words/s, in_qsize 31, out_qsize 2
2026-03-26 10:45:17,254 - INFO - EPOCH 1 - PROGRESS: at 95.24% examples, 679229 words/s, in_qsize 28, out_qsize 3
2026-03-26 10:45:18,278 - INFO - EPOCH 1 - PROGRESS: at 95.33% examples, 679255 words/s, in_qsize 30, out_qsize 1
2026-03-26 10:45:19,294 - INFO - EPOCH 1 - PROGRESS: at 95.46% examples, 679251 words/s, in_qsize 30, out_qsize 1
2026-03-26 10:45:20,299 - INFO - EPOCH 1 - PROGRESS: at 95.60% examples, 679210 words/s, in_qsize 29, out_qsize 5
2026-03-26 10:45:21,307 - INFO - EPOCH 1 - PROGRESS: at 95.76% examples, 679301 words/s, in_qsize 32, out_qsize 0
2026-03-26 10:45:22,315 - INFO - EPOCH 1 - PROGRESS: at 95.85% examples, 679261 words/s, in_qsize 31, out_qsize 0
2026-03-26 10:45:23,327 - INFO - EPOCH 1 - PROGRESS: at 95.97% examples, 679236 words/s, in_qsize 32, out_qsize 0
2026-03-26 10:45:24,341 - INFO - EPOCH 1 - PROGRESS: at 96.04% examples, 679150 words/s, in_qsize 32, out_qsize 0
2026-03-26 10:45:25,351 - INFO - EPOCH 1 - PROGRESS: at 96.18% examples, 679147 words/s, in_qsize 29, out_qsize 2
2026-03-26 10:45:26,361 - INFO - EPOCH 1 - PROGRESS: at 96.32% examples, 679166 words/s, in_qsize 30, out_qsize 0
2026-03-26 10:45:27,369 - INFO - EPOCH 1 - PROGRESS: at 96.45% examples, 679150 words/s, in_qsize 31, out_qsize 2
2026-03-26 10:45:28,380 - INFO - EPOCH 1 - PROGRESS: at 96.59% examples, 679177 words/s, in_qsize 32, out_qsize 0
2026-03-26 10:45:29,417 - INFO - EPOCH 1 - PROGRESS: at 96.73% examples, 679158 words/s, in_qsize 30, out_qsize 2
2026-03-26 10:45:30,419 - INFO - EPOCH 1 - PROGRESS: at 96.91% examples, 679238 words/s, in_qsize 31, out_qsize 0
2026-03-26 10:45:31,419 - INFO - EPOCH 1 - PROGRESS: at 96.97% examples, 679180 words/s, in_qsize 31, out_qsize 0
2026-03-26 10:45:32,421 - INFO - EPOCH 1 - PROGRESS: at 97.08% examples, 679161 words/s, in_qsize 31, out_qsize 0
2026-03-26 10:45:33,431 - INFO - EPOCH 1 - PROGRESS: at 97.19% examples, 679181 words/s, in_qsize 29, out_qsize 1
2026-03-26 10:45:34,452 - INFO - EPOCH 1 - PROGRESS: at 97.35% examples, 679203 words/s, in_qsize 30, out_qsize 1
2026-03-26 10:45:35,453 - INFO - EPOCH 1 - PROGRESS: at 97.50% examples, 679215 words/s, in_qsize 30, out_qsize 1
2026-03-26 10:45:36,457 - INFO - EPOCH 1 - PROGRESS: at 97.60% examples, 679199 words/s, in_qsize 30, out_qsize 1
2026-03-26 10:45:37,458 - INFO - EPOCH 1 - PROGRESS: at 97.72% examples, 679181 words/s, in_qsize 32, out_qsize 1
2026-03-26 10:45:38,466 - INFO - EPOCH 1 - PROGRESS: at 97.84% examples, 679190 words/s, in_qsize 32, out_qsize 1
2026-03-26 10:45:39,468 - INFO - EPOCH 1 - PROGRESS: at 97.95% examples, 679183 words/s, in_qsize 30, out_qsize 1
2026-03-26 10:45:40,507 - INFO - EPOCH 1 - PROGRESS: at 98.08% examples, 679195 words/s, in_qsize 31, out_qsize 0
2026-03-26 10:45:41,514 - INFO - EPOCH 1 - PROGRESS: at 98.21% examples, 679207 words/s, in_qsize 30, out_qsize 1
2026-03-26 10:45:42,521 - INFO - EPOCH 1 - PROGRESS: at 98.34% examples, 679196 words/s, in_qsize 31, out_qsize 3
2026-03-26 10:45:43,566 - INFO - EPOCH 1 - PROGRESS: at 98.48% examples, 679227 words/s, in_qsize 32, out_qsize 0
2026-03-26 10:45:44,579 - INFO - EPOCH 1 - PROGRESS: at 98.58% examples, 679215 words/s, in_qsize 31, out_qsize 0
2026-03-26 10:45:45,621 - INFO - EPOCH 1 - PROGRESS: at 98.65% examples, 679181 words/s, in_qsize 31, out_qsize 0
2026-03-26 10:45:46,645 - INFO - EPOCH 1 - PROGRESS: at 98.76% examples, 679146 words/s, in_qsize 32, out_qsize 2
2026-03-26 10:45:47,650 - INFO - EPOCH 1 - PROGRESS: at 98.89% examples, 679152 words/s, in_qsize 30, out_qsize 0
2026-03-26 10:45:48,660 - INFO - EPOCH 1 - PROGRESS: at 99.06% examples, 679170 words/s, in_qsize 31, out_qsize 0
2026-03-26 10:45:49,667 - INFO - EPOCH 1 - PROGRESS: at 99.23% examples, 679190 words/s, in_qsize 31, out_qsize 0
2026-03-26 10:45:50,711 - INFO - EPOCH 1 - PROGRESS: at 99.37% examples, 679195 words/s, in_qsize 31, out_qsize 3
2026-03-26 10:45:51,712 - INFO - EPOCH 1 - PROGRESS: at 99.51% examples, 679209 words/s, in_qsize 32, out_qsize 1
2026-03-26 10:45:52,714 - INFO - EPOCH 1 - PROGRESS: at 99.66% examples, 679232 words/s, in_qsize 30, out_qsize 0
2026-03-26 10:45:53,715 - INFO - EPOCH 1 - PROGRESS: at 99.77% examples, 679199 words/s, in_qsize 32, out_qsize 2
2026-03-26 10:45:54,726 - INFO - EPOCH 1 - PROGRESS: at 99.90% examples, 679204 words/s, in_qsize 32, out_qsize 0
2026-03-26 10:45:55,506 - DEBUG - job loop exiting, total 60863 jobs
2026-03-26 10:45:55,707 - DEBUG - worker exiting, processed 3795 jobs
2026-03-26 10:45:55,707 - DEBUG - worker exiting, processed 3803 jobs
2026-03-26 10:45:55,708 - DEBUG - worker thread finished; awaiting finish of 15 more threads
2026-03-26 10:45:55,708 - DEBUG - worker thread finished; awaiting finish of 14 more threads
2026-03-26 10:45:55,726 - DEBUG - worker exiting, processed 3804 jobs
2026-03-26 10:45:55,726 - INFO - EPOCH 1 - PROGRESS: at 99.99% examples, 679212 words/s, in_qsize 13, out_qsize 1
2026-03-26 10:45:55,727 - DEBUG - worker thread finished; awaiting finish of 13 more threads
2026-03-26 10:45:55,735 - DEBUG - worker exiting, processed 3819 jobs
2026-03-26 10:45:55,736 - DEBUG - worker thread finished; awaiting finish of 12 more threads
2026-03-26 10:45:55,741 - DEBUG - worker exiting, processed 3804 jobs
2026-03-26 10:45:55,741 - DEBUG - worker thread finished; awaiting finish of 11 more threads
2026-03-26 10:45:55,747 - DEBUG - worker exiting, processed 3804 jobs
2026-03-26 10:45:55,747 - DEBUG - worker thread finished; awaiting finish of 10 more threads
2026-03-26 10:45:55,760 - DEBUG - worker exiting, processed 3799 jobs
2026-03-26 10:45:55,760 - DEBUG - worker thread finished; awaiting finish of 9 more threads
2026-03-26 10:45:55,772 - DEBUG - worker exiting, processed 3807 jobs
2026-03-26 10:45:55,773 - DEBUG - worker thread finished; awaiting finish of 8 more threads
2026-03-26 10:45:55,775 - DEBUG - worker exiting, processed 3808 jobs
2026-03-26 10:45:55,775 - DEBUG - worker thread finished; awaiting finish of 7 more threads
2026-03-26 10:45:55,786 - DEBUG - worker exiting, processed 3802 jobs
2026-03-26 10:45:55,786 - DEBUG - worker thread finished; awaiting finish of 6 more threads
2026-03-26 10:45:55,786 - DEBUG - worker exiting, processed 3801 jobs
2026-03-26 10:45:55,787 - DEBUG - worker thread finished; awaiting finish of 5 more threads
2026-03-26 10:45:55,800 - DEBUG - worker exiting, processed 3797 jobs
2026-03-26 10:45:55,800 - DEBUG - worker thread finished; awaiting finish of 4 more threads
2026-03-26 10:45:55,801 - DEBUG - worker exiting, processed 3798 jobs
2026-03-26 10:45:55,801 - DEBUG - worker thread finished; awaiting finish of 3 more threads
2026-03-26 10:45:55,819 - DEBUG - worker exiting, processed 3807 jobs
2026-03-26 10:45:55,819 - DEBUG - worker thread finished; awaiting finish of 2 more threads
2026-03-26 10:45:55,835 - DEBUG - worker exiting, processed 3805 jobs
2026-03-26 10:45:55,835 - DEBUG - worker thread finished; awaiting finish of 1 more threads
2026-03-26 10:45:55,839 - DEBUG - worker exiting, processed 3810 jobs
2026-03-26 10:45:55,839 - DEBUG - worker thread finished; awaiting finish of 0 more threads
2026-03-26 10:45:55,840 - INFO - EPOCH 1: training on 604933589 raw words (478047550 effective words) took 703.8s, 679239 effective words/s
2026-03-26 10:45:55,840 - INFO - Epoch 2 completed in 703.8s
2026-03-26 10:45:55,840 - INFO - Epoch 3 starting...
2026-03-26 10:45:56,849 - INFO - EPOCH 2 - PROGRESS: at 0.07% examples, 462044 words/s, in_qsize 32, out_qsize 0
2026-03-26 10:45:57,854 - INFO - EPOCH 2 - PROGRESS: at 0.20% examples, 578544 words/s, in_qsize 31, out_qsize 0
2026-03-26 10:45:58,863 - INFO - EPOCH 2 - PROGRESS: at 0.35% examples, 609615 words/s, in_qsize 32, out_qsize 0
2026-03-26 10:45:59,864 - INFO - EPOCH 2 - PROGRESS: at 0.51% examples, 629867 words/s, in_qsize 31, out_qsize 0
2026-03-26 10:46:00,866 - INFO - EPOCH 2 - PROGRESS: at 0.66% examples, 635666 words/s, in_qsize 32, out_qsize 2
2026-03-26 10:46:01,876 - INFO - EPOCH 2 - PROGRESS: at 0.82% examples, 648035 words/s, in_qsize 31, out_qsize 1
2026-03-26 10:46:02,890 - INFO - EPOCH 2 - PROGRESS: at 0.97% examples, 648495 words/s, in_qsize 31, out_qsize 4
2026-03-26 10:46:03,893 - INFO - EPOCH 2 - PROGRESS: at 1.13% examples, 656472 words/s, in_qsize 31, out_qsize 0
2026-03-26 10:46:04,902 - INFO - EPOCH 2 - PROGRESS: at 1.28% examples, 657861 words/s, in_qsize 32, out_qsize 1
2026-03-26 10:46:05,909 - INFO - EPOCH 2 - PROGRESS: at 1.40% examples, 659838 words/s, in_qsize 31, out_qsize 0
2026-03-26 10:46:06,916 - INFO - EPOCH 2 - PROGRESS: at 1.53% examples, 662214 words/s, in_qsize 31, out_qsize 0
2026-03-26 10:46:07,917 - INFO - EPOCH 2 - PROGRESS: at 1.65% examples, 662609 words/s, in_qsize 31, out_qsize 0
2026-03-26 10:46:08,925 - INFO - EPOCH 2 - PROGRESS: at 1.77% examples, 664232 words/s, in_qsize 31, out_qsize 0
2026-03-26 10:46:09,926 - INFO - EPOCH 2 - PROGRESS: at 1.89% examples, 665937 words/s, in_qsize 31, out_qsize 0
2026-03-26 10:46:10,937 - INFO - EPOCH 2 - PROGRESS: at 2.01% examples, 665703 words/s, in_qsize 30, out_qsize 1
2026-03-26 10:46:11,952 - INFO - EPOCH 2 - PROGRESS: at 2.12% examples, 663504 words/s, in_qsize 32, out_qsize 4
2026-03-26 10:46:12,965 - INFO - EPOCH 2 - PROGRESS: at 2.24% examples, 665823 words/s, in_qsize 31, out_qsize 1
2026-03-26 10:46:13,972 - INFO - EPOCH 2 - PROGRESS: at 2.35% examples, 666252 words/s, in_qsize 31, out_qsize 0
2026-03-26 10:46:15,010 - INFO - EPOCH 2 - PROGRESS: at 2.47% examples, 666848 words/s, in_qsize 32, out_qsize 0
2026-03-26 10:46:16,018 - INFO - EPOCH 2 - PROGRESS: at 2.59% examples, 667563 words/s, in_qsize 32, out_qsize 0
2026-03-26 10:46:17,029 - INFO - EPOCH 2 - PROGRESS: at 2.71% examples, 667516 words/s, in_qsize 31, out_qsize 0
2026-03-26 10:46:18,029 - INFO - EPOCH 2 - PROGRESS: at 2.83% examples, 668378 words/s, in_qsize 31, out_qsize 0
2026-03-26 10:46:19,040 - INFO - EPOCH 2 - PROGRESS: at 2.95% examples, 669203 words/s, in_qsize 32, out_qsize 0
2026-03-26 10:46:20,061 - INFO - EPOCH 2 - PROGRESS: at 3.06% examples, 668178 words/s, in_qsize 27, out_qsize 3
2026-03-26 10:46:21,072 - INFO - EPOCH 2 - PROGRESS: at 3.23% examples, 669742 words/s, in_qsize 31, out_qsize 0
2026-03-26 10:46:22,082 - INFO - EPOCH 2 - PROGRESS: at 3.39% examples, 670133 words/s, in_qsize 32, out_qsize 2
2026-03-26 10:46:23,091 - INFO - EPOCH 2 - PROGRESS: at 3.52% examples, 671156 words/s, in_qsize 30, out_qsize 1
2026-03-26 10:46:24,095 - INFO - EPOCH 2 - PROGRESS: at 3.67% examples, 670977 words/s, in_qsize 31, out_qsize 0
2026-03-26 10:46:25,095 - INFO - EPOCH 2 - PROGRESS: at 3.81% examples, 672328 words/s, in_qsize 31, out_qsize 0
2026-03-26 10:46:26,115 - INFO - EPOCH 2 - PROGRESS: at 3.96% examples, 672274 words/s, in_qsize 29, out_qsize 2
2026-03-26 10:46:27,125 - INFO - EPOCH 2 - PROGRESS: at 4.11% examples, 672658 words/s, in_qsize 32, out_qsize 0
2026-03-26 10:46:28,133 - INFO - EPOCH 2 - PROGRESS: at 4.26% examples, 672849 words/s, in_qsize 30, out_qsize 1
2026-03-26 10:46:29,138 - INFO - EPOCH 2 - PROGRESS: at 4.40% examples, 673355 words/s, in_qsize 32, out_qsize 2
2026-03-26 10:46:30,178 - INFO - EPOCH 2 - PROGRESS: at 4.53% examples, 672904 words/s, in_qsize 30, out_qsize 5
2026-03-26 10:46:31,184 - INFO - EPOCH 2 - PROGRESS: at 4.64% examples, 673895 words/s, in_qsize 31, out_qsize 1
2026-03-26 10:46:32,196 - INFO - EPOCH 2 - PROGRESS: at 4.75% examples, 673810 words/s, in_qsize 32, out_qsize 1
2026-03-26 10:46:33,202 - INFO - EPOCH 2 - PROGRESS: at 4.85% examples, 674178 words/s, in_qsize 31, out_qsize 0
2026-03-26 10:46:34,207 - INFO - EPOCH 2 - PROGRESS: at 4.95% examples, 674230 words/s, in_qsize 32, out_qsize 0
2026-03-26 10:46:35,223 - INFO - EPOCH 2 - PROGRESS: at 5.05% examples, 672427 words/s, in_qsize 31, out_qsize 1
2026-03-26 10:46:36,226 - INFO - EPOCH 2 - PROGRESS: at 5.20% examples, 672762 words/s, in_qsize 31, out_qsize 0
2026-03-26 10:46:37,245 - INFO - EPOCH 2 - PROGRESS: at 5.35% examples, 673009 words/s, in_qsize 29, out_qsize 2
2026-03-26 10:46:38,260 - INFO - EPOCH 2 - PROGRESS: at 5.50% examples, 673108 words/s, in_qsize 32, out_qsize 0
2026-03-26 10:46:39,267 - INFO - EPOCH 2 - PROGRESS: at 5.64% examples, 673335 words/s, in_qsize 30, out_qsize 1
2026-03-26 10:46:40,268 - INFO - EPOCH 2 - PROGRESS: at 5.76% examples, 673629 words/s, in_qsize 28, out_qsize 0
2026-03-26 10:46:41,301 - INFO - EPOCH 2 - PROGRESS: at 5.88% examples, 673331 words/s, in_qsize 32, out_qsize 2
2026-03-26 10:46:42,303 - INFO - EPOCH 2 - PROGRESS: at 6.03% examples, 673842 words/s, in_qsize 31, out_qsize 0
2026-03-26 10:46:43,327 - INFO - EPOCH 2 - PROGRESS: at 6.18% examples, 673947 words/s, in_qsize 31, out_qsize 0
2026-03-26 10:46:44,329 - INFO - EPOCH 2 - PROGRESS: at 6.38% examples, 674781 words/s, in_qsize 31, out_qsize 0
2026-03-26 10:46:45,336 - INFO - EPOCH 2 - PROGRESS: at 6.59% examples, 675204 words/s, in_qsize 31, out_qsize 0
2026-03-26 10:46:46,358 - INFO - EPOCH 2 - PROGRESS: at 6.79% examples, 675414 words/s, in_qsize 31, out_qsize 0
2026-03-26 10:46:47,369 - INFO - EPOCH 2 - PROGRESS: at 7.00% examples, 675760 words/s, in_qsize 32, out_qsize 0
2026-03-26 10:46:48,401 - INFO - EPOCH 2 - PROGRESS: at 7.17% examples, 675655 words/s, in_qsize 32, out_qsize 4
2026-03-26 10:46:49,416 - INFO - EPOCH 2 - PROGRESS: at 7.25% examples, 675710 words/s, in_qsize 31, out_qsize 0
2026-03-26 10:46:50,432 - INFO - EPOCH 2 - PROGRESS: at 7.42% examples, 675771 words/s, in_qsize 31, out_qsize 0
2026-03-26 10:46:51,465 - INFO - EPOCH 2 - PROGRESS: at 7.54% examples, 675363 words/s, in_qsize 31, out_qsize 0
2026-03-26 10:46:52,510 - INFO - EPOCH 2 - PROGRESS: at 7.66% examples, 675206 words/s, in_qsize 30, out_qsize 1
2026-03-26 10:46:53,533 - INFO - EPOCH 2 - PROGRESS: at 7.81% examples, 675148 words/s, in_qsize 32, out_qsize 0
2026-03-26 10:46:54,550 - INFO - EPOCH 2 - PROGRESS: at 7.94% examples, 675109 words/s, in_qsize 30, out_qsize 1
2026-03-26 10:46:55,571 - INFO - EPOCH 2 - PROGRESS: at 8.07% examples, 674869 words/s, in_qsize 29, out_qsize 1
2026-03-26 10:46:56,576 - INFO - EPOCH 2 - PROGRESS: at 8.21% examples, 675363 words/s, in_qsize 30, out_qsize 1
2026-03-26 10:46:57,582 - INFO - EPOCH 2 - PROGRESS: at 8.34% examples, 675562 words/s, in_qsize 30, out_qsize 1
2026-03-26 10:46:58,588 - INFO - EPOCH 2 - PROGRESS: at 8.46% examples, 675569 words/s, in_qsize 32, out_qsize 0
2026-03-26 10:46:59,600 - INFO - EPOCH 2 - PROGRESS: at 8.54% examples, 675368 words/s, in_qsize 28, out_qsize 1
2026-03-26 10:47:00,621 - INFO - EPOCH 2 - PROGRESS: at 8.66% examples, 675275 words/s, in_qsize 30, out_qsize 1
2026-03-26 10:47:01,629 - INFO - EPOCH 2 - PROGRESS: at 8.80% examples, 675576 words/s, in_qsize 31, out_qsize 0
2026-03-26 10:47:02,639 - INFO - EPOCH 2 - PROGRESS: at 8.95% examples, 675687 words/s, in_qsize 32, out_qsize 0
2026-03-26 10:47:03,702 - INFO - EPOCH 2 - PROGRESS: at 9.05% examples, 674492 words/s, in_qsize 29, out_qsize 6
2026-03-26 10:47:04,708 - INFO - EPOCH 2 - PROGRESS: at 9.19% examples, 674652 words/s, in_qsize 31, out_qsize 0
2026-03-26 10:47:05,720 - INFO - EPOCH 2 - PROGRESS: at 9.32% examples, 674597 words/s, in_qsize 30, out_qsize 1
2026-03-26 10:47:06,724 - INFO - EPOCH 2 - PROGRESS: at 9.44% examples, 674819 words/s, in_qsize 31, out_qsize 0
2026-03-26 10:47:07,725 - INFO - EPOCH 2 - PROGRESS: at 9.56% examples, 675292 words/s, in_qsize 30, out_qsize 1
2026-03-26 10:47:08,750 - INFO - EPOCH 2 - PROGRESS: at 9.69% examples, 674836 words/s, in_qsize 32, out_qsize 3
2026-03-26 10:47:09,766 - INFO - EPOCH 2 - PROGRESS: at 9.84% examples, 674735 words/s, in_qsize 32, out_qsize 1
2026-03-26 10:47:10,768 - INFO - EPOCH 2 - PROGRESS: at 9.98% examples, 674654 words/s, in_qsize 31, out_qsize 0
2026-03-26 10:47:11,768 - INFO - EPOCH 2 - PROGRESS: at 10.11% examples, 673673 words/s, in_qsize 31, out_qsize 0
2026-03-26 10:47:12,822 - INFO - EPOCH 2 - PROGRESS: at 10.25% examples, 672951 words/s, in_qsize 30, out_qsize 1
2026-03-26 10:47:13,859 - INFO - EPOCH 2 - PROGRESS: at 10.38% examples, 672892 words/s, in_qsize 32, out_qsize 2
2026-03-26 10:47:14,869 - INFO - EPOCH 2 - PROGRESS: at 10.53% examples, 672970 words/s, in_qsize 29, out_qsize 3
2026-03-26 10:47:15,892 - INFO - EPOCH 2 - PROGRESS: at 10.68% examples, 673305 words/s, in_qsize 29, out_qsize 2
2026-03-26 10:47:16,931 - INFO - EPOCH 2 - PROGRESS: at 10.87% examples, 673218 words/s, in_qsize 32, out_qsize 5
2026-03-26 10:47:17,932 - INFO - EPOCH 2 - PROGRESS: at 11.07% examples, 674118 words/s, in_qsize 31, out_qsize 0
2026-03-26 10:47:18,932 - INFO - EPOCH 2 - PROGRESS: at 11.25% examples, 674039 words/s, in_qsize 30, out_qsize 0
2026-03-26 10:47:19,951 - INFO - EPOCH 2 - PROGRESS: at 11.44% examples, 674090 words/s, in_qsize 31, out_qsize 0
2026-03-26 10:47:20,995 - INFO - EPOCH 2 - PROGRESS: at 11.60% examples, 674253 words/s, in_qsize 31, out_qsize 4
2026-03-26 10:47:22,017 - INFO - EPOCH 2 - PROGRESS: at 11.71% examples, 674191 words/s, in_qsize 32, out_qsize 2
2026-03-26 10:47:23,029 - INFO - EPOCH 2 - PROGRESS: at 11.89% examples, 674461 words/s, in_qsize 32, out_qsize 0
2026-03-26 10:47:24,036 - INFO - EPOCH 2 - PROGRESS: at 12.11% examples, 674850 words/s, in_qsize 32, out_qsize 1
2026-03-26 10:47:25,077 - INFO - EPOCH 2 - PROGRESS: at 12.32% examples, 674462 words/s, in_qsize 31, out_qsize 1
2026-03-26 10:47:26,119 - INFO - EPOCH 2 - PROGRESS: at 12.53% examples, 674158 words/s, in_qsize 32, out_qsize 0
2026-03-26 10:47:27,135 - INFO - EPOCH 2 - PROGRESS: at 12.75% examples, 674480 words/s, in_qsize 31, out_qsize 0
2026-03-26 10:47:28,137 - INFO - EPOCH 2 - PROGRESS: at 12.96% examples, 674720 words/s, in_qsize 31, out_qsize 0
2026-03-26 10:47:29,137 - INFO - EPOCH 2 - PROGRESS: at 13.18% examples, 675056 words/s, in_qsize 32, out_qsize 0
2026-03-26 10:47:30,145 - INFO - EPOCH 2 - PROGRESS: at 13.41% examples, 675827 words/s, in_qsize 31, out_qsize 0
2026-03-26 10:47:31,177 - INFO - EPOCH 2 - PROGRESS: at 13.64% examples, 676170 words/s, in_qsize 30, out_qsize 3
2026-03-26 10:47:32,186 - INFO - EPOCH 2 - PROGRESS: at 13.87% examples, 676895 words/s, in_qsize 31, out_qsize 1
2026-03-26 10:47:33,189 - INFO - EPOCH 2 - PROGRESS: at 14.09% examples, 677318 words/s, in_qsize 30, out_qsize 1
2026-03-26 10:47:34,194 - INFO - EPOCH 2 - PROGRESS: at 14.26% examples, 677539 words/s, in_qsize 31, out_qsize 0
2026-03-26 10:47:35,195 - INFO - EPOCH 2 - PROGRESS: at 14.42% examples, 677669 words/s, in_qsize 31, out_qsize 0
2026-03-26 10:47:36,201 - INFO - EPOCH 2 - PROGRESS: at 14.59% examples, 677836 words/s, in_qsize 30, out_qsize 0
2026-03-26 10:47:37,202 - INFO - EPOCH 2 - PROGRESS: at 14.76% examples, 677807 words/s, in_qsize 31, out_qsize 0
2026-03-26 10:47:38,216 - INFO - EPOCH 2 - PROGRESS: at 14.92% examples, 677770 words/s, in_qsize 32, out_qsize 1
2026-03-26 10:47:39,223 - INFO - EPOCH 2 - PROGRESS: at 15.09% examples, 677624 words/s, in_qsize 31, out_qsize 0
2026-03-26 10:47:40,234 - INFO - EPOCH 2 - PROGRESS: at 15.24% examples, 677226 words/s, in_qsize 31, out_qsize 3
2026-03-26 10:47:41,238 - INFO - EPOCH 2 - PROGRESS: at 15.40% examples, 677172 words/s, in_qsize 32, out_qsize 4
2026-03-26 10:47:42,263 - INFO - EPOCH 2 - PROGRESS: at 15.58% examples, 677580 words/s, in_qsize 32, out_qsize 0
2026-03-26 10:47:43,303 - INFO - EPOCH 2 - PROGRESS: at 15.75% examples, 677731 words/s, in_qsize 31, out_qsize 3
2026-03-26 10:47:44,326 - INFO - EPOCH 2 - PROGRESS: at 15.93% examples, 678131 words/s, in_qsize 31, out_qsize 0
2026-03-26 10:47:45,355 - INFO - EPOCH 2 - PROGRESS: at 16.11% examples, 678488 words/s, in_qsize 31, out_qsize 0
2026-03-26 10:47:46,362 - INFO - EPOCH 2 - PROGRESS: at 16.29% examples, 678625 words/s, in_qsize 31, out_qsize 0
2026-03-26 10:47:47,379 - INFO - EPOCH 2 - PROGRESS: at 16.47% examples, 678973 words/s, in_qsize 31, out_qsize 0
2026-03-26 10:47:48,388 - INFO - EPOCH 2 - PROGRESS: at 16.65% examples, 679436 words/s, in_qsize 32, out_qsize 0
2026-03-26 10:47:49,394 - INFO - EPOCH 2 - PROGRESS: at 16.82% examples, 679566 words/s, in_qsize 30, out_qsize 1
2026-03-26 10:47:50,401 - INFO - EPOCH 2 - PROGRESS: at 16.99% examples, 679691 words/s, in_qsize 32, out_qsize 0
2026-03-26 10:47:51,407 - INFO - EPOCH 2 - PROGRESS: at 17.17% examples, 680024 words/s, in_qsize 32, out_qsize 0
2026-03-26 10:47:52,418 - INFO - EPOCH 2 - PROGRESS: at 17.35% examples, 680319 words/s, in_qsize 30, out_qsize 1
2026-03-26 10:47:53,427 - INFO - EPOCH 2 - PROGRESS: at 17.52% examples, 680428 words/s, in_qsize 31, out_qsize 1
2026-03-26 10:47:54,448 - INFO - EPOCH 2 - PROGRESS: at 17.69% examples, 680368 words/s, in_qsize 32, out_qsize 1
2026-03-26 10:47:55,460 - INFO - EPOCH 2 - PROGRESS: at 17.86% examples, 680347 words/s, in_qsize 32, out_qsize 0
2026-03-26 10:47:56,492 - INFO - EPOCH 2 - PROGRESS: at 18.03% examples, 680158 words/s, in_qsize 32, out_qsize 5
2026-03-26 10:47:57,500 - INFO - EPOCH 2 - PROGRESS: at 18.22% examples, 680622 words/s, in_qsize 32, out_qsize 0
2026-03-26 10:47:58,516 - INFO - EPOCH 2 - PROGRESS: at 18.39% examples, 680716 words/s, in_qsize 32, out_qsize 0
2026-03-26 10:47:59,552 - INFO - EPOCH 2 - PROGRESS: at 18.56% examples, 680566 words/s, in_qsize 32, out_qsize 3
2026-03-26 10:48:00,560 - INFO - EPOCH 2 - PROGRESS: at 18.71% examples, 680616 words/s, in_qsize 30, out_qsize 1
2026-03-26 10:48:01,584 - INFO - EPOCH 2 - PROGRESS: at 18.83% examples, 680582 words/s, in_qsize 31, out_qsize 0
2026-03-26 10:48:02,600 - INFO - EPOCH 2 - PROGRESS: at 18.94% examples, 680116 words/s, in_qsize 32, out_qsize 0
2026-03-26 10:48:03,616 - INFO - EPOCH 2 - PROGRESS: at 19.06% examples, 679521 words/s, in_qsize 30, out_qsize 1
2026-03-26 10:48:04,636 - INFO - EPOCH 2 - PROGRESS: at 19.21% examples, 679499 words/s, in_qsize 31, out_qsize 0
2026-03-26 10:48:05,653 - INFO - EPOCH 2 - PROGRESS: at 19.33% examples, 679037 words/s, in_qsize 31, out_qsize 0
2026-03-26 10:48:06,675 - INFO - EPOCH 2 - PROGRESS: at 19.50% examples, 678906 words/s, in_qsize 32, out_qsize 2
2026-03-26 10:48:07,697 - INFO - EPOCH 2 - PROGRESS: at 19.64% examples, 679026 words/s, in_qsize 31, out_qsize 0
2026-03-26 10:48:08,703 - INFO - EPOCH 2 - PROGRESS: at 19.80% examples, 679149 words/s, in_qsize 32, out_qsize 0
2026-03-26 10:48:09,715 - INFO - EPOCH 2 - PROGRESS: at 19.96% examples, 679237 words/s, in_qsize 31, out_qsize 0
2026-03-26 10:48:10,793 - INFO - EPOCH 2 - PROGRESS: at 20.12% examples, 679052 words/s, in_qsize 32, out_qsize 4
2026-03-26 10:48:11,797 - INFO - EPOCH 2 - PROGRESS: at 20.26% examples, 679356 words/s, in_qsize 32, out_qsize 1
2026-03-26 10:48:12,798 - INFO - EPOCH 2 - PROGRESS: at 20.37% examples, 679375 words/s, in_qsize 31, out_qsize 0
2026-03-26 10:48:13,807 - INFO - EPOCH 2 - PROGRESS: at 20.47% examples, 679222 words/s, in_qsize 29, out_qsize 1
2026-03-26 10:48:14,808 - INFO - EPOCH 2 - PROGRESS: at 20.58% examples, 679189 words/s, in_qsize 31, out_qsize 0
2026-03-26 10:48:15,837 - INFO - EPOCH 2 - PROGRESS: at 20.69% examples, 679013 words/s, in_qsize 29, out_qsize 2
2026-03-26 10:48:16,849 - INFO - EPOCH 2 - PROGRESS: at 20.78% examples, 678909 words/s, in_qsize 32, out_qsize 3
2026-03-26 10:48:17,853 - INFO - EPOCH 2 - PROGRESS: at 20.96% examples, 679184 words/s, in_qsize 32, out_qsize 0
2026-03-26 10:48:18,911 - INFO - EPOCH 2 - PROGRESS: at 21.10% examples, 678869 words/s, in_qsize 32, out_qsize 6
2026-03-26 10:48:19,914 - INFO - EPOCH 2 - PROGRESS: at 21.30% examples, 679357 words/s, in_qsize 31, out_qsize 0
2026-03-26 10:48:20,954 - INFO - EPOCH 2 - PROGRESS: at 21.47% examples, 679125 words/s, in_qsize 27, out_qsize 4
2026-03-26 10:48:21,981 - INFO - EPOCH 2 - PROGRESS: at 21.59% examples, 679342 words/s, in_qsize 30, out_qsize 1
2026-03-26 10:48:22,985 - INFO - EPOCH 2 - PROGRESS: at 21.72% examples, 679384 words/s, in_qsize 32, out_qsize 1
2026-03-26 10:48:24,003 - INFO - EPOCH 2 - PROGRESS: at 21.84% examples, 679383 words/s, in_qsize 30, out_qsize 2
2026-03-26 10:48:25,010 - INFO - EPOCH 2 - PROGRESS: at 22.06% examples, 679628 words/s, in_qsize 29, out_qsize 1
2026-03-26 10:48:26,071 - INFO - EPOCH 2 - PROGRESS: at 22.17% examples, 679337 words/s, in_qsize 30, out_qsize 7
2026-03-26 10:48:27,106 - INFO - EPOCH 2 - PROGRESS: at 22.37% examples, 679141 words/s, in_qsize 32, out_qsize 0
2026-03-26 10:48:28,150 - INFO - EPOCH 2 - PROGRESS: at 22.59% examples, 678460 words/s, in_qsize 30, out_qsize 1
2026-03-26 10:48:29,194 - INFO - EPOCH 2 - PROGRESS: at 22.80% examples, 678324 words/s, in_qsize 31, out_qsize 0
2026-03-26 10:48:30,215 - INFO - EPOCH 2 - PROGRESS: at 22.93% examples, 677620 words/s, in_qsize 31, out_qsize 0
2026-03-26 10:48:31,229 - INFO - EPOCH 2 - PROGRESS: at 23.08% examples, 677170 words/s, in_qsize 32, out_qsize 6
2026-03-26 10:48:32,245 - INFO - EPOCH 2 - PROGRESS: at 23.24% examples, 676741 words/s, in_qsize 32, out_qsize 1
2026-03-26 10:48:33,253 - INFO - EPOCH 2 - PROGRESS: at 23.38% examples, 676104 words/s, in_qsize 32, out_qsize 3
2026-03-26 10:48:34,263 - INFO - EPOCH 2 - PROGRESS: at 23.56% examples, 676254 words/s, in_qsize 31, out_qsize 0
2026-03-26 10:48:35,299 - INFO - EPOCH 2 - PROGRESS: at 23.73% examples, 676199 words/s, in_qsize 32, out_qsize 0
2026-03-26 10:48:36,333 - INFO - EPOCH 2 - PROGRESS: at 23.90% examples, 676143 words/s, in_qsize 32, out_qsize 2
2026-03-26 10:48:37,354 - INFO - EPOCH 2 - PROGRESS: at 24.08% examples, 676146 words/s, in_qsize 31, out_qsize 0
2026-03-26 10:48:38,356 - INFO - EPOCH 2 - PROGRESS: at 24.25% examples, 676190 words/s, in_qsize 31, out_qsize 0
2026-03-26 10:48:39,394 - INFO - EPOCH 2 - PROGRESS: at 24.38% examples, 675931 words/s, in_qsize 31, out_qsize 0
2026-03-26 10:48:40,422 - INFO - EPOCH 2 - PROGRESS: at 24.52% examples, 675751 words/s, in_qsize 31, out_qsize 2
2026-03-26 10:48:41,447 - INFO - EPOCH 2 - PROGRESS: at 24.65% examples, 675813 words/s, in_qsize 31, out_qsize 4
2026-03-26 10:48:42,456 - INFO - EPOCH 2 - PROGRESS: at 24.79% examples, 676012 words/s, in_qsize 31, out_qsize 0
2026-03-26 10:48:43,469 - INFO - EPOCH 2 - PROGRESS: at 24.93% examples, 676024 words/s, in_qsize 31, out_qsize 0
2026-03-26 10:48:44,492 - INFO - EPOCH 2 - PROGRESS: at 25.07% examples, 676025 words/s, in_qsize 32, out_qsize 2
2026-03-26 10:48:45,493 - INFO - EPOCH 2 - PROGRESS: at 25.20% examples, 676020 words/s, in_qsize 32, out_qsize 0
2026-03-26 10:48:46,506 - INFO - EPOCH 2 - PROGRESS: at 25.31% examples, 676018 words/s, in_qsize 30, out_qsize 1
2026-03-26 10:48:47,555 - INFO - EPOCH 2 - PROGRESS: at 25.45% examples, 676010 words/s, in_qsize 32, out_qsize 1
2026-03-26 10:48:48,556 - INFO - EPOCH 2 - PROGRESS: at 25.63% examples, 676175 words/s, in_qsize 30, out_qsize 1
2026-03-26 10:48:49,568 - INFO - EPOCH 2 - PROGRESS: at 25.79% examples, 676205 words/s, in_qsize 32, out_qsize 1
2026-03-26 10:48:50,573 - INFO - EPOCH 2 - PROGRESS: at 25.95% examples, 676375 words/s, in_qsize 31, out_qsize 0
2026-03-26 10:48:51,580 - INFO - EPOCH 2 - PROGRESS: at 26.11% examples, 676372 words/s, in_qsize 29, out_qsize 2
2026-03-26 10:48:52,586 - INFO - EPOCH 2 - PROGRESS: at 26.29% examples, 676535 words/s, in_qsize 31, out_qsize 0
2026-03-26 10:48:53,587 - INFO - EPOCH 2 - PROGRESS: at 26.47% examples, 676658 words/s, in_qsize 31, out_qsize 1
2026-03-26 10:48:54,599 - INFO - EPOCH 2 - PROGRESS: at 26.67% examples, 676747 words/s, in_qsize 31, out_qsize 4
2026-03-26 10:48:55,603 - INFO - EPOCH 2 - PROGRESS: at 26.84% examples, 676906 words/s, in_qsize 28, out_qsize 2
2026-03-26 10:48:56,616 - INFO - EPOCH 2 - PROGRESS: at 27.01% examples, 677039 words/s, in_qsize 32, out_qsize 0
2026-03-26 10:48:57,625 - INFO - EPOCH 2 - PROGRESS: at 27.17% examples, 677105 words/s, in_qsize 31, out_qsize 0
2026-03-26 10:48:58,666 - INFO - EPOCH 2 - PROGRESS: at 27.30% examples, 676970 words/s, in_qsize 31, out_qsize 2
2026-03-26 10:48:59,668 - INFO - EPOCH 2 - PROGRESS: at 27.39% examples, 677058 words/s, in_qsize 31, out_qsize 0
2026-03-26 10:49:00,672 - INFO - EPOCH 2 - PROGRESS: at 27.50% examples, 677124 words/s, in_qsize 31, out_qsize 0
2026-03-26 10:49:01,681 - INFO - EPOCH 2 - PROGRESS: at 27.66% examples, 677035 words/s, in_qsize 31, out_qsize 0
2026-03-26 10:49:02,697 - INFO - EPOCH 2 - PROGRESS: at 27.81% examples, 677099 words/s, in_qsize 32, out_qsize 1
2026-03-26 10:49:03,706 - INFO - EPOCH 2 - PROGRESS: at 27.96% examples, 677150 words/s, in_qsize 29, out_qsize 1
2026-03-26 10:49:04,712 - INFO - EPOCH 2 - PROGRESS: at 28.05% examples, 677097 words/s, in_qsize 32, out_qsize 0
2026-03-26 10:49:05,739 - INFO - EPOCH 2 - PROGRESS: at 28.12% examples, 676998 words/s, in_qsize 32, out_qsize 0
2026-03-26 10:49:06,776 - INFO - EPOCH 2 - PROGRESS: at 28.27% examples, 676629 words/s, in_qsize 30, out_qsize 1
2026-03-26 10:49:07,778 - INFO - EPOCH 2 - PROGRESS: at 28.40% examples, 676677 words/s, in_qsize 31, out_qsize 0
2026-03-26 10:49:08,781 - INFO - EPOCH 2 - PROGRESS: at 28.54% examples, 676270 words/s, in_qsize 31, out_qsize 0
2026-03-26 10:49:09,793 - INFO - EPOCH 2 - PROGRESS: at 28.69% examples, 676297 words/s, in_qsize 31, out_qsize 0
2026-03-26 10:49:10,823 - INFO - EPOCH 2 - PROGRESS: at 28.83% examples, 676178 words/s, in_qsize 31, out_qsize 0
2026-03-26 10:49:11,836 - INFO - EPOCH 2 - PROGRESS: at 28.98% examples, 676110 words/s, in_qsize 31, out_qsize 0
2026-03-26 10:49:12,862 - INFO - EPOCH 2 - PROGRESS: at 29.13% examples, 676008 words/s, in_qsize 31, out_qsize 0
2026-03-26 10:49:13,881 - INFO - EPOCH 2 - PROGRESS: at 29.27% examples, 676006 words/s, in_qsize 30, out_qsize 3
2026-03-26 10:49:14,888 - INFO - EPOCH 2 - PROGRESS: at 29.43% examples, 676163 words/s, in_qsize 29, out_qsize 0
2026-03-26 10:49:15,904 - INFO - EPOCH 2 - PROGRESS: at 29.58% examples, 676131 words/s, in_qsize 31, out_qsize 0
2026-03-26 10:49:16,907 - INFO - EPOCH 2 - PROGRESS: at 29.74% examples, 676211 words/s, in_qsize 32, out_qsize 0
2026-03-26 10:49:17,911 - INFO - EPOCH 2 - PROGRESS: at 29.90% examples, 676260 words/s, in_qsize 31, out_qsize 0
2026-03-26 10:49:18,927 - INFO - EPOCH 2 - PROGRESS: at 30.10% examples, 676395 words/s, in_qsize 31, out_qsize 0
2026-03-26 10:49:19,957 - INFO - EPOCH 2 - PROGRESS: at 30.21% examples, 676267 words/s, in_qsize 32, out_qsize 2
2026-03-26 10:49:20,963 - INFO - EPOCH 2 - PROGRESS: at 30.35% examples, 676481 words/s, in_qsize 31, out_qsize 0
2026-03-26 10:49:21,993 - INFO - EPOCH 2 - PROGRESS: at 30.49% examples, 676414 words/s, in_qsize 31, out_qsize 0
2026-03-26 10:49:22,994 - INFO - EPOCH 2 - PROGRESS: at 30.65% examples, 676535 words/s, in_qsize 31, out_qsize 0
2026-03-26 10:49:24,010 - INFO - EPOCH 2 - PROGRESS: at 30.77% examples, 676435 words/s, in_qsize 31, out_qsize 2
2026-03-26 10:49:25,019 - INFO - EPOCH 2 - PROGRESS: at 30.90% examples, 676502 words/s, in_qsize 31, out_qsize 0
2026-03-26 10:49:26,026 - INFO - EPOCH 2 - PROGRESS: at 31.02% examples, 676509 words/s, in_qsize 31, out_qsize 0
2026-03-26 10:49:27,026 - INFO - EPOCH 2 - PROGRESS: at 31.14% examples, 676309 words/s, in_qsize 29, out_qsize 4
2026-03-26 10:49:28,039 - INFO - EPOCH 2 - PROGRESS: at 31.27% examples, 676481 words/s, in_qsize 32, out_qsize 0
2026-03-26 10:49:29,054 - INFO - EPOCH 2 - PROGRESS: at 31.39% examples, 676424 words/s, in_qsize 32, out_qsize 0
2026-03-26 10:49:30,102 - INFO - EPOCH 2 - PROGRESS: at 31.51% examples, 676317 words/s, in_qsize 32, out_qsize 2
2026-03-26 10:49:31,124 - INFO - EPOCH 2 - PROGRESS: at 31.63% examples, 676260 words/s, in_qsize 31, out_qsize 4
2026-03-26 10:49:32,151 - INFO - EPOCH 2 - PROGRESS: at 31.77% examples, 676396 words/s, in_qsize 30, out_qsize 1
2026-03-26 10:49:33,162 - INFO - EPOCH 2 - PROGRESS: at 31.89% examples, 676447 words/s, in_qsize 32, out_qsize 0
2026-03-26 10:49:34,190 - INFO - EPOCH 2 - PROGRESS: at 32.02% examples, 676354 words/s, in_qsize 30, out_qsize 2
2026-03-26 10:49:35,200 - INFO - EPOCH 2 - PROGRESS: at 32.16% examples, 676260 words/s, in_qsize 29, out_qsize 2
2026-03-26 10:49:36,225 - INFO - EPOCH 2 - PROGRESS: at 32.26% examples, 676257 words/s, in_qsize 32, out_qsize 1
2026-03-26 10:49:37,251 - INFO - EPOCH 2 - PROGRESS: at 32.47% examples, 676297 words/s, in_qsize 29, out_qsize 2
2026-03-26 10:49:38,296 - INFO - EPOCH 2 - PROGRESS: at 32.67% examples, 676263 words/s, in_qsize 30, out_qsize 1
2026-03-26 10:49:39,328 - INFO - EPOCH 2 - PROGRESS: at 32.81% examples, 676221 words/s, in_qsize 31, out_qsize 1
2026-03-26 10:49:40,351 - INFO - EPOCH 2 - PROGRESS: at 32.97% examples, 676311 words/s, in_qsize 30, out_qsize 1
2026-03-26 10:49:41,370 - INFO - EPOCH 2 - PROGRESS: at 33.14% examples, 676333 words/s, in_qsize 30, out_qsize 1
2026-03-26 10:49:42,383 - INFO - EPOCH 2 - PROGRESS: at 33.31% examples, 676479 words/s, in_qsize 32, out_qsize 1
2026-03-26 10:49:43,398 - INFO - EPOCH 2 - PROGRESS: at 33.48% examples, 676516 words/s, in_qsize 32, out_qsize 0
2026-03-26 10:49:44,414 - INFO - EPOCH 2 - PROGRESS: at 33.65% examples, 676550 words/s, in_qsize 29, out_qsize 0
2026-03-26 10:49:45,444 - INFO - EPOCH 2 - PROGRESS: at 33.83% examples, 676540 words/s, in_qsize 32, out_qsize 5
2026-03-26 10:49:46,485 - INFO - EPOCH 2 - PROGRESS: at 34.00% examples, 676663 words/s, in_qsize 32, out_qsize 2
2026-03-26 10:49:47,514 - INFO - EPOCH 2 - PROGRESS: at 34.14% examples, 676727 words/s, in_qsize 30, out_qsize 2
2026-03-26 10:49:48,527 - INFO - EPOCH 2 - PROGRESS: at 34.23% examples, 676736 words/s, in_qsize 31, out_qsize 0
2026-03-26 10:49:49,535 - INFO - EPOCH 2 - PROGRESS: at 34.35% examples, 676751 words/s, in_qsize 32, out_qsize 0
2026-03-26 10:49:50,547 - INFO - EPOCH 2 - PROGRESS: at 34.49% examples, 676759 words/s, in_qsize 31, out_qsize 0
2026-03-26 10:49:51,550 - INFO - EPOCH 2 - PROGRESS: at 34.60% examples, 676789 words/s, in_qsize 32, out_qsize 0
2026-03-26 10:49:52,554 - INFO - EPOCH 2 - PROGRESS: at 34.71% examples, 676747 words/s, in_qsize 29, out_qsize 0
2026-03-26 10:49:53,557 - INFO - EPOCH 2 - PROGRESS: at 34.82% examples, 676741 words/s, in_qsize 29, out_qsize 1
2026-03-26 10:49:54,582 - INFO - EPOCH 2 - PROGRESS: at 34.94% examples, 676714 words/s, in_qsize 31, out_qsize 0
2026-03-26 10:49:55,588 - INFO - EPOCH 2 - PROGRESS: at 35.05% examples, 676803 words/s, in_qsize 32, out_qsize 0
2026-03-26 10:49:56,635 - INFO - EPOCH 2 - PROGRESS: at 35.20% examples, 676732 words/s, in_qsize 29, out_qsize 2
2026-03-26 10:49:57,661 - INFO - EPOCH 2 - PROGRESS: at 35.38% examples, 676846 words/s, in_qsize 32, out_qsize 0
2026-03-26 10:49:58,714 - INFO - EPOCH 2 - PROGRESS: at 35.54% examples, 676434 words/s, in_qsize 28, out_qsize 6
2026-03-26 10:49:59,733 - INFO - EPOCH 2 - PROGRESS: at 35.72% examples, 676437 words/s, in_qsize 31, out_qsize 0
2026-03-26 10:50:00,736 - INFO - EPOCH 2 - PROGRESS: at 35.86% examples, 676435 words/s, in_qsize 31, out_qsize 0
2026-03-26 10:50:01,741 - INFO - EPOCH 2 - PROGRESS: at 36.02% examples, 676283 words/s, in_qsize 31, out_qsize 0
2026-03-26 10:50:02,748 - INFO - EPOCH 2 - PROGRESS: at 36.16% examples, 676220 words/s, in_qsize 31, out_qsize 0
2026-03-26 10:50:03,750 - INFO - EPOCH 2 - PROGRESS: at 36.30% examples, 676207 words/s, in_qsize 30, out_qsize 2
2026-03-26 10:50:04,756 - INFO - EPOCH 2 - PROGRESS: at 36.43% examples, 676121 words/s, in_qsize 31, out_qsize 4
2026-03-26 10:50:05,760 - INFO - EPOCH 2 - PROGRESS: at 36.57% examples, 676193 words/s, in_qsize 32, out_qsize 0
2026-03-26 10:50:06,761 - INFO - EPOCH 2 - PROGRESS: at 36.70% examples, 676222 words/s, in_qsize 31, out_qsize 0
2026-03-26 10:50:07,766 - INFO - EPOCH 2 - PROGRESS: at 36.83% examples, 676176 words/s, in_qsize 32, out_qsize 3
2026-03-26 10:50:08,773 - INFO - EPOCH 2 - PROGRESS: at 36.97% examples, 676284 words/s, in_qsize 32, out_qsize 0
2026-03-26 10:50:09,803 - INFO - EPOCH 2 - PROGRESS: at 37.13% examples, 676321 words/s, in_qsize 30, out_qsize 1
2026-03-26 10:50:10,833 - INFO - EPOCH 2 - PROGRESS: at 37.25% examples, 676331 words/s, in_qsize 31, out_qsize 0
2026-03-26 10:50:11,839 - INFO - EPOCH 2 - PROGRESS: at 37.37% examples, 676323 words/s, in_qsize 31, out_qsize 0
2026-03-26 10:50:12,850 - INFO - EPOCH 2 - PROGRESS: at 37.48% examples, 676371 words/s, in_qsize 31, out_qsize 0
2026-03-26 10:50:13,864 - INFO - EPOCH 2 - PROGRESS: at 37.60% examples, 676308 words/s, in_qsize 29, out_qsize 2
2026-03-26 10:50:14,869 - INFO - EPOCH 2 - PROGRESS: at 37.73% examples, 676359 words/s, in_qsize 31, out_qsize 1
2026-03-26 10:50:15,878 - INFO - EPOCH 2 - PROGRESS: at 37.85% examples, 676410 words/s, in_qsize 31, out_qsize 0
2026-03-26 10:50:16,922 - INFO - EPOCH 2 - PROGRESS: at 37.98% examples, 676341 words/s, in_qsize 32, out_qsize 2
2026-03-26 10:50:17,941 - INFO - EPOCH 2 - PROGRESS: at 38.07% examples, 676363 words/s, in_qsize 32, out_qsize 0
2026-03-26 10:50:18,955 - INFO - EPOCH 2 - PROGRESS: at 38.20% examples, 676411 words/s, in_qsize 31, out_qsize 0
2026-03-26 10:50:19,973 - INFO - EPOCH 2 - PROGRESS: at 38.31% examples, 676393 words/s, in_qsize 32, out_qsize 3
2026-03-26 10:50:20,975 - INFO - EPOCH 2 - PROGRESS: at 38.43% examples, 676468 words/s, in_qsize 32, out_qsize 0
2026-03-26 10:50:22,024 - INFO - EPOCH 2 - PROGRESS: at 38.54% examples, 676400 words/s, in_qsize 32, out_qsize 1
2026-03-26 10:50:23,035 - INFO - EPOCH 2 - PROGRESS: at 38.70% examples, 676374 words/s, in_qsize 32, out_qsize 2
2026-03-26 10:50:24,047 - INFO - EPOCH 2 - PROGRESS: at 38.91% examples, 676496 words/s, in_qsize 27, out_qsize 1
2026-03-26 10:50:25,067 - INFO - EPOCH 2 - PROGRESS: at 39.09% examples, 676520 words/s, in_qsize 32, out_qsize 0
2026-03-26 10:50:26,067 - INFO - EPOCH 2 - PROGRESS: at 39.20% examples, 676578 words/s, in_qsize 31, out_qsize 0
2026-03-26 10:50:27,072 - INFO - EPOCH 2 - PROGRESS: at 39.31% examples, 676626 words/s, in_qsize 31, out_qsize 0
2026-03-26 10:50:28,092 - INFO - EPOCH 2 - PROGRESS: at 39.42% examples, 676550 words/s, in_qsize 30, out_qsize 1
2026-03-26 10:50:29,095 - INFO - EPOCH 2 - PROGRESS: at 39.54% examples, 676407 words/s, in_qsize 31, out_qsize 1
2026-03-26 10:50:30,117 - INFO - EPOCH 2 - PROGRESS: at 39.67% examples, 676330 words/s, in_qsize 29, out_qsize 2
2026-03-26 10:50:31,135 - INFO - EPOCH 2 - PROGRESS: at 39.81% examples, 676400 words/s, in_qsize 31, out_qsize 0
2026-03-26 10:50:32,146 - INFO - EPOCH 2 - PROGRESS: at 39.95% examples, 676415 words/s, in_qsize 32, out_qsize 0
2026-03-26 10:50:33,156 - INFO - EPOCH 2 - PROGRESS: at 40.08% examples, 676424 words/s, in_qsize 32, out_qsize 0
2026-03-26 10:50:34,168 - INFO - EPOCH 2 - PROGRESS: at 40.21% examples, 676428 words/s, in_qsize 27, out_qsize 3
2026-03-26 10:50:35,191 - INFO - EPOCH 2 - PROGRESS: at 40.34% examples, 676543 words/s, in_qsize 32, out_qsize 0
2026-03-26 10:50:36,202 - INFO - EPOCH 2 - PROGRESS: at 40.48% examples, 676558 words/s, in_qsize 31, out_qsize 0
2026-03-26 10:50:37,221 - INFO - EPOCH 2 - PROGRESS: at 40.63% examples, 676553 words/s, in_qsize 32, out_qsize 1
2026-03-26 10:50:38,229 - INFO - EPOCH 2 - PROGRESS: at 40.79% examples, 676562 words/s, in_qsize 32, out_qsize 1
2026-03-26 10:50:39,242 - INFO - EPOCH 2 - PROGRESS: at 40.95% examples, 676593 words/s, in_qsize 31, out_qsize 0
2026-03-26 10:50:40,252 - INFO - EPOCH 2 - PROGRESS: at 41.10% examples, 676597 words/s, in_qsize 32, out_qsize 0
2026-03-26 10:50:41,270 - INFO - EPOCH 2 - PROGRESS: at 41.26% examples, 676586 words/s, in_qsize 32, out_qsize 3
2026-03-26 10:50:42,275 - INFO - EPOCH 2 - PROGRESS: at 41.40% examples, 676658 words/s, in_qsize 31, out_qsize 0
2026-03-26 10:50:43,292 - INFO - EPOCH 2 - PROGRESS: at 41.51% examples, 676638 words/s, in_qsize 30, out_qsize 2
2026-03-26 10:50:44,298 - INFO - EPOCH 2 - PROGRESS: at 41.64% examples, 676694 words/s, in_qsize 31, out_qsize 0
2026-03-26 10:50:45,304 - INFO - EPOCH 2 - PROGRESS: at 41.74% examples, 676667 words/s, in_qsize 31, out_qsize 0
2026-03-26 10:50:46,314 - INFO - EPOCH 2 - PROGRESS: at 41.85% examples, 676713 words/s, in_qsize 32, out_qsize 1
2026-03-26 10:50:47,344 - INFO - EPOCH 2 - PROGRESS: at 41.95% examples, 676651 words/s, in_qsize 32, out_qsize 1
2026-03-26 10:50:48,362 - INFO - EPOCH 2 - PROGRESS: at 42.05% examples, 676616 words/s, in_qsize 31, out_qsize 0
2026-03-26 10:50:49,368 - INFO - EPOCH 2 - PROGRESS: at 42.14% examples, 676605 words/s, in_qsize 30, out_qsize 1
2026-03-26 10:50:50,369 - INFO - EPOCH 2 - PROGRESS: at 42.24% examples, 676509 words/s, in_qsize 31, out_qsize 2
2026-03-26 10:50:51,369 - INFO - EPOCH 2 - PROGRESS: at 42.40% examples, 676544 words/s, in_qsize 31, out_qsize 0
2026-03-26 10:50:52,384 - INFO - EPOCH 2 - PROGRESS: at 42.60% examples, 676634 words/s, in_qsize 30, out_qsize 3
2026-03-26 10:50:53,406 - INFO - EPOCH 2 - PROGRESS: at 42.75% examples, 676664 words/s, in_qsize 31, out_qsize 0
2026-03-26 10:50:54,414 - INFO - EPOCH 2 - PROGRESS: at 42.90% examples, 676750 words/s, in_qsize 32, out_qsize 1
2026-03-26 10:50:55,433 - INFO - EPOCH 2 - PROGRESS: at 43.10% examples, 676831 words/s, in_qsize 31, out_qsize 0
2026-03-26 10:50:56,447 - INFO - EPOCH 2 - PROGRESS: at 43.29% examples, 676899 words/s, in_qsize 29, out_qsize 1
2026-03-26 10:50:57,478 - INFO - EPOCH 2 - PROGRESS: at 43.40% examples, 676865 words/s, in_qsize 31, out_qsize 0
2026-03-26 10:50:58,490 - INFO - EPOCH 2 - PROGRESS: at 43.50% examples, 676799 words/s, in_qsize 32, out_qsize 1
2026-03-26 10:50:59,510 - INFO - EPOCH 2 - PROGRESS: at 43.61% examples, 676684 words/s, in_qsize 31, out_qsize 5
2026-03-26 10:51:00,529 - INFO - EPOCH 2 - PROGRESS: at 43.72% examples, 676757 words/s, in_qsize 31, out_qsize 0
2026-03-26 10:51:01,535 - INFO - EPOCH 2 - PROGRESS: at 43.80% examples, 676636 words/s, in_qsize 32, out_qsize 0
2026-03-26 10:51:02,543 - INFO - EPOCH 2 - PROGRESS: at 43.91% examples, 676489 words/s, in_qsize 31, out_qsize 0
2026-03-26 10:51:03,554 - INFO - EPOCH 2 - PROGRESS: at 44.11% examples, 676454 words/s, in_qsize 32, out_qsize 0
2026-03-26 10:51:04,582 - INFO - EPOCH 2 - PROGRESS: at 44.34% examples, 676532 words/s, in_qsize 31, out_qsize 0
2026-03-26 10:51:05,603 - INFO - EPOCH 2 - PROGRESS: at 44.57% examples, 676601 words/s, in_qsize 31, out_qsize 0
2026-03-26 10:51:06,606 - INFO - EPOCH 2 - PROGRESS: at 44.71% examples, 676345 words/s, in_qsize 30, out_qsize 1
2026-03-26 10:51:07,615 - INFO - EPOCH 2 - PROGRESS: at 44.82% examples, 676336 words/s, in_qsize 31, out_qsize 0
2026-03-26 10:51:08,628 - INFO - EPOCH 2 - PROGRESS: at 44.94% examples, 676283 words/s, in_qsize 31, out_qsize 1
2026-03-26 10:51:09,649 - INFO - EPOCH 2 - PROGRESS: at 45.10% examples, 676329 words/s, in_qsize 32, out_qsize 0
2026-03-26 10:51:10,653 - INFO - EPOCH 2 - PROGRESS: at 45.22% examples, 676315 words/s, in_qsize 30, out_qsize 0
2026-03-26 10:51:11,675 - INFO - EPOCH 2 - PROGRESS: at 45.32% examples, 676296 words/s, in_qsize 30, out_qsize 1
2026-03-26 10:51:12,689 - INFO - EPOCH 2 - PROGRESS: at 45.42% examples, 676263 words/s, in_qsize 31, out_qsize 0
2026-03-26 10:51:13,705 - INFO - EPOCH 2 - PROGRESS: at 45.53% examples, 676193 words/s, in_qsize 30, out_qsize 3
2026-03-26 10:51:14,737 - INFO - EPOCH 2 - PROGRESS: at 45.63% examples, 676213 words/s, in_qsize 30, out_qsize 2
2026-03-26 10:51:15,768 - INFO - EPOCH 2 - PROGRESS: at 45.74% examples, 676217 words/s, in_qsize 31, out_qsize 0
2026-03-26 10:51:16,804 - INFO - EPOCH 2 - PROGRESS: at 45.85% examples, 676232 words/s, in_qsize 32, out_qsize 0
2026-03-26 10:51:17,812 - INFO - EPOCH 2 - PROGRESS: at 45.98% examples, 676219 words/s, in_qsize 32, out_qsize 2
2026-03-26 10:51:18,821 - INFO - EPOCH 2 - PROGRESS: at 46.09% examples, 676240 words/s, in_qsize 30, out_qsize 1
2026-03-26 10:51:19,822 - INFO - EPOCH 2 - PROGRESS: at 46.20% examples, 676212 words/s, in_qsize 31, out_qsize 1
2026-03-26 10:51:20,835 - INFO - EPOCH 2 - PROGRESS: at 46.32% examples, 676214 words/s, in_qsize 32, out_qsize 0
2026-03-26 10:51:21,865 - INFO - EPOCH 2 - PROGRESS: at 46.44% examples, 676184 words/s, in_qsize 32, out_qsize 0
2026-03-26 10:51:22,876 - INFO - EPOCH 2 - PROGRESS: at 46.55% examples, 676133 words/s, in_qsize 24, out_qsize 2
2026-03-26 10:51:23,880 - INFO - EPOCH 2 - PROGRESS: at 46.86% examples, 676370 words/s, in_qsize 31, out_qsize 0
2026-03-26 10:51:24,883 - INFO - EPOCH 2 - PROGRESS: at 47.11% examples, 676340 words/s, in_qsize 27, out_qsize 0
2026-03-26 10:51:25,884 - INFO - EPOCH 2 - PROGRESS: at 47.22% examples, 676245 words/s, in_qsize 30, out_qsize 1
2026-03-26 10:51:26,887 - INFO - EPOCH 2 - PROGRESS: at 47.34% examples, 676248 words/s, in_qsize 31, out_qsize 0
2026-03-26 10:51:27,888 - INFO - EPOCH 2 - PROGRESS: at 47.47% examples, 676212 words/s, in_qsize 32, out_qsize 0
2026-03-26 10:51:28,913 - INFO - EPOCH 2 - PROGRESS: at 47.60% examples, 676168 words/s, in_qsize 32, out_qsize 0
2026-03-26 10:51:29,919 - INFO - EPOCH 2 - PROGRESS: at 47.72% examples, 676140 words/s, in_qsize 31, out_qsize 2
2026-03-26 10:51:30,941 - INFO - EPOCH 2 - PROGRESS: at 47.85% examples, 676130 words/s, in_qsize 32, out_qsize 0
2026-03-26 10:51:31,972 - INFO - EPOCH 2 - PROGRESS: at 47.98% examples, 676146 words/s, in_qsize 32, out_qsize 2
2026-03-26 10:51:32,982 - INFO - EPOCH 2 - PROGRESS: at 48.11% examples, 676139 words/s, in_qsize 32, out_qsize 1
2026-03-26 10:51:34,028 - INFO - EPOCH 2 - PROGRESS: at 48.23% examples, 676126 words/s, in_qsize 28, out_qsize 3
2026-03-26 10:51:35,054 - INFO - EPOCH 2 - PROGRESS: at 48.36% examples, 676104 words/s, in_qsize 31, out_qsize 2
2026-03-26 10:51:36,062 - INFO - EPOCH 2 - PROGRESS: at 48.49% examples, 676167 words/s, in_qsize 31, out_qsize 1
2026-03-26 10:51:37,077 - INFO - EPOCH 2 - PROGRESS: at 48.62% examples, 676192 words/s, in_qsize 30, out_qsize 1
2026-03-26 10:51:38,099 - INFO - EPOCH 2 - PROGRESS: at 48.74% examples, 676134 words/s, in_qsize 31, out_qsize 2
2026-03-26 10:51:39,115 - INFO - EPOCH 2 - PROGRESS: at 48.88% examples, 676204 words/s, in_qsize 32, out_qsize 0
2026-03-26 10:51:40,134 - INFO - EPOCH 2 - PROGRESS: at 49.00% examples, 676151 words/s, in_qsize 29, out_qsize 1
2026-03-26 10:51:41,136 - INFO - EPOCH 2 - PROGRESS: at 49.13% examples, 676204 words/s, in_qsize 31, out_qsize 0
2026-03-26 10:51:42,139 - INFO - EPOCH 2 - PROGRESS: at 49.25% examples, 676164 words/s, in_qsize 31, out_qsize 0
2026-03-26 10:51:43,143 - INFO - EPOCH 2 - PROGRESS: at 49.38% examples, 676190 words/s, in_qsize 30, out_qsize 1
2026-03-26 10:51:44,168 - INFO - EPOCH 2 - PROGRESS: at 49.51% examples, 676168 words/s, in_qsize 30, out_qsize 1
2026-03-26 10:51:45,174 - INFO - EPOCH 2 - PROGRESS: at 49.64% examples, 676187 words/s, in_qsize 29, out_qsize 2
2026-03-26 10:51:46,190 - INFO - EPOCH 2 - PROGRESS: at 49.76% examples, 676209 words/s, in_qsize 31, out_qsize 0
2026-03-26 10:51:47,208 - INFO - EPOCH 2 - PROGRESS: at 49.89% examples, 676215 words/s, in_qsize 31, out_qsize 0
2026-03-26 10:51:48,241 - INFO - EPOCH 2 - PROGRESS: at 50.01% examples, 676157 words/s, in_qsize 32, out_qsize 4
2026-03-26 10:51:49,256 - INFO - EPOCH 2 - PROGRESS: at 50.12% examples, 676210 words/s, in_qsize 32, out_qsize 0
2026-03-26 10:51:50,257 - INFO - EPOCH 2 - PROGRESS: at 50.28% examples, 676305 words/s, in_qsize 31, out_qsize 0
2026-03-26 10:51:51,291 - INFO - EPOCH 2 - PROGRESS: at 50.42% examples, 676236 words/s, in_qsize 32, out_qsize 1
2026-03-26 10:51:52,305 - INFO - EPOCH 2 - PROGRESS: at 50.59% examples, 676269 words/s, in_qsize 31, out_qsize 0
2026-03-26 10:51:53,318 - INFO - EPOCH 2 - PROGRESS: at 50.75% examples, 676243 words/s, in_qsize 29, out_qsize 2
2026-03-26 10:51:54,337 - INFO - EPOCH 2 - PROGRESS: at 50.92% examples, 676269 words/s, in_qsize 31, out_qsize 0
2026-03-26 10:51:55,388 - INFO - EPOCH 2 - PROGRESS: at 51.08% examples, 676268 words/s, in_qsize 32, out_qsize 1
2026-03-26 10:51:56,401 - INFO - EPOCH 2 - PROGRESS: at 51.26% examples, 676353 words/s, in_qsize 32, out_qsize 0
2026-03-26 10:51:57,418 - INFO - EPOCH 2 - PROGRESS: at 51.45% examples, 676418 words/s, in_qsize 32, out_qsize 2
2026-03-26 10:51:58,426 - INFO - EPOCH 2 - PROGRESS: at 51.68% examples, 676666 words/s, in_qsize 31, out_qsize 0
2026-03-26 10:51:59,482 - INFO - EPOCH 2 - PROGRESS: at 51.90% examples, 676842 words/s, in_qsize 31, out_qsize 0
2026-03-26 10:52:00,519 - INFO - EPOCH 2 - PROGRESS: at 52.10% examples, 676759 words/s, in_qsize 32, out_qsize 0
2026-03-26 10:52:01,549 - INFO - EPOCH 2 - PROGRESS: at 52.30% examples, 676712 words/s, in_qsize 31, out_qsize 0
2026-03-26 10:52:02,555 - INFO - EPOCH 2 - PROGRESS: at 52.50% examples, 676731 words/s, in_qsize 31, out_qsize 0
2026-03-26 10:52:03,563 - INFO - EPOCH 2 - PROGRESS: at 52.73% examples, 676994 words/s, in_qsize 32, out_qsize 0
2026-03-26 10:52:04,566 - INFO - EPOCH 2 - PROGRESS: at 52.95% examples, 677267 words/s, in_qsize 31, out_qsize 0
2026-03-26 10:52:05,570 - INFO - EPOCH 2 - PROGRESS: at 53.18% examples, 677496 words/s, in_qsize 31, out_qsize 0
2026-03-26 10:52:06,585 - INFO - EPOCH 2 - PROGRESS: at 53.40% examples, 677744 words/s, in_qsize 31, out_qsize 0
2026-03-26 10:52:07,630 - INFO - EPOCH 2 - PROGRESS: at 53.63% examples, 677956 words/s, in_qsize 30, out_qsize 3
2026-03-26 10:52:08,654 - INFO - EPOCH 2 - PROGRESS: at 53.87% examples, 678245 words/s, in_qsize 31, out_qsize 0
2026-03-26 10:52:09,689 - INFO - EPOCH 2 - PROGRESS: at 54.08% examples, 678268 words/s, in_qsize 27, out_qsize 4
2026-03-26 10:52:10,698 - INFO - EPOCH 2 - PROGRESS: at 54.30% examples, 678522 words/s, in_qsize 32, out_qsize 0
2026-03-26 10:52:11,718 - INFO - EPOCH 2 - PROGRESS: at 54.54% examples, 678772 words/s, in_qsize 32, out_qsize 2
2026-03-26 10:52:12,739 - INFO - EPOCH 2 - PROGRESS: at 54.77% examples, 679021 words/s, in_qsize 30, out_qsize 2
2026-03-26 10:52:13,769 - INFO - EPOCH 2 - PROGRESS: at 54.98% examples, 679112 words/s, in_qsize 31, out_qsize 0
2026-03-26 10:52:14,776 - INFO - EPOCH 2 - PROGRESS: at 55.15% examples, 679087 words/s, in_qsize 30, out_qsize 1
2026-03-26 10:52:15,783 - INFO - EPOCH 2 - PROGRESS: at 55.27% examples, 678914 words/s, in_qsize 32, out_qsize 0
2026-03-26 10:52:16,792 - INFO - EPOCH 2 - PROGRESS: at 55.38% examples, 678957 words/s, in_qsize 32, out_qsize 0
2026-03-26 10:52:17,806 - INFO - EPOCH 2 - PROGRESS: at 55.52% examples, 678950 words/s, in_qsize 29, out_qsize 2
2026-03-26 10:52:18,843 - INFO - EPOCH 2 - PROGRESS: at 55.67% examples, 678984 words/s, in_qsize 31, out_qsize 0
2026-03-26 10:52:19,861 - INFO - EPOCH 2 - PROGRESS: at 55.91% examples, 679123 words/s, in_qsize 31, out_qsize 0
2026-03-26 10:52:20,871 - INFO - EPOCH 2 - PROGRESS: at 56.10% examples, 679161 words/s, in_qsize 31, out_qsize 0
2026-03-26 10:52:21,896 - INFO - EPOCH 2 - PROGRESS: at 56.23% examples, 679199 words/s, in_qsize 31, out_qsize 0
2026-03-26 10:52:22,901 - INFO - EPOCH 2 - PROGRESS: at 56.36% examples, 679187 words/s, in_qsize 30, out_qsize 0
2026-03-26 10:52:23,908 - INFO - EPOCH 2 - PROGRESS: at 56.48% examples, 679197 words/s, in_qsize 31, out_qsize 0
2026-03-26 10:52:24,921 - INFO - EPOCH 2 - PROGRESS: at 56.61% examples, 679209 words/s, in_qsize 31, out_qsize 0
2026-03-26 10:52:25,922 - INFO - EPOCH 2 - PROGRESS: at 56.71% examples, 679205 words/s, in_qsize 32, out_qsize 0
2026-03-26 10:52:26,933 - INFO - EPOCH 2 - PROGRESS: at 56.87% examples, 679202 words/s, in_qsize 32, out_qsize 0
2026-03-26 10:52:27,937 - INFO - EPOCH 2 - PROGRESS: at 57.05% examples, 679231 words/s, in_qsize 32, out_qsize 1
2026-03-26 10:52:28,945 - INFO - EPOCH 2 - PROGRESS: at 57.22% examples, 679157 words/s, in_qsize 29, out_qsize 7
2026-03-26 10:52:29,964 - INFO - EPOCH 2 - PROGRESS: at 57.38% examples, 679003 words/s, in_qsize 30, out_qsize 3
2026-03-26 10:52:30,982 - INFO - EPOCH 2 - PROGRESS: at 57.56% examples, 679012 words/s, in_qsize 31, out_qsize 0
2026-03-26 10:52:31,982 - INFO - EPOCH 2 - PROGRESS: at 57.72% examples, 678950 words/s, in_qsize 31, out_qsize 0
2026-03-26 10:52:33,006 - INFO - EPOCH 2 - PROGRESS: at 57.90% examples, 678966 words/s, in_qsize 31, out_qsize 2
2026-03-26 10:52:34,011 - INFO - EPOCH 2 - PROGRESS: at 58.07% examples, 679007 words/s, in_qsize 31, out_qsize 2
2026-03-26 10:52:35,017 - INFO - EPOCH 2 - PROGRESS: at 58.25% examples, 679119 words/s, in_qsize 31, out_qsize 0
2026-03-26 10:52:36,045 - INFO - EPOCH 2 - PROGRESS: at 58.42% examples, 678979 words/s, in_qsize 31, out_qsize 1
2026-03-26 10:52:37,073 - INFO - EPOCH 2 - PROGRESS: at 58.59% examples, 679018 words/s, in_qsize 31, out_qsize 0
2026-03-26 10:52:38,086 - INFO - EPOCH 2 - PROGRESS: at 58.75% examples, 679005 words/s, in_qsize 30, out_qsize 1
2026-03-26 10:52:39,119 - INFO - EPOCH 2 - PROGRESS: at 58.94% examples, 679069 words/s, in_qsize 31, out_qsize 0
2026-03-26 10:52:40,130 - INFO - EPOCH 2 - PROGRESS: at 59.12% examples, 679093 words/s, in_qsize 32, out_qsize 0
2026-03-26 10:52:41,148 - INFO - EPOCH 2 - PROGRESS: at 59.29% examples, 679083 words/s, in_qsize 31, out_qsize 0
2026-03-26 10:52:42,152 - INFO - EPOCH 2 - PROGRESS: at 59.43% examples, 679092 words/s, in_qsize 32, out_qsize 0
2026-03-26 10:52:43,153 - INFO - EPOCH 2 - PROGRESS: at 59.63% examples, 679163 words/s, in_qsize 31, out_qsize 0
2026-03-26 10:52:44,161 - INFO - EPOCH 2 - PROGRESS: at 59.77% examples, 679142 words/s, in_qsize 31, out_qsize 0
2026-03-26 10:52:45,166 - INFO - EPOCH 2 - PROGRESS: at 59.85% examples, 679092 words/s, in_qsize 31, out_qsize 0
2026-03-26 10:52:46,171 - INFO - EPOCH 2 - PROGRESS: at 59.96% examples, 679083 words/s, in_qsize 31, out_qsize 4
2026-03-26 10:52:47,177 - INFO - EPOCH 2 - PROGRESS: at 60.13% examples, 679139 words/s, in_qsize 31, out_qsize 0
2026-03-26 10:52:48,187 - INFO - EPOCH 2 - PROGRESS: at 60.29% examples, 679170 words/s, in_qsize 31, out_qsize 0
2026-03-26 10:52:49,187 - INFO - EPOCH 2 - PROGRESS: at 60.46% examples, 679201 words/s, in_qsize 31, out_qsize 0
2026-03-26 10:52:50,194 - INFO - EPOCH 2 - PROGRESS: at 60.62% examples, 679250 words/s, in_qsize 31, out_qsize 0
2026-03-26 10:52:51,198 - INFO - EPOCH 2 - PROGRESS: at 60.78% examples, 679269 words/s, in_qsize 31, out_qsize 0
2026-03-26 10:52:52,199 - INFO - EPOCH 2 - PROGRESS: at 60.91% examples, 679265 words/s, in_qsize 31, out_qsize 0
2026-03-26 10:52:53,236 - INFO - EPOCH 2 - PROGRESS: at 61.03% examples, 679118 words/s, in_qsize 30, out_qsize 1
2026-03-26 10:52:54,248 - INFO - EPOCH 2 - PROGRESS: at 61.14% examples, 678944 words/s, in_qsize 32, out_qsize 5
2026-03-26 10:52:55,258 - INFO - EPOCH 2 - PROGRESS: at 61.22% examples, 678995 words/s, in_qsize 31, out_qsize 0
2026-03-26 10:52:56,267 - INFO - EPOCH 2 - PROGRESS: at 61.28% examples, 678924 words/s, in_qsize 30, out_qsize 1
2026-03-26 10:52:57,279 - INFO - EPOCH 2 - PROGRESS: at 61.39% examples, 678933 words/s, in_qsize 31, out_qsize 0
2026-03-26 10:52:58,299 - INFO - EPOCH 2 - PROGRESS: at 61.54% examples, 678950 words/s, in_qsize 31, out_qsize 2
2026-03-26 10:52:59,305 - INFO - EPOCH 2 - PROGRESS: at 61.70% examples, 678963 words/s, in_qsize 32, out_qsize 1
2026-03-26 10:53:00,315 - INFO - EPOCH 2 - PROGRESS: at 61.78% examples, 678914 words/s, in_qsize 32, out_qsize 0
2026-03-26 10:53:01,318 - INFO - EPOCH 2 - PROGRESS: at 61.93% examples, 678976 words/s, in_qsize 31, out_qsize 0
2026-03-26 10:53:02,332 - INFO - EPOCH 2 - PROGRESS: at 62.08% examples, 678923 words/s, in_qsize 31, out_qsize 1
2026-03-26 10:53:03,342 - INFO - EPOCH 2 - PROGRESS: at 62.17% examples, 678915 words/s, in_qsize 29, out_qsize 2
2026-03-26 10:53:04,386 - INFO - EPOCH 2 - PROGRESS: at 62.28% examples, 678896 words/s, in_qsize 27, out_qsize 4
2026-03-26 10:53:05,408 - INFO - EPOCH 2 - PROGRESS: at 62.43% examples, 678913 words/s, in_qsize 30, out_qsize 1
2026-03-26 10:53:06,421 - INFO - EPOCH 2 - PROGRESS: at 62.57% examples, 678997 words/s, in_qsize 31, out_qsize 0
2026-03-26 10:53:07,441 - INFO - EPOCH 2 - PROGRESS: at 62.70% examples, 678921 words/s, in_qsize 31, out_qsize 2
2026-03-26 10:53:08,450 - INFO - EPOCH 2 - PROGRESS: at 62.84% examples, 678959 words/s, in_qsize 32, out_qsize 0
2026-03-26 10:53:09,454 - INFO - EPOCH 2 - PROGRESS: at 62.98% examples, 678980 words/s, in_qsize 29, out_qsize 2
2026-03-26 10:53:10,462 - INFO - EPOCH 2 - PROGRESS: at 63.12% examples, 678989 words/s, in_qsize 27, out_qsize 0
2026-03-26 10:53:11,481 - INFO - EPOCH 2 - PROGRESS: at 63.26% examples, 678967 words/s, in_qsize 30, out_qsize 1
2026-03-26 10:53:12,510 - INFO - EPOCH 2 - PROGRESS: at 63.35% examples, 679003 words/s, in_qsize 31, out_qsize 1
2026-03-26 10:53:13,516 - INFO - EPOCH 2 - PROGRESS: at 63.47% examples, 679021 words/s, in_qsize 29, out_qsize 3
2026-03-26 10:53:14,523 - INFO - EPOCH 2 - PROGRESS: at 63.63% examples, 679067 words/s, in_qsize 31, out_qsize 0
2026-03-26 10:53:15,536 - INFO - EPOCH 2 - PROGRESS: at 63.80% examples, 679072 words/s, in_qsize 30, out_qsize 1
2026-03-26 10:53:16,555 - INFO - EPOCH 2 - PROGRESS: at 63.99% examples, 679097 words/s, in_qsize 32, out_qsize 1
2026-03-26 10:53:17,590 - INFO - EPOCH 2 - PROGRESS: at 64.15% examples, 679127 words/s, in_qsize 31, out_qsize 2
2026-03-26 10:53:18,607 - INFO - EPOCH 2 - PROGRESS: at 64.27% examples, 679125 words/s, in_qsize 31, out_qsize 0
2026-03-26 10:53:19,609 - INFO - EPOCH 2 - PROGRESS: at 64.39% examples, 679129 words/s, in_qsize 31, out_qsize 0
2026-03-26 10:53:20,609 - INFO - EPOCH 2 - PROGRESS: at 64.50% examples, 679100 words/s, in_qsize 31, out_qsize 0
2026-03-26 10:53:21,618 - INFO - EPOCH 2 - PROGRESS: at 64.64% examples, 679112 words/s, in_qsize 31, out_qsize 2
2026-03-26 10:53:22,630 - INFO - EPOCH 2 - PROGRESS: at 64.80% examples, 679150 words/s, in_qsize 32, out_qsize 1
2026-03-26 10:53:23,675 - INFO - EPOCH 2 - PROGRESS: at 64.94% examples, 678966 words/s, in_qsize 32, out_qsize 0
2026-03-26 10:53:24,692 - INFO - EPOCH 2 - PROGRESS: at 65.09% examples, 678930 words/s, in_qsize 32, out_qsize 0
2026-03-26 10:53:25,694 - INFO - EPOCH 2 - PROGRESS: at 65.24% examples, 678911 words/s, in_qsize 32, out_qsize 1
2026-03-26 10:53:26,700 - INFO - EPOCH 2 - PROGRESS: at 65.40% examples, 678961 words/s, in_qsize 31, out_qsize 1
2026-03-26 10:53:27,714 - INFO - EPOCH 2 - PROGRESS: at 65.56% examples, 678977 words/s, in_qsize 31, out_qsize 0
2026-03-26 10:53:28,727 - INFO - EPOCH 2 - PROGRESS: at 65.72% examples, 678919 words/s, in_qsize 31, out_qsize 5
2026-03-26 10:53:29,741 - INFO - EPOCH 2 - PROGRESS: at 65.89% examples, 679031 words/s, in_qsize 32, out_qsize 0
2026-03-26 10:53:30,778 - INFO - EPOCH 2 - PROGRESS: at 66.02% examples, 679009 words/s, in_qsize 32, out_qsize 2
2026-03-26 10:53:31,788 - INFO - EPOCH 2 - PROGRESS: at 66.15% examples, 679059 words/s, in_qsize 32, out_qsize 0
2026-03-26 10:53:32,819 - INFO - EPOCH 2 - PROGRESS: at 66.28% examples, 679044 words/s, in_qsize 30, out_qsize 1
2026-03-26 10:53:33,829 - INFO - EPOCH 2 - PROGRESS: at 66.43% examples, 679008 words/s, in_qsize 30, out_qsize 0
2026-03-26 10:53:34,848 - INFO - EPOCH 2 - PROGRESS: at 66.50% examples, 678946 words/s, in_qsize 32, out_qsize 0
2026-03-26 10:53:35,856 - INFO - EPOCH 2 - PROGRESS: at 66.60% examples, 678996 words/s, in_qsize 31, out_qsize 0
2026-03-26 10:53:36,922 - INFO - EPOCH 2 - PROGRESS: at 66.67% examples, 678858 words/s, in_qsize 28, out_qsize 3
2026-03-26 10:53:37,931 - INFO - EPOCH 2 - PROGRESS: at 66.77% examples, 678888 words/s, in_qsize 31, out_qsize 3
2026-03-26 10:53:38,974 - INFO - EPOCH 2 - PROGRESS: at 66.85% examples, 678817 words/s, in_qsize 31, out_qsize 2
2026-03-26 10:53:39,976 - INFO - EPOCH 2 - PROGRESS: at 66.93% examples, 678820 words/s, in_qsize 31, out_qsize 0
2026-03-26 10:53:40,991 - INFO - EPOCH 2 - PROGRESS: at 67.02% examples, 678783 words/s, in_qsize 31, out_qsize 0
2026-03-26 10:53:42,001 - INFO - EPOCH 2 - PROGRESS: at 67.16% examples, 678788 words/s, in_qsize 29, out_qsize 2
2026-03-26 10:53:43,004 - INFO - EPOCH 2 - PROGRESS: at 67.31% examples, 678809 words/s, in_qsize 29, out_qsize 0
2026-03-26 10:53:44,018 - INFO - EPOCH 2 - PROGRESS: at 67.43% examples, 678771 words/s, in_qsize 32, out_qsize 1
2026-03-26 10:53:45,040 - INFO - EPOCH 2 - PROGRESS: at 67.55% examples, 678754 words/s, in_qsize 30, out_qsize 1
2026-03-26 10:53:46,043 - INFO - EPOCH 2 - PROGRESS: at 67.68% examples, 678804 words/s, in_qsize 31, out_qsize 0
2026-03-26 10:53:47,052 - INFO - EPOCH 2 - PROGRESS: at 67.81% examples, 678771 words/s, in_qsize 30, out_qsize 1
2026-03-26 10:53:48,056 - INFO - EPOCH 2 - PROGRESS: at 67.91% examples, 678786 words/s, in_qsize 31, out_qsize 0
2026-03-26 10:53:49,057 - INFO - EPOCH 2 - PROGRESS: at 68.02% examples, 678754 words/s, in_qsize 32, out_qsize 0
2026-03-26 10:53:50,069 - INFO - EPOCH 2 - PROGRESS: at 68.13% examples, 678690 words/s, in_qsize 30, out_qsize 1
2026-03-26 10:53:51,076 - INFO - EPOCH 2 - PROGRESS: at 68.22% examples, 678683 words/s, in_qsize 32, out_qsize 0
2026-03-26 10:53:52,078 - INFO - EPOCH 2 - PROGRESS: at 68.37% examples, 678719 words/s, in_qsize 31, out_qsize 0
2026-03-26 10:53:53,079 - INFO - EPOCH 2 - PROGRESS: at 68.51% examples, 678732 words/s, in_qsize 31, out_qsize 0
2026-03-26 10:53:54,090 - INFO - EPOCH 2 - PROGRESS: at 68.63% examples, 678718 words/s, in_qsize 31, out_qsize 1
2026-03-26 10:53:55,101 - INFO - EPOCH 2 - PROGRESS: at 68.76% examples, 678722 words/s, in_qsize 31, out_qsize 0
2026-03-26 10:53:56,136 - INFO - EPOCH 2 - PROGRESS: at 68.90% examples, 678710 words/s, in_qsize 29, out_qsize 2
2026-03-26 10:53:57,141 - INFO - EPOCH 2 - PROGRESS: at 69.01% examples, 678528 words/s, in_qsize 31, out_qsize 4
2026-03-26 10:53:58,141 - INFO - EPOCH 2 - PROGRESS: at 69.14% examples, 678547 words/s, in_qsize 32, out_qsize 0
2026-03-26 10:53:59,145 - INFO - EPOCH 2 - PROGRESS: at 69.38% examples, 678583 words/s, in_qsize 32, out_qsize 1
2026-03-26 10:54:00,145 - INFO - EPOCH 2 - PROGRESS: at 69.62% examples, 678673 words/s, in_qsize 31, out_qsize 1
2026-03-26 10:54:01,156 - INFO - EPOCH 2 - PROGRESS: at 69.84% examples, 678722 words/s, in_qsize 32, out_qsize 2
2026-03-26 10:54:02,179 - INFO - EPOCH 2 - PROGRESS: at 69.97% examples, 678689 words/s, in_qsize 32, out_qsize 2
2026-03-26 10:54:03,183 - INFO - EPOCH 2 - PROGRESS: at 70.10% examples, 678702 words/s, in_qsize 30, out_qsize 1
2026-03-26 10:54:04,194 - INFO - EPOCH 2 - PROGRESS: at 70.22% examples, 678661 words/s, in_qsize 31, out_qsize 0
2026-03-26 10:54:05,195 - INFO - EPOCH 2 - PROGRESS: at 70.36% examples, 678710 words/s, in_qsize 31, out_qsize 0
2026-03-26 10:54:06,220 - INFO - EPOCH 2 - PROGRESS: at 70.48% examples, 678663 words/s, in_qsize 31, out_qsize 0
2026-03-26 10:54:07,234 - INFO - EPOCH 2 - PROGRESS: at 70.60% examples, 678602 words/s, in_qsize 32, out_qsize 0
2026-03-26 10:54:08,255 - INFO - EPOCH 2 - PROGRESS: at 70.73% examples, 678576 words/s, in_qsize 25, out_qsize 4
2026-03-26 10:54:09,257 - INFO - EPOCH 2 - PROGRESS: at 70.86% examples, 678616 words/s, in_qsize 30, out_qsize 1
2026-03-26 10:54:10,263 - INFO - EPOCH 2 - PROGRESS: at 70.98% examples, 678592 words/s, in_qsize 31, out_qsize 2
2026-03-26 10:54:11,267 - INFO - EPOCH 2 - PROGRESS: at 71.10% examples, 678602 words/s, in_qsize 32, out_qsize 1
2026-03-26 10:54:12,332 - INFO - EPOCH 2 - PROGRESS: at 71.22% examples, 678567 words/s, in_qsize 29, out_qsize 6
2026-03-26 10:54:13,344 - INFO - EPOCH 2 - PROGRESS: at 71.41% examples, 678652 words/s, in_qsize 30, out_qsize 1
2026-03-26 10:54:14,355 - INFO - EPOCH 2 - PROGRESS: at 71.58% examples, 678662 words/s, in_qsize 32, out_qsize 1
2026-03-26 10:54:15,384 - INFO - EPOCH 2 - PROGRESS: at 71.77% examples, 678678 words/s, in_qsize 30, out_qsize 3
2026-03-26 10:54:16,393 - INFO - EPOCH 2 - PROGRESS: at 71.92% examples, 678722 words/s, in_qsize 32, out_qsize 1
2026-03-26 10:54:17,409 - INFO - EPOCH 2 - PROGRESS: at 72.03% examples, 678660 words/s, in_qsize 31, out_qsize 3
2026-03-26 10:54:18,413 - INFO - EPOCH 2 - PROGRESS: at 72.16% examples, 678697 words/s, in_qsize 31, out_qsize 0
2026-03-26 10:54:19,460 - INFO - EPOCH 2 - PROGRESS: at 72.34% examples, 678684 words/s, in_qsize 31, out_qsize 5
2026-03-26 10:54:20,461 - INFO - EPOCH 2 - PROGRESS: at 72.52% examples, 678751 words/s, in_qsize 32, out_qsize 2
2026-03-26 10:54:21,474 - INFO - EPOCH 2 - PROGRESS: at 72.70% examples, 678771 words/s, in_qsize 32, out_qsize 0
2026-03-26 10:54:22,493 - INFO - EPOCH 2 - PROGRESS: at 72.87% examples, 678766 words/s, in_qsize 32, out_qsize 0
2026-03-26 10:54:23,504 - INFO - EPOCH 2 - PROGRESS: at 73.01% examples, 678602 words/s, in_qsize 30, out_qsize 4
2026-03-26 10:54:24,505 - INFO - EPOCH 2 - PROGRESS: at 73.12% examples, 678663 words/s, in_qsize 31, out_qsize 0
2026-03-26 10:54:25,517 - INFO - EPOCH 2 - PROGRESS: at 73.22% examples, 678631 words/s, in_qsize 32, out_qsize 0
2026-03-26 10:54:26,533 - INFO - EPOCH 2 - PROGRESS: at 73.33% examples, 678600 words/s, in_qsize 29, out_qsize 2
2026-03-26 10:54:27,537 - INFO - EPOCH 2 - PROGRESS: at 73.43% examples, 678596 words/s, in_qsize 32, out_qsize 1
2026-03-26 10:54:28,551 - INFO - EPOCH 2 - PROGRESS: at 73.53% examples, 678582 words/s, in_qsize 31, out_qsize 0
2026-03-26 10:54:29,577 - INFO - EPOCH 2 - PROGRESS: at 73.61% examples, 678557 words/s, in_qsize 31, out_qsize 0
2026-03-26 10:54:30,592 - INFO - EPOCH 2 - PROGRESS: at 73.74% examples, 678548 words/s, in_qsize 31, out_qsize 0
2026-03-26 10:54:31,602 - INFO - EPOCH 2 - PROGRESS: at 73.90% examples, 678559 words/s, in_qsize 31, out_qsize 0
2026-03-26 10:54:32,609 - INFO - EPOCH 2 - PROGRESS: at 74.09% examples, 678618 words/s, in_qsize 31, out_qsize 1
2026-03-26 10:54:33,617 - INFO - EPOCH 2 - PROGRESS: at 74.25% examples, 678619 words/s, in_qsize 30, out_qsize 1
2026-03-26 10:54:34,627 - INFO - EPOCH 2 - PROGRESS: at 74.42% examples, 678635 words/s, in_qsize 29, out_qsize 3
2026-03-26 10:54:35,646 - INFO - EPOCH 2 - PROGRESS: at 74.56% examples, 678656 words/s, in_qsize 31, out_qsize 1
2026-03-26 10:54:36,662 - INFO - EPOCH 2 - PROGRESS: at 74.69% examples, 678657 words/s, in_qsize 32, out_qsize 1
2026-03-26 10:54:37,684 - INFO - EPOCH 2 - PROGRESS: at 74.83% examples, 678669 words/s, in_qsize 30, out_qsize 2
2026-03-26 10:54:38,692 - INFO - EPOCH 2 - PROGRESS: at 74.97% examples, 678712 words/s, in_qsize 29, out_qsize 0
2026-03-26 10:54:39,722 - INFO - EPOCH 2 - PROGRESS: at 75.15% examples, 678714 words/s, in_qsize 32, out_qsize 2
2026-03-26 10:54:40,745 - INFO - EPOCH 2 - PROGRESS: at 75.33% examples, 678752 words/s, in_qsize 32, out_qsize 0
2026-03-26 10:54:41,757 - INFO - EPOCH 2 - PROGRESS: at 75.49% examples, 678755 words/s, in_qsize 31, out_qsize 0
2026-03-26 10:54:42,760 - INFO - EPOCH 2 - PROGRESS: at 75.64% examples, 678768 words/s, in_qsize 32, out_qsize 1
2026-03-26 10:54:43,828 - INFO - EPOCH 2 - PROGRESS: at 75.80% examples, 678729 words/s, in_qsize 31, out_qsize 5
2026-03-26 10:54:44,845 - INFO - EPOCH 2 - PROGRESS: at 75.96% examples, 678783 words/s, in_qsize 30, out_qsize 1
2026-03-26 10:54:45,862 - INFO - EPOCH 2 - PROGRESS: at 76.12% examples, 678792 words/s, in_qsize 32, out_qsize 0
2026-03-26 10:54:46,862 - INFO - EPOCH 2 - PROGRESS: at 76.27% examples, 678765 words/s, in_qsize 27, out_qsize 4
2026-03-26 10:54:47,864 - INFO - EPOCH 2 - PROGRESS: at 76.42% examples, 678811 words/s, in_qsize 31, out_qsize 0
2026-03-26 10:54:48,887 - INFO - EPOCH 2 - PROGRESS: at 76.60% examples, 678850 words/s, in_qsize 31, out_qsize 0
2026-03-26 10:54:49,895 - INFO - EPOCH 2 - PROGRESS: at 76.74% examples, 678861 words/s, in_qsize 32, out_qsize 0
2026-03-26 10:54:50,941 - INFO - EPOCH 2 - PROGRESS: at 76.89% examples, 678841 words/s, in_qsize 28, out_qsize 4
2026-03-26 10:54:51,943 - INFO - EPOCH 2 - PROGRESS: at 77.05% examples, 678883 words/s, in_qsize 31, out_qsize 2
2026-03-26 10:54:52,956 - INFO - EPOCH 2 - PROGRESS: at 77.20% examples, 678868 words/s, in_qsize 31, out_qsize 4
2026-03-26 10:54:53,963 - INFO - EPOCH 2 - PROGRESS: at 77.36% examples, 678918 words/s, in_qsize 30, out_qsize 1
2026-03-26 10:54:54,990 - INFO - EPOCH 2 - PROGRESS: at 77.52% examples, 678902 words/s, in_qsize 29, out_qsize 3
2026-03-26 10:54:56,000 - INFO - EPOCH 2 - PROGRESS: at 77.68% examples, 678937 words/s, in_qsize 31, out_qsize 0
2026-03-26 10:54:57,010 - INFO - EPOCH 2 - PROGRESS: at 77.83% examples, 678955 words/s, in_qsize 28, out_qsize 0
2026-03-26 10:54:58,039 - INFO - EPOCH 2 - PROGRESS: at 77.99% examples, 678921 words/s, in_qsize 32, out_qsize 2
2026-03-26 10:54:59,042 - INFO - EPOCH 2 - PROGRESS: at 78.12% examples, 678794 words/s, in_qsize 30, out_qsize 0
2026-03-26 10:55:00,053 - INFO - EPOCH 2 - PROGRESS: at 78.26% examples, 678835 words/s, in_qsize 32, out_qsize 0
2026-03-26 10:55:01,057 - INFO - EPOCH 2 - PROGRESS: at 78.39% examples, 678860 words/s, in_qsize 32, out_qsize 0
2026-03-26 10:55:02,072 - INFO - EPOCH 2 - PROGRESS: at 78.54% examples, 678900 words/s, in_qsize 31, out_qsize 0
2026-03-26 10:55:03,077 - INFO - EPOCH 2 - PROGRESS: at 78.68% examples, 678967 words/s, in_qsize 30, out_qsize 0
2026-03-26 10:55:04,080 - INFO - EPOCH 2 - PROGRESS: at 78.83% examples, 679052 words/s, in_qsize 32, out_qsize 3
2026-03-26 10:55:05,095 - INFO - EPOCH 2 - PROGRESS: at 78.97% examples, 679107 words/s, in_qsize 32, out_qsize 4
2026-03-26 10:55:06,104 - INFO - EPOCH 2 - PROGRESS: at 79.12% examples, 679198 words/s, in_qsize 32, out_qsize 1
2026-03-26 10:55:07,106 - INFO - EPOCH 2 - PROGRESS: at 79.26% examples, 679253 words/s, in_qsize 31, out_qsize 0
2026-03-26 10:55:08,113 - INFO - EPOCH 2 - PROGRESS: at 79.40% examples, 679303 words/s, in_qsize 32, out_qsize 0
2026-03-26 10:55:09,141 - INFO - EPOCH 2 - PROGRESS: at 79.55% examples, 679370 words/s, in_qsize 31, out_qsize 0
2026-03-26 10:55:10,142 - INFO - EPOCH 2 - PROGRESS: at 79.70% examples, 679515 words/s, in_qsize 31, out_qsize 0
2026-03-26 10:55:11,143 - INFO - EPOCH 2 - PROGRESS: at 79.84% examples, 679584 words/s, in_qsize 30, out_qsize 1
2026-03-26 10:55:12,186 - INFO - EPOCH 2 - PROGRESS: at 79.99% examples, 679618 words/s, in_qsize 29, out_qsize 2
2026-03-26 10:55:13,191 - INFO - EPOCH 2 - PROGRESS: at 80.14% examples, 679740 words/s, in_qsize 31, out_qsize 0
2026-03-26 10:55:14,193 - INFO - EPOCH 2 - PROGRESS: at 80.28% examples, 679779 words/s, in_qsize 32, out_qsize 1
2026-03-26 10:55:15,220 - INFO - EPOCH 2 - PROGRESS: at 80.41% examples, 679760 words/s, in_qsize 32, out_qsize 3
2026-03-26 10:55:16,221 - INFO - EPOCH 2 - PROGRESS: at 80.53% examples, 679819 words/s, in_qsize 31, out_qsize 0
2026-03-26 10:55:17,238 - INFO - EPOCH 2 - PROGRESS: at 80.62% examples, 679774 words/s, in_qsize 32, out_qsize 0
2026-03-26 10:55:18,246 - INFO - EPOCH 2 - PROGRESS: at 80.73% examples, 679776 words/s, in_qsize 31, out_qsize 1
2026-03-26 10:55:19,260 - INFO - EPOCH 2 - PROGRESS: at 80.86% examples, 679755 words/s, in_qsize 32, out_qsize 1
2026-03-26 10:55:20,261 - INFO - EPOCH 2 - PROGRESS: at 81.00% examples, 679780 words/s, in_qsize 32, out_qsize 0
2026-03-26 10:55:21,270 - INFO - EPOCH 2 - PROGRESS: at 81.13% examples, 679739 words/s, in_qsize 32, out_qsize 3
2026-03-26 10:55:22,309 - INFO - EPOCH 2 - PROGRESS: at 81.26% examples, 679746 words/s, in_qsize 32, out_qsize 1
2026-03-26 10:55:23,323 - INFO - EPOCH 2 - PROGRESS: at 81.40% examples, 679778 words/s, in_qsize 31, out_qsize 0
2026-03-26 10:55:24,338 - INFO - EPOCH 2 - PROGRESS: at 81.54% examples, 679797 words/s, in_qsize 31, out_qsize 0
2026-03-26 10:55:25,361 - INFO - EPOCH 2 - PROGRESS: at 81.66% examples, 679727 words/s, in_qsize 32, out_qsize 3
2026-03-26 10:55:26,368 - INFO - EPOCH 2 - PROGRESS: at 81.78% examples, 679741 words/s, in_qsize 32, out_qsize 1
2026-03-26 10:55:27,395 - INFO - EPOCH 2 - PROGRESS: at 81.93% examples, 679742 words/s, in_qsize 32, out_qsize 0
2026-03-26 10:55:28,400 - INFO - EPOCH 2 - PROGRESS: at 82.07% examples, 679713 words/s, in_qsize 30, out_qsize 2
2026-03-26 10:55:29,422 - INFO - EPOCH 2 - PROGRESS: at 82.21% examples, 679719 words/s, in_qsize 32, out_qsize 2
2026-03-26 10:55:30,428 - INFO - EPOCH 2 - PROGRESS: at 82.35% examples, 679727 words/s, in_qsize 30, out_qsize 1
2026-03-26 10:55:31,431 - INFO - EPOCH 2 - PROGRESS: at 82.49% examples, 679725 words/s, in_qsize 31, out_qsize 0
2026-03-26 10:55:32,445 - INFO - EPOCH 2 - PROGRESS: at 82.64% examples, 679699 words/s, in_qsize 28, out_qsize 1
2026-03-26 10:55:33,477 - INFO - EPOCH 2 - PROGRESS: at 82.77% examples, 679668 words/s, in_qsize 31, out_qsize 0
2026-03-26 10:55:34,534 - INFO - EPOCH 2 - PROGRESS: at 82.88% examples, 679604 words/s, in_qsize 31, out_qsize 0
2026-03-26 10:55:35,550 - INFO - EPOCH 2 - PROGRESS: at 82.99% examples, 679605 words/s, in_qsize 32, out_qsize 0
2026-03-26 10:55:36,555 - INFO - EPOCH 2 - PROGRESS: at 83.10% examples, 679615 words/s, in_qsize 29, out_qsize 2
2026-03-26 10:55:37,560 - INFO - EPOCH 2 - PROGRESS: at 83.22% examples, 679641 words/s, in_qsize 32, out_qsize 1
2026-03-26 10:55:38,583 - INFO - EPOCH 2 - PROGRESS: at 83.33% examples, 679666 words/s, in_qsize 32, out_qsize 1
2026-03-26 10:55:39,618 - INFO - EPOCH 2 - PROGRESS: at 83.46% examples, 679679 words/s, in_qsize 29, out_qsize 2
2026-03-26 10:55:40,625 - INFO - EPOCH 2 - PROGRESS: at 83.58% examples, 679665 words/s, in_qsize 32, out_qsize 0
2026-03-26 10:55:41,628 - INFO - EPOCH 2 - PROGRESS: at 83.72% examples, 679640 words/s, in_qsize 32, out_qsize 4
2026-03-26 10:55:42,636 - INFO - EPOCH 2 - PROGRESS: at 83.88% examples, 679705 words/s, in_qsize 32, out_qsize 0
2026-03-26 10:55:43,654 - INFO - EPOCH 2 - PROGRESS: at 84.04% examples, 679707 words/s, in_qsize 24, out_qsize 1
2026-03-26 10:55:44,672 - INFO - EPOCH 2 - PROGRESS: at 84.19% examples, 679685 words/s, in_qsize 31, out_qsize 3
2026-03-26 10:55:45,692 - INFO - EPOCH 2 - PROGRESS: at 84.30% examples, 679717 words/s, in_qsize 32, out_qsize 1
2026-03-26 10:55:46,728 - INFO - EPOCH 2 - PROGRESS: at 84.41% examples, 679705 words/s, in_qsize 32, out_qsize 1
2026-03-26 10:55:47,747 - INFO - EPOCH 2 - PROGRESS: at 84.50% examples, 679725 words/s, in_qsize 30, out_qsize 1
2026-03-26 10:55:48,784 - INFO - EPOCH 2 - PROGRESS: at 84.62% examples, 679708 words/s, in_qsize 29, out_qsize 2
2026-03-26 10:55:49,801 - INFO - EPOCH 2 - PROGRESS: at 84.69% examples, 679672 words/s, in_qsize 29, out_qsize 2
2026-03-26 10:55:50,821 - INFO - EPOCH 2 - PROGRESS: at 84.79% examples, 679684 words/s, in_qsize 31, out_qsize 0
2026-03-26 10:55:51,828 - INFO - EPOCH 2 - PROGRESS: at 84.96% examples, 679710 words/s, in_qsize 32, out_qsize 0
2026-03-26 10:55:52,843 - INFO - EPOCH 2 - PROGRESS: at 85.11% examples, 679692 words/s, in_qsize 32, out_qsize 0
2026-03-26 10:55:53,843 - INFO - EPOCH 2 - PROGRESS: at 85.25% examples, 679645 words/s, in_qsize 28, out_qsize 3
2026-03-26 10:55:54,851 - INFO - EPOCH 2 - PROGRESS: at 85.40% examples, 679692 words/s, in_qsize 27, out_qsize 2
2026-03-26 10:55:55,854 - INFO - EPOCH 2 - PROGRESS: at 85.55% examples, 679717 words/s, in_qsize 31, out_qsize 0
2026-03-26 10:55:56,873 - INFO - EPOCH 2 - PROGRESS: at 85.70% examples, 679736 words/s, in_qsize 31, out_qsize 0
2026-03-26 10:55:57,894 - INFO - EPOCH 2 - PROGRESS: at 85.85% examples, 679753 words/s, in_qsize 31, out_qsize 0
2026-03-26 10:55:58,896 - INFO - EPOCH 2 - PROGRESS: at 86.00% examples, 679805 words/s, in_qsize 32, out_qsize 0
2026-03-26 10:55:59,914 - INFO - EPOCH 2 - PROGRESS: at 86.14% examples, 679762 words/s, in_qsize 32, out_qsize 2
2026-03-26 10:56:00,922 - INFO - EPOCH 2 - PROGRESS: at 86.30% examples, 679831 words/s, in_qsize 30, out_qsize 1
2026-03-26 10:56:01,943 - INFO - EPOCH 2 - PROGRESS: at 86.43% examples, 679811 words/s, in_qsize 31, out_qsize 0
2026-03-26 10:56:02,991 - INFO - EPOCH 2 - PROGRESS: at 86.56% examples, 679791 words/s, in_qsize 31, out_qsize 1
2026-03-26 10:56:04,030 - INFO - EPOCH 2 - PROGRESS: at 86.68% examples, 679748 words/s, in_qsize 32, out_qsize 2
2026-03-26 10:56:05,043 - INFO - EPOCH 2 - PROGRESS: at 86.86% examples, 679821 words/s, in_qsize 31, out_qsize 0
2026-03-26 10:56:06,047 - INFO - EPOCH 2 - PROGRESS: at 87.03% examples, 679802 words/s, in_qsize 30, out_qsize 3
2026-03-26 10:56:07,074 - INFO - EPOCH 2 - PROGRESS: at 87.19% examples, 679822 words/s, in_qsize 30, out_qsize 1
2026-03-26 10:56:08,095 - INFO - EPOCH 2 - PROGRESS: at 87.35% examples, 679847 words/s, in_qsize 30, out_qsize 1
2026-03-26 10:56:09,100 - INFO - EPOCH 2 - PROGRESS: at 87.49% examples, 679888 words/s, in_qsize 31, out_qsize 0
2026-03-26 10:56:10,102 - INFO - EPOCH 2 - PROGRESS: at 87.62% examples, 679921 words/s, in_qsize 31, out_qsize 0
2026-03-26 10:56:11,170 - INFO - EPOCH 2 - PROGRESS: at 87.74% examples, 679753 words/s, in_qsize 27, out_qsize 8
2026-03-26 10:56:12,198 - INFO - EPOCH 2 - PROGRESS: at 87.87% examples, 679704 words/s, in_qsize 31, out_qsize 0
2026-03-26 10:56:13,219 - INFO - EPOCH 2 - PROGRESS: at 88.00% examples, 679680 words/s, in_qsize 31, out_qsize 1
2026-03-26 10:56:14,248 - INFO - EPOCH 2 - PROGRESS: at 88.09% examples, 679634 words/s, in_qsize 30, out_qsize 1
2026-03-26 10:56:15,265 - INFO - EPOCH 2 - PROGRESS: at 88.22% examples, 679632 words/s, in_qsize 31, out_qsize 0
2026-03-26 10:56:16,276 - INFO - EPOCH 2 - PROGRESS: at 88.35% examples, 679623 words/s, in_qsize 32, out_qsize 1
2026-03-26 10:56:17,279 - INFO - EPOCH 2 - PROGRESS: at 88.54% examples, 679683 words/s, in_qsize 31, out_qsize 0
2026-03-26 10:56:18,288 - INFO - EPOCH 2 - PROGRESS: at 88.68% examples, 679674 words/s, in_qsize 32, out_qsize 1
2026-03-26 10:56:19,299 - INFO - EPOCH 2 - PROGRESS: at 88.80% examples, 679668 words/s, in_qsize 30, out_qsize 1
2026-03-26 10:56:20,321 - INFO - EPOCH 2 - PROGRESS: at 88.90% examples, 679666 words/s, in_qsize 31, out_qsize 0
2026-03-26 10:56:21,345 - INFO - EPOCH 2 - PROGRESS: at 89.03% examples, 679670 words/s, in_qsize 30, out_qsize 1
2026-03-26 10:56:22,353 - INFO - EPOCH 2 - PROGRESS: at 89.19% examples, 679671 words/s, in_qsize 32, out_qsize 0
2026-03-26 10:56:23,353 - INFO - EPOCH 2 - PROGRESS: at 89.34% examples, 679680 words/s, in_qsize 30, out_qsize 2
2026-03-26 10:56:24,365 - INFO - EPOCH 2 - PROGRESS: at 89.51% examples, 679701 words/s, in_qsize 31, out_qsize 0
2026-03-26 10:56:25,370 - INFO - EPOCH 2 - PROGRESS: at 89.67% examples, 679714 words/s, in_qsize 31, out_qsize 0
2026-03-26 10:56:26,398 - INFO - EPOCH 2 - PROGRESS: at 89.84% examples, 679735 words/s, in_qsize 30, out_qsize 2
2026-03-26 10:56:27,398 - INFO - EPOCH 2 - PROGRESS: at 90.01% examples, 679731 words/s, in_qsize 28, out_qsize 3
2026-03-26 10:56:28,416 - INFO - EPOCH 2 - PROGRESS: at 90.19% examples, 679747 words/s, in_qsize 32, out_qsize 2
2026-03-26 10:56:29,427 - INFO - EPOCH 2 - PROGRESS: at 90.37% examples, 679794 words/s, in_qsize 32, out_qsize 0
2026-03-26 10:56:30,433 - INFO - EPOCH 2 - PROGRESS: at 90.54% examples, 679833 words/s, in_qsize 31, out_qsize 0
2026-03-26 10:56:31,449 - INFO - EPOCH 2 - PROGRESS: at 90.71% examples, 679801 words/s, in_qsize 31, out_qsize 2
2026-03-26 10:56:32,462 - INFO - EPOCH 2 - PROGRESS: at 90.89% examples, 679871 words/s, in_qsize 30, out_qsize 0
2026-03-26 10:56:33,472 - INFO - EPOCH 2 - PROGRESS: at 91.06% examples, 679881 words/s, in_qsize 32, out_qsize 0
2026-03-26 10:56:34,500 - INFO - EPOCH 2 - PROGRESS: at 91.23% examples, 679862 words/s, in_qsize 32, out_qsize 1
2026-03-26 10:56:35,506 - INFO - EPOCH 2 - PROGRESS: at 91.38% examples, 679896 words/s, in_qsize 32, out_qsize 1
2026-03-26 10:56:36,523 - INFO - EPOCH 2 - PROGRESS: at 91.47% examples, 679863 words/s, in_qsize 30, out_qsize 1
2026-03-26 10:56:37,538 - INFO - EPOCH 2 - PROGRESS: at 91.60% examples, 679888 words/s, in_qsize 32, out_qsize 1
2026-03-26 10:56:38,607 - INFO - EPOCH 2 - PROGRESS: at 91.74% examples, 679827 words/s, in_qsize 32, out_qsize 0
2026-03-26 10:56:39,608 - INFO - EPOCH 2 - PROGRESS: at 91.93% examples, 679853 words/s, in_qsize 28, out_qsize 0
2026-03-26 10:56:40,638 - INFO - EPOCH 2 - PROGRESS: at 92.11% examples, 679800 words/s, in_qsize 32, out_qsize 2
2026-03-26 10:56:41,650 - INFO - EPOCH 2 - PROGRESS: at 92.32% examples, 679909 words/s, in_qsize 31, out_qsize 0
2026-03-26 10:56:42,657 - INFO - EPOCH 2 - PROGRESS: at 92.50% examples, 679881 words/s, in_qsize 32, out_qsize 3
2026-03-26 10:56:43,659 - INFO - EPOCH 2 - PROGRESS: at 92.70% examples, 679928 words/s, in_qsize 31, out_qsize 2
2026-03-26 10:56:44,661 - INFO - EPOCH 2 - PROGRESS: at 92.89% examples, 679941 words/s, in_qsize 32, out_qsize 1
2026-03-26 10:56:45,671 - INFO - EPOCH 2 - PROGRESS: at 93.09% examples, 680027 words/s, in_qsize 31, out_qsize 2
2026-03-26 10:56:46,675 - INFO - EPOCH 2 - PROGRESS: at 93.28% examples, 680036 words/s, in_qsize 31, out_qsize 0
2026-03-26 10:56:47,680 - INFO - EPOCH 2 - PROGRESS: at 93.47% examples, 680067 words/s, in_qsize 30, out_qsize 0
2026-03-26 10:56:48,685 - INFO - EPOCH 2 - PROGRESS: at 93.66% examples, 680099 words/s, in_qsize 32, out_qsize 1
2026-03-26 10:56:49,699 - INFO - EPOCH 2 - PROGRESS: at 93.86% examples, 680134 words/s, in_qsize 31, out_qsize 0
2026-03-26 10:56:50,705 - INFO - EPOCH 2 - PROGRESS: at 94.06% examples, 680234 words/s, in_qsize 31, out_qsize 0
2026-03-26 10:56:51,706 - INFO - EPOCH 2 - PROGRESS: at 94.25% examples, 680269 words/s, in_qsize 29, out_qsize 2
2026-03-26 10:56:52,714 - INFO - EPOCH 2 - PROGRESS: at 94.40% examples, 680276 words/s, in_qsize 32, out_qsize 2
2026-03-26 10:56:53,746 - INFO - EPOCH 2 - PROGRESS: at 94.50% examples, 680262 words/s, in_qsize 32, out_qsize 0
2026-03-26 10:56:54,758 - INFO - EPOCH 2 - PROGRESS: at 94.61% examples, 680243 words/s, in_qsize 32, out_qsize 2
2026-03-26 10:56:55,775 - INFO - EPOCH 2 - PROGRESS: at 94.74% examples, 680246 words/s, in_qsize 31, out_qsize 0
2026-03-26 10:56:56,803 - INFO - EPOCH 2 - PROGRESS: at 94.86% examples, 680242 words/s, in_qsize 29, out_qsize 2
2026-03-26 10:56:57,813 - INFO - EPOCH 2 - PROGRESS: at 94.96% examples, 680237 words/s, in_qsize 32, out_qsize 1
2026-03-26 10:56:58,816 - INFO - EPOCH 2 - PROGRESS: at 95.07% examples, 680263 words/s, in_qsize 31, out_qsize 0
2026-03-26 10:56:59,825 - INFO - EPOCH 2 - PROGRESS: at 95.23% examples, 680263 words/s, in_qsize 29, out_qsize 1
2026-03-26 10:57:00,837 - INFO - EPOCH 2 - PROGRESS: at 95.29% examples, 680201 words/s, in_qsize 31, out_qsize 0
2026-03-26 10:57:01,844 - INFO - EPOCH 2 - PROGRESS: at 95.39% examples, 680066 words/s, in_qsize 31, out_qsize 0
2026-03-26 10:57:02,884 - INFO - EPOCH 2 - PROGRESS: at 95.55% examples, 680040 words/s, in_qsize 31, out_qsize 0
2026-03-26 10:57:03,899 - INFO - EPOCH 2 - PROGRESS: at 95.71% examples, 680005 words/s, in_qsize 30, out_qsize 1
2026-03-26 10:57:04,903 - INFO - EPOCH 2 - PROGRESS: at 95.81% examples, 680004 words/s, in_qsize 31, out_qsize 0
2026-03-26 10:57:05,905 - INFO - EPOCH 2 - PROGRESS: at 95.91% examples, 680016 words/s, in_qsize 31, out_qsize 0
2026-03-26 10:57:06,920 - INFO - EPOCH 2 - PROGRESS: at 96.00% examples, 679930 words/s, in_qsize 32, out_qsize 5
2026-03-26 10:57:07,936 - INFO - EPOCH 2 - PROGRESS: at 96.12% examples, 679956 words/s, in_qsize 32, out_qsize 1
2026-03-26 10:57:08,957 - INFO - EPOCH 2 - PROGRESS: at 96.26% examples, 679975 words/s, in_qsize 31, out_qsize 1
2026-03-26 10:57:09,971 - INFO - EPOCH 2 - PROGRESS: at 96.40% examples, 679987 words/s, in_qsize 32, out_qsize 0
2026-03-26 10:57:10,992 - INFO - EPOCH 2 - PROGRESS: at 96.54% examples, 680004 words/s, in_qsize 31, out_qsize 0
2026-03-26 10:57:12,003 - INFO - EPOCH 2 - PROGRESS: at 96.67% examples, 679950 words/s, in_qsize 32, out_qsize 3
2026-03-26 10:57:13,005 - INFO - EPOCH 2 - PROGRESS: at 96.86% examples, 680010 words/s, in_qsize 31, out_qsize 0
2026-03-26 10:57:14,027 - INFO - EPOCH 2 - PROGRESS: at 96.94% examples, 679981 words/s, in_qsize 31, out_qsize 0
2026-03-26 10:57:15,031 - INFO - EPOCH 2 - PROGRESS: at 97.01% examples, 679968 words/s, in_qsize 29, out_qsize 0
2026-03-26 10:57:16,035 - INFO - EPOCH 2 - PROGRESS: at 97.14% examples, 679926 words/s, in_qsize 26, out_qsize 3
2026-03-26 10:57:17,052 - INFO - EPOCH 2 - PROGRESS: at 97.27% examples, 679977 words/s, in_qsize 31, out_qsize 0
2026-03-26 10:57:18,063 - INFO - EPOCH 2 - PROGRESS: at 97.45% examples, 680005 words/s, in_qsize 31, out_qsize 0
2026-03-26 10:57:19,071 - INFO - EPOCH 2 - PROGRESS: at 97.55% examples, 679997 words/s, in_qsize 32, out_qsize 0
2026-03-26 10:57:20,082 - INFO - EPOCH 2 - PROGRESS: at 97.67% examples, 679960 words/s, in_qsize 30, out_qsize 1
2026-03-26 10:57:21,126 - INFO - EPOCH 2 - PROGRESS: at 97.80% examples, 679965 words/s, in_qsize 29, out_qsize 2
2026-03-26 10:57:22,141 - INFO - EPOCH 2 - PROGRESS: at 97.91% examples, 679954 words/s, in_qsize 32, out_qsize 2
2026-03-26 10:57:23,149 - INFO - EPOCH 2 - PROGRESS: at 98.03% examples, 679971 words/s, in_qsize 32, out_qsize 0
2026-03-26 10:57:24,174 - INFO - EPOCH 2 - PROGRESS: at 98.16% examples, 679928 words/s, in_qsize 32, out_qsize 4
2026-03-26 10:57:25,194 - INFO - EPOCH 2 - PROGRESS: at 98.30% examples, 679983 words/s, in_qsize 32, out_qsize 1
2026-03-26 10:57:26,202 - INFO - EPOCH 2 - PROGRESS: at 98.44% examples, 680029 words/s, in_qsize 31, out_qsize 0
2026-03-26 10:57:27,214 - INFO - EPOCH 2 - PROGRESS: at 98.54% examples, 679993 words/s, in_qsize 31, out_qsize 0
2026-03-26 10:57:28,214 - INFO - EPOCH 2 - PROGRESS: at 98.63% examples, 679987 words/s, in_qsize 31, out_qsize 0
2026-03-26 10:57:29,223 - INFO - EPOCH 2 - PROGRESS: at 98.72% examples, 679979 words/s, in_qsize 31, out_qsize 1
2026-03-26 10:57:30,257 - INFO - EPOCH 2 - PROGRESS: at 98.82% examples, 679866 words/s, in_qsize 32, out_qsize 0
2026-03-26 10:57:31,275 - INFO - EPOCH 2 - PROGRESS: at 98.98% examples, 679849 words/s, in_qsize 32, out_qsize 1
2026-03-26 10:57:32,287 - INFO - EPOCH 2 - PROGRESS: at 99.14% examples, 679842 words/s, in_qsize 31, out_qsize 0
2026-03-26 10:57:33,307 - INFO - EPOCH 2 - PROGRESS: at 99.29% examples, 679733 words/s, in_qsize 28, out_qsize 3
2026-03-26 10:57:34,323 - INFO - EPOCH 2 - PROGRESS: at 99.42% examples, 679729 words/s, in_qsize 31, out_qsize 1
2026-03-26 10:57:35,325 - INFO - EPOCH 2 - PROGRESS: at 99.56% examples, 679732 words/s, in_qsize 32, out_qsize 3
2026-03-26 10:57:36,327 - INFO - EPOCH 2 - PROGRESS: at 99.69% examples, 679727 words/s, in_qsize 32, out_qsize 0
2026-03-26 10:57:37,333 - INFO - EPOCH 2 - PROGRESS: at 99.82% examples, 679715 words/s, in_qsize 32, out_qsize 1
2026-03-26 10:57:38,339 - INFO - EPOCH 2 - PROGRESS: at 99.93% examples, 679716 words/s, in_qsize 32, out_qsize 1
2026-03-26 10:57:38,803 - DEBUG - job loop exiting, total 60863 jobs
2026-03-26 10:57:38,992 - DEBUG - worker exiting, processed 3801 jobs
2026-03-26 10:57:38,993 - DEBUG - worker thread finished; awaiting finish of 15 more threads
2026-03-26 10:57:39,005 - DEBUG - worker exiting, processed 3796 jobs
2026-03-26 10:57:39,005 - DEBUG - worker thread finished; awaiting finish of 14 more threads
2026-03-26 10:57:39,011 - DEBUG - worker exiting, processed 3814 jobs
2026-03-26 10:57:39,011 - DEBUG - worker thread finished; awaiting finish of 13 more threads
2026-03-26 10:57:39,030 - DEBUG - worker exiting, processed 3807 jobs
2026-03-26 10:57:39,030 - DEBUG - worker thread finished; awaiting finish of 12 more threads
2026-03-26 10:57:39,041 - DEBUG - worker exiting, processed 3809 jobs
2026-03-26 10:57:39,042 - DEBUG - worker thread finished; awaiting finish of 11 more threads
2026-03-26 10:57:39,042 - DEBUG - worker exiting, processed 3809 jobs
2026-03-26 10:57:39,042 - DEBUG - worker thread finished; awaiting finish of 10 more threads
2026-03-26 10:57:39,043 - DEBUG - worker exiting, processed 3805 jobs
2026-03-26 10:57:39,043 - DEBUG - worker thread finished; awaiting finish of 9 more threads
2026-03-26 10:57:39,053 - DEBUG - worker exiting, processed 3801 jobs
2026-03-26 10:57:39,053 - DEBUG - worker thread finished; awaiting finish of 8 more threads
2026-03-26 10:57:39,055 - DEBUG - worker exiting, processed 3800 jobs
2026-03-26 10:57:39,055 - DEBUG - worker thread finished; awaiting finish of 7 more threads
2026-03-26 10:57:39,083 - DEBUG - worker exiting, processed 3794 jobs
2026-03-26 10:57:39,083 - DEBUG - worker thread finished; awaiting finish of 6 more threads
2026-03-26 10:57:39,089 - DEBUG - worker exiting, processed 3806 jobs
2026-03-26 10:57:39,089 - DEBUG - worker thread finished; awaiting finish of 5 more threads
2026-03-26 10:57:39,092 - DEBUG - worker exiting, processed 3803 jobs
2026-03-26 10:57:39,092 - DEBUG - worker thread finished; awaiting finish of 4 more threads
2026-03-26 10:57:39,094 - DEBUG - worker exiting, processed 3804 jobs
2026-03-26 10:57:39,094 - DEBUG - worker thread finished; awaiting finish of 3 more threads
2026-03-26 10:57:39,107 - DEBUG - worker exiting, processed 3791 jobs
2026-03-26 10:57:39,107 - DEBUG - worker thread finished; awaiting finish of 2 more threads
2026-03-26 10:57:39,109 - DEBUG - worker exiting, processed 3807 jobs
2026-03-26 10:57:39,109 - DEBUG - worker thread finished; awaiting finish of 1 more threads
2026-03-26 10:57:39,128 - DEBUG - worker exiting, processed 3816 jobs
2026-03-26 10:57:39,128 - DEBUG - worker thread finished; awaiting finish of 0 more threads
2026-03-26 10:57:39,128 - INFO - EPOCH 2: training on 604933589 raw words (478051065 effective words) took 703.3s, 679745 effective words/s
2026-03-26 10:57:39,128 - INFO - Epoch 3 completed in 703.3s
2026-03-26 10:57:39,128 - INFO - Epoch 4 starting...
2026-03-26 10:57:40,165 - INFO - EPOCH 3 - PROGRESS: at 0.08% examples, 527459 words/s, in_qsize 31, out_qsize 0
2026-03-26 10:57:41,185 - INFO - EPOCH 3 - PROGRESS: at 0.19% examples, 551785 words/s, in_qsize 31, out_qsize 0
2026-03-26 10:57:42,187 - INFO - EPOCH 3 - PROGRESS: at 0.35% examples, 594927 words/s, in_qsize 31, out_qsize 0
2026-03-26 10:57:43,194 - INFO - EPOCH 3 - PROGRESS: at 0.49% examples, 600181 words/s, in_qsize 29, out_qsize 2
2026-03-26 10:57:44,230 - INFO - EPOCH 3 - PROGRESS: at 0.64% examples, 609333 words/s, in_qsize 30, out_qsize 1
2026-03-26 10:57:45,249 - INFO - EPOCH 3 - PROGRESS: at 0.79% examples, 617210 words/s, in_qsize 31, out_qsize 3
2026-03-26 10:57:46,250 - INFO - EPOCH 3 - PROGRESS: at 0.95% examples, 630958 words/s, in_qsize 31, out_qsize 1
2026-03-26 10:57:47,272 - INFO - EPOCH 3 - PROGRESS: at 1.10% examples, 636603 words/s, in_qsize 30, out_qsize 1
2026-03-26 10:57:48,279 - INFO - EPOCH 3 - PROGRESS: at 1.26% examples, 641213 words/s, in_qsize 31, out_qsize 0
2026-03-26 10:57:49,286 - INFO - EPOCH 3 - PROGRESS: at 1.38% examples, 644656 words/s, in_qsize 27, out_qsize 0
2026-03-26 10:57:50,309 - INFO - EPOCH 3 - PROGRESS: at 1.51% examples, 647440 words/s, in_qsize 30, out_qsize 1
2026-03-26 10:57:51,356 - INFO - EPOCH 3 - PROGRESS: at 1.63% examples, 647791 words/s, in_qsize 31, out_qsize 5
2026-03-26 10:57:52,357 - INFO - EPOCH 3 - PROGRESS: at 1.76% examples, 651529 words/s, in_qsize 31, out_qsize 2
2026-03-26 10:57:53,361 - INFO - EPOCH 3 - PROGRESS: at 1.88% examples, 653454 words/s, in_qsize 30, out_qsize 1
2026-03-26 10:57:54,374 - INFO - EPOCH 3 - PROGRESS: at 2.00% examples, 654501 words/s, in_qsize 31, out_qsize 0
2026-03-26 10:57:55,374 - INFO - EPOCH 3 - PROGRESS: at 2.11% examples, 656482 words/s, in_qsize 31, out_qsize 0
2026-03-26 10:57:56,403 - INFO - EPOCH 3 - PROGRESS: at 2.23% examples, 657214 words/s, in_qsize 29, out_qsize 2
2026-03-26 10:57:57,432 - INFO - EPOCH 3 - PROGRESS: at 2.35% examples, 657777 words/s, in_qsize 29, out_qsize 2
2026-03-26 10:57:58,438 - INFO - EPOCH 3 - PROGRESS: at 2.46% examples, 658701 words/s, in_qsize 31, out_qsize 2
2026-03-26 10:57:59,446 - INFO - EPOCH 3 - PROGRESS: at 2.59% examples, 660992 words/s, in_qsize 31, out_qsize 0
2026-03-26 10:58:00,461 - INFO - EPOCH 3 - PROGRESS: at 2.70% examples, 661092 words/s, in_qsize 31, out_qsize 0
2026-03-26 10:58:01,470 - INFO - EPOCH 3 - PROGRESS: at 2.82% examples, 661295 words/s, in_qsize 32, out_qsize 2
2026-03-26 10:58:02,471 - INFO - EPOCH 3 - PROGRESS: at 2.94% examples, 661696 words/s, in_qsize 31, out_qsize 0
2026-03-26 10:58:03,474 - INFO - EPOCH 3 - PROGRESS: at 3.05% examples, 660124 words/s, in_qsize 28, out_qsize 2
2026-03-26 10:58:04,500 - INFO - EPOCH 3 - PROGRESS: at 3.20% examples, 661454 words/s, in_qsize 32, out_qsize 0
2026-03-26 10:58:05,531 - INFO - EPOCH 3 - PROGRESS: at 3.37% examples, 662444 words/s, in_qsize 31, out_qsize 0
2026-03-26 10:58:06,538 - INFO - EPOCH 3 - PROGRESS: at 3.50% examples, 663201 words/s, in_qsize 30, out_qsize 1
2026-03-26 10:58:07,557 - INFO - EPOCH 3 - PROGRESS: at 3.64% examples, 663155 words/s, in_qsize 32, out_qsize 0
2026-03-26 10:58:08,592 - INFO - EPOCH 3 - PROGRESS: at 3.79% examples, 663473 words/s, in_qsize 31, out_qsize 0
2026-03-26 10:58:09,643 - INFO - EPOCH 3 - PROGRESS: at 3.93% examples, 662532 words/s, in_qsize 31, out_qsize 1
2026-03-26 10:58:10,663 - INFO - EPOCH 3 - PROGRESS: at 4.07% examples, 661061 words/s, in_qsize 28, out_qsize 1
2026-03-26 10:58:11,677 - INFO - EPOCH 3 - PROGRESS: at 4.22% examples, 661714 words/s, in_qsize 31, out_qsize 0
2026-03-26 10:58:12,683 - INFO - EPOCH 3 - PROGRESS: at 4.36% examples, 662183 words/s, in_qsize 32, out_qsize 1
2026-03-26 10:58:13,690 - INFO - EPOCH 3 - PROGRESS: at 4.49% examples, 663393 words/s, in_qsize 31, out_qsize 0
2026-03-26 10:58:14,714 - INFO - EPOCH 3 - PROGRESS: at 4.61% examples, 663802 words/s, in_qsize 31, out_qsize 0
2026-03-26 10:58:15,726 - INFO - EPOCH 3 - PROGRESS: at 4.72% examples, 664128 words/s, in_qsize 32, out_qsize 0
2026-03-26 10:58:16,735 - INFO - EPOCH 3 - PROGRESS: at 4.82% examples, 664720 words/s, in_qsize 32, out_qsize 0
2026-03-26 10:58:17,740 - INFO - EPOCH 3 - PROGRESS: at 4.92% examples, 664920 words/s, in_qsize 31, out_qsize 0
2026-03-26 10:58:18,752 - INFO - EPOCH 3 - PROGRESS: at 5.03% examples, 664921 words/s, in_qsize 30, out_qsize 2
2026-03-26 10:58:19,763 - INFO - EPOCH 3 - PROGRESS: at 5.18% examples, 665519 words/s, in_qsize 29, out_qsize 2
2026-03-26 10:58:20,766 - INFO - EPOCH 3 - PROGRESS: at 5.33% examples, 666206 words/s, in_qsize 31, out_qsize 0
2026-03-26 10:58:21,767 - INFO - EPOCH 3 - PROGRESS: at 5.47% examples, 666126 words/s, in_qsize 31, out_qsize 2
2026-03-26 10:58:22,782 - INFO - EPOCH 3 - PROGRESS: at 5.62% examples, 666758 words/s, in_qsize 29, out_qsize 2
2026-03-26 10:58:23,803 - INFO - EPOCH 3 - PROGRESS: at 5.74% examples, 667054 words/s, in_qsize 32, out_qsize 0
2026-03-26 10:58:24,813 - INFO - EPOCH 3 - PROGRESS: at 5.85% examples, 667105 words/s, in_qsize 30, out_qsize 1
2026-03-26 10:58:25,829 - INFO - EPOCH 3 - PROGRESS: at 6.00% examples, 667667 words/s, in_qsize 31, out_qsize 0
2026-03-26 10:58:26,836 - INFO - EPOCH 3 - PROGRESS: at 6.15% examples, 667986 words/s, in_qsize 32, out_qsize 0
2026-03-26 10:58:27,855 - INFO - EPOCH 3 - PROGRESS: at 6.34% examples, 668409 words/s, in_qsize 32, out_qsize 0
2026-03-26 10:58:28,922 - INFO - EPOCH 3 - PROGRESS: at 6.50% examples, 665613 words/s, in_qsize 32, out_qsize 0
2026-03-26 10:58:29,935 - INFO - EPOCH 3 - PROGRESS: at 6.70% examples, 665656 words/s, in_qsize 31, out_qsize 0
2026-03-26 10:58:31,000 - INFO - EPOCH 3 - PROGRESS: at 6.87% examples, 663070 words/s, in_qsize 31, out_qsize 0
2026-03-26 10:58:32,026 - INFO - EPOCH 3 - PROGRESS: at 7.07% examples, 662722 words/s, in_qsize 31, out_qsize 0
2026-03-26 10:58:33,048 - INFO - EPOCH 3 - PROGRESS: at 7.18% examples, 660640 words/s, in_qsize 32, out_qsize 2
2026-03-26 10:58:34,069 - INFO - EPOCH 3 - PROGRESS: at 7.26% examples, 660479 words/s, in_qsize 32, out_qsize 1
2026-03-26 10:58:35,076 - INFO - EPOCH 3 - PROGRESS: at 7.44% examples, 661088 words/s, in_qsize 32, out_qsize 1
2026-03-26 10:58:36,138 - INFO - EPOCH 3 - PROGRESS: at 7.56% examples, 661027 words/s, in_qsize 32, out_qsize 3
2026-03-26 10:58:37,144 - INFO - EPOCH 3 - PROGRESS: at 7.69% examples, 661988 words/s, in_qsize 31, out_qsize 0
2026-03-26 10:58:38,177 - INFO - EPOCH 3 - PROGRESS: at 7.84% examples, 662035 words/s, in_qsize 31, out_qsize 0
2026-03-26 10:58:39,195 - INFO - EPOCH 3 - PROGRESS: at 7.97% examples, 662187 words/s, in_qsize 30, out_qsize 2
2026-03-26 10:58:40,199 - INFO - EPOCH 3 - PROGRESS: at 8.11% examples, 662931 words/s, in_qsize 29, out_qsize 0
2026-03-26 10:58:41,203 - INFO - EPOCH 3 - PROGRESS: at 8.23% examples, 663106 words/s, in_qsize 32, out_qsize 0
2026-03-26 10:58:42,247 - INFO - EPOCH 3 - PROGRESS: at 8.37% examples, 663342 words/s, in_qsize 29, out_qsize 2
2026-03-26 10:58:43,252 - INFO - EPOCH 3 - PROGRESS: at 8.48% examples, 663851 words/s, in_qsize 31, out_qsize 0
2026-03-26 10:58:44,257 - INFO - EPOCH 3 - PROGRESS: at 8.57% examples, 663770 words/s, in_qsize 30, out_qsize 0
2026-03-26 10:58:45,261 - INFO - EPOCH 3 - PROGRESS: at 8.69% examples, 663961 words/s, in_qsize 31, out_qsize 0
2026-03-26 10:58:46,274 - INFO - EPOCH 3 - PROGRESS: at 8.82% examples, 663923 words/s, in_qsize 31, out_qsize 0
2026-03-26 10:58:47,276 - INFO - EPOCH 3 - PROGRESS: at 8.98% examples, 664163 words/s, in_qsize 30, out_qsize 0
2026-03-26 10:58:48,303 - INFO - EPOCH 3 - PROGRESS: at 9.08% examples, 664230 words/s, in_qsize 30, out_qsize 3
2026-03-26 10:58:49,338 - INFO - EPOCH 3 - PROGRESS: at 9.23% examples, 664587 words/s, in_qsize 29, out_qsize 3
2026-03-26 10:58:50,343 - INFO - EPOCH 3 - PROGRESS: at 9.36% examples, 665060 words/s, in_qsize 31, out_qsize 0
2026-03-26 10:58:51,376 - INFO - EPOCH 3 - PROGRESS: at 9.47% examples, 665351 words/s, in_qsize 30, out_qsize 4
2026-03-26 10:58:52,386 - INFO - EPOCH 3 - PROGRESS: at 9.59% examples, 664684 words/s, in_qsize 32, out_qsize 0
2026-03-26 10:58:53,400 - INFO - EPOCH 3 - PROGRESS: at 9.73% examples, 664882 words/s, in_qsize 32, out_qsize 0
2026-03-26 10:58:54,421 - INFO - EPOCH 3 - PROGRESS: at 9.88% examples, 664861 words/s, in_qsize 32, out_qsize 0
2026-03-26 10:58:55,439 - INFO - EPOCH 3 - PROGRESS: at 10.03% examples, 664971 words/s, in_qsize 32, out_qsize 3
2026-03-26 10:58:56,469 - INFO - EPOCH 3 - PROGRESS: at 10.18% examples, 665370 words/s, in_qsize 31, out_qsize 0
2026-03-26 10:58:57,496 - INFO - EPOCH 3 - PROGRESS: at 10.31% examples, 665371 words/s, in_qsize 28, out_qsize 3
2026-03-26 10:58:58,512 - INFO - EPOCH 3 - PROGRESS: at 10.46% examples, 665883 words/s, in_qsize 31, out_qsize 0
2026-03-26 10:58:59,573 - INFO - EPOCH 3 - PROGRESS: at 10.61% examples, 665900 words/s, in_qsize 32, out_qsize 2
2026-03-26 10:59:00,603 - INFO - EPOCH 3 - PROGRESS: at 10.79% examples, 666552 words/s, in_qsize 30, out_qsize 1
2026-03-26 10:59:01,615 - INFO - EPOCH 3 - PROGRESS: at 10.98% examples, 666868 words/s, in_qsize 32, out_qsize 0
2026-03-26 10:59:02,633 - INFO - EPOCH 3 - PROGRESS: at 11.17% examples, 667112 words/s, in_qsize 29, out_qsize 2
2026-03-26 10:59:03,641 - INFO - EPOCH 3 - PROGRESS: at 11.37% examples, 667612 words/s, in_qsize 27, out_qsize 0
2026-03-26 10:59:04,662 - INFO - EPOCH 3 - PROGRESS: at 11.55% examples, 667737 words/s, in_qsize 31, out_qsize 4
2026-03-26 10:59:05,693 - INFO - EPOCH 3 - PROGRESS: at 11.66% examples, 667976 words/s, in_qsize 31, out_qsize 0
2026-03-26 10:59:06,702 - INFO - EPOCH 3 - PROGRESS: at 11.80% examples, 667843 words/s, in_qsize 32, out_qsize 3
2026-03-26 10:59:07,706 - INFO - EPOCH 3 - PROGRESS: at 12.03% examples, 669040 words/s, in_qsize 31, out_qsize 0
2026-03-26 10:59:08,708 - INFO - EPOCH 3 - PROGRESS: at 12.26% examples, 669610 words/s, in_qsize 31, out_qsize 0
2026-03-26 10:59:09,724 - INFO - EPOCH 3 - PROGRESS: at 12.48% examples, 670332 words/s, in_qsize 32, out_qsize 0
2026-03-26 10:59:10,732 - INFO - EPOCH 3 - PROGRESS: at 12.71% examples, 670831 words/s, in_qsize 29, out_qsize 2
2026-03-26 10:59:11,767 - INFO - EPOCH 3 - PROGRESS: at 12.93% examples, 671044 words/s, in_qsize 32, out_qsize 0
2026-03-26 10:59:12,778 - INFO - EPOCH 3 - PROGRESS: at 13.15% examples, 671508 words/s, in_qsize 29, out_qsize 2
2026-03-26 10:59:13,783 - INFO - EPOCH 3 - PROGRESS: at 13.38% examples, 672094 words/s, in_qsize 31, out_qsize 0
2026-03-26 10:59:14,789 - INFO - EPOCH 3 - PROGRESS: at 13.61% examples, 672649 words/s, in_qsize 32, out_qsize 0
2026-03-26 10:59:15,823 - INFO - EPOCH 3 - PROGRESS: at 13.84% examples, 673243 words/s, in_qsize 32, out_qsize 2
2026-03-26 10:59:16,831 - INFO - EPOCH 3 - PROGRESS: at 14.07% examples, 674070 words/s, in_qsize 31, out_qsize 0
2026-03-26 10:59:17,863 - INFO - EPOCH 3 - PROGRESS: at 14.24% examples, 674187 words/s, in_qsize 31, out_qsize 0
2026-03-26 10:59:18,870 - INFO - EPOCH 3 - PROGRESS: at 14.41% examples, 674396 words/s, in_qsize 31, out_qsize 0
2026-03-26 10:59:19,886 - INFO - EPOCH 3 - PROGRESS: at 14.58% examples, 674524 words/s, in_qsize 31, out_qsize 0
2026-03-26 10:59:20,892 - INFO - EPOCH 3 - PROGRESS: at 14.75% examples, 674653 words/s, in_qsize 31, out_qsize 0
2026-03-26 10:59:21,907 - INFO - EPOCH 3 - PROGRESS: at 14.92% examples, 674798 words/s, in_qsize 32, out_qsize 1
2026-03-26 10:59:22,937 - INFO - EPOCH 3 - PROGRESS: at 15.09% examples, 674832 words/s, in_qsize 32, out_qsize 2
2026-03-26 10:59:23,959 - INFO - EPOCH 3 - PROGRESS: at 15.26% examples, 674990 words/s, in_qsize 32, out_qsize 1
2026-03-26 10:59:24,970 - INFO - EPOCH 3 - PROGRESS: at 15.42% examples, 675191 words/s, in_qsize 27, out_qsize 2
2026-03-26 10:59:25,995 - INFO - EPOCH 3 - PROGRESS: at 15.59% examples, 675327 words/s, in_qsize 30, out_qsize 1
2026-03-26 10:59:27,000 - INFO - EPOCH 3 - PROGRESS: at 15.77% examples, 675723 words/s, in_qsize 30, out_qsize 1
2026-03-26 10:59:28,003 - INFO - EPOCH 3 - PROGRESS: at 15.94% examples, 675982 words/s, in_qsize 30, out_qsize 1
2026-03-26 10:59:29,016 - INFO - EPOCH 3 - PROGRESS: at 16.09% examples, 675267 words/s, in_qsize 32, out_qsize 0
2026-03-26 10:59:30,048 - INFO - EPOCH 3 - PROGRESS: at 16.25% examples, 675006 words/s, in_qsize 29, out_qsize 2
2026-03-26 10:59:31,064 - INFO - EPOCH 3 - PROGRESS: at 16.42% examples, 674981 words/s, in_qsize 31, out_qsize 0
2026-03-26 10:59:32,068 - INFO - EPOCH 3 - PROGRESS: at 16.58% examples, 674628 words/s, in_qsize 29, out_qsize 2
2026-03-26 10:59:33,090 - INFO - EPOCH 3 - PROGRESS: at 16.75% examples, 674632 words/s, in_qsize 30, out_qsize 3
2026-03-26 10:59:34,110 - INFO - EPOCH 3 - PROGRESS: at 16.93% examples, 675061 words/s, in_qsize 31, out_qsize 1
2026-03-26 10:59:35,126 - INFO - EPOCH 3 - PROGRESS: at 17.11% examples, 675369 words/s, in_qsize 28, out_qsize 3
2026-03-26 10:59:36,129 - INFO - EPOCH 3 - PROGRESS: at 17.28% examples, 675481 words/s, in_qsize 30, out_qsize 4
2026-03-26 10:59:37,155 - INFO - EPOCH 3 - PROGRESS: at 17.46% examples, 675798 words/s, in_qsize 30, out_qsize 1
2026-03-26 10:59:38,166 - INFO - EPOCH 3 - PROGRESS: at 17.64% examples, 675963 words/s, in_qsize 31, out_qsize 0
2026-03-26 10:59:39,174 - INFO - EPOCH 3 - PROGRESS: at 17.81% examples, 675938 words/s, in_qsize 32, out_qsize 2
2026-03-26 10:59:40,181 - INFO - EPOCH 3 - PROGRESS: at 17.98% examples, 676189 words/s, in_qsize 30, out_qsize 1
2026-03-26 10:59:41,196 - INFO - EPOCH 3 - PROGRESS: at 18.16% examples, 676322 words/s, in_qsize 30, out_qsize 1
2026-03-26 10:59:42,250 - INFO - EPOCH 3 - PROGRESS: at 18.32% examples, 676109 words/s, in_qsize 32, out_qsize 2
2026-03-26 10:59:43,268 - INFO - EPOCH 3 - PROGRESS: at 18.51% examples, 676475 words/s, in_qsize 31, out_qsize 0
2026-03-26 10:59:44,295 - INFO - EPOCH 3 - PROGRESS: at 18.68% examples, 676534 words/s, in_qsize 30, out_qsize 1
2026-03-26 10:59:45,296 - INFO - EPOCH 3 - PROGRESS: at 18.79% examples, 676573 words/s, in_qsize 31, out_qsize 0
2026-03-26 10:59:46,304 - INFO - EPOCH 3 - PROGRESS: at 18.91% examples, 676623 words/s, in_qsize 31, out_qsize 0
2026-03-26 10:59:47,316 - INFO - EPOCH 3 - PROGRESS: at 19.05% examples, 676746 words/s, in_qsize 32, out_qsize 0
2026-03-26 10:59:48,376 - INFO - EPOCH 3 - PROGRESS: at 19.19% examples, 676662 words/s, in_qsize 31, out_qsize 2
2026-03-26 10:59:49,456 - INFO - EPOCH 3 - PROGRESS: at 19.34% examples, 676508 words/s, in_qsize 31, out_qsize 1
2026-03-26 10:59:50,476 - INFO - EPOCH 3 - PROGRESS: at 19.51% examples, 676537 words/s, in_qsize 31, out_qsize 0
2026-03-26 10:59:51,509 - INFO - EPOCH 3 - PROGRESS: at 19.64% examples, 676318 words/s, in_qsize 31, out_qsize 3
2026-03-26 10:59:52,538 - INFO - EPOCH 3 - PROGRESS: at 19.80% examples, 676462 words/s, in_qsize 30, out_qsize 1
2026-03-26 10:59:53,549 - INFO - EPOCH 3 - PROGRESS: at 19.96% examples, 676393 words/s, in_qsize 32, out_qsize 0
2026-03-26 10:59:54,561 - INFO - EPOCH 3 - PROGRESS: at 20.12% examples, 676501 words/s, in_qsize 30, out_qsize 1
2026-03-26 10:59:55,577 - INFO - EPOCH 3 - PROGRESS: at 20.26% examples, 676589 words/s, in_qsize 30, out_qsize 1
2026-03-26 10:59:56,578 - INFO - EPOCH 3 - PROGRESS: at 20.36% examples, 676340 words/s, in_qsize 29, out_qsize 5
2026-03-26 10:59:57,584 - INFO - EPOCH 3 - PROGRESS: at 20.47% examples, 676681 words/s, in_qsize 31, out_qsize 0
2026-03-26 10:59:58,601 - INFO - EPOCH 3 - PROGRESS: at 20.58% examples, 676534 words/s, in_qsize 31, out_qsize 1
2026-03-26 10:59:59,614 - INFO - EPOCH 3 - PROGRESS: at 20.68% examples, 676403 words/s, in_qsize 31, out_qsize 3
2026-03-26 11:00:00,618 - INFO - EPOCH 3 - PROGRESS: at 20.78% examples, 676527 words/s, in_qsize 30, out_qsize 0
2026-03-26 11:00:01,622 - INFO - EPOCH 3 - PROGRESS: at 20.95% examples, 676652 words/s, in_qsize 31, out_qsize 1
2026-03-26 11:00:02,637 - INFO - EPOCH 3 - PROGRESS: at 21.10% examples, 676717 words/s, in_qsize 32, out_qsize 0
2026-03-26 11:00:03,649 - INFO - EPOCH 3 - PROGRESS: at 21.28% examples, 676584 words/s, in_qsize 27, out_qsize 5
2026-03-26 11:00:04,650 - INFO - EPOCH 3 - PROGRESS: at 21.46% examples, 676982 words/s, in_qsize 31, out_qsize 0
2026-03-26 11:00:05,657 - INFO - EPOCH 3 - PROGRESS: at 21.58% examples, 676970 words/s, in_qsize 31, out_qsize 0
2026-03-26 11:00:06,698 - INFO - EPOCH 3 - PROGRESS: at 21.70% examples, 676817 words/s, in_qsize 30, out_qsize 1
2026-03-26 11:00:07,714 - INFO - EPOCH 3 - PROGRESS: at 21.83% examples, 676963 words/s, in_qsize 30, out_qsize 1
2026-03-26 11:00:08,734 - INFO - EPOCH 3 - PROGRESS: at 22.04% examples, 677245 words/s, in_qsize 31, out_qsize 0
2026-03-26 11:00:09,741 - INFO - EPOCH 3 - PROGRESS: at 22.16% examples, 677227 words/s, in_qsize 31, out_qsize 0
2026-03-26 11:00:10,748 - INFO - EPOCH 3 - PROGRESS: at 22.36% examples, 677319 words/s, in_qsize 29, out_qsize 2
2026-03-26 11:00:11,814 - INFO - EPOCH 3 - PROGRESS: at 22.59% examples, 676765 words/s, in_qsize 32, out_qsize 0
2026-03-26 11:00:12,822 - INFO - EPOCH 3 - PROGRESS: at 22.80% examples, 676801 words/s, in_qsize 31, out_qsize 0
2026-03-26 11:00:13,825 - INFO - EPOCH 3 - PROGRESS: at 22.94% examples, 676287 words/s, in_qsize 32, out_qsize 0
2026-03-26 11:00:14,859 - INFO - EPOCH 3 - PROGRESS: at 23.11% examples, 676312 words/s, in_qsize 32, out_qsize 3
2026-03-26 11:00:15,868 - INFO - EPOCH 3 - PROGRESS: at 23.29% examples, 676473 words/s, in_qsize 32, out_qsize 2
2026-03-26 11:00:16,881 - INFO - EPOCH 3 - PROGRESS: at 23.47% examples, 676710 words/s, in_qsize 31, out_qsize 0
2026-03-26 11:00:17,905 - INFO - EPOCH 3 - PROGRESS: at 23.64% examples, 676648 words/s, in_qsize 30, out_qsize 1
2026-03-26 11:00:18,953 - INFO - EPOCH 3 - PROGRESS: at 23.82% examples, 676684 words/s, in_qsize 31, out_qsize 0
2026-03-26 11:00:19,988 - INFO - EPOCH 3 - PROGRESS: at 23.99% examples, 676624 words/s, in_qsize 30, out_qsize 5
2026-03-26 11:00:21,009 - INFO - EPOCH 3 - PROGRESS: at 24.16% examples, 676585 words/s, in_qsize 31, out_qsize 5
2026-03-26 11:00:22,023 - INFO - EPOCH 3 - PROGRESS: at 24.33% examples, 676908 words/s, in_qsize 31, out_qsize 0
2026-03-26 11:00:23,031 - INFO - EPOCH 3 - PROGRESS: at 24.46% examples, 676855 words/s, in_qsize 30, out_qsize 1
2026-03-26 11:00:24,044 - INFO - EPOCH 3 - PROGRESS: at 24.59% examples, 676907 words/s, in_qsize 32, out_qsize 0
2026-03-26 11:00:25,053 - INFO - EPOCH 3 - PROGRESS: at 24.73% examples, 676911 words/s, in_qsize 31, out_qsize 0
2026-03-26 11:00:26,073 - INFO - EPOCH 3 - PROGRESS: at 24.87% examples, 676973 words/s, in_qsize 30, out_qsize 1
2026-03-26 11:00:27,083 - INFO - EPOCH 3 - PROGRESS: at 25.01% examples, 677026 words/s, in_qsize 30, out_qsize 1
2026-03-26 11:00:28,088 - INFO - EPOCH 3 - PROGRESS: at 25.13% examples, 676764 words/s, in_qsize 25, out_qsize 6
2026-03-26 11:00:29,111 - INFO - EPOCH 3 - PROGRESS: at 25.26% examples, 677059 words/s, in_qsize 32, out_qsize 0
2026-03-26 11:00:30,123 - INFO - EPOCH 3 - PROGRESS: at 25.39% examples, 677005 words/s, in_qsize 32, out_qsize 0
2026-03-26 11:00:31,132 - INFO - EPOCH 3 - PROGRESS: at 25.55% examples, 677062 words/s, in_qsize 30, out_qsize 1
2026-03-26 11:00:32,160 - INFO - EPOCH 3 - PROGRESS: at 25.72% examples, 677160 words/s, in_qsize 32, out_qsize 0
2026-03-26 11:00:33,171 - INFO - EPOCH 3 - PROGRESS: at 25.90% examples, 677272 words/s, in_qsize 31, out_qsize 2
2026-03-26 11:00:34,187 - INFO - EPOCH 3 - PROGRESS: at 26.03% examples, 677210 words/s, in_qsize 31, out_qsize 0
2026-03-26 11:00:35,210 - INFO - EPOCH 3 - PROGRESS: at 26.18% examples, 676621 words/s, in_qsize 32, out_qsize 0
2026-03-26 11:00:36,212 - INFO - EPOCH 3 - PROGRESS: at 26.34% examples, 676258 words/s, in_qsize 28, out_qsize 3
2026-03-26 11:00:37,217 - INFO - EPOCH 3 - PROGRESS: at 26.52% examples, 676367 words/s, in_qsize 30, out_qsize 0
2026-03-26 11:00:38,245 - INFO - EPOCH 3 - PROGRESS: at 26.71% examples, 676416 words/s, in_qsize 31, out_qsize 1
2026-03-26 11:00:39,251 - INFO - EPOCH 3 - PROGRESS: at 26.88% examples, 676358 words/s, in_qsize 32, out_qsize 1
2026-03-26 11:00:40,290 - INFO - EPOCH 3 - PROGRESS: at 27.05% examples, 676360 words/s, in_qsize 32, out_qsize 4
2026-03-26 11:00:41,302 - INFO - EPOCH 3 - PROGRESS: at 27.21% examples, 676517 words/s, in_qsize 31, out_qsize 0
2026-03-26 11:00:42,305 - INFO - EPOCH 3 - PROGRESS: at 27.32% examples, 676521 words/s, in_qsize 31, out_qsize 1
2026-03-26 11:00:43,336 - INFO - EPOCH 3 - PROGRESS: at 27.42% examples, 676423 words/s, in_qsize 32, out_qsize 1
2026-03-26 11:00:44,351 - INFO - EPOCH 3 - PROGRESS: at 27.54% examples, 676438 words/s, in_qsize 31, out_qsize 3
2026-03-26 11:00:45,356 - INFO - EPOCH 3 - PROGRESS: at 27.69% examples, 676539 words/s, in_qsize 32, out_qsize 0
2026-03-26 11:00:46,375 - INFO - EPOCH 3 - PROGRESS: at 27.85% examples, 676683 words/s, in_qsize 31, out_qsize 0
2026-03-26 11:00:47,386 - INFO - EPOCH 3 - PROGRESS: at 27.99% examples, 676637 words/s, in_qsize 31, out_qsize 1
2026-03-26 11:00:48,400 - INFO - EPOCH 3 - PROGRESS: at 28.06% examples, 676553 words/s, in_qsize 31, out_qsize 0
2026-03-26 11:00:49,440 - INFO - EPOCH 3 - PROGRESS: at 28.17% examples, 676560 words/s, in_qsize 31, out_qsize 0
2026-03-26 11:00:50,462 - INFO - EPOCH 3 - PROGRESS: at 28.32% examples, 676651 words/s, in_qsize 30, out_qsize 1
2026-03-26 11:00:51,469 - INFO - EPOCH 3 - PROGRESS: at 28.46% examples, 676758 words/s, in_qsize 32, out_qsize 0
2026-03-26 11:00:52,473 - INFO - EPOCH 3 - PROGRESS: at 28.62% examples, 676744 words/s, in_qsize 32, out_qsize 1
2026-03-26 11:00:53,485 - INFO - EPOCH 3 - PROGRESS: at 28.77% examples, 676766 words/s, in_qsize 32, out_qsize 2
2026-03-26 11:00:54,528 - INFO - EPOCH 3 - PROGRESS: at 28.92% examples, 676714 words/s, in_qsize 32, out_qsize 3
2026-03-26 11:00:55,548 - INFO - EPOCH 3 - PROGRESS: at 29.07% examples, 676664 words/s, in_qsize 30, out_qsize 3
2026-03-26 11:00:56,557 - INFO - EPOCH 3 - PROGRESS: at 29.22% examples, 676853 words/s, in_qsize 32, out_qsize 1
2026-03-26 11:00:57,568 - INFO - EPOCH 3 - PROGRESS: at 29.37% examples, 676872 words/s, in_qsize 31, out_qsize 0
2026-03-26 11:00:58,577 - INFO - EPOCH 3 - PROGRESS: at 29.52% examples, 676824 words/s, in_qsize 32, out_qsize 0
2026-03-26 11:00:59,588 - INFO - EPOCH 3 - PROGRESS: at 29.67% examples, 676922 words/s, in_qsize 31, out_qsize 0
2026-03-26 11:01:00,594 - INFO - EPOCH 3 - PROGRESS: at 29.85% examples, 676611 words/s, in_qsize 31, out_qsize 0
2026-03-26 11:01:01,614 - INFO - EPOCH 3 - PROGRESS: at 29.98% examples, 676507 words/s, in_qsize 32, out_qsize 0
2026-03-26 11:01:02,656 - INFO - EPOCH 3 - PROGRESS: at 30.14% examples, 676423 words/s, in_qsize 30, out_qsize 1
2026-03-26 11:01:03,671 - INFO - EPOCH 3 - PROGRESS: at 30.26% examples, 676503 words/s, in_qsize 31, out_qsize 0
2026-03-26 11:01:04,722 - INFO - EPOCH 3 - PROGRESS: at 30.42% examples, 676428 words/s, in_qsize 29, out_qsize 5
2026-03-26 11:01:05,742 - INFO - EPOCH 3 - PROGRESS: at 30.56% examples, 676549 words/s, in_qsize 29, out_qsize 2
2026-03-26 11:01:06,761 - INFO - EPOCH 3 - PROGRESS: at 30.71% examples, 676458 words/s, in_qsize 32, out_qsize 7
2026-03-26 11:01:07,769 - INFO - EPOCH 3 - PROGRESS: at 30.84% examples, 676672 words/s, in_qsize 32, out_qsize 0
2026-03-26 11:01:08,801 - INFO - EPOCH 3 - PROGRESS: at 30.96% examples, 676595 words/s, in_qsize 31, out_qsize 0
2026-03-26 11:01:09,807 - INFO - EPOCH 3 - PROGRESS: at 31.09% examples, 676640 words/s, in_qsize 31, out_qsize 0
2026-03-26 11:01:10,816 - INFO - EPOCH 3 - PROGRESS: at 31.21% examples, 676566 words/s, in_qsize 30, out_qsize 0
2026-03-26 11:01:11,826 - INFO - EPOCH 3 - PROGRESS: at 31.33% examples, 676564 words/s, in_qsize 31, out_qsize 1
2026-03-26 11:01:12,828 - INFO - EPOCH 3 - PROGRESS: at 31.46% examples, 676628 words/s, in_qsize 31, out_qsize 0
2026-03-26 11:01:13,836 - INFO - EPOCH 3 - PROGRESS: at 31.57% examples, 676506 words/s, in_qsize 30, out_qsize 1
2026-03-26 11:01:14,843 - INFO - EPOCH 3 - PROGRESS: at 31.70% examples, 676636 words/s, in_qsize 31, out_qsize 0
2026-03-26 11:01:15,853 - INFO - EPOCH 3 - PROGRESS: at 31.83% examples, 676576 words/s, in_qsize 31, out_qsize 0
2026-03-26 11:01:16,859 - INFO - EPOCH 3 - PROGRESS: at 31.95% examples, 676527 words/s, in_qsize 31, out_qsize 0
2026-03-26 11:01:17,859 - INFO - EPOCH 3 - PROGRESS: at 32.08% examples, 676527 words/s, in_qsize 32, out_qsize 0
2026-03-26 11:01:18,871 - INFO - EPOCH 3 - PROGRESS: at 32.20% examples, 676538 words/s, in_qsize 32, out_qsize 0
2026-03-26 11:01:19,880 - INFO - EPOCH 3 - PROGRESS: at 32.35% examples, 676493 words/s, in_qsize 31, out_qsize 1
2026-03-26 11:01:20,894 - INFO - EPOCH 3 - PROGRESS: at 32.55% examples, 676555 words/s, in_qsize 31, out_qsize 0
2026-03-26 11:01:21,894 - INFO - EPOCH 3 - PROGRESS: at 32.74% examples, 676733 words/s, in_qsize 31, out_qsize 0
2026-03-26 11:01:22,900 - INFO - EPOCH 3 - PROGRESS: at 32.87% examples, 676711 words/s, in_qsize 31, out_qsize 0
2026-03-26 11:01:23,917 - INFO - EPOCH 3 - PROGRESS: at 33.04% examples, 676808 words/s, in_qsize 32, out_qsize 0
2026-03-26 11:01:24,984 - INFO - EPOCH 3 - PROGRESS: at 33.21% examples, 676652 words/s, in_qsize 32, out_qsize 0
2026-03-26 11:01:26,004 - INFO - EPOCH 3 - PROGRESS: at 33.39% examples, 676773 words/s, in_qsize 29, out_qsize 2
2026-03-26 11:01:27,009 - INFO - EPOCH 3 - PROGRESS: at 33.55% examples, 676775 words/s, in_qsize 30, out_qsize 0
2026-03-26 11:01:28,010 - INFO - EPOCH 3 - PROGRESS: at 33.73% examples, 676919 words/s, in_qsize 30, out_qsize 1
2026-03-26 11:01:29,011 - INFO - EPOCH 3 - PROGRESS: at 33.90% examples, 676992 words/s, in_qsize 32, out_qsize 0
2026-03-26 11:01:30,028 - INFO - EPOCH 3 - PROGRESS: at 34.07% examples, 677079 words/s, in_qsize 31, out_qsize 0
2026-03-26 11:01:31,054 - INFO - EPOCH 3 - PROGRESS: at 34.17% examples, 677073 words/s, in_qsize 30, out_qsize 1
2026-03-26 11:01:32,056 - INFO - EPOCH 3 - PROGRESS: at 34.26% examples, 676970 words/s, in_qsize 32, out_qsize 1
2026-03-26 11:01:33,069 - INFO - EPOCH 3 - PROGRESS: at 34.42% examples, 677090 words/s, in_qsize 31, out_qsize 0
2026-03-26 11:01:34,081 - INFO - EPOCH 3 - PROGRESS: at 34.53% examples, 677057 words/s, in_qsize 32, out_qsize 1
2026-03-26 11:01:35,125 - INFO - EPOCH 3 - PROGRESS: at 34.64% examples, 676867 words/s, in_qsize 31, out_qsize 6
2026-03-26 11:01:36,128 - INFO - EPOCH 3 - PROGRESS: at 34.75% examples, 677031 words/s, in_qsize 30, out_qsize 2
2026-03-26 11:01:37,133 - INFO - EPOCH 3 - PROGRESS: at 34.86% examples, 677020 words/s, in_qsize 31, out_qsize 0
2026-03-26 11:01:38,150 - INFO - EPOCH 3 - PROGRESS: at 34.97% examples, 676985 words/s, in_qsize 32, out_qsize 3
2026-03-26 11:01:39,151 - INFO - EPOCH 3 - PROGRESS: at 35.12% examples, 677091 words/s, in_qsize 30, out_qsize 1
2026-03-26 11:01:40,196 - INFO - EPOCH 3 - PROGRESS: at 35.25% examples, 676948 words/s, in_qsize 31, out_qsize 3
2026-03-26 11:01:41,200 - INFO - EPOCH 3 - PROGRESS: at 35.45% examples, 677188 words/s, in_qsize 32, out_qsize 0
2026-03-26 11:01:42,237 - INFO - EPOCH 3 - PROGRESS: at 35.62% examples, 677105 words/s, in_qsize 29, out_qsize 4
2026-03-26 11:01:43,278 - INFO - EPOCH 3 - PROGRESS: at 35.80% examples, 677254 words/s, in_qsize 31, out_qsize 1
2026-03-26 11:01:44,282 - INFO - EPOCH 3 - PROGRESS: at 35.96% examples, 677364 words/s, in_qsize 30, out_qsize 0
2026-03-26 11:01:45,290 - INFO - EPOCH 3 - PROGRESS: at 36.12% examples, 677431 words/s, in_qsize 31, out_qsize 0
2026-03-26 11:01:46,302 - INFO - EPOCH 3 - PROGRESS: at 36.25% examples, 677322 words/s, in_qsize 30, out_qsize 1
2026-03-26 11:01:47,314 - INFO - EPOCH 3 - PROGRESS: at 36.39% examples, 677305 words/s, in_qsize 30, out_qsize 3
2026-03-26 11:01:48,324 - INFO - EPOCH 3 - PROGRESS: at 36.53% examples, 677323 words/s, in_qsize 31, out_qsize 0
2026-03-26 11:01:49,329 - INFO - EPOCH 3 - PROGRESS: at 36.67% examples, 677324 words/s, in_qsize 31, out_qsize 0
2026-03-26 11:01:50,334 - INFO - EPOCH 3 - PROGRESS: at 36.78% examples, 677263 words/s, in_qsize 31, out_qsize 0
2026-03-26 11:01:51,340 - INFO - EPOCH 3 - PROGRESS: at 36.93% examples, 677353 words/s, in_qsize 30, out_qsize 1
2026-03-26 11:01:52,349 - INFO - EPOCH 3 - PROGRESS: at 37.08% examples, 677376 words/s, in_qsize 31, out_qsize 0
2026-03-26 11:01:53,377 - INFO - EPOCH 3 - PROGRESS: at 37.21% examples, 677357 words/s, in_qsize 32, out_qsize 1
2026-03-26 11:01:54,402 - INFO - EPOCH 3 - PROGRESS: at 37.33% examples, 677289 words/s, in_qsize 27, out_qsize 3
2026-03-26 11:01:55,411 - INFO - EPOCH 3 - PROGRESS: at 37.44% examples, 677090 words/s, in_qsize 30, out_qsize 1
2026-03-26 11:01:56,417 - INFO - EPOCH 3 - PROGRESS: at 37.55% examples, 677065 words/s, in_qsize 31, out_qsize 0
2026-03-26 11:01:57,439 - INFO - EPOCH 3 - PROGRESS: at 37.68% examples, 677082 words/s, in_qsize 31, out_qsize 1
2026-03-26 11:01:58,446 - INFO - EPOCH 3 - PROGRESS: at 37.80% examples, 677089 words/s, in_qsize 30, out_qsize 1
2026-03-26 11:01:59,453 - INFO - EPOCH 3 - PROGRESS: at 37.92% examples, 677083 words/s, in_qsize 31, out_qsize 0
2026-03-26 11:02:00,467 - INFO - EPOCH 3 - PROGRESS: at 38.04% examples, 677117 words/s, in_qsize 32, out_qsize 0
2026-03-26 11:02:01,485 - INFO - EPOCH 3 - PROGRESS: at 38.14% examples, 677091 words/s, in_qsize 32, out_qsize 0
2026-03-26 11:02:02,498 - INFO - EPOCH 3 - PROGRESS: at 38.26% examples, 677085 words/s, in_qsize 32, out_qsize 2
2026-03-26 11:02:03,515 - INFO - EPOCH 3 - PROGRESS: at 38.37% examples, 677120 words/s, in_qsize 32, out_qsize 0
2026-03-26 11:02:04,519 - INFO - EPOCH 3 - PROGRESS: at 38.48% examples, 677135 words/s, in_qsize 31, out_qsize 0
2026-03-26 11:02:05,523 - INFO - EPOCH 3 - PROGRESS: at 38.61% examples, 677190 words/s, in_qsize 31, out_qsize 0
2026-03-26 11:02:06,548 - INFO - EPOCH 3 - PROGRESS: at 38.81% examples, 677215 words/s, in_qsize 31, out_qsize 1
2026-03-26 11:02:07,557 - INFO - EPOCH 3 - PROGRESS: at 39.03% examples, 677394 words/s, in_qsize 31, out_qsize 0
2026-03-26 11:02:08,593 - INFO - EPOCH 3 - PROGRESS: at 39.15% examples, 677418 words/s, in_qsize 31, out_qsize 0
2026-03-26 11:02:09,604 - INFO - EPOCH 3 - PROGRESS: at 39.26% examples, 677356 words/s, in_qsize 31, out_qsize 3
2026-03-26 11:02:10,611 - INFO - EPOCH 3 - PROGRESS: at 39.37% examples, 677429 words/s, in_qsize 31, out_qsize 1
2026-03-26 11:02:11,619 - INFO - EPOCH 3 - PROGRESS: at 39.49% examples, 677426 words/s, in_qsize 31, out_qsize 0
2026-03-26 11:02:12,630 - INFO - EPOCH 3 - PROGRESS: at 39.63% examples, 677425 words/s, in_qsize 31, out_qsize 1
2026-03-26 11:02:13,639 - INFO - EPOCH 3 - PROGRESS: at 39.76% examples, 677432 words/s, in_qsize 31, out_qsize 1
2026-03-26 11:02:14,649 - INFO - EPOCH 3 - PROGRESS: at 39.90% examples, 677436 words/s, in_qsize 32, out_qsize 0
2026-03-26 11:02:15,650 - INFO - EPOCH 3 - PROGRESS: at 40.03% examples, 677468 words/s, in_qsize 31, out_qsize 1
2026-03-26 11:02:16,652 - INFO - EPOCH 3 - PROGRESS: at 40.17% examples, 677496 words/s, in_qsize 32, out_qsize 1
2026-03-26 11:02:17,680 - INFO - EPOCH 3 - PROGRESS: at 40.29% examples, 677473 words/s, in_qsize 31, out_qsize 0
2026-03-26 11:02:18,702 - INFO - EPOCH 3 - PROGRESS: at 40.42% examples, 677480 words/s, in_qsize 28, out_qsize 3
2026-03-26 11:02:19,715 - INFO - EPOCH 3 - PROGRESS: at 40.57% examples, 677538 words/s, in_qsize 31, out_qsize 0
2026-03-26 11:02:20,728 - INFO - EPOCH 3 - PROGRESS: at 40.73% examples, 677535 words/s, in_qsize 31, out_qsize 0
2026-03-26 11:02:21,733 - INFO - EPOCH 3 - PROGRESS: at 40.89% examples, 677606 words/s, in_qsize 31, out_qsize 0
2026-03-26 11:02:22,733 - INFO - EPOCH 3 - PROGRESS: at 41.04% examples, 677549 words/s, in_qsize 32, out_qsize 1
2026-03-26 11:02:23,735 - INFO - EPOCH 3 - PROGRESS: at 41.20% examples, 677600 words/s, in_qsize 31, out_qsize 0
2026-03-26 11:02:24,737 - INFO - EPOCH 3 - PROGRESS: at 41.35% examples, 677623 words/s, in_qsize 30, out_qsize 0
2026-03-26 11:02:25,749 - INFO - EPOCH 3 - PROGRESS: at 41.47% examples, 677653 words/s, in_qsize 30, out_qsize 1
2026-03-26 11:02:26,763 - INFO - EPOCH 3 - PROGRESS: at 41.60% examples, 677624 words/s, in_qsize 31, out_qsize 0
2026-03-26 11:02:27,763 - INFO - EPOCH 3 - PROGRESS: at 41.69% examples, 677626 words/s, in_qsize 32, out_qsize 0
2026-03-26 11:02:28,772 - INFO - EPOCH 3 - PROGRESS: at 41.80% examples, 677624 words/s, in_qsize 31, out_qsize 1
2026-03-26 11:02:29,807 - INFO - EPOCH 3 - PROGRESS: at 41.91% examples, 677585 words/s, in_qsize 32, out_qsize 3
2026-03-26 11:02:30,837 - INFO - EPOCH 3 - PROGRESS: at 42.01% examples, 677564 words/s, in_qsize 31, out_qsize 1
2026-03-26 11:02:31,853 - INFO - EPOCH 3 - PROGRESS: at 42.11% examples, 677528 words/s, in_qsize 32, out_qsize 0
2026-03-26 11:02:32,857 - INFO - EPOCH 3 - PROGRESS: at 42.21% examples, 677547 words/s, in_qsize 31, out_qsize 1
2026-03-26 11:02:33,868 - INFO - EPOCH 3 - PROGRESS: at 42.30% examples, 677165 words/s, in_qsize 28, out_qsize 3
2026-03-26 11:02:34,877 - INFO - EPOCH 3 - PROGRESS: at 42.50% examples, 677128 words/s, in_qsize 31, out_qsize 0
2026-03-26 11:02:35,892 - INFO - EPOCH 3 - PROGRESS: at 42.67% examples, 676935 words/s, in_qsize 31, out_qsize 0
2026-03-26 11:02:36,897 - INFO - EPOCH 3 - PROGRESS: at 42.78% examples, 676979 words/s, in_qsize 31, out_qsize 0
2026-03-26 11:02:37,901 - INFO - EPOCH 3 - PROGRESS: at 42.96% examples, 676963 words/s, in_qsize 31, out_qsize 1
2026-03-26 11:02:38,903 - INFO - EPOCH 3 - PROGRESS: at 43.16% examples, 677056 words/s, in_qsize 32, out_qsize 0
2026-03-26 11:02:39,924 - INFO - EPOCH 3 - PROGRESS: at 43.31% examples, 677056 words/s, in_qsize 32, out_qsize 2
2026-03-26 11:02:40,959 - INFO - EPOCH 3 - PROGRESS: at 43.42% examples, 676990 words/s, in_qsize 30, out_qsize 1
2026-03-26 11:02:41,961 - INFO - EPOCH 3 - PROGRESS: at 43.53% examples, 676970 words/s, in_qsize 32, out_qsize 2
2026-03-26 11:02:42,979 - INFO - EPOCH 3 - PROGRESS: at 43.64% examples, 676962 words/s, in_qsize 31, out_qsize 0
2026-03-26 11:02:44,010 - INFO - EPOCH 3 - PROGRESS: at 43.74% examples, 676879 words/s, in_qsize 32, out_qsize 1
2026-03-26 11:02:45,014 - INFO - EPOCH 3 - PROGRESS: at 43.83% examples, 676815 words/s, in_qsize 32, out_qsize 2
2026-03-26 11:02:46,027 - INFO - EPOCH 3 - PROGRESS: at 43.97% examples, 676877 words/s, in_qsize 30, out_qsize 1
2026-03-26 11:02:47,029 - INFO - EPOCH 3 - PROGRESS: at 44.20% examples, 676961 words/s, in_qsize 32, out_qsize 0
2026-03-26 11:02:48,057 - INFO - EPOCH 3 - PROGRESS: at 44.43% examples, 677014 words/s, in_qsize 32, out_qsize 5
2026-03-26 11:02:49,068 - INFO - EPOCH 3 - PROGRESS: at 44.66% examples, 677236 words/s, in_qsize 30, out_qsize 0
2026-03-26 11:02:50,090 - INFO - EPOCH 3 - PROGRESS: at 44.77% examples, 677204 words/s, in_qsize 31, out_qsize 0
2026-03-26 11:02:51,095 - INFO - EPOCH 3 - PROGRESS: at 44.89% examples, 677148 words/s, in_qsize 31, out_qsize 3
2026-03-26 11:02:52,115 - INFO - EPOCH 3 - PROGRESS: at 45.04% examples, 677220 words/s, in_qsize 32, out_qsize 0
2026-03-26 11:02:53,121 - INFO - EPOCH 3 - PROGRESS: at 45.18% examples, 677225 words/s, in_qsize 32, out_qsize 1
2026-03-26 11:02:54,130 - INFO - EPOCH 3 - PROGRESS: at 45.27% examples, 677044 words/s, in_qsize 31, out_qsize 0
2026-03-26 11:02:55,139 - INFO - EPOCH 3 - PROGRESS: at 45.37% examples, 676997 words/s, in_qsize 31, out_qsize 0
2026-03-26 11:02:56,149 - INFO - EPOCH 3 - PROGRESS: at 45.48% examples, 676968 words/s, in_qsize 30, out_qsize 1
2026-03-26 11:02:57,169 - INFO - EPOCH 3 - PROGRESS: at 45.58% examples, 677008 words/s, in_qsize 29, out_qsize 1
2026-03-26 11:02:58,183 - INFO - EPOCH 3 - PROGRESS: at 45.69% examples, 677016 words/s, in_qsize 32, out_qsize 0
2026-03-26 11:02:59,186 - INFO - EPOCH 3 - PROGRESS: at 45.79% examples, 676978 words/s, in_qsize 29, out_qsize 0
2026-03-26 11:03:00,194 - INFO - EPOCH 3 - PROGRESS: at 45.90% examples, 676961 words/s, in_qsize 31, out_qsize 0
2026-03-26 11:03:01,219 - INFO - EPOCH 3 - PROGRESS: at 46.03% examples, 676939 words/s, in_qsize 29, out_qsize 2
2026-03-26 11:03:02,252 - INFO - EPOCH 3 - PROGRESS: at 46.15% examples, 676940 words/s, in_qsize 30, out_qsize 3
2026-03-26 11:03:03,290 - INFO - EPOCH 3 - PROGRESS: at 46.26% examples, 676917 words/s, in_qsize 31, out_qsize 2
2026-03-26 11:03:04,299 - INFO - EPOCH 3 - PROGRESS: at 46.37% examples, 676853 words/s, in_qsize 31, out_qsize 3
2026-03-26 11:03:05,354 - INFO - EPOCH 3 - PROGRESS: at 46.49% examples, 676771 words/s, in_qsize 31, out_qsize 7
2026-03-26 11:03:06,359 - INFO - EPOCH 3 - PROGRESS: at 46.71% examples, 676975 words/s, in_qsize 32, out_qsize 2
2026-03-26 11:03:07,361 - INFO - EPOCH 3 - PROGRESS: at 47.04% examples, 677211 words/s, in_qsize 32, out_qsize 0
2026-03-26 11:03:08,367 - INFO - EPOCH 3 - PROGRESS: at 47.18% examples, 677167 words/s, in_qsize 31, out_qsize 3
2026-03-26 11:03:09,397 - INFO - EPOCH 3 - PROGRESS: at 47.30% examples, 677160 words/s, in_qsize 32, out_qsize 2
2026-03-26 11:03:10,409 - INFO - EPOCH 3 - PROGRESS: at 47.43% examples, 677191 words/s, in_qsize 32, out_qsize 0
2026-03-26 11:03:11,415 - INFO - EPOCH 3 - PROGRESS: at 47.56% examples, 677185 words/s, in_qsize 31, out_qsize 0
2026-03-26 11:03:12,418 - INFO - EPOCH 3 - PROGRESS: at 47.69% examples, 677187 words/s, in_qsize 32, out_qsize 1
2026-03-26 11:03:13,430 - INFO - EPOCH 3 - PROGRESS: at 47.82% examples, 677190 words/s, in_qsize 30, out_qsize 2
2026-03-26 11:03:14,442 - INFO - EPOCH 3 - PROGRESS: at 47.95% examples, 677217 words/s, in_qsize 32, out_qsize 0
2026-03-26 11:03:15,445 - INFO - EPOCH 3 - PROGRESS: at 48.07% examples, 677194 words/s, in_qsize 29, out_qsize 2
2026-03-26 11:03:16,457 - INFO - EPOCH 3 - PROGRESS: at 48.19% examples, 677179 words/s, in_qsize 32, out_qsize 1
2026-03-26 11:03:17,459 - INFO - EPOCH 3 - PROGRESS: at 48.32% examples, 677270 words/s, in_qsize 31, out_qsize 0
2026-03-26 11:03:18,487 - INFO - EPOCH 3 - PROGRESS: at 48.45% examples, 677196 words/s, in_qsize 27, out_qsize 2
2026-03-26 11:03:19,488 - INFO - EPOCH 3 - PROGRESS: at 48.58% examples, 677222 words/s, in_qsize 32, out_qsize 0
2026-03-26 11:03:20,502 - INFO - EPOCH 3 - PROGRESS: at 48.70% examples, 677221 words/s, in_qsize 31, out_qsize 0
2026-03-26 11:03:21,506 - INFO - EPOCH 3 - PROGRESS: at 48.83% examples, 677178 words/s, in_qsize 31, out_qsize 0
2026-03-26 11:03:22,520 - INFO - EPOCH 3 - PROGRESS: at 48.95% examples, 677157 words/s, in_qsize 32, out_qsize 4
2026-03-26 11:03:23,522 - INFO - EPOCH 3 - PROGRESS: at 49.08% examples, 677133 words/s, in_qsize 32, out_qsize 2
2026-03-26 11:03:24,545 - INFO - EPOCH 3 - PROGRESS: at 49.21% examples, 677143 words/s, in_qsize 31, out_qsize 3
2026-03-26 11:03:25,558 - INFO - EPOCH 3 - PROGRESS: at 49.34% examples, 677172 words/s, in_qsize 31, out_qsize 2
2026-03-26 11:03:26,568 - INFO - EPOCH 3 - PROGRESS: at 49.46% examples, 677134 words/s, in_qsize 29, out_qsize 2
2026-03-26 11:03:27,591 - INFO - EPOCH 3 - PROGRESS: at 49.59% examples, 677116 words/s, in_qsize 29, out_qsize 2
2026-03-26 11:03:28,594 - INFO - EPOCH 3 - PROGRESS: at 49.71% examples, 677091 words/s, in_qsize 28, out_qsize 2
2026-03-26 11:03:29,615 - INFO - EPOCH 3 - PROGRESS: at 49.84% examples, 677128 words/s, in_qsize 31, out_qsize 0
2026-03-26 11:03:30,643 - INFO - EPOCH 3 - PROGRESS: at 49.96% examples, 677130 words/s, in_qsize 32, out_qsize 2
2026-03-26 11:03:31,678 - INFO - EPOCH 3 - PROGRESS: at 50.09% examples, 677121 words/s, in_qsize 30, out_qsize 1
2026-03-26 11:03:32,680 - INFO - EPOCH 3 - PROGRESS: at 50.20% examples, 677090 words/s, in_qsize 31, out_qsize 0
2026-03-26 11:03:33,686 - INFO - EPOCH 3 - PROGRESS: at 50.34% examples, 676942 words/s, in_qsize 29, out_qsize 0
2026-03-26 11:03:34,688 - INFO - EPOCH 3 - PROGRESS: at 50.49% examples, 676801 words/s, in_qsize 27, out_qsize 3
2026-03-26 11:03:35,709 - INFO - EPOCH 3 - PROGRESS: at 50.65% examples, 676711 words/s, in_qsize 30, out_qsize 1
2026-03-26 11:03:36,713 - INFO - EPOCH 3 - PROGRESS: at 50.80% examples, 676633 words/s, in_qsize 28, out_qsize 3
2026-03-26 11:03:37,731 - INFO - EPOCH 3 - PROGRESS: at 50.95% examples, 676442 words/s, in_qsize 32, out_qsize 0
2026-03-26 11:03:38,740 - INFO - EPOCH 3 - PROGRESS: at 51.11% examples, 676454 words/s, in_qsize 32, out_qsize 1
2026-03-26 11:03:39,740 - INFO - EPOCH 3 - PROGRESS: at 51.27% examples, 676435 words/s, in_qsize 29, out_qsize 4
2026-03-26 11:03:40,742 - INFO - EPOCH 3 - PROGRESS: at 51.48% examples, 676604 words/s, in_qsize 31, out_qsize 1
2026-03-26 11:03:41,744 - INFO - EPOCH 3 - PROGRESS: at 51.70% examples, 676840 words/s, in_qsize 32, out_qsize 0
2026-03-26 11:03:42,765 - INFO - EPOCH 3 - PROGRESS: at 51.93% examples, 677061 words/s, in_qsize 32, out_qsize 0
2026-03-26 11:03:43,794 - INFO - EPOCH 3 - PROGRESS: at 52.15% examples, 677246 words/s, in_qsize 28, out_qsize 4
2026-03-26 11:03:44,827 - INFO - EPOCH 3 - PROGRESS: at 52.39% examples, 677549 words/s, in_qsize 31, out_qsize 0
2026-03-26 11:03:45,832 - INFO - EPOCH 3 - PROGRESS: at 52.61% examples, 677774 words/s, in_qsize 31, out_qsize 2
2026-03-26 11:03:46,843 - INFO - EPOCH 3 - PROGRESS: at 52.84% examples, 678009 words/s, in_qsize 32, out_qsize 1
2026-03-26 11:03:47,873 - INFO - EPOCH 3 - PROGRESS: at 53.07% examples, 678267 words/s, in_qsize 31, out_qsize 0
2026-03-26 11:03:48,934 - INFO - EPOCH 3 - PROGRESS: at 53.29% examples, 678370 words/s, in_qsize 32, out_qsize 0
2026-03-26 11:03:49,949 - INFO - EPOCH 3 - PROGRESS: at 53.49% examples, 678346 words/s, in_qsize 32, out_qsize 0
2026-03-26 11:03:50,964 - INFO - EPOCH 3 - PROGRESS: at 53.69% examples, 678344 words/s, in_qsize 32, out_qsize 0
2026-03-26 11:03:51,980 - INFO - EPOCH 3 - PROGRESS: at 53.89% examples, 678381 words/s, in_qsize 31, out_qsize 0
2026-03-26 11:03:52,988 - INFO - EPOCH 3 - PROGRESS: at 54.12% examples, 678595 words/s, in_qsize 30, out_qsize 1
2026-03-26 11:03:54,032 - INFO - EPOCH 3 - PROGRESS: at 54.35% examples, 678803 words/s, in_qsize 31, out_qsize 0
2026-03-26 11:03:55,047 - INFO - EPOCH 3 - PROGRESS: at 54.57% examples, 679022 words/s, in_qsize 32, out_qsize 0
2026-03-26 11:03:56,049 - INFO - EPOCH 3 - PROGRESS: at 54.80% examples, 679246 words/s, in_qsize 32, out_qsize 2
2026-03-26 11:03:57,062 - INFO - EPOCH 3 - PROGRESS: at 55.03% examples, 679530 words/s, in_qsize 31, out_qsize 0
2026-03-26 11:03:58,066 - INFO - EPOCH 3 - PROGRESS: at 55.19% examples, 679557 words/s, in_qsize 31, out_qsize 0
2026-03-26 11:03:59,079 - INFO - EPOCH 3 - PROGRESS: at 55.30% examples, 679502 words/s, in_qsize 31, out_qsize 0
2026-03-26 11:04:00,084 - INFO - EPOCH 3 - PROGRESS: at 55.42% examples, 679475 words/s, in_qsize 31, out_qsize 3
2026-03-26 11:04:01,085 - INFO - EPOCH 3 - PROGRESS: at 55.55% examples, 679569 words/s, in_qsize 32, out_qsize 0
2026-03-26 11:04:02,121 - INFO - EPOCH 3 - PROGRESS: at 55.71% examples, 679369 words/s, in_qsize 32, out_qsize 0
2026-03-26 11:04:03,159 - INFO - EPOCH 3 - PROGRESS: at 55.92% examples, 679129 words/s, in_qsize 30, out_qsize 1
2026-03-26 11:04:04,231 - INFO - EPOCH 3 - PROGRESS: at 56.10% examples, 679076 words/s, in_qsize 30, out_qsize 1
2026-03-26 11:04:05,254 - INFO - EPOCH 3 - PROGRESS: at 56.23% examples, 679035 words/s, in_qsize 32, out_qsize 1
2026-03-26 11:04:06,267 - INFO - EPOCH 3 - PROGRESS: at 56.36% examples, 679031 words/s, in_qsize 31, out_qsize 0
2026-03-26 11:04:07,269 - INFO - EPOCH 3 - PROGRESS: at 56.48% examples, 678989 words/s, in_qsize 31, out_qsize 0
2026-03-26 11:04:08,270 - INFO - EPOCH 3 - PROGRESS: at 56.60% examples, 679000 words/s, in_qsize 30, out_qsize 1
2026-03-26 11:04:09,279 - INFO - EPOCH 3 - PROGRESS: at 56.70% examples, 678960 words/s, in_qsize 29, out_qsize 0
2026-03-26 11:04:10,294 - INFO - EPOCH 3 - PROGRESS: at 56.87% examples, 679013 words/s, in_qsize 31, out_qsize 0
2026-03-26 11:04:11,299 - INFO - EPOCH 3 - PROGRESS: at 57.04% examples, 679023 words/s, in_qsize 31, out_qsize 0
2026-03-26 11:04:12,300 - INFO - EPOCH 3 - PROGRESS: at 57.22% examples, 679042 words/s, in_qsize 30, out_qsize 0
2026-03-26 11:04:13,316 - INFO - EPOCH 3 - PROGRESS: at 57.40% examples, 679033 words/s, in_qsize 26, out_qsize 1
2026-03-26 11:04:14,322 - INFO - EPOCH 3 - PROGRESS: at 57.57% examples, 679042 words/s, in_qsize 31, out_qsize 0
2026-03-26 11:04:15,331 - INFO - EPOCH 3 - PROGRESS: at 57.75% examples, 679085 words/s, in_qsize 32, out_qsize 0
2026-03-26 11:04:16,341 - INFO - EPOCH 3 - PROGRESS: at 57.93% examples, 679126 words/s, in_qsize 31, out_qsize 0
2026-03-26 11:04:17,361 - INFO - EPOCH 3 - PROGRESS: at 58.10% examples, 679158 words/s, in_qsize 32, out_qsize 0
2026-03-26 11:04:18,385 - INFO - EPOCH 3 - PROGRESS: at 58.28% examples, 679184 words/s, in_qsize 31, out_qsize 2
2026-03-26 11:04:19,391 - INFO - EPOCH 3 - PROGRESS: at 58.45% examples, 679254 words/s, in_qsize 31, out_qsize 0
2026-03-26 11:04:20,394 - INFO - EPOCH 3 - PROGRESS: at 58.63% examples, 679258 words/s, in_qsize 32, out_qsize 0
2026-03-26 11:04:21,414 - INFO - EPOCH 3 - PROGRESS: at 58.79% examples, 679289 words/s, in_qsize 32, out_qsize 1
2026-03-26 11:04:22,420 - INFO - EPOCH 3 - PROGRESS: at 58.97% examples, 679360 words/s, in_qsize 30, out_qsize 0
2026-03-26 11:04:23,427 - INFO - EPOCH 3 - PROGRESS: at 59.15% examples, 679369 words/s, in_qsize 32, out_qsize 0
2026-03-26 11:04:24,473 - INFO - EPOCH 3 - PROGRESS: at 59.33% examples, 679349 words/s, in_qsize 31, out_qsize 4
2026-03-26 11:04:25,480 - INFO - EPOCH 3 - PROGRESS: at 59.46% examples, 679275 words/s, in_qsize 32, out_qsize 0
2026-03-26 11:04:26,487 - INFO - EPOCH 3 - PROGRESS: at 59.67% examples, 679392 words/s, in_qsize 31, out_qsize 0
2026-03-26 11:04:27,505 - INFO - EPOCH 3 - PROGRESS: at 59.78% examples, 679333 words/s, in_qsize 28, out_qsize 0
2026-03-26 11:04:28,513 - INFO - EPOCH 3 - PROGRESS: at 59.87% examples, 679283 words/s, in_qsize 32, out_qsize 0
2026-03-26 11:04:29,518 - INFO - EPOCH 3 - PROGRESS: at 59.99% examples, 679269 words/s, in_qsize 29, out_qsize 2
2026-03-26 11:04:30,522 - INFO - EPOCH 3 - PROGRESS: at 60.16% examples, 679347 words/s, in_qsize 31, out_qsize 0
2026-03-26 11:04:31,528 - INFO - EPOCH 3 - PROGRESS: at 60.32% examples, 679347 words/s, in_qsize 31, out_qsize 0
2026-03-26 11:04:32,529 - INFO - EPOCH 3 - PROGRESS: at 60.48% examples, 679358 words/s, in_qsize 31, out_qsize 1
2026-03-26 11:04:33,552 - INFO - EPOCH 3 - PROGRESS: at 60.65% examples, 679381 words/s, in_qsize 29, out_qsize 2
2026-03-26 11:04:34,590 - INFO - EPOCH 3 - PROGRESS: at 60.81% examples, 679419 words/s, in_qsize 30, out_qsize 1
2026-03-26 11:04:35,600 - INFO - EPOCH 3 - PROGRESS: at 60.93% examples, 679429 words/s, in_qsize 31, out_qsize 0
2026-03-26 11:04:36,605 - INFO - EPOCH 3 - PROGRESS: at 61.07% examples, 679420 words/s, in_qsize 29, out_qsize 0
2026-03-26 11:04:37,609 - INFO - EPOCH 3 - PROGRESS: at 61.18% examples, 679394 words/s, in_qsize 32, out_qsize 0
2026-03-26 11:04:38,622 - INFO - EPOCH 3 - PROGRESS: at 61.24% examples, 679340 words/s, in_qsize 32, out_qsize 3
2026-03-26 11:04:39,631 - INFO - EPOCH 3 - PROGRESS: at 61.30% examples, 679270 words/s, in_qsize 30, out_qsize 4
2026-03-26 11:04:40,640 - INFO - EPOCH 3 - PROGRESS: at 61.44% examples, 679317 words/s, in_qsize 31, out_qsize 0
2026-03-26 11:04:41,670 - INFO - EPOCH 3 - PROGRESS: at 61.59% examples, 679347 words/s, in_qsize 32, out_qsize 1
2026-03-26 11:04:42,682 - INFO - EPOCH 3 - PROGRESS: at 61.73% examples, 679353 words/s, in_qsize 32, out_qsize 1
2026-03-26 11:04:43,692 - INFO - EPOCH 3 - PROGRESS: at 61.83% examples, 679338 words/s, in_qsize 31, out_qsize 1
2026-03-26 11:04:44,702 - INFO - EPOCH 3 - PROGRESS: at 61.99% examples, 679366 words/s, in_qsize 29, out_qsize 2
2026-03-26 11:04:45,720 - INFO - EPOCH 3 - PROGRESS: at 62.11% examples, 679360 words/s, in_qsize 30, out_qsize 3
2026-03-26 11:04:46,725 - INFO - EPOCH 3 - PROGRESS: at 62.20% examples, 679376 words/s, in_qsize 31, out_qsize 0
2026-03-26 11:04:47,741 - INFO - EPOCH 3 - PROGRESS: at 62.34% examples, 679359 words/s, in_qsize 29, out_qsize 2
2026-03-26 11:04:48,743 - INFO - EPOCH 3 - PROGRESS: at 62.48% examples, 679406 words/s, in_qsize 31, out_qsize 0
2026-03-26 11:04:49,744 - INFO - EPOCH 3 - PROGRESS: at 62.61% examples, 679400 words/s, in_qsize 31, out_qsize 0
2026-03-26 11:04:50,771 - INFO - EPOCH 3 - PROGRESS: at 62.74% examples, 679386 words/s, in_qsize 31, out_qsize 1
2026-03-26 11:04:51,785 - INFO - EPOCH 3 - PROGRESS: at 62.88% examples, 679430 words/s, in_qsize 30, out_qsize 1
2026-03-26 11:04:52,825 - INFO - EPOCH 3 - PROGRESS: at 63.03% examples, 679215 words/s, in_qsize 32, out_qsize 1
2026-03-26 11:04:53,853 - INFO - EPOCH 3 - PROGRESS: at 63.15% examples, 679177 words/s, in_qsize 32, out_qsize 1
2026-03-26 11:04:54,859 - INFO - EPOCH 3 - PROGRESS: at 63.28% examples, 679208 words/s, in_qsize 31, out_qsize 0
2026-03-26 11:04:55,879 - INFO - EPOCH 3 - PROGRESS: at 63.38% examples, 679234 words/s, in_qsize 29, out_qsize 2
2026-03-26 11:04:56,883 - INFO - EPOCH 3 - PROGRESS: at 63.51% examples, 679276 words/s, in_qsize 29, out_qsize 0
2026-03-26 11:04:57,911 - INFO - EPOCH 3 - PROGRESS: at 63.67% examples, 679235 words/s, in_qsize 29, out_qsize 2
2026-03-26 11:04:58,928 - INFO - EPOCH 3 - PROGRESS: at 63.84% examples, 679256 words/s, in_qsize 31, out_qsize 0
2026-03-26 11:04:59,937 - INFO - EPOCH 3 - PROGRESS: at 64.04% examples, 679351 words/s, in_qsize 31, out_qsize 0
2026-03-26 11:05:00,950 - INFO - EPOCH 3 - PROGRESS: at 64.17% examples, 679304 words/s, in_qsize 32, out_qsize 0
2026-03-26 11:05:01,953 - INFO - EPOCH 3 - PROGRESS: at 64.30% examples, 679307 words/s, in_qsize 31, out_qsize 0
2026-03-26 11:05:02,986 - INFO - EPOCH 3 - PROGRESS: at 64.42% examples, 679279 words/s, in_qsize 32, out_qsize 2
2026-03-26 11:05:04,004 - INFO - EPOCH 3 - PROGRESS: at 64.52% examples, 679256 words/s, in_qsize 26, out_qsize 4
2026-03-26 11:05:05,010 - INFO - EPOCH 3 - PROGRESS: at 64.68% examples, 679303 words/s, in_qsize 32, out_qsize 1
2026-03-26 11:05:06,024 - INFO - EPOCH 3 - PROGRESS: at 64.83% examples, 679289 words/s, in_qsize 31, out_qsize 3
2026-03-26 11:05:07,032 - INFO - EPOCH 3 - PROGRESS: at 65.00% examples, 679388 words/s, in_qsize 27, out_qsize 0
2026-03-26 11:05:08,052 - INFO - EPOCH 3 - PROGRESS: at 65.15% examples, 679344 words/s, in_qsize 30, out_qsize 1
2026-03-26 11:05:09,078 - INFO - EPOCH 3 - PROGRESS: at 65.30% examples, 679323 words/s, in_qsize 32, out_qsize 1
2026-03-26 11:05:10,081 - INFO - EPOCH 3 - PROGRESS: at 65.46% examples, 679375 words/s, in_qsize 30, out_qsize 1
2026-03-26 11:05:11,107 - INFO - EPOCH 3 - PROGRESS: at 65.63% examples, 679318 words/s, in_qsize 32, out_qsize 4
2026-03-26 11:05:12,112 - INFO - EPOCH 3 - PROGRESS: at 65.76% examples, 679411 words/s, in_qsize 31, out_qsize 0
2026-03-26 11:05:13,152 - INFO - EPOCH 3 - PROGRESS: at 65.93% examples, 679334 words/s, in_qsize 32, out_qsize 6
2026-03-26 11:05:14,171 - INFO - EPOCH 3 - PROGRESS: at 66.07% examples, 679462 words/s, in_qsize 32, out_qsize 0
2026-03-26 11:05:15,183 - INFO - EPOCH 3 - PROGRESS: at 66.20% examples, 679463 words/s, in_qsize 32, out_qsize 1
2026-03-26 11:05:16,200 - INFO - EPOCH 3 - PROGRESS: at 66.33% examples, 679415 words/s, in_qsize 31, out_qsize 5
2026-03-26 11:05:17,210 - INFO - EPOCH 3 - PROGRESS: at 66.47% examples, 679490 words/s, in_qsize 30, out_qsize 1
2026-03-26 11:05:18,221 - INFO - EPOCH 3 - PROGRESS: at 66.56% examples, 679445 words/s, in_qsize 30, out_qsize 1
2026-03-26 11:05:19,245 - INFO - EPOCH 3 - PROGRESS: at 66.63% examples, 679381 words/s, in_qsize 30, out_qsize 1
2026-03-26 11:05:20,281 - INFO - EPOCH 3 - PROGRESS: at 66.70% examples, 679236 words/s, in_qsize 32, out_qsize 0
2026-03-26 11:05:21,317 - INFO - EPOCH 3 - PROGRESS: at 66.81% examples, 679222 words/s, in_qsize 31, out_qsize 1
2026-03-26 11:05:22,323 - INFO - EPOCH 3 - PROGRESS: at 66.88% examples, 679202 words/s, in_qsize 30, out_qsize 1
2026-03-26 11:05:23,328 - INFO - EPOCH 3 - PROGRESS: at 66.95% examples, 679182 words/s, in_qsize 31, out_qsize 1
2026-03-26 11:05:24,346 - INFO - EPOCH 3 - PROGRESS: at 67.06% examples, 679119 words/s, in_qsize 31, out_qsize 2
2026-03-26 11:05:25,351 - INFO - EPOCH 3 - PROGRESS: at 67.21% examples, 679206 words/s, in_qsize 31, out_qsize 0
2026-03-26 11:05:26,351 - INFO - EPOCH 3 - PROGRESS: at 67.35% examples, 679195 words/s, in_qsize 31, out_qsize 0
2026-03-26 11:05:27,376 - INFO - EPOCH 3 - PROGRESS: at 67.48% examples, 679188 words/s, in_qsize 32, out_qsize 0
2026-03-26 11:05:28,396 - INFO - EPOCH 3 - PROGRESS: at 67.60% examples, 679173 words/s, in_qsize 32, out_qsize 1
2026-03-26 11:05:29,405 - INFO - EPOCH 3 - PROGRESS: at 67.72% examples, 679153 words/s, in_qsize 30, out_qsize 2
2026-03-26 11:05:30,440 - INFO - EPOCH 3 - PROGRESS: at 67.85% examples, 679164 words/s, in_qsize 31, out_qsize 0
2026-03-26 11:05:31,460 - INFO - EPOCH 3 - PROGRESS: at 67.95% examples, 679155 words/s, in_qsize 29, out_qsize 2
2026-03-26 11:05:32,483 - INFO - EPOCH 3 - PROGRESS: at 68.07% examples, 679121 words/s, in_qsize 32, out_qsize 3
2026-03-26 11:05:33,527 - INFO - EPOCH 3 - PROGRESS: at 68.16% examples, 679082 words/s, in_qsize 29, out_qsize 3
2026-03-26 11:05:34,532 - INFO - EPOCH 3 - PROGRESS: at 68.30% examples, 679136 words/s, in_qsize 32, out_qsize 0
2026-03-26 11:05:35,544 - INFO - EPOCH 3 - PROGRESS: at 68.44% examples, 679187 words/s, in_qsize 31, out_qsize 0
2026-03-26 11:05:36,584 - INFO - EPOCH 3 - PROGRESS: at 68.57% examples, 679150 words/s, in_qsize 32, out_qsize 0
2026-03-26 11:05:37,588 - INFO - EPOCH 3 - PROGRESS: at 68.70% examples, 679144 words/s, in_qsize 31, out_qsize 0
2026-03-26 11:05:38,598 - INFO - EPOCH 3 - PROGRESS: at 68.82% examples, 679099 words/s, in_qsize 29, out_qsize 2
2026-03-26 11:05:39,612 - INFO - EPOCH 3 - PROGRESS: at 68.96% examples, 679098 words/s, in_qsize 32, out_qsize 0
2026-03-26 11:05:40,617 - INFO - EPOCH 3 - PROGRESS: at 69.08% examples, 679077 words/s, in_qsize 30, out_qsize 2
2026-03-26 11:05:41,631 - INFO - EPOCH 3 - PROGRESS: at 69.29% examples, 679186 words/s, in_qsize 31, out_qsize 0
2026-03-26 11:05:42,661 - INFO - EPOCH 3 - PROGRESS: at 69.53% examples, 679200 words/s, in_qsize 31, out_qsize 3
2026-03-26 11:05:43,670 - INFO - EPOCH 3 - PROGRESS: at 69.79% examples, 679325 words/s, in_qsize 32, out_qsize 0
2026-03-26 11:05:44,704 - INFO - EPOCH 3 - PROGRESS: at 69.93% examples, 679264 words/s, in_qsize 32, out_qsize 1
2026-03-26 11:05:45,709 - INFO - EPOCH 3 - PROGRESS: at 70.06% examples, 679257 words/s, in_qsize 31, out_qsize 0
2026-03-26 11:05:46,710 - INFO - EPOCH 3 - PROGRESS: at 70.18% examples, 679227 words/s, in_qsize 31, out_qsize 1
2026-03-26 11:05:47,720 - INFO - EPOCH 3 - PROGRESS: at 70.30% examples, 679186 words/s, in_qsize 31, out_qsize 0
2026-03-26 11:05:48,724 - INFO - EPOCH 3 - PROGRESS: at 70.43% examples, 679168 words/s, in_qsize 32, out_qsize 0
2026-03-26 11:05:49,758 - INFO - EPOCH 3 - PROGRESS: at 70.56% examples, 679111 words/s, in_qsize 32, out_qsize 3
2026-03-26 11:05:50,774 - INFO - EPOCH 3 - PROGRESS: at 70.69% examples, 679104 words/s, in_qsize 31, out_qsize 0
2026-03-26 11:05:51,779 - INFO - EPOCH 3 - PROGRESS: at 70.80% examples, 678936 words/s, in_qsize 27, out_qsize 1
2026-03-26 11:05:52,794 - INFO - EPOCH 3 - PROGRESS: at 70.92% examples, 678949 words/s, in_qsize 31, out_qsize 0
2026-03-26 11:05:53,800 - INFO - EPOCH 3 - PROGRESS: at 71.03% examples, 678905 words/s, in_qsize 29, out_qsize 3
2026-03-26 11:05:54,828 - INFO - EPOCH 3 - PROGRESS: at 71.16% examples, 678913 words/s, in_qsize 32, out_qsize 2
2026-03-26 11:05:55,847 - INFO - EPOCH 3 - PROGRESS: at 71.31% examples, 678957 words/s, in_qsize 30, out_qsize 1
2026-03-26 11:05:56,857 - INFO - EPOCH 3 - PROGRESS: at 71.49% examples, 678996 words/s, in_qsize 31, out_qsize 0
2026-03-26 11:05:57,859 - INFO - EPOCH 3 - PROGRESS: at 71.67% examples, 679032 words/s, in_qsize 28, out_qsize 1
2026-03-26 11:05:58,876 - INFO - EPOCH 3 - PROGRESS: at 71.85% examples, 679063 words/s, in_qsize 28, out_qsize 1
2026-03-26 11:05:59,897 - INFO - EPOCH 3 - PROGRESS: at 71.97% examples, 679026 words/s, in_qsize 30, out_qsize 1
2026-03-26 11:06:00,903 - INFO - EPOCH 3 - PROGRESS: at 72.08% examples, 679064 words/s, in_qsize 31, out_qsize 0
2026-03-26 11:06:01,921 - INFO - EPOCH 3 - PROGRESS: at 72.24% examples, 679057 words/s, in_qsize 32, out_qsize 1
2026-03-26 11:06:02,923 - INFO - EPOCH 3 - PROGRESS: at 72.42% examples, 679073 words/s, in_qsize 31, out_qsize 0
2026-03-26 11:06:03,928 - INFO - EPOCH 3 - PROGRESS: at 72.59% examples, 679056 words/s, in_qsize 28, out_qsize 3
2026-03-26 11:06:04,934 - INFO - EPOCH 3 - PROGRESS: at 72.78% examples, 679146 words/s, in_qsize 32, out_qsize 0
2026-03-26 11:06:05,950 - INFO - EPOCH 3 - PROGRESS: at 72.95% examples, 679113 words/s, in_qsize 31, out_qsize 1
2026-03-26 11:06:06,963 - INFO - EPOCH 3 - PROGRESS: at 73.07% examples, 679117 words/s, in_qsize 31, out_qsize 0
2026-03-26 11:06:07,965 - INFO - EPOCH 3 - PROGRESS: at 73.17% examples, 679107 words/s, in_qsize 32, out_qsize 0
2026-03-26 11:06:08,966 - INFO - EPOCH 3 - PROGRESS: at 73.28% examples, 679113 words/s, in_qsize 31, out_qsize 0
2026-03-26 11:06:09,979 - INFO - EPOCH 3 - PROGRESS: at 73.38% examples, 679111 words/s, in_qsize 31, out_qsize 0
2026-03-26 11:06:11,003 - INFO - EPOCH 3 - PROGRESS: at 73.49% examples, 679080 words/s, in_qsize 31, out_qsize 0
2026-03-26 11:06:12,026 - INFO - EPOCH 3 - PROGRESS: at 73.57% examples, 679056 words/s, in_qsize 32, out_qsize 0
2026-03-26 11:06:13,029 - INFO - EPOCH 3 - PROGRESS: at 73.68% examples, 679040 words/s, in_qsize 32, out_qsize 0
2026-03-26 11:06:14,030 - INFO - EPOCH 3 - PROGRESS: at 73.83% examples, 679049 words/s, in_qsize 32, out_qsize 0
2026-03-26 11:06:15,056 - INFO - EPOCH 3 - PROGRESS: at 74.00% examples, 679103 words/s, in_qsize 31, out_qsize 0
2026-03-26 11:06:16,100 - INFO - EPOCH 3 - PROGRESS: at 74.18% examples, 679088 words/s, in_qsize 32, out_qsize 0
2026-03-26 11:06:17,146 - INFO - EPOCH 3 - PROGRESS: at 74.35% examples, 679039 words/s, in_qsize 31, out_qsize 1
2026-03-26 11:06:18,168 - INFO - EPOCH 3 - PROGRESS: at 74.50% examples, 679029 words/s, in_qsize 32, out_qsize 0
2026-03-26 11:06:19,199 - INFO - EPOCH 3 - PROGRESS: at 74.62% examples, 678844 words/s, in_qsize 32, out_qsize 4
2026-03-26 11:06:20,203 - INFO - EPOCH 3 - PROGRESS: at 74.75% examples, 678833 words/s, in_qsize 29, out_qsize 3
2026-03-26 11:06:21,205 - INFO - EPOCH 3 - PROGRESS: at 74.88% examples, 678856 words/s, in_qsize 32, out_qsize 1
2026-03-26 11:06:22,214 - INFO - EPOCH 3 - PROGRESS: at 75.04% examples, 678905 words/s, in_qsize 30, out_qsize 1
2026-03-26 11:06:23,247 - INFO - EPOCH 3 - PROGRESS: at 75.22% examples, 678902 words/s, in_qsize 31, out_qsize 1
2026-03-26 11:06:24,267 - INFO - EPOCH 3 - PROGRESS: at 75.39% examples, 678943 words/s, in_qsize 32, out_qsize 0
2026-03-26 11:06:25,271 - INFO - EPOCH 3 - PROGRESS: at 75.55% examples, 678970 words/s, in_qsize 31, out_qsize 0
2026-03-26 11:06:26,298 - INFO - EPOCH 3 - PROGRESS: at 75.70% examples, 678951 words/s, in_qsize 31, out_qsize 0
2026-03-26 11:06:27,301 - INFO - EPOCH 3 - PROGRESS: at 75.86% examples, 678965 words/s, in_qsize 32, out_qsize 1
2026-03-26 11:06:28,304 - INFO - EPOCH 3 - PROGRESS: at 76.00% examples, 678905 words/s, in_qsize 31, out_qsize 0
2026-03-26 11:06:29,321 - INFO - EPOCH 3 - PROGRESS: at 76.16% examples, 678884 words/s, in_qsize 31, out_qsize 1
2026-03-26 11:06:30,332 - INFO - EPOCH 3 - PROGRESS: at 76.31% examples, 678888 words/s, in_qsize 31, out_qsize 0
2026-03-26 11:06:31,343 - INFO - EPOCH 3 - PROGRESS: at 76.46% examples, 678867 words/s, in_qsize 31, out_qsize 0
2026-03-26 11:06:32,354 - INFO - EPOCH 3 - PROGRESS: at 76.62% examples, 678832 words/s, in_qsize 30, out_qsize 1
2026-03-26 11:06:33,378 - INFO - EPOCH 3 - PROGRESS: at 76.76% examples, 678764 words/s, in_qsize 31, out_qsize 3
2026-03-26 11:06:34,390 - INFO - EPOCH 3 - PROGRESS: at 76.92% examples, 678827 words/s, in_qsize 29, out_qsize 1
2026-03-26 11:06:35,401 - INFO - EPOCH 3 - PROGRESS: at 77.06% examples, 678786 words/s, in_qsize 28, out_qsize 3
2026-03-26 11:06:36,402 - INFO - EPOCH 3 - PROGRESS: at 77.22% examples, 678814 words/s, in_qsize 32, out_qsize 0
2026-03-26 11:06:37,411 - INFO - EPOCH 3 - PROGRESS: at 77.37% examples, 678775 words/s, in_qsize 32, out_qsize 2
2026-03-26 11:06:38,433 - INFO - EPOCH 3 - PROGRESS: at 77.53% examples, 678795 words/s, in_qsize 31, out_qsize 0
2026-03-26 11:06:39,440 - INFO - EPOCH 3 - PROGRESS: at 77.68% examples, 678775 words/s, in_qsize 31, out_qsize 3
2026-03-26 11:06:40,491 - INFO - EPOCH 3 - PROGRESS: at 77.85% examples, 678801 words/s, in_qsize 32, out_qsize 3
2026-03-26 11:06:41,512 - INFO - EPOCH 3 - PROGRESS: at 78.00% examples, 678805 words/s, in_qsize 30, out_qsize 4
2026-03-26 11:06:42,521 - INFO - EPOCH 3 - PROGRESS: at 78.15% examples, 678846 words/s, in_qsize 31, out_qsize 0
2026-03-26 11:06:43,544 - INFO - EPOCH 3 - PROGRESS: at 78.30% examples, 678935 words/s, in_qsize 32, out_qsize 0
2026-03-26 11:06:44,570 - INFO - EPOCH 3 - PROGRESS: at 78.44% examples, 679005 words/s, in_qsize 31, out_qsize 2
2026-03-26 11:06:45,577 - INFO - EPOCH 3 - PROGRESS: at 78.59% examples, 679098 words/s, in_qsize 31, out_qsize 1
2026-03-26 11:06:46,613 - INFO - EPOCH 3 - PROGRESS: at 78.74% examples, 679171 words/s, in_qsize 30, out_qsize 1
2026-03-26 11:06:47,642 - INFO - EPOCH 3 - PROGRESS: at 78.87% examples, 679061 words/s, in_qsize 31, out_qsize 0
2026-03-26 11:06:48,652 - INFO - EPOCH 3 - PROGRESS: at 79.01% examples, 679122 words/s, in_qsize 32, out_qsize 0
2026-03-26 11:06:49,658 - INFO - EPOCH 3 - PROGRESS: at 79.15% examples, 679174 words/s, in_qsize 32, out_qsize 1
2026-03-26 11:06:50,667 - INFO - EPOCH 3 - PROGRESS: at 79.29% examples, 679236 words/s, in_qsize 30, out_qsize 1
2026-03-26 11:06:51,700 - INFO - EPOCH 3 - PROGRESS: at 79.44% examples, 679311 words/s, in_qsize 31, out_qsize 0
2026-03-26 11:06:52,729 - INFO - EPOCH 3 - PROGRESS: at 79.59% examples, 679406 words/s, in_qsize 30, out_qsize 1
2026-03-26 11:06:53,739 - INFO - EPOCH 3 - PROGRESS: at 79.74% examples, 679480 words/s, in_qsize 32, out_qsize 0
2026-03-26 11:06:54,792 - INFO - EPOCH 3 - PROGRESS: at 79.88% examples, 679502 words/s, in_qsize 32, out_qsize 2
2026-03-26 11:06:55,814 - INFO - EPOCH 3 - PROGRESS: at 80.04% examples, 679618 words/s, in_qsize 32, out_qsize 3
2026-03-26 11:06:56,832 - INFO - EPOCH 3 - PROGRESS: at 80.18% examples, 679713 words/s, in_qsize 29, out_qsize 3
2026-03-26 11:06:57,833 - INFO - EPOCH 3 - PROGRESS: at 80.33% examples, 679792 words/s, in_qsize 31, out_qsize 0
2026-03-26 11:06:58,857 - INFO - EPOCH 3 - PROGRESS: at 80.46% examples, 679775 words/s, in_qsize 32, out_qsize 0
2026-03-26 11:06:59,872 - INFO - EPOCH 3 - PROGRESS: at 80.56% examples, 679715 words/s, in_qsize 28, out_qsize 2
2026-03-26 11:07:00,877 - INFO - EPOCH 3 - PROGRESS: at 80.65% examples, 679714 words/s, in_qsize 31, out_qsize 1
2026-03-26 11:07:01,905 - INFO - EPOCH 3 - PROGRESS: at 80.78% examples, 679714 words/s, in_qsize 31, out_qsize 1
2026-03-26 11:07:02,921 - INFO - EPOCH 3 - PROGRESS: at 80.91% examples, 679691 words/s, in_qsize 31, out_qsize 0
2026-03-26 11:07:03,922 - INFO - EPOCH 3 - PROGRESS: at 81.04% examples, 679717 words/s, in_qsize 29, out_qsize 0
2026-03-26 11:07:04,933 - INFO - EPOCH 3 - PROGRESS: at 81.18% examples, 679701 words/s, in_qsize 32, out_qsize 1
2026-03-26 11:07:05,969 - INFO - EPOCH 3 - PROGRESS: at 81.31% examples, 679657 words/s, in_qsize 31, out_qsize 4
2026-03-26 11:07:06,993 - INFO - EPOCH 3 - PROGRESS: at 81.44% examples, 679720 words/s, in_qsize 31, out_qsize 0
2026-03-26 11:07:08,018 - INFO - EPOCH 3 - PROGRESS: at 81.58% examples, 679685 words/s, in_qsize 30, out_qsize 1
2026-03-26 11:07:09,038 - INFO - EPOCH 3 - PROGRESS: at 81.69% examples, 679674 words/s, in_qsize 31, out_qsize 0
2026-03-26 11:07:10,045 - INFO - EPOCH 3 - PROGRESS: at 81.83% examples, 679683 words/s, in_qsize 31, out_qsize 3
2026-03-26 11:07:11,053 - INFO - EPOCH 3 - PROGRESS: at 81.98% examples, 679695 words/s, in_qsize 31, out_qsize 0
2026-03-26 11:07:12,061 - INFO - EPOCH 3 - PROGRESS: at 82.12% examples, 679716 words/s, in_qsize 31, out_qsize 0
2026-03-26 11:07:13,074 - INFO - EPOCH 3 - PROGRESS: at 82.26% examples, 679691 words/s, in_qsize 31, out_qsize 0
2026-03-26 11:07:14,083 - INFO - EPOCH 3 - PROGRESS: at 82.40% examples, 679668 words/s, in_qsize 32, out_qsize 2
2026-03-26 11:07:15,095 - INFO - EPOCH 3 - PROGRESS: at 82.54% examples, 679683 words/s, in_qsize 31, out_qsize 0
2026-03-26 11:07:16,114 - INFO - EPOCH 3 - PROGRESS: at 82.69% examples, 679664 words/s, in_qsize 32, out_qsize 1
2026-03-26 11:07:17,123 - INFO - EPOCH 3 - PROGRESS: at 82.81% examples, 679686 words/s, in_qsize 32, out_qsize 0
2026-03-26 11:07:18,167 - INFO - EPOCH 3 - PROGRESS: at 82.92% examples, 679624 words/s, in_qsize 29, out_qsize 4
2026-03-26 11:07:19,200 - INFO - EPOCH 3 - PROGRESS: at 83.04% examples, 679687 words/s, in_qsize 31, out_qsize 0
2026-03-26 11:07:20,205 - INFO - EPOCH 3 - PROGRESS: at 83.16% examples, 679742 words/s, in_qsize 29, out_qsize 2
2026-03-26 11:07:21,215 - INFO - EPOCH 3 - PROGRESS: at 83.27% examples, 679733 words/s, in_qsize 32, out_qsize 2
2026-03-26 11:07:22,220 - INFO - EPOCH 3 - PROGRESS: at 83.38% examples, 679657 words/s, in_qsize 32, out_qsize 0
2026-03-26 11:07:23,254 - INFO - EPOCH 3 - PROGRESS: at 83.50% examples, 679611 words/s, in_qsize 32, out_qsize 1
2026-03-26 11:07:24,292 - INFO - EPOCH 3 - PROGRESS: at 83.62% examples, 679589 words/s, in_qsize 32, out_qsize 5
2026-03-26 11:07:25,294 - INFO - EPOCH 3 - PROGRESS: at 83.79% examples, 679662 words/s, in_qsize 32, out_qsize 0
2026-03-26 11:07:26,298 - INFO - EPOCH 3 - PROGRESS: at 83.94% examples, 679668 words/s, in_qsize 31, out_qsize 0
2026-03-26 11:07:27,324 - INFO - EPOCH 3 - PROGRESS: at 84.09% examples, 679619 words/s, in_qsize 26, out_qsize 5
2026-03-26 11:07:28,339 - INFO - EPOCH 3 - PROGRESS: at 84.23% examples, 679646 words/s, in_qsize 32, out_qsize 1
2026-03-26 11:07:29,348 - INFO - EPOCH 3 - PROGRESS: at 84.34% examples, 679695 words/s, in_qsize 31, out_qsize 0
2026-03-26 11:07:30,359 - INFO - EPOCH 3 - PROGRESS: at 84.45% examples, 679702 words/s, in_qsize 31, out_qsize 0
2026-03-26 11:07:31,364 - INFO - EPOCH 3 - PROGRESS: at 84.54% examples, 679682 words/s, in_qsize 30, out_qsize 1
2026-03-26 11:07:32,370 - INFO - EPOCH 3 - PROGRESS: at 84.64% examples, 679690 words/s, in_qsize 31, out_qsize 1
2026-03-26 11:07:33,421 - INFO - EPOCH 3 - PROGRESS: at 84.70% examples, 679579 words/s, in_qsize 28, out_qsize 3
2026-03-26 11:07:34,422 - INFO - EPOCH 3 - PROGRESS: at 84.82% examples, 679602 words/s, in_qsize 31, out_qsize 0
2026-03-26 11:07:35,427 - INFO - EPOCH 3 - PROGRESS: at 85.00% examples, 679640 words/s, in_qsize 31, out_qsize 1
2026-03-26 11:07:36,448 - INFO - EPOCH 3 - PROGRESS: at 85.16% examples, 679673 words/s, in_qsize 30, out_qsize 1
2026-03-26 11:07:37,454 - INFO - EPOCH 3 - PROGRESS: at 85.30% examples, 679662 words/s, in_qsize 31, out_qsize 0
2026-03-26 11:07:38,460 - INFO - EPOCH 3 - PROGRESS: at 85.45% examples, 679678 words/s, in_qsize 30, out_qsize 1
2026-03-26 11:07:39,477 - INFO - EPOCH 3 - PROGRESS: at 85.59% examples, 679687 words/s, in_qsize 29, out_qsize 2
2026-03-26 11:07:40,497 - INFO - EPOCH 3 - PROGRESS: at 85.75% examples, 679705 words/s, in_qsize 30, out_qsize 2
2026-03-26 11:07:41,506 - INFO - EPOCH 3 - PROGRESS: at 85.90% examples, 679749 words/s, in_qsize 31, out_qsize 0
2026-03-26 11:07:42,527 - INFO - EPOCH 3 - PROGRESS: at 86.05% examples, 679741 words/s, in_qsize 29, out_qsize 2
2026-03-26 11:07:43,540 - INFO - EPOCH 3 - PROGRESS: at 86.20% examples, 679767 words/s, in_qsize 32, out_qsize 2
2026-03-26 11:07:44,555 - INFO - EPOCH 3 - PROGRESS: at 86.35% examples, 679802 words/s, in_qsize 30, out_qsize 1
2026-03-26 11:07:45,579 - INFO - EPOCH 3 - PROGRESS: at 86.47% examples, 679786 words/s, in_qsize 32, out_qsize 3
2026-03-26 11:07:46,602 - INFO - EPOCH 3 - PROGRESS: at 86.60% examples, 679797 words/s, in_qsize 29, out_qsize 2
2026-03-26 11:07:47,604 - INFO - EPOCH 3 - PROGRESS: at 86.73% examples, 679771 words/s, in_qsize 31, out_qsize 0
2026-03-26 11:07:48,632 - INFO - EPOCH 3 - PROGRESS: at 86.91% examples, 679816 words/s, in_qsize 31, out_qsize 0
2026-03-26 11:07:49,711 - INFO - EPOCH 3 - PROGRESS: at 87.09% examples, 679766 words/s, in_qsize 31, out_qsize 0
2026-03-26 11:07:50,734 - INFO - EPOCH 3 - PROGRESS: at 87.23% examples, 679720 words/s, in_qsize 30, out_qsize 2
2026-03-26 11:07:51,762 - INFO - EPOCH 3 - PROGRESS: at 87.39% examples, 679764 words/s, in_qsize 31, out_qsize 0
2026-03-26 11:07:52,764 - INFO - EPOCH 3 - PROGRESS: at 87.53% examples, 679772 words/s, in_qsize 31, out_qsize 0
2026-03-26 11:07:53,776 - INFO - EPOCH 3 - PROGRESS: at 87.66% examples, 679783 words/s, in_qsize 31, out_qsize 0
2026-03-26 11:07:54,780 - INFO - EPOCH 3 - PROGRESS: at 87.79% examples, 679786 words/s, in_qsize 31, out_qsize 0
2026-03-26 11:07:55,781 - INFO - EPOCH 3 - PROGRESS: at 87.91% examples, 679730 words/s, in_qsize 32, out_qsize 3
2026-03-26 11:07:56,792 - INFO - EPOCH 3 - PROGRESS: at 88.03% examples, 679751 words/s, in_qsize 32, out_qsize 0
2026-03-26 11:07:57,819 - INFO - EPOCH 3 - PROGRESS: at 88.13% examples, 679731 words/s, in_qsize 29, out_qsize 2
2026-03-26 11:07:58,821 - INFO - EPOCH 3 - PROGRESS: at 88.27% examples, 679779 words/s, in_qsize 31, out_qsize 0
2026-03-26 11:07:59,823 - INFO - EPOCH 3 - PROGRESS: at 88.41% examples, 679754 words/s, in_qsize 32, out_qsize 3
2026-03-26 11:08:00,838 - INFO - EPOCH 3 - PROGRESS: at 88.59% examples, 679782 words/s, in_qsize 30, out_qsize 2
2026-03-26 11:08:01,853 - INFO - EPOCH 3 - PROGRESS: at 88.73% examples, 679805 words/s, in_qsize 31, out_qsize 0
2026-03-26 11:08:02,882 - INFO - EPOCH 3 - PROGRESS: at 88.84% examples, 679799 words/s, in_qsize 30, out_qsize 2
2026-03-26 11:08:03,885 - INFO - EPOCH 3 - PROGRESS: at 88.94% examples, 679757 words/s, in_qsize 30, out_qsize 2
2026-03-26 11:08:04,892 - INFO - EPOCH 3 - PROGRESS: at 89.09% examples, 679810 words/s, in_qsize 31, out_qsize 0
2026-03-26 11:08:05,905 - INFO - EPOCH 3 - PROGRESS: at 89.25% examples, 679793 words/s, in_qsize 29, out_qsize 2
2026-03-26 11:08:06,918 - INFO - EPOCH 3 - PROGRESS: at 89.41% examples, 679789 words/s, in_qsize 32, out_qsize 4
2026-03-26 11:08:07,918 - INFO - EPOCH 3 - PROGRESS: at 89.58% examples, 679846 words/s, in_qsize 31, out_qsize 0
2026-03-26 11:08:08,920 - INFO - EPOCH 3 - PROGRESS: at 89.74% examples, 679873 words/s, in_qsize 29, out_qsize 1
2026-03-26 11:08:09,926 - INFO - EPOCH 3 - PROGRESS: at 89.91% examples, 679887 words/s, in_qsize 31, out_qsize 0
2026-03-26 11:08:10,933 - INFO - EPOCH 3 - PROGRESS: at 90.09% examples, 679903 words/s, in_qsize 32, out_qsize 0
2026-03-26 11:08:11,972 - INFO - EPOCH 3 - PROGRESS: at 90.26% examples, 679895 words/s, in_qsize 30, out_qsize 1
2026-03-26 11:08:12,975 - INFO - EPOCH 3 - PROGRESS: at 90.44% examples, 679937 words/s, in_qsize 31, out_qsize 0
2026-03-26 11:08:13,978 - INFO - EPOCH 3 - PROGRESS: at 90.59% examples, 679820 words/s, in_qsize 28, out_qsize 3
2026-03-26 11:08:14,983 - INFO - EPOCH 3 - PROGRESS: at 90.75% examples, 679799 words/s, in_qsize 31, out_qsize 0
2026-03-26 11:08:15,993 - INFO - EPOCH 3 - PROGRESS: at 90.90% examples, 679664 words/s, in_qsize 30, out_qsize 3
2026-03-26 11:08:17,048 - INFO - EPOCH 3 - PROGRESS: at 91.07% examples, 679602 words/s, in_qsize 30, out_qsize 1
2026-03-26 11:08:18,057 - INFO - EPOCH 3 - PROGRESS: at 91.22% examples, 679469 words/s, in_qsize 32, out_qsize 0
2026-03-26 11:08:19,098 - INFO - EPOCH 3 - PROGRESS: at 91.37% examples, 679432 words/s, in_qsize 32, out_qsize 0
2026-03-26 11:08:20,103 - INFO - EPOCH 3 - PROGRESS: at 91.46% examples, 679409 words/s, in_qsize 32, out_qsize 2
2026-03-26 11:08:21,106 - INFO - EPOCH 3 - PROGRESS: at 91.58% examples, 679399 words/s, in_qsize 28, out_qsize 3
2026-03-26 11:08:22,118 - INFO - EPOCH 3 - PROGRESS: at 91.72% examples, 679440 words/s, in_qsize 31, out_qsize 2
2026-03-26 11:08:23,121 - INFO - EPOCH 3 - PROGRESS: at 91.91% examples, 679476 words/s, in_qsize 31, out_qsize 0
2026-03-26 11:08:24,134 - INFO - EPOCH 3 - PROGRESS: at 92.10% examples, 679489 words/s, in_qsize 32, out_qsize 2
2026-03-26 11:08:25,145 - INFO - EPOCH 3 - PROGRESS: at 92.31% examples, 679575 words/s, in_qsize 31, out_qsize 0
2026-03-26 11:08:26,183 - INFO - EPOCH 3 - PROGRESS: at 92.50% examples, 679609 words/s, in_qsize 31, out_qsize 3
2026-03-26 11:08:27,190 - INFO - EPOCH 3 - PROGRESS: at 92.71% examples, 679699 words/s, in_qsize 31, out_qsize 0
2026-03-26 11:08:28,204 - INFO - EPOCH 3 - PROGRESS: at 92.90% examples, 679745 words/s, in_qsize 31, out_qsize 1
2026-03-26 11:08:29,215 - INFO - EPOCH 3 - PROGRESS: at 93.10% examples, 679795 words/s, in_qsize 32, out_qsize 1
2026-03-26 11:08:30,236 - INFO - EPOCH 3 - PROGRESS: at 93.29% examples, 679822 words/s, in_qsize 30, out_qsize 1
2026-03-26 11:08:31,248 - INFO - EPOCH 3 - PROGRESS: at 93.49% examples, 679858 words/s, in_qsize 31, out_qsize 2
2026-03-26 11:08:32,271 - INFO - EPOCH 3 - PROGRESS: at 93.69% examples, 679943 words/s, in_qsize 30, out_qsize 1
2026-03-26 11:08:33,275 - INFO - EPOCH 3 - PROGRESS: at 93.89% examples, 680011 words/s, in_qsize 31, out_qsize 0
2026-03-26 11:08:34,277 - INFO - EPOCH 3 - PROGRESS: at 94.07% examples, 679975 words/s, in_qsize 30, out_qsize 1
2026-03-26 11:08:35,290 - INFO - EPOCH 3 - PROGRESS: at 94.26% examples, 679952 words/s, in_qsize 32, out_qsize 0
2026-03-26 11:08:36,298 - INFO - EPOCH 3 - PROGRESS: at 94.40% examples, 679923 words/s, in_qsize 32, out_qsize 0
2026-03-26 11:08:37,306 - INFO - EPOCH 3 - PROGRESS: at 94.50% examples, 679900 words/s, in_qsize 31, out_qsize 0
2026-03-26 11:08:38,321 - INFO - EPOCH 3 - PROGRESS: at 94.60% examples, 679890 words/s, in_qsize 32, out_qsize 3
2026-03-26 11:08:39,326 - INFO - EPOCH 3 - PROGRESS: at 94.73% examples, 679907 words/s, in_qsize 29, out_qsize 1
2026-03-26 11:08:40,337 - INFO - EPOCH 3 - PROGRESS: at 94.86% examples, 679922 words/s, in_qsize 31, out_qsize 1
2026-03-26 11:08:41,342 - INFO - EPOCH 3 - PROGRESS: at 94.96% examples, 679909 words/s, in_qsize 30, out_qsize 1
2026-03-26 11:08:42,368 - INFO - EPOCH 3 - PROGRESS: at 95.05% examples, 679873 words/s, in_qsize 30, out_qsize 4
2026-03-26 11:08:43,375 - INFO - EPOCH 3 - PROGRESS: at 95.22% examples, 679939 words/s, in_qsize 31, out_qsize 0
2026-03-26 11:08:44,375 - INFO - EPOCH 3 - PROGRESS: at 95.29% examples, 679939 words/s, in_qsize 30, out_qsize 0
2026-03-26 11:08:45,391 - INFO - EPOCH 3 - PROGRESS: at 95.41% examples, 679926 words/s, in_qsize 32, out_qsize 1
2026-03-26 11:08:46,417 - INFO - EPOCH 3 - PROGRESS: at 95.58% examples, 679959 words/s, in_qsize 30, out_qsize 2
2026-03-26 11:08:47,422 - INFO - EPOCH 3 - PROGRESS: at 95.73% examples, 679958 words/s, in_qsize 32, out_qsize 1
2026-03-26 11:08:48,430 - INFO - EPOCH 3 - PROGRESS: at 95.82% examples, 679954 words/s, in_qsize 32, out_qsize 0
2026-03-26 11:08:49,447 - INFO - EPOCH 3 - PROGRESS: at 95.94% examples, 679931 words/s, in_qsize 32, out_qsize 0
2026-03-26 11:08:50,456 - INFO - EPOCH 3 - PROGRESS: at 96.01% examples, 679873 words/s, in_qsize 31, out_qsize 3
2026-03-26 11:08:51,471 - INFO - EPOCH 3 - PROGRESS: at 96.15% examples, 679900 words/s, in_qsize 29, out_qsize 2
2026-03-26 11:08:52,520 - INFO - EPOCH 3 - PROGRESS: at 96.29% examples, 679902 words/s, in_qsize 31, out_qsize 3
2026-03-26 11:08:53,525 - INFO - EPOCH 3 - PROGRESS: at 96.43% examples, 679923 words/s, in_qsize 30, out_qsize 1
2026-03-26 11:08:54,535 - INFO - EPOCH 3 - PROGRESS: at 96.57% examples, 679938 words/s, in_qsize 31, out_qsize 0
2026-03-26 11:08:55,546 - INFO - EPOCH 3 - PROGRESS: at 96.70% examples, 679887 words/s, in_qsize 32, out_qsize 4
2026-03-26 11:08:56,556 - INFO - EPOCH 3 - PROGRESS: at 96.90% examples, 679987 words/s, in_qsize 30, out_qsize 0
2026-03-26 11:08:57,567 - INFO - EPOCH 3 - PROGRESS: at 96.96% examples, 679917 words/s, in_qsize 30, out_qsize 3
2026-03-26 11:08:58,569 - INFO - EPOCH 3 - PROGRESS: at 97.06% examples, 679958 words/s, in_qsize 31, out_qsize 0
2026-03-26 11:08:59,575 - INFO - EPOCH 3 - PROGRESS: at 97.16% examples, 679896 words/s, in_qsize 32, out_qsize 2
2026-03-26 11:09:00,594 - INFO - EPOCH 3 - PROGRESS: at 97.29% examples, 679826 words/s, in_qsize 32, out_qsize 0
2026-03-26 11:09:01,606 - INFO - EPOCH 3 - PROGRESS: at 97.46% examples, 679815 words/s, in_qsize 31, out_qsize 0
2026-03-26 11:09:02,632 - INFO - EPOCH 3 - PROGRESS: at 97.56% examples, 679797 words/s, in_qsize 31, out_qsize 1
2026-03-26 11:09:03,644 - INFO - EPOCH 3 - PROGRESS: at 97.68% examples, 679775 words/s, in_qsize 30, out_qsize 1
2026-03-26 11:09:04,659 - INFO - EPOCH 3 - PROGRESS: at 97.81% examples, 679776 words/s, in_qsize 29, out_qsize 1
2026-03-26 11:09:05,674 - INFO - EPOCH 3 - PROGRESS: at 97.92% examples, 679789 words/s, in_qsize 31, out_qsize 0
2026-03-26 11:09:06,694 - INFO - EPOCH 3 - PROGRESS: at 98.04% examples, 679758 words/s, in_qsize 29, out_qsize 2
2026-03-26 11:09:07,696 - INFO - EPOCH 3 - PROGRESS: at 98.17% examples, 679774 words/s, in_qsize 32, out_qsize 1
2026-03-26 11:09:08,711 - INFO - EPOCH 3 - PROGRESS: at 98.31% examples, 679799 words/s, in_qsize 31, out_qsize 0
2026-03-26 11:09:09,732 - INFO - EPOCH 3 - PROGRESS: at 98.44% examples, 679821 words/s, in_qsize 31, out_qsize 1
2026-03-26 11:09:10,739 - INFO - EPOCH 3 - PROGRESS: at 98.54% examples, 679790 words/s, in_qsize 31, out_qsize 0
2026-03-26 11:09:11,757 - INFO - EPOCH 3 - PROGRESS: at 98.63% examples, 679792 words/s, in_qsize 31, out_qsize 1
2026-03-26 11:09:12,769 - INFO - EPOCH 3 - PROGRESS: at 98.73% examples, 679789 words/s, in_qsize 31, out_qsize 0
2026-03-26 11:09:13,797 - INFO - EPOCH 3 - PROGRESS: at 98.85% examples, 679791 words/s, in_qsize 31, out_qsize 0
2026-03-26 11:09:14,841 - INFO - EPOCH 3 - PROGRESS: at 99.01% examples, 679767 words/s, in_qsize 29, out_qsize 2
2026-03-26 11:09:15,853 - INFO - EPOCH 3 - PROGRESS: at 99.19% examples, 679828 words/s, in_qsize 29, out_qsize 2
2026-03-26 11:09:16,860 - INFO - EPOCH 3 - PROGRESS: at 99.34% examples, 679839 words/s, in_qsize 32, out_qsize 1
2026-03-26 11:09:17,868 - INFO - EPOCH 3 - PROGRESS: at 99.48% examples, 679850 words/s, in_qsize 30, out_qsize 0
2026-03-26 11:09:18,874 - INFO - EPOCH 3 - PROGRESS: at 99.62% examples, 679865 words/s, in_qsize 32, out_qsize 2
2026-03-26 11:09:19,896 - INFO - EPOCH 3 - PROGRESS: at 99.74% examples, 679846 words/s, in_qsize 32, out_qsize 1
2026-03-26 11:09:20,916 - INFO - EPOCH 3 - PROGRESS: at 99.88% examples, 679853 words/s, in_qsize 30, out_qsize 1
2026-03-26 11:09:21,907 - DEBUG - job loop exiting, total 60863 jobs
2026-03-26 11:09:21,949 - INFO - EPOCH 3 - PROGRESS: at 99.97% examples, 679845 words/s, in_qsize 31, out_qsize 0
2026-03-26 11:09:22,122 - DEBUG - worker exiting, processed 3818 jobs
2026-03-26 11:09:22,122 - DEBUG - worker thread finished; awaiting finish of 15 more threads
2026-03-26 11:09:22,136 - DEBUG - worker exiting, processed 3806 jobs
2026-03-26 11:09:22,136 - DEBUG - worker thread finished; awaiting finish of 14 more threads
2026-03-26 11:09:22,150 - DEBUG - worker exiting, processed 3810 jobs
2026-03-26 11:09:22,150 - DEBUG - worker thread finished; awaiting finish of 13 more threads
2026-03-26 11:09:22,153 - DEBUG - worker exiting, processed 3799 jobs
2026-03-26 11:09:22,153 - DEBUG - worker thread finished; awaiting finish of 12 more threads
2026-03-26 11:09:22,166 - DEBUG - worker exiting, processed 3810 jobs
2026-03-26 11:09:22,166 - DEBUG - worker thread finished; awaiting finish of 11 more threads
2026-03-26 11:09:22,174 - DEBUG - worker exiting, processed 3805 jobs
2026-03-26 11:09:22,174 - DEBUG - worker thread finished; awaiting finish of 10 more threads
2026-03-26 11:09:22,186 - DEBUG - worker exiting, processed 3798 jobs
2026-03-26 11:09:22,186 - DEBUG - worker thread finished; awaiting finish of 9 more threads
2026-03-26 11:09:22,200 - DEBUG - worker exiting, processed 3791 jobs
2026-03-26 11:09:22,200 - DEBUG - worker thread finished; awaiting finish of 8 more threads
2026-03-26 11:09:22,202 - DEBUG - worker exiting, processed 3799 jobs
2026-03-26 11:09:22,202 - DEBUG - worker thread finished; awaiting finish of 7 more threads
2026-03-26 11:09:22,204 - DEBUG - worker exiting, processed 3800 jobs
2026-03-26 11:09:22,204 - DEBUG - worker thread finished; awaiting finish of 6 more threads
2026-03-26 11:09:22,207 - DEBUG - worker exiting, processed 3791 jobs
2026-03-26 11:09:22,207 - DEBUG - worker thread finished; awaiting finish of 5 more threads
2026-03-26 11:09:22,230 - DEBUG - worker exiting, processed 3809 jobs
2026-03-26 11:09:22,230 - DEBUG - worker thread finished; awaiting finish of 4 more threads
2026-03-26 11:09:22,231 - DEBUG - worker exiting, processed 3799 jobs
2026-03-26 11:09:22,231 - DEBUG - worker thread finished; awaiting finish of 3 more threads
2026-03-26 11:09:22,236 - DEBUG - worker exiting, processed 3809 jobs
2026-03-26 11:09:22,236 - DEBUG - worker thread finished; awaiting finish of 2 more threads
2026-03-26 11:09:22,242 - DEBUG - worker exiting, processed 3807 jobs
2026-03-26 11:09:22,242 - DEBUG - worker thread finished; awaiting finish of 1 more threads
2026-03-26 11:09:22,245 - DEBUG - worker exiting, processed 3812 jobs
2026-03-26 11:09:22,246 - DEBUG - worker thread finished; awaiting finish of 0 more threads
2026-03-26 11:09:22,246 - INFO - EPOCH 3: training on 604933589 raw words (478040683 effective words) took 703.1s, 679895 effective words/s
2026-03-26 11:09:22,246 - INFO - Epoch 4 completed in 703.1s
2026-03-26 11:09:22,246 - INFO - Epoch 5 starting...
2026-03-26 11:09:23,257 - INFO - EPOCH 4 - PROGRESS: at 0.08% examples, 533878 words/s, in_qsize 31, out_qsize 0
2026-03-26 11:09:24,297 - INFO - EPOCH 4 - PROGRESS: at 0.22% examples, 599705 words/s, in_qsize 31, out_qsize 1
2026-03-26 11:09:25,298 - INFO - EPOCH 4 - PROGRESS: at 0.36% examples, 619964 words/s, in_qsize 31, out_qsize 2
2026-03-26 11:09:26,316 - INFO - EPOCH 4 - PROGRESS: at 0.53% examples, 642082 words/s, in_qsize 30, out_qsize 1
2026-03-26 11:09:27,320 - INFO - EPOCH 4 - PROGRESS: at 0.68% examples, 648380 words/s, in_qsize 31, out_qsize 0
2026-03-26 11:09:28,360 - INFO - EPOCH 4 - PROGRESS: at 0.83% examples, 651354 words/s, in_qsize 32, out_qsize 1
2026-03-26 11:09:29,376 - INFO - EPOCH 4 - PROGRESS: at 0.99% examples, 655588 words/s, in_qsize 32, out_qsize 3
2026-03-26 11:09:30,377 - INFO - EPOCH 4 - PROGRESS: at 1.14% examples, 656997 words/s, in_qsize 31, out_qsize 0
2026-03-26 11:09:31,378 - INFO - EPOCH 4 - PROGRESS: at 1.29% examples, 658931 words/s, in_qsize 31, out_qsize 0
2026-03-26 11:09:32,420 - INFO - EPOCH 4 - PROGRESS: at 1.41% examples, 656201 words/s, in_qsize 32, out_qsize 1
2026-03-26 11:09:33,421 - INFO - EPOCH 4 - PROGRESS: at 1.53% examples, 657850 words/s, in_qsize 31, out_qsize 0
2026-03-26 11:09:34,434 - INFO - EPOCH 4 - PROGRESS: at 1.65% examples, 658504 words/s, in_qsize 28, out_qsize 3
2026-03-26 11:09:35,470 - INFO - EPOCH 4 - PROGRESS: at 1.78% examples, 660244 words/s, in_qsize 32, out_qsize 0
2026-03-26 11:09:36,487 - INFO - EPOCH 4 - PROGRESS: at 1.90% examples, 660359 words/s, in_qsize 30, out_qsize 1
2026-03-26 11:09:37,494 - INFO - EPOCH 4 - PROGRESS: at 2.01% examples, 660602 words/s, in_qsize 31, out_qsize 0
2026-03-26 11:09:38,496 - INFO - EPOCH 4 - PROGRESS: at 2.13% examples, 663202 words/s, in_qsize 31, out_qsize 0
2026-03-26 11:09:39,511 - INFO - EPOCH 4 - PROGRESS: at 2.24% examples, 661771 words/s, in_qsize 31, out_qsize 4
2026-03-26 11:09:40,560 - INFO - EPOCH 4 - PROGRESS: at 2.36% examples, 663474 words/s, in_qsize 32, out_qsize 0
2026-03-26 11:09:41,577 - INFO - EPOCH 4 - PROGRESS: at 2.49% examples, 664530 words/s, in_qsize 30, out_qsize 1
2026-03-26 11:09:42,619 - INFO - EPOCH 4 - PROGRESS: at 2.60% examples, 664251 words/s, in_qsize 30, out_qsize 1
2026-03-26 11:09:43,640 - INFO - EPOCH 4 - PROGRESS: at 2.73% examples, 666195 words/s, in_qsize 30, out_qsize 1
2026-03-26 11:09:44,655 - INFO - EPOCH 4 - PROGRESS: at 2.85% examples, 666314 words/s, in_qsize 31, out_qsize 0
2026-03-26 11:09:45,662 - INFO - EPOCH 4 - PROGRESS: at 2.96% examples, 666388 words/s, in_qsize 31, out_qsize 0
2026-03-26 11:09:46,686 - INFO - EPOCH 4 - PROGRESS: at 3.09% examples, 667258 words/s, in_qsize 31, out_qsize 0
2026-03-26 11:09:47,693 - INFO - EPOCH 4 - PROGRESS: at 3.25% examples, 668095 words/s, in_qsize 32, out_qsize 0
2026-03-26 11:09:48,707 - INFO - EPOCH 4 - PROGRESS: at 3.41% examples, 668439 words/s, in_qsize 32, out_qsize 0
2026-03-26 11:09:49,713 - INFO - EPOCH 4 - PROGRESS: at 3.54% examples, 668401 words/s, in_qsize 32, out_qsize 1
2026-03-26 11:09:50,719 - INFO - EPOCH 4 - PROGRESS: at 3.70% examples, 669763 words/s, in_qsize 31, out_qsize 0
2026-03-26 11:09:51,735 - INFO - EPOCH 4 - PROGRESS: at 3.83% examples, 669899 words/s, in_qsize 30, out_qsize 1
2026-03-26 11:09:52,748 - INFO - EPOCH 4 - PROGRESS: at 3.98% examples, 670614 words/s, in_qsize 30, out_qsize 1
2026-03-26 11:09:53,752 - INFO - EPOCH 4 - PROGRESS: at 4.13% examples, 671423 words/s, in_qsize 31, out_qsize 0
2026-03-26 11:09:54,759 - INFO - EPOCH 4 - PROGRESS: at 4.28% examples, 670727 words/s, in_qsize 30, out_qsize 5
2026-03-26 11:09:55,770 - INFO - EPOCH 4 - PROGRESS: at 4.42% examples, 671901 words/s, in_qsize 32, out_qsize 2
2026-03-26 11:09:56,772 - INFO - EPOCH 4 - PROGRESS: at 4.54% examples, 672598 words/s, in_qsize 32, out_qsize 0
2026-03-26 11:09:57,794 - INFO - EPOCH 4 - PROGRESS: at 4.66% examples, 672932 words/s, in_qsize 31, out_qsize 0
2026-03-26 11:09:58,805 - INFO - EPOCH 4 - PROGRESS: at 4.76% examples, 672806 words/s, in_qsize 30, out_qsize 1
2026-03-26 11:09:59,811 - INFO - EPOCH 4 - PROGRESS: at 4.86% examples, 673008 words/s, in_qsize 32, out_qsize 0
2026-03-26 11:10:00,815 - INFO - EPOCH 4 - PROGRESS: at 4.96% examples, 673040 words/s, in_qsize 32, out_qsize 0
2026-03-26 11:10:01,825 - INFO - EPOCH 4 - PROGRESS: at 5.09% examples, 673015 words/s, in_qsize 31, out_qsize 0
2026-03-26 11:10:02,898 - INFO - EPOCH 4 - PROGRESS: at 5.24% examples, 672187 words/s, in_qsize 32, out_qsize 6
2026-03-26 11:10:03,924 - INFO - EPOCH 4 - PROGRESS: at 5.40% examples, 673627 words/s, in_qsize 31, out_qsize 0
2026-03-26 11:10:04,933 - INFO - EPOCH 4 - PROGRESS: at 5.54% examples, 673474 words/s, in_qsize 31, out_qsize 3
2026-03-26 11:10:05,944 - INFO - EPOCH 4 - PROGRESS: at 5.68% examples, 673877 words/s, in_qsize 30, out_qsize 2
2026-03-26 11:10:06,963 - INFO - EPOCH 4 - PROGRESS: at 5.79% examples, 673873 words/s, in_qsize 32, out_qsize 0
2026-03-26 11:10:07,975 - INFO - EPOCH 4 - PROGRESS: at 5.93% examples, 673857 words/s, in_qsize 32, out_qsize 4
2026-03-26 11:10:08,989 - INFO - EPOCH 4 - PROGRESS: at 6.09% examples, 674597 words/s, in_qsize 32, out_qsize 1
2026-03-26 11:10:10,048 - INFO - EPOCH 4 - PROGRESS: at 6.23% examples, 673647 words/s, in_qsize 24, out_qsize 9
2026-03-26 11:10:11,088 - INFO - EPOCH 4 - PROGRESS: at 6.43% examples, 673133 words/s, in_qsize 32, out_qsize 0
2026-03-26 11:10:12,105 - INFO - EPOCH 4 - PROGRESS: at 6.60% examples, 671388 words/s, in_qsize 31, out_qsize 0
2026-03-26 11:10:13,157 - INFO - EPOCH 4 - PROGRESS: at 6.80% examples, 670829 words/s, in_qsize 32, out_qsize 1
2026-03-26 11:10:14,167 - INFO - EPOCH 4 - PROGRESS: at 6.98% examples, 669137 words/s, in_qsize 32, out_qsize 0
2026-03-26 11:10:15,181 - INFO - EPOCH 4 - PROGRESS: at 7.15% examples, 669106 words/s, in_qsize 31, out_qsize 0
2026-03-26 11:10:16,190 - INFO - EPOCH 4 - PROGRESS: at 7.23% examples, 668810 words/s, in_qsize 31, out_qsize 0
2026-03-26 11:10:17,202 - INFO - EPOCH 4 - PROGRESS: at 7.39% examples, 669104 words/s, in_qsize 31, out_qsize 0
2026-03-26 11:10:18,218 - INFO - EPOCH 4 - PROGRESS: at 7.52% examples, 669330 words/s, in_qsize 31, out_qsize 0
2026-03-26 11:10:19,224 - INFO - EPOCH 4 - PROGRESS: at 7.64% examples, 669616 words/s, in_qsize 31, out_qsize 0
2026-03-26 11:10:20,240 - INFO - EPOCH 4 - PROGRESS: at 7.79% examples, 670011 words/s, in_qsize 31, out_qsize 0
2026-03-26 11:10:21,249 - INFO - EPOCH 4 - PROGRESS: at 7.92% examples, 670546 words/s, in_qsize 29, out_qsize 0
2026-03-26 11:10:22,253 - INFO - EPOCH 4 - PROGRESS: at 8.06% examples, 670710 words/s, in_qsize 32, out_qsize 0
2026-03-26 11:10:23,266 - INFO - EPOCH 4 - PROGRESS: at 8.19% examples, 670545 words/s, in_qsize 32, out_qsize 3
2026-03-26 11:10:24,266 - INFO - EPOCH 4 - PROGRESS: at 8.32% examples, 671009 words/s, in_qsize 30, out_qsize 1
2026-03-26 11:10:25,267 - INFO - EPOCH 4 - PROGRESS: at 8.44% examples, 671411 words/s, in_qsize 30, out_qsize 1
2026-03-26 11:10:26,296 - INFO - EPOCH 4 - PROGRESS: at 8.53% examples, 671135 words/s, in_qsize 31, out_qsize 2
2026-03-26 11:10:27,305 - INFO - EPOCH 4 - PROGRESS: at 8.65% examples, 671441 words/s, in_qsize 31, out_qsize 0
2026-03-26 11:10:28,317 - INFO - EPOCH 4 - PROGRESS: at 8.78% examples, 671526 words/s, in_qsize 26, out_qsize 2
2026-03-26 11:10:29,344 - INFO - EPOCH 4 - PROGRESS: at 8.94% examples, 671880 words/s, in_qsize 31, out_qsize 1
2026-03-26 11:10:30,373 - INFO - EPOCH 4 - PROGRESS: at 9.05% examples, 671778 words/s, in_qsize 32, out_qsize 1
2026-03-26 11:10:31,379 - INFO - EPOCH 4 - PROGRESS: at 9.19% examples, 671985 words/s, in_qsize 31, out_qsize 0
2026-03-26 11:10:32,386 - INFO - EPOCH 4 - PROGRESS: at 9.31% examples, 671000 words/s, in_qsize 29, out_qsize 3
2026-03-26 11:10:33,424 - INFO - EPOCH 4 - PROGRESS: at 9.43% examples, 670954 words/s, in_qsize 31, out_qsize 0
2026-03-26 11:10:34,430 - INFO - EPOCH 4 - PROGRESS: at 9.53% examples, 670649 words/s, in_qsize 28, out_qsize 4
2026-03-26 11:10:35,436 - INFO - EPOCH 4 - PROGRESS: at 9.69% examples, 671348 words/s, in_qsize 32, out_qsize 0
2026-03-26 11:10:36,450 - INFO - EPOCH 4 - PROGRESS: at 9.82% examples, 671173 words/s, in_qsize 30, out_qsize 1
2026-03-26 11:10:37,456 - INFO - EPOCH 4 - PROGRESS: at 9.97% examples, 671409 words/s, in_qsize 31, out_qsize 0
2026-03-26 11:10:38,468 - INFO - EPOCH 4 - PROGRESS: at 10.12% examples, 671493 words/s, in_qsize 31, out_qsize 0
2026-03-26 11:10:39,469 - INFO - EPOCH 4 - PROGRESS: at 10.25% examples, 671255 words/s, in_qsize 29, out_qsize 3
2026-03-26 11:10:40,492 - INFO - EPOCH 4 - PROGRESS: at 10.40% examples, 671652 words/s, in_qsize 32, out_qsize 1
2026-03-26 11:10:41,493 - INFO - EPOCH 4 - PROGRESS: at 10.54% examples, 671712 words/s, in_qsize 32, out_qsize 1
2026-03-26 11:10:42,505 - INFO - EPOCH 4 - PROGRESS: at 10.70% examples, 672462 words/s, in_qsize 31, out_qsize 0
2026-03-26 11:10:43,525 - INFO - EPOCH 4 - PROGRESS: at 10.88% examples, 672341 words/s, in_qsize 31, out_qsize 0
2026-03-26 11:10:44,535 - INFO - EPOCH 4 - PROGRESS: at 11.07% examples, 672506 words/s, in_qsize 32, out_qsize 0
2026-03-26 11:10:45,555 - INFO - EPOCH 4 - PROGRESS: at 11.27% examples, 672854 words/s, in_qsize 32, out_qsize 3
2026-03-26 11:10:46,561 - INFO - EPOCH 4 - PROGRESS: at 11.45% examples, 672935 words/s, in_qsize 31, out_qsize 5
2026-03-26 11:10:47,570 - INFO - EPOCH 4 - PROGRESS: at 11.61% examples, 673395 words/s, in_qsize 32, out_qsize 1
2026-03-26 11:10:48,573 - INFO - EPOCH 4 - PROGRESS: at 11.71% examples, 673296 words/s, in_qsize 30, out_qsize 0
2026-03-26 11:10:49,588 - INFO - EPOCH 4 - PROGRESS: at 11.91% examples, 673922 words/s, in_qsize 32, out_qsize 0
2026-03-26 11:10:50,600 - INFO - EPOCH 4 - PROGRESS: at 12.14% examples, 674526 words/s, in_qsize 27, out_qsize 1
2026-03-26 11:10:51,622 - INFO - EPOCH 4 - PROGRESS: at 12.37% examples, 675239 words/s, in_qsize 31, out_qsize 0
2026-03-26 11:10:52,654 - INFO - EPOCH 4 - PROGRESS: at 12.58% examples, 675267 words/s, in_qsize 32, out_qsize 0
2026-03-26 11:10:53,660 - INFO - EPOCH 4 - PROGRESS: at 12.80% examples, 675554 words/s, in_qsize 31, out_qsize 1
2026-03-26 11:10:54,661 - INFO - EPOCH 4 - PROGRESS: at 13.02% examples, 675963 words/s, in_qsize 27, out_qsize 3
2026-03-26 11:10:55,668 - INFO - EPOCH 4 - PROGRESS: at 13.25% examples, 676496 words/s, in_qsize 31, out_qsize 1
2026-03-26 11:10:56,675 - INFO - EPOCH 4 - PROGRESS: at 13.48% examples, 677246 words/s, in_qsize 32, out_qsize 1
2026-03-26 11:10:57,687 - INFO - EPOCH 4 - PROGRESS: at 13.72% examples, 677953 words/s, in_qsize 32, out_qsize 2
2026-03-26 11:10:58,704 - INFO - EPOCH 4 - PROGRESS: at 13.95% examples, 678529 words/s, in_qsize 30, out_qsize 2
2026-03-26 11:10:59,710 - INFO - EPOCH 4 - PROGRESS: at 14.14% examples, 678891 words/s, in_qsize 31, out_qsize 2
2026-03-26 11:11:00,712 - INFO - EPOCH 4 - PROGRESS: at 14.31% examples, 679079 words/s, in_qsize 31, out_qsize 0
2026-03-26 11:11:01,723 - INFO - EPOCH 4 - PROGRESS: at 14.48% examples, 679204 words/s, in_qsize 31, out_qsize 1
2026-03-26 11:11:02,736 - INFO - EPOCH 4 - PROGRESS: at 14.65% examples, 679317 words/s, in_qsize 30, out_qsize 1
2026-03-26 11:11:03,748 - INFO - EPOCH 4 - PROGRESS: at 14.82% examples, 679351 words/s, in_qsize 31, out_qsize 2
2026-03-26 11:11:04,749 - INFO - EPOCH 4 - PROGRESS: at 14.99% examples, 679461 words/s, in_qsize 32, out_qsize 0
2026-03-26 11:11:05,769 - INFO - EPOCH 4 - PROGRESS: at 15.15% examples, 679450 words/s, in_qsize 32, out_qsize 3
2026-03-26 11:11:06,792 - INFO - EPOCH 4 - PROGRESS: at 15.32% examples, 679551 words/s, in_qsize 32, out_qsize 3
2026-03-26 11:11:07,819 - INFO - EPOCH 4 - PROGRESS: at 15.49% examples, 679701 words/s, in_qsize 31, out_qsize 2
2026-03-26 11:11:08,855 - INFO - EPOCH 4 - PROGRESS: at 15.67% examples, 679996 words/s, in_qsize 30, out_qsize 1
2026-03-26 11:11:09,902 - INFO - EPOCH 4 - PROGRESS: at 15.81% examples, 678805 words/s, in_qsize 31, out_qsize 0
2026-03-26 11:11:10,906 - INFO - EPOCH 4 - PROGRESS: at 15.98% examples, 678816 words/s, in_qsize 31, out_qsize 2
2026-03-26 11:11:11,909 - INFO - EPOCH 4 - PROGRESS: at 16.16% examples, 679264 words/s, in_qsize 30, out_qsize 1
2026-03-26 11:11:12,920 - INFO - EPOCH 4 - PROGRESS: at 16.33% examples, 679371 words/s, in_qsize 32, out_qsize 1
2026-03-26 11:11:13,934 - INFO - EPOCH 4 - PROGRESS: at 16.51% examples, 679526 words/s, in_qsize 32, out_qsize 3
2026-03-26 11:11:14,954 - INFO - EPOCH 4 - PROGRESS: at 16.69% examples, 679983 words/s, in_qsize 32, out_qsize 1
2026-03-26 11:11:15,956 - INFO - EPOCH 4 - PROGRESS: at 16.86% examples, 680134 words/s, in_qsize 32, out_qsize 0
2026-03-26 11:11:16,980 - INFO - EPOCH 4 - PROGRESS: at 17.04% examples, 680485 words/s, in_qsize 31, out_qsize 0
2026-03-26 11:11:17,981 - INFO - EPOCH 4 - PROGRESS: at 17.22% examples, 680644 words/s, in_qsize 32, out_qsize 2
2026-03-26 11:11:19,005 - INFO - EPOCH 4 - PROGRESS: at 17.39% examples, 680727 words/s, in_qsize 29, out_qsize 4
2026-03-26 11:11:20,021 - INFO - EPOCH 4 - PROGRESS: at 17.57% examples, 680963 words/s, in_qsize 32, out_qsize 1
2026-03-26 11:11:21,022 - INFO - EPOCH 4 - PROGRESS: at 17.74% examples, 681074 words/s, in_qsize 31, out_qsize 0
2026-03-26 11:11:22,027 - INFO - EPOCH 4 - PROGRESS: at 17.91% examples, 681098 words/s, in_qsize 32, out_qsize 0
2026-03-26 11:11:23,059 - INFO - EPOCH 4 - PROGRESS: at 18.09% examples, 681033 words/s, in_qsize 31, out_qsize 3
2026-03-26 11:11:24,068 - INFO - EPOCH 4 - PROGRESS: at 18.26% examples, 681344 words/s, in_qsize 31, out_qsize 0
2026-03-26 11:11:25,104 - INFO - EPOCH 4 - PROGRESS: at 18.43% examples, 681248 words/s, in_qsize 30, out_qsize 1
2026-03-26 11:11:26,117 - INFO - EPOCH 4 - PROGRESS: at 18.60% examples, 680964 words/s, in_qsize 30, out_qsize 7
2026-03-26 11:11:27,122 - INFO - EPOCH 4 - PROGRESS: at 18.74% examples, 681286 words/s, in_qsize 30, out_qsize 1
2026-03-26 11:11:28,138 - INFO - EPOCH 4 - PROGRESS: at 18.86% examples, 681386 words/s, in_qsize 30, out_qsize 1
2026-03-26 11:11:29,142 - INFO - EPOCH 4 - PROGRESS: at 18.99% examples, 681300 words/s, in_qsize 31, out_qsize 3
2026-03-26 11:11:30,146 - INFO - EPOCH 4 - PROGRESS: at 19.13% examples, 681469 words/s, in_qsize 32, out_qsize 0
2026-03-26 11:11:31,157 - INFO - EPOCH 4 - PROGRESS: at 19.28% examples, 681603 words/s, in_qsize 32, out_qsize 0
2026-03-26 11:11:32,169 - INFO - EPOCH 4 - PROGRESS: at 19.43% examples, 681396 words/s, in_qsize 32, out_qsize 8
2026-03-26 11:11:33,175 - INFO - EPOCH 4 - PROGRESS: at 19.59% examples, 681804 words/s, in_qsize 32, out_qsize 1
2026-03-26 11:11:34,200 - INFO - EPOCH 4 - PROGRESS: at 19.74% examples, 681791 words/s, in_qsize 30, out_qsize 2
2026-03-26 11:11:35,229 - INFO - EPOCH 4 - PROGRESS: at 19.90% examples, 681907 words/s, in_qsize 30, out_qsize 1
2026-03-26 11:11:36,231 - INFO - EPOCH 4 - PROGRESS: at 20.06% examples, 682087 words/s, in_qsize 31, out_qsize 0
2026-03-26 11:11:37,243 - INFO - EPOCH 4 - PROGRESS: at 20.21% examples, 682016 words/s, in_qsize 30, out_qsize 1
2026-03-26 11:11:38,257 - INFO - EPOCH 4 - PROGRESS: at 20.33% examples, 682084 words/s, in_qsize 31, out_qsize 0
2026-03-26 11:11:39,277 - INFO - EPOCH 4 - PROGRESS: at 20.43% examples, 681920 words/s, in_qsize 30, out_qsize 1
2026-03-26 11:11:40,288 - INFO - EPOCH 4 - PROGRESS: at 20.52% examples, 680966 words/s, in_qsize 31, out_qsize 0
2026-03-26 11:11:41,291 - INFO - EPOCH 4 - PROGRESS: at 20.61% examples, 680453 words/s, in_qsize 26, out_qsize 5
2026-03-26 11:11:42,297 - INFO - EPOCH 4 - PROGRESS: at 20.71% examples, 680093 words/s, in_qsize 32, out_qsize 2
2026-03-26 11:11:43,305 - INFO - EPOCH 4 - PROGRESS: at 20.83% examples, 680148 words/s, in_qsize 31, out_qsize 0
2026-03-26 11:11:44,318 - INFO - EPOCH 4 - PROGRESS: at 20.99% examples, 680231 words/s, in_qsize 32, out_qsize 2
2026-03-26 11:11:45,343 - INFO - EPOCH 4 - PROGRESS: at 21.15% examples, 680174 words/s, in_qsize 32, out_qsize 3
2026-03-26 11:11:46,375 - INFO - EPOCH 4 - PROGRESS: at 21.36% examples, 680521 words/s, in_qsize 32, out_qsize 1
2026-03-26 11:11:47,387 - INFO - EPOCH 4 - PROGRESS: at 21.50% examples, 680569 words/s, in_qsize 31, out_qsize 0
2026-03-26 11:11:48,418 - INFO - EPOCH 4 - PROGRESS: at 21.62% examples, 680363 words/s, in_qsize 31, out_qsize 2
2026-03-26 11:11:49,430 - INFO - EPOCH 4 - PROGRESS: at 21.76% examples, 680477 words/s, in_qsize 31, out_qsize 0
2026-03-26 11:11:50,437 - INFO - EPOCH 4 - PROGRESS: at 21.88% examples, 680625 words/s, in_qsize 31, out_qsize 0
2026-03-26 11:11:51,437 - INFO - EPOCH 4 - PROGRESS: at 22.10% examples, 680777 words/s, in_qsize 31, out_qsize 1
2026-03-26 11:11:52,443 - INFO - EPOCH 4 - PROGRESS: at 22.20% examples, 680714 words/s, in_qsize 29, out_qsize 2
2026-03-26 11:11:53,444 - INFO - EPOCH 4 - PROGRESS: at 22.46% examples, 681115 words/s, in_qsize 31, out_qsize 0
2026-03-26 11:11:54,470 - INFO - EPOCH 4 - PROGRESS: at 22.72% examples, 681245 words/s, in_qsize 30, out_qsize 2
2026-03-26 11:11:55,498 - INFO - EPOCH 4 - PROGRESS: at 22.89% examples, 681350 words/s, in_qsize 31, out_qsize 3
2026-03-26 11:11:56,513 - INFO - EPOCH 4 - PROGRESS: at 23.06% examples, 681403 words/s, in_qsize 32, out_qsize 2
2026-03-26 11:11:57,534 - INFO - EPOCH 4 - PROGRESS: at 23.24% examples, 681575 words/s, in_qsize 30, out_qsize 1
2026-03-26 11:11:58,560 - INFO - EPOCH 4 - PROGRESS: at 23.40% examples, 681273 words/s, in_qsize 30, out_qsize 4
2026-03-26 11:11:59,573 - INFO - EPOCH 4 - PROGRESS: at 23.58% examples, 681475 words/s, in_qsize 31, out_qsize 0
2026-03-26 11:12:00,582 - INFO - EPOCH 4 - PROGRESS: at 23.76% examples, 681601 words/s, in_qsize 31, out_qsize 0
2026-03-26 11:12:01,630 - INFO - EPOCH 4 - PROGRESS: at 23.92% examples, 681346 words/s, in_qsize 32, out_qsize 5
2026-03-26 11:12:02,634 - INFO - EPOCH 4 - PROGRESS: at 24.10% examples, 681590 words/s, in_qsize 31, out_qsize 0
2026-03-26 11:12:03,636 - INFO - EPOCH 4 - PROGRESS: at 24.28% examples, 681801 words/s, in_qsize 31, out_qsize 0
2026-03-26 11:12:04,638 - INFO - EPOCH 4 - PROGRESS: at 24.41% examples, 681601 words/s, in_qsize 32, out_qsize 1
2026-03-26 11:12:05,666 - INFO - EPOCH 4 - PROGRESS: at 24.55% examples, 681645 words/s, in_qsize 30, out_qsize 1
2026-03-26 11:12:06,666 - INFO - EPOCH 4 - PROGRESS: at 24.68% examples, 681664 words/s, in_qsize 31, out_qsize 0
2026-03-26 11:12:07,697 - INFO - EPOCH 4 - PROGRESS: at 24.82% examples, 681601 words/s, in_qsize 31, out_qsize 0
2026-03-26 11:12:08,698 - INFO - EPOCH 4 - PROGRESS: at 24.95% examples, 681571 words/s, in_qsize 31, out_qsize 0
2026-03-26 11:12:09,720 - INFO - EPOCH 4 - PROGRESS: at 25.08% examples, 681221 words/s, in_qsize 31, out_qsize 0
2026-03-26 11:12:10,727 - INFO - EPOCH 4 - PROGRESS: at 25.21% examples, 681116 words/s, in_qsize 31, out_qsize 0
2026-03-26 11:12:11,727 - INFO - EPOCH 4 - PROGRESS: at 25.32% examples, 680991 words/s, in_qsize 31, out_qsize 1
2026-03-26 11:12:12,736 - INFO - EPOCH 4 - PROGRESS: at 25.46% examples, 680981 words/s, in_qsize 29, out_qsize 2
2026-03-26 11:12:13,785 - INFO - EPOCH 4 - PROGRESS: at 25.63% examples, 680884 words/s, in_qsize 32, out_qsize 4
2026-03-26 11:12:14,803 - INFO - EPOCH 4 - PROGRESS: at 25.81% examples, 681133 words/s, in_qsize 32, out_qsize 0
2026-03-26 11:12:15,813 - INFO - EPOCH 4 - PROGRESS: at 25.96% examples, 681215 words/s, in_qsize 32, out_qsize 0
2026-03-26 11:12:16,856 - INFO - EPOCH 4 - PROGRESS: at 26.13% examples, 681183 words/s, in_qsize 30, out_qsize 2
2026-03-26 11:12:17,865 - INFO - EPOCH 4 - PROGRESS: at 26.32% examples, 681394 words/s, in_qsize 32, out_qsize 0
2026-03-26 11:12:18,894 - INFO - EPOCH 4 - PROGRESS: at 26.50% examples, 681476 words/s, in_qsize 31, out_qsize 1
2026-03-26 11:12:19,918 - INFO - EPOCH 4 - PROGRESS: at 26.69% examples, 681517 words/s, in_qsize 30, out_qsize 4
2026-03-26 11:12:20,931 - INFO - EPOCH 4 - PROGRESS: at 26.87% examples, 681667 words/s, in_qsize 32, out_qsize 1
2026-03-26 11:12:21,936 - INFO - EPOCH 4 - PROGRESS: at 27.04% examples, 681722 words/s, in_qsize 32, out_qsize 1
2026-03-26 11:12:22,949 - INFO - EPOCH 4 - PROGRESS: at 27.20% examples, 681801 words/s, in_qsize 32, out_qsize 0
2026-03-26 11:12:23,956 - INFO - EPOCH 4 - PROGRESS: at 27.31% examples, 681762 words/s, in_qsize 32, out_qsize 0
2026-03-26 11:12:24,982 - INFO - EPOCH 4 - PROGRESS: at 27.41% examples, 681696 words/s, in_qsize 32, out_qsize 1
2026-03-26 11:12:26,016 - INFO - EPOCH 4 - PROGRESS: at 27.52% examples, 681532 words/s, in_qsize 30, out_qsize 7
2026-03-26 11:12:27,030 - INFO - EPOCH 4 - PROGRESS: at 27.68% examples, 681660 words/s, in_qsize 29, out_qsize 3
2026-03-26 11:12:28,044 - INFO - EPOCH 4 - PROGRESS: at 27.82% examples, 681324 words/s, in_qsize 32, out_qsize 0
2026-03-26 11:12:29,050 - INFO - EPOCH 4 - PROGRESS: at 27.97% examples, 681444 words/s, in_qsize 31, out_qsize 0
2026-03-26 11:12:30,060 - INFO - EPOCH 4 - PROGRESS: at 28.05% examples, 681232 words/s, in_qsize 31, out_qsize 2
2026-03-26 11:12:31,098 - INFO - EPOCH 4 - PROGRESS: at 28.14% examples, 681243 words/s, in_qsize 31, out_qsize 3
2026-03-26 11:12:32,117 - INFO - EPOCH 4 - PROGRESS: at 28.30% examples, 681326 words/s, in_qsize 31, out_qsize 0
2026-03-26 11:12:33,124 - INFO - EPOCH 4 - PROGRESS: at 28.43% examples, 681245 words/s, in_qsize 32, out_qsize 0
2026-03-26 11:12:34,129 - INFO - EPOCH 4 - PROGRESS: at 28.59% examples, 681372 words/s, in_qsize 32, out_qsize 0
2026-03-26 11:12:35,147 - INFO - EPOCH 4 - PROGRESS: at 28.74% examples, 681306 words/s, in_qsize 32, out_qsize 0
2026-03-26 11:12:36,151 - INFO - EPOCH 4 - PROGRESS: at 28.90% examples, 681409 words/s, in_qsize 31, out_qsize 0
2026-03-26 11:12:37,176 - INFO - EPOCH 4 - PROGRESS: at 29.04% examples, 681315 words/s, in_qsize 31, out_qsize 0
2026-03-26 11:12:38,195 - INFO - EPOCH 4 - PROGRESS: at 29.19% examples, 681289 words/s, in_qsize 28, out_qsize 2
2026-03-26 11:12:39,216 - INFO - EPOCH 4 - PROGRESS: at 29.34% examples, 681290 words/s, in_qsize 30, out_qsize 1
2026-03-26 11:12:40,222 - INFO - EPOCH 4 - PROGRESS: at 29.49% examples, 681273 words/s, in_qsize 31, out_qsize 1
2026-03-26 11:12:41,258 - INFO - EPOCH 4 - PROGRESS: at 29.64% examples, 681259 words/s, in_qsize 31, out_qsize 2
2026-03-26 11:12:42,275 - INFO - EPOCH 4 - PROGRESS: at 29.85% examples, 681360 words/s, in_qsize 31, out_qsize 0
2026-03-26 11:12:43,281 - INFO - EPOCH 4 - PROGRESS: at 29.98% examples, 681436 words/s, in_qsize 31, out_qsize 0
2026-03-26 11:12:44,329 - INFO - EPOCH 4 - PROGRESS: at 30.14% examples, 681387 words/s, in_qsize 32, out_qsize 3
2026-03-26 11:12:45,335 - INFO - EPOCH 4 - PROGRESS: at 30.27% examples, 681508 words/s, in_qsize 30, out_qsize 1
2026-03-26 11:12:46,372 - INFO - EPOCH 4 - PROGRESS: at 30.41% examples, 681262 words/s, in_qsize 32, out_qsize 0
2026-03-26 11:12:47,384 - INFO - EPOCH 4 - PROGRESS: at 30.55% examples, 681345 words/s, in_qsize 32, out_qsize 1
2026-03-26 11:12:48,388 - INFO - EPOCH 4 - PROGRESS: at 30.70% examples, 681358 words/s, in_qsize 31, out_qsize 1
2026-03-26 11:12:49,392 - INFO - EPOCH 4 - PROGRESS: at 30.83% examples, 681342 words/s, in_qsize 31, out_qsize 0
2026-03-26 11:12:50,421 - INFO - EPOCH 4 - PROGRESS: at 30.95% examples, 681172 words/s, in_qsize 32, out_qsize 3
2026-03-26 11:12:51,428 - INFO - EPOCH 4 - PROGRESS: at 31.08% examples, 681227 words/s, in_qsize 28, out_qsize 2
2026-03-26 11:12:52,463 - INFO - EPOCH 4 - PROGRESS: at 31.20% examples, 681192 words/s, in_qsize 32, out_qsize 1
2026-03-26 11:12:53,474 - INFO - EPOCH 4 - PROGRESS: at 31.33% examples, 681239 words/s, in_qsize 30, out_qsize 1
2026-03-26 11:12:54,503 - INFO - EPOCH 4 - PROGRESS: at 31.45% examples, 681155 words/s, in_qsize 32, out_qsize 0
2026-03-26 11:12:55,507 - INFO - EPOCH 4 - PROGRESS: at 31.58% examples, 681210 words/s, in_qsize 31, out_qsize 1
2026-03-26 11:12:56,516 - INFO - EPOCH 4 - PROGRESS: at 31.70% examples, 681128 words/s, in_qsize 32, out_qsize 2
2026-03-26 11:12:57,522 - INFO - EPOCH 4 - PROGRESS: at 31.83% examples, 681168 words/s, in_qsize 32, out_qsize 1
2026-03-26 11:12:58,541 - INFO - EPOCH 4 - PROGRESS: at 31.95% examples, 681128 words/s, in_qsize 31, out_qsize 0
2026-03-26 11:12:59,639 - INFO - EPOCH 4 - PROGRESS: at 32.09% examples, 680981 words/s, in_qsize 32, out_qsize 0
2026-03-26 11:13:00,673 - INFO - EPOCH 4 - PROGRESS: at 32.20% examples, 680935 words/s, in_qsize 31, out_qsize 1
2026-03-26 11:13:01,681 - INFO - EPOCH 4 - PROGRESS: at 32.38% examples, 681015 words/s, in_qsize 32, out_qsize 1
2026-03-26 11:13:02,684 - INFO - EPOCH 4 - PROGRESS: at 32.58% examples, 681126 words/s, in_qsize 30, out_qsize 1
2026-03-26 11:13:03,689 - INFO - EPOCH 4 - PROGRESS: at 32.75% examples, 681165 words/s, in_qsize 31, out_qsize 0
2026-03-26 11:13:04,709 - INFO - EPOCH 4 - PROGRESS: at 32.89% examples, 681210 words/s, in_qsize 31, out_qsize 1
2026-03-26 11:13:05,739 - INFO - EPOCH 4 - PROGRESS: at 33.07% examples, 681212 words/s, in_qsize 31, out_qsize 1
2026-03-26 11:13:06,755 - INFO - EPOCH 4 - PROGRESS: at 33.24% examples, 681261 words/s, in_qsize 31, out_qsize 2
2026-03-26 11:13:07,776 - INFO - EPOCH 4 - PROGRESS: at 33.41% examples, 681327 words/s, in_qsize 32, out_qsize 3
2026-03-26 11:13:08,793 - INFO - EPOCH 4 - PROGRESS: at 33.59% examples, 681441 words/s, in_qsize 31, out_qsize 0
2026-03-26 11:13:09,794 - INFO - EPOCH 4 - PROGRESS: at 33.76% examples, 681493 words/s, in_qsize 31, out_qsize 0
2026-03-26 11:13:10,800 - INFO - EPOCH 4 - PROGRESS: at 33.93% examples, 681533 words/s, in_qsize 29, out_qsize 2
2026-03-26 11:13:11,829 - INFO - EPOCH 4 - PROGRESS: at 34.10% examples, 681635 words/s, in_qsize 31, out_qsize 0
2026-03-26 11:13:12,847 - INFO - EPOCH 4 - PROGRESS: at 34.19% examples, 681568 words/s, in_qsize 32, out_qsize 0
2026-03-26 11:13:13,877 - INFO - EPOCH 4 - PROGRESS: at 34.28% examples, 681465 words/s, in_qsize 31, out_qsize 3
2026-03-26 11:13:14,885 - INFO - EPOCH 4 - PROGRESS: at 34.45% examples, 681582 words/s, in_qsize 30, out_qsize 1
2026-03-26 11:13:15,888 - INFO - EPOCH 4 - PROGRESS: at 34.56% examples, 681629 words/s, in_qsize 31, out_qsize 0
2026-03-26 11:13:16,896 - INFO - EPOCH 4 - PROGRESS: at 34.67% examples, 681554 words/s, in_qsize 32, out_qsize 1
2026-03-26 11:13:17,929 - INFO - EPOCH 4 - PROGRESS: at 34.77% examples, 681477 words/s, in_qsize 32, out_qsize 1
2026-03-26 11:13:18,929 - INFO - EPOCH 4 - PROGRESS: at 34.88% examples, 681428 words/s, in_qsize 31, out_qsize 2
2026-03-26 11:13:19,961 - INFO - EPOCH 4 - PROGRESS: at 34.99% examples, 681462 words/s, in_qsize 30, out_qsize 1
2026-03-26 11:13:20,987 - INFO - EPOCH 4 - PROGRESS: at 35.15% examples, 681411 words/s, in_qsize 32, out_qsize 0
2026-03-26 11:13:21,996 - INFO - EPOCH 4 - PROGRESS: at 35.30% examples, 681484 words/s, in_qsize 31, out_qsize 1
2026-03-26 11:13:23,008 - INFO - EPOCH 4 - PROGRESS: at 35.48% examples, 681453 words/s, in_qsize 31, out_qsize 3
2026-03-26 11:13:24,020 - INFO - EPOCH 4 - PROGRESS: at 35.67% examples, 681619 words/s, in_qsize 32, out_qsize 0
2026-03-26 11:13:25,023 - INFO - EPOCH 4 - PROGRESS: at 35.83% examples, 681678 words/s, in_qsize 31, out_qsize 0
2026-03-26 11:13:26,026 - INFO - EPOCH 4 - PROGRESS: at 35.99% examples, 681770 words/s, in_qsize 31, out_qsize 0
2026-03-26 11:13:27,035 - INFO - EPOCH 4 - PROGRESS: at 36.13% examples, 681444 words/s, in_qsize 30, out_qsize 1
2026-03-26 11:13:28,055 - INFO - EPOCH 4 - PROGRESS: at 36.26% examples, 681358 words/s, in_qsize 32, out_qsize 0
2026-03-26 11:13:29,062 - INFO - EPOCH 4 - PROGRESS: at 36.40% examples, 681313 words/s, in_qsize 31, out_qsize 0
2026-03-26 11:13:30,090 - INFO - EPOCH 4 - PROGRESS: at 36.54% examples, 681203 words/s, in_qsize 31, out_qsize 1
2026-03-26 11:13:31,114 - INFO - EPOCH 4 - PROGRESS: at 36.67% examples, 681132 words/s, in_qsize 32, out_qsize 1
2026-03-26 11:13:32,132 - INFO - EPOCH 4 - PROGRESS: at 36.79% examples, 681120 words/s, in_qsize 32, out_qsize 1
2026-03-26 11:13:33,152 - INFO - EPOCH 4 - PROGRESS: at 36.95% examples, 681217 words/s, in_qsize 31, out_qsize 2
2026-03-26 11:13:34,193 - INFO - EPOCH 4 - PROGRESS: at 37.11% examples, 681232 words/s, in_qsize 30, out_qsize 1
2026-03-26 11:13:35,218 - INFO - EPOCH 4 - PROGRESS: at 37.23% examples, 681233 words/s, in_qsize 31, out_qsize 1
2026-03-26 11:13:36,237 - INFO - EPOCH 4 - PROGRESS: at 37.35% examples, 681201 words/s, in_qsize 32, out_qsize 1
2026-03-26 11:13:37,251 - INFO - EPOCH 4 - PROGRESS: at 37.47% examples, 681218 words/s, in_qsize 32, out_qsize 2
2026-03-26 11:13:38,266 - INFO - EPOCH 4 - PROGRESS: at 37.58% examples, 681161 words/s, in_qsize 32, out_qsize 3
2026-03-26 11:13:39,281 - INFO - EPOCH 4 - PROGRESS: at 37.71% examples, 681264 words/s, in_qsize 32, out_qsize 0
2026-03-26 11:13:40,293 - INFO - EPOCH 4 - PROGRESS: at 37.83% examples, 681220 words/s, in_qsize 32, out_qsize 1
2026-03-26 11:13:41,313 - INFO - EPOCH 4 - PROGRESS: at 37.96% examples, 681230 words/s, in_qsize 30, out_qsize 1
2026-03-26 11:13:42,323 - INFO - EPOCH 4 - PROGRESS: at 38.06% examples, 681204 words/s, in_qsize 28, out_qsize 1
2026-03-26 11:13:43,327 - INFO - EPOCH 4 - PROGRESS: at 38.18% examples, 681189 words/s, in_qsize 30, out_qsize 0
2026-03-26 11:13:44,335 - INFO - EPOCH 4 - PROGRESS: at 38.29% examples, 681179 words/s, in_qsize 32, out_qsize 1
2026-03-26 11:13:45,343 - INFO - EPOCH 4 - PROGRESS: at 38.40% examples, 681222 words/s, in_qsize 31, out_qsize 0
2026-03-26 11:13:46,348 - INFO - EPOCH 4 - PROGRESS: at 38.51% examples, 681190 words/s, in_qsize 31, out_qsize 1
2026-03-26 11:13:47,374 - INFO - EPOCH 4 - PROGRESS: at 38.66% examples, 681226 words/s, in_qsize 32, out_qsize 0
2026-03-26 11:13:48,374 - INFO - EPOCH 4 - PROGRESS: at 38.88% examples, 681387 words/s, in_qsize 31, out_qsize 0
2026-03-26 11:13:49,387 - INFO - EPOCH 4 - PROGRESS: at 39.07% examples, 681310 words/s, in_qsize 32, out_qsize 3
2026-03-26 11:13:50,392 - INFO - EPOCH 4 - PROGRESS: at 39.18% examples, 681402 words/s, in_qsize 32, out_qsize 0
2026-03-26 11:13:51,417 - INFO - EPOCH 4 - PROGRESS: at 39.29% examples, 681293 words/s, in_qsize 32, out_qsize 4
2026-03-26 11:13:52,458 - INFO - EPOCH 4 - PROGRESS: at 39.41% examples, 681352 words/s, in_qsize 31, out_qsize 2
2026-03-26 11:13:53,469 - INFO - EPOCH 4 - PROGRESS: at 39.53% examples, 681432 words/s, in_qsize 32, out_qsize 0
2026-03-26 11:13:54,484 - INFO - EPOCH 4 - PROGRESS: at 39.68% examples, 681440 words/s, in_qsize 31, out_qsize 0
2026-03-26 11:13:55,487 - INFO - EPOCH 4 - PROGRESS: at 39.80% examples, 681386 words/s, in_qsize 29, out_qsize 2
2026-03-26 11:13:56,492 - INFO - EPOCH 4 - PROGRESS: at 39.94% examples, 681396 words/s, in_qsize 32, out_qsize 1
2026-03-26 11:13:57,495 - INFO - EPOCH 4 - PROGRESS: at 40.07% examples, 681406 words/s, in_qsize 28, out_qsize 3
2026-03-26 11:13:58,519 - INFO - EPOCH 4 - PROGRESS: at 40.21% examples, 681366 words/s, in_qsize 32, out_qsize 2
2026-03-26 11:13:59,523 - INFO - EPOCH 4 - PROGRESS: at 40.34% examples, 681426 words/s, in_qsize 30, out_qsize 1
2026-03-26 11:14:00,547 - INFO - EPOCH 4 - PROGRESS: at 40.48% examples, 681448 words/s, in_qsize 31, out_qsize 1
2026-03-26 11:14:01,572 - INFO - EPOCH 4 - PROGRESS: at 40.63% examples, 681469 words/s, in_qsize 31, out_qsize 0
2026-03-26 11:14:02,588 - INFO - EPOCH 4 - PROGRESS: at 40.78% examples, 681495 words/s, in_qsize 32, out_qsize 0
2026-03-26 11:14:03,594 - INFO - EPOCH 4 - PROGRESS: at 40.94% examples, 681524 words/s, in_qsize 31, out_qsize 0
2026-03-26 11:14:04,601 - INFO - EPOCH 4 - PROGRESS: at 41.08% examples, 681270 words/s, in_qsize 32, out_qsize 0
2026-03-26 11:14:05,608 - INFO - EPOCH 4 - PROGRESS: at 41.24% examples, 681213 words/s, in_qsize 30, out_qsize 0
2026-03-26 11:14:06,618 - INFO - EPOCH 4 - PROGRESS: at 41.38% examples, 681189 words/s, in_qsize 29, out_qsize 1
2026-03-26 11:14:07,619 - INFO - EPOCH 4 - PROGRESS: at 41.49% examples, 681119 words/s, in_qsize 30, out_qsize 2
2026-03-26 11:14:08,667 - INFO - EPOCH 4 - PROGRESS: at 41.61% examples, 680942 words/s, in_qsize 32, out_qsize 7
2026-03-26 11:14:09,684 - INFO - EPOCH 4 - PROGRESS: at 41.72% examples, 681068 words/s, in_qsize 31, out_qsize 0
2026-03-26 11:14:10,687 - INFO - EPOCH 4 - PROGRESS: at 41.82% examples, 681065 words/s, in_qsize 31, out_qsize 0
2026-03-26 11:14:11,690 - INFO - EPOCH 4 - PROGRESS: at 41.93% examples, 681091 words/s, in_qsize 30, out_qsize 1
2026-03-26 11:14:12,718 - INFO - EPOCH 4 - PROGRESS: at 42.03% examples, 681013 words/s, in_qsize 32, out_qsize 0
2026-03-26 11:14:13,721 - INFO - EPOCH 4 - PROGRESS: at 42.13% examples, 680943 words/s, in_qsize 29, out_qsize 2
2026-03-26 11:14:14,730 - INFO - EPOCH 4 - PROGRESS: at 42.22% examples, 680834 words/s, in_qsize 31, out_qsize 5
2026-03-26 11:14:15,747 - INFO - EPOCH 4 - PROGRESS: at 42.36% examples, 680785 words/s, in_qsize 32, out_qsize 6
2026-03-26 11:14:16,770 - INFO - EPOCH 4 - PROGRESS: at 42.58% examples, 681022 words/s, in_qsize 31, out_qsize 0
2026-03-26 11:14:17,784 - INFO - EPOCH 4 - PROGRESS: at 42.74% examples, 681037 words/s, in_qsize 31, out_qsize 1
2026-03-26 11:14:18,796 - INFO - EPOCH 4 - PROGRESS: at 42.88% examples, 681049 words/s, in_qsize 29, out_qsize 2
2026-03-26 11:14:19,808 - INFO - EPOCH 4 - PROGRESS: at 43.07% examples, 681105 words/s, in_qsize 28, out_qsize 2
2026-03-26 11:14:20,851 - INFO - EPOCH 4 - PROGRESS: at 43.27% examples, 681196 words/s, in_qsize 32, out_qsize 1
2026-03-26 11:14:21,857 - INFO - EPOCH 4 - PROGRESS: at 43.38% examples, 681149 words/s, in_qsize 32, out_qsize 2
2026-03-26 11:14:22,860 - INFO - EPOCH 4 - PROGRESS: at 43.49% examples, 681191 words/s, in_qsize 30, out_qsize 1
2026-03-26 11:14:23,864 - INFO - EPOCH 4 - PROGRESS: at 43.60% examples, 681124 words/s, in_qsize 31, out_qsize 0
2026-03-26 11:14:24,879 - INFO - EPOCH 4 - PROGRESS: at 43.70% examples, 680984 words/s, in_qsize 30, out_qsize 2
2026-03-26 11:14:25,943 - INFO - EPOCH 4 - PROGRESS: at 43.79% examples, 680924 words/s, in_qsize 30, out_qsize 2
2026-03-26 11:14:26,944 - INFO - EPOCH 4 - PROGRESS: at 43.92% examples, 681038 words/s, in_qsize 30, out_qsize 0
2026-03-26 11:14:27,951 - INFO - EPOCH 4 - PROGRESS: at 44.12% examples, 681073 words/s, in_qsize 31, out_qsize 0
2026-03-26 11:14:28,974 - INFO - EPOCH 4 - PROGRESS: at 44.35% examples, 681120 words/s, in_qsize 31, out_qsize 0
2026-03-26 11:14:29,988 - INFO - EPOCH 4 - PROGRESS: at 44.58% examples, 681219 words/s, in_qsize 30, out_qsize 1
2026-03-26 11:14:30,997 - INFO - EPOCH 4 - PROGRESS: at 44.72% examples, 681007 words/s, in_qsize 30, out_qsize 1
2026-03-26 11:14:32,003 - INFO - EPOCH 4 - PROGRESS: at 44.83% examples, 680940 words/s, in_qsize 28, out_qsize 3
2026-03-26 11:14:33,014 - INFO - EPOCH 4 - PROGRESS: at 44.95% examples, 681025 words/s, in_qsize 31, out_qsize 0
2026-03-26 11:14:34,064 - INFO - EPOCH 4 - PROGRESS: at 45.12% examples, 680916 words/s, in_qsize 30, out_qsize 5
2026-03-26 11:14:35,119 - INFO - EPOCH 4 - PROGRESS: at 45.23% examples, 680903 words/s, in_qsize 31, out_qsize 4
2026-03-26 11:14:36,120 - INFO - EPOCH 4 - PROGRESS: at 45.34% examples, 680989 words/s, in_qsize 31, out_qsize 0
2026-03-26 11:14:37,133 - INFO - EPOCH 4 - PROGRESS: at 45.45% examples, 680966 words/s, in_qsize 32, out_qsize 0
2026-03-26 11:14:38,153 - INFO - EPOCH 4 - PROGRESS: at 45.55% examples, 680925 words/s, in_qsize 31, out_qsize 0
2026-03-26 11:14:39,166 - INFO - EPOCH 4 - PROGRESS: at 45.66% examples, 680924 words/s, in_qsize 32, out_qsize 0
2026-03-26 11:14:40,182 - INFO - EPOCH 4 - PROGRESS: at 45.76% examples, 680844 words/s, in_qsize 32, out_qsize 2
2026-03-26 11:14:41,183 - INFO - EPOCH 4 - PROGRESS: at 45.86% examples, 680893 words/s, in_qsize 31, out_qsize 0
2026-03-26 11:14:42,195 - INFO - EPOCH 4 - PROGRESS: at 46.00% examples, 680911 words/s, in_qsize 32, out_qsize 0
2026-03-26 11:14:43,210 - INFO - EPOCH 4 - PROGRESS: at 46.11% examples, 680828 words/s, in_qsize 32, out_qsize 2
2026-03-26 11:14:44,232 - INFO - EPOCH 4 - PROGRESS: at 46.22% examples, 680806 words/s, in_qsize 32, out_qsize 0
2026-03-26 11:14:45,237 - INFO - EPOCH 4 - PROGRESS: at 46.34% examples, 680765 words/s, in_qsize 32, out_qsize 0
2026-03-26 11:14:46,255 - INFO - EPOCH 4 - PROGRESS: at 46.45% examples, 680699 words/s, in_qsize 27, out_qsize 3
2026-03-26 11:14:47,275 - INFO - EPOCH 4 - PROGRESS: at 46.59% examples, 680749 words/s, in_qsize 31, out_qsize 0
2026-03-26 11:14:48,287 - INFO - EPOCH 4 - PROGRESS: at 46.92% examples, 680975 words/s, in_qsize 32, out_qsize 0
2026-03-26 11:14:49,296 - INFO - EPOCH 4 - PROGRESS: at 47.14% examples, 680989 words/s, in_qsize 31, out_qsize 0
2026-03-26 11:14:50,312 - INFO - EPOCH 4 - PROGRESS: at 47.26% examples, 680939 words/s, in_qsize 32, out_qsize 1
2026-03-26 11:14:51,316 - INFO - EPOCH 4 - PROGRESS: at 47.38% examples, 680925 words/s, in_qsize 32, out_qsize 1
2026-03-26 11:14:52,337 - INFO - EPOCH 4 - PROGRESS: at 47.51% examples, 680879 words/s, in_qsize 30, out_qsize 1
2026-03-26 11:14:53,345 - INFO - EPOCH 4 - PROGRESS: at 47.64% examples, 680908 words/s, in_qsize 31, out_qsize 0
2026-03-26 11:14:54,374 - INFO - EPOCH 4 - PROGRESS: at 47.77% examples, 680862 words/s, in_qsize 31, out_qsize 0
2026-03-26 11:14:55,379 - INFO - EPOCH 4 - PROGRESS: at 47.89% examples, 680848 words/s, in_qsize 31, out_qsize 0
2026-03-26 11:14:56,390 - INFO - EPOCH 4 - PROGRESS: at 48.01% examples, 680749 words/s, in_qsize 32, out_qsize 2
2026-03-26 11:14:57,410 - INFO - EPOCH 4 - PROGRESS: at 48.14% examples, 680801 words/s, in_qsize 30, out_qsize 2
2026-03-26 11:14:58,449 - INFO - EPOCH 4 - PROGRESS: at 48.28% examples, 680806 words/s, in_qsize 32, out_qsize 1
2026-03-26 11:14:59,459 - INFO - EPOCH 4 - PROGRESS: at 48.40% examples, 680804 words/s, in_qsize 31, out_qsize 0
2026-03-26 11:15:00,465 - INFO - EPOCH 4 - PROGRESS: at 48.53% examples, 680812 words/s, in_qsize 32, out_qsize 0
2026-03-26 11:15:01,484 - INFO - EPOCH 4 - PROGRESS: at 48.66% examples, 680816 words/s, in_qsize 31, out_qsize 0
2026-03-26 11:15:02,505 - INFO - EPOCH 4 - PROGRESS: at 48.79% examples, 680768 words/s, in_qsize 31, out_qsize 0
2026-03-26 11:15:03,511 - INFO - EPOCH 4 - PROGRESS: at 48.90% examples, 680528 words/s, in_qsize 32, out_qsize 0
2026-03-26 11:15:04,511 - INFO - EPOCH 4 - PROGRESS: at 49.02% examples, 680498 words/s, in_qsize 32, out_qsize 1
2026-03-26 11:15:05,515 - INFO - EPOCH 4 - PROGRESS: at 49.14% examples, 680421 words/s, in_qsize 32, out_qsize 3
2026-03-26 11:15:06,554 - INFO - EPOCH 4 - PROGRESS: at 49.28% examples, 680456 words/s, in_qsize 32, out_qsize 3
2026-03-26 11:15:07,559 - INFO - EPOCH 4 - PROGRESS: at 49.41% examples, 680513 words/s, in_qsize 32, out_qsize 1
2026-03-26 11:15:08,584 - INFO - EPOCH 4 - PROGRESS: at 49.54% examples, 680480 words/s, in_qsize 31, out_qsize 3
2026-03-26 11:15:09,602 - INFO - EPOCH 4 - PROGRESS: at 49.67% examples, 680483 words/s, in_qsize 32, out_qsize 0
2026-03-26 11:15:10,612 - INFO - EPOCH 4 - PROGRESS: at 49.79% examples, 680416 words/s, in_qsize 29, out_qsize 2
2026-03-26 11:15:11,613 - INFO - EPOCH 4 - PROGRESS: at 49.92% examples, 680497 words/s, in_qsize 31, out_qsize 0
2026-03-26 11:15:12,627 - INFO - EPOCH 4 - PROGRESS: at 50.03% examples, 680479 words/s, in_qsize 29, out_qsize 2
2026-03-26 11:15:13,649 - INFO - EPOCH 4 - PROGRESS: at 50.13% examples, 680437 words/s, in_qsize 30, out_qsize 1
2026-03-26 11:15:14,678 - INFO - EPOCH 4 - PROGRESS: at 50.30% examples, 680426 words/s, in_qsize 29, out_qsize 2
2026-03-26 11:15:15,718 - INFO - EPOCH 4 - PROGRESS: at 50.46% examples, 680444 words/s, in_qsize 27, out_qsize 4
2026-03-26 11:15:16,759 - INFO - EPOCH 4 - PROGRESS: at 50.62% examples, 680414 words/s, in_qsize 26, out_qsize 5
2026-03-26 11:15:17,768 - INFO - EPOCH 4 - PROGRESS: at 50.80% examples, 680537 words/s, in_qsize 31, out_qsize 1
2026-03-26 11:15:18,775 - INFO - EPOCH 4 - PROGRESS: at 50.97% examples, 680599 words/s, in_qsize 32, out_qsize 1
2026-03-26 11:15:19,781 - INFO - EPOCH 4 - PROGRESS: at 51.12% examples, 680580 words/s, in_qsize 32, out_qsize 0
2026-03-26 11:15:20,785 - INFO - EPOCH 4 - PROGRESS: at 51.29% examples, 680610 words/s, in_qsize 32, out_qsize 0
2026-03-26 11:15:21,789 - INFO - EPOCH 4 - PROGRESS: at 51.50% examples, 680695 words/s, in_qsize 31, out_qsize 0
2026-03-26 11:15:22,791 - INFO - EPOCH 4 - PROGRESS: at 51.72% examples, 680879 words/s, in_qsize 31, out_qsize 0
2026-03-26 11:15:23,795 - INFO - EPOCH 4 - PROGRESS: at 51.94% examples, 681080 words/s, in_qsize 29, out_qsize 3
2026-03-26 11:15:24,814 - INFO - EPOCH 4 - PROGRESS: at 52.15% examples, 681209 words/s, in_qsize 31, out_qsize 0
2026-03-26 11:15:25,856 - INFO - EPOCH 4 - PROGRESS: at 52.35% examples, 681169 words/s, in_qsize 31, out_qsize 0
2026-03-26 11:15:26,889 - INFO - EPOCH 4 - PROGRESS: at 52.55% examples, 681083 words/s, in_qsize 31, out_qsize 0
2026-03-26 11:15:27,917 - INFO - EPOCH 4 - PROGRESS: at 52.76% examples, 681091 words/s, in_qsize 29, out_qsize 2
2026-03-26 11:15:28,933 - INFO - EPOCH 4 - PROGRESS: at 52.99% examples, 681348 words/s, in_qsize 31, out_qsize 2
2026-03-26 11:15:29,962 - INFO - EPOCH 4 - PROGRESS: at 53.20% examples, 681416 words/s, in_qsize 30, out_qsize 1
2026-03-26 11:15:30,970 - INFO - EPOCH 4 - PROGRESS: at 53.43% examples, 681710 words/s, in_qsize 31, out_qsize 0
2026-03-26 11:15:31,986 - INFO - EPOCH 4 - PROGRESS: at 53.64% examples, 681756 words/s, in_qsize 31, out_qsize 5
2026-03-26 11:15:33,002 - INFO - EPOCH 4 - PROGRESS: at 53.87% examples, 682054 words/s, in_qsize 32, out_qsize 0
2026-03-26 11:15:34,032 - INFO - EPOCH 4 - PROGRESS: at 54.08% examples, 682094 words/s, in_qsize 30, out_qsize 3
2026-03-26 11:15:35,094 - INFO - EPOCH 4 - PROGRESS: at 54.31% examples, 682222 words/s, in_qsize 28, out_qsize 6
2026-03-26 11:15:36,130 - INFO - EPOCH 4 - PROGRESS: at 54.52% examples, 682291 words/s, in_qsize 31, out_qsize 0
2026-03-26 11:15:37,137 - INFO - EPOCH 4 - PROGRESS: at 54.74% examples, 682478 words/s, in_qsize 31, out_qsize 3
2026-03-26 11:15:38,144 - INFO - EPOCH 4 - PROGRESS: at 54.98% examples, 682803 words/s, in_qsize 32, out_qsize 1
2026-03-26 11:15:39,178 - INFO - EPOCH 4 - PROGRESS: at 55.15% examples, 682721 words/s, in_qsize 31, out_qsize 2
2026-03-26 11:15:40,180 - INFO - EPOCH 4 - PROGRESS: at 55.28% examples, 682752 words/s, in_qsize 31, out_qsize 0
2026-03-26 11:15:41,187 - INFO - EPOCH 4 - PROGRESS: at 55.39% examples, 682708 words/s, in_qsize 30, out_qsize 1
2026-03-26 11:15:42,189 - INFO - EPOCH 4 - PROGRESS: at 55.53% examples, 682711 words/s, in_qsize 32, out_qsize 1
2026-03-26 11:15:43,220 - INFO - EPOCH 4 - PROGRESS: at 55.67% examples, 682623 words/s, in_qsize 32, out_qsize 7
2026-03-26 11:15:44,222 - INFO - EPOCH 4 - PROGRESS: at 55.92% examples, 682826 words/s, in_qsize 32, out_qsize 0
2026-03-26 11:15:45,247 - INFO - EPOCH 4 - PROGRESS: at 56.10% examples, 682867 words/s, in_qsize 32, out_qsize 0
2026-03-26 11:15:46,265 - INFO - EPOCH 4 - PROGRESS: at 56.23% examples, 682825 words/s, in_qsize 32, out_qsize 1
2026-03-26 11:15:47,266 - INFO - EPOCH 4 - PROGRESS: at 56.37% examples, 682914 words/s, in_qsize 31, out_qsize 0
2026-03-26 11:15:48,291 - INFO - EPOCH 4 - PROGRESS: at 56.49% examples, 682800 words/s, in_qsize 32, out_qsize 2
2026-03-26 11:15:49,341 - INFO - EPOCH 4 - PROGRESS: at 56.62% examples, 682856 words/s, in_qsize 30, out_qsize 1
2026-03-26 11:15:50,356 - INFO - EPOCH 4 - PROGRESS: at 56.72% examples, 682840 words/s, in_qsize 32, out_qsize 0
2026-03-26 11:15:51,393 - INFO - EPOCH 4 - PROGRESS: at 56.89% examples, 682801 words/s, in_qsize 31, out_qsize 0
2026-03-26 11:15:52,404 - INFO - EPOCH 4 - PROGRESS: at 57.07% examples, 682852 words/s, in_qsize 31, out_qsize 1
2026-03-26 11:15:53,407 - INFO - EPOCH 4 - PROGRESS: at 57.25% examples, 682858 words/s, in_qsize 30, out_qsize 1
2026-03-26 11:15:54,418 - INFO - EPOCH 4 - PROGRESS: at 57.43% examples, 682907 words/s, in_qsize 31, out_qsize 0
2026-03-26 11:15:55,420 - INFO - EPOCH 4 - PROGRESS: at 57.61% examples, 682935 words/s, in_qsize 32, out_qsize 1
2026-03-26 11:15:56,422 - INFO - EPOCH 4 - PROGRESS: at 57.77% examples, 682822 words/s, in_qsize 31, out_qsize 3
2026-03-26 11:15:57,453 - INFO - EPOCH 4 - PROGRESS: at 57.94% examples, 682718 words/s, in_qsize 31, out_qsize 0
2026-03-26 11:15:58,454 - INFO - EPOCH 4 - PROGRESS: at 58.08% examples, 682435 words/s, in_qsize 32, out_qsize 0
2026-03-26 11:15:59,473 - INFO - EPOCH 4 - PROGRESS: at 58.25% examples, 682398 words/s, in_qsize 32, out_qsize 0
2026-03-26 11:16:00,482 - INFO - EPOCH 4 - PROGRESS: at 58.39% examples, 682121 words/s, in_qsize 32, out_qsize 1
2026-03-26 11:16:01,487 - INFO - EPOCH 4 - PROGRESS: at 58.55% examples, 681992 words/s, in_qsize 28, out_qsize 4
2026-03-26 11:16:02,522 - INFO - EPOCH 4 - PROGRESS: at 58.71% examples, 681814 words/s, in_qsize 31, out_qsize 1
2026-03-26 11:16:03,534 - INFO - EPOCH 4 - PROGRESS: at 58.85% examples, 681586 words/s, in_qsize 29, out_qsize 2
2026-03-26 11:16:04,548 - INFO - EPOCH 4 - PROGRESS: at 59.02% examples, 681520 words/s, in_qsize 31, out_qsize 0
2026-03-26 11:16:05,557 - INFO - EPOCH 4 - PROGRESS: at 59.17% examples, 681230 words/s, in_qsize 32, out_qsize 0
2026-03-26 11:16:06,580 - INFO - EPOCH 4 - PROGRESS: at 59.33% examples, 681146 words/s, in_qsize 31, out_qsize 0
2026-03-26 11:16:07,586 - INFO - EPOCH 4 - PROGRESS: at 59.45% examples, 680859 words/s, in_qsize 31, out_qsize 3
2026-03-26 11:16:08,590 - INFO - EPOCH 4 - PROGRESS: at 59.61% examples, 680632 words/s, in_qsize 31, out_qsize 0
2026-03-26 11:16:09,594 - INFO - EPOCH 4 - PROGRESS: at 59.76% examples, 680597 words/s, in_qsize 31, out_qsize 1
2026-03-26 11:16:10,608 - INFO - EPOCH 4 - PROGRESS: at 59.83% examples, 680584 words/s, in_qsize 32, out_qsize 0
2026-03-26 11:16:11,637 - INFO - EPOCH 4 - PROGRESS: at 59.95% examples, 680569 words/s, in_qsize 30, out_qsize 1
2026-03-26 11:16:12,660 - INFO - EPOCH 4 - PROGRESS: at 60.12% examples, 680576 words/s, in_qsize 31, out_qsize 0
2026-03-26 11:16:13,667 - INFO - EPOCH 4 - PROGRESS: at 60.28% examples, 680573 words/s, in_qsize 31, out_qsize 0
2026-03-26 11:16:14,680 - INFO - EPOCH 4 - PROGRESS: at 60.44% examples, 680558 words/s, in_qsize 31, out_qsize 0
2026-03-26 11:16:15,694 - INFO - EPOCH 4 - PROGRESS: at 60.60% examples, 680536 words/s, in_qsize 32, out_qsize 1
2026-03-26 11:16:16,710 - INFO - EPOCH 4 - PROGRESS: at 60.77% examples, 680608 words/s, in_qsize 31, out_qsize 0
2026-03-26 11:16:17,729 - INFO - EPOCH 4 - PROGRESS: at 60.90% examples, 680574 words/s, in_qsize 32, out_qsize 1
2026-03-26 11:16:18,757 - INFO - EPOCH 4 - PROGRESS: at 61.02% examples, 680491 words/s, in_qsize 30, out_qsize 2
2026-03-26 11:16:19,759 - INFO - EPOCH 4 - PROGRESS: at 61.15% examples, 680566 words/s, in_qsize 31, out_qsize 0
2026-03-26 11:16:20,785 - INFO - EPOCH 4 - PROGRESS: at 61.22% examples, 680464 words/s, in_qsize 32, out_qsize 2
2026-03-26 11:16:21,818 - INFO - EPOCH 4 - PROGRESS: at 61.29% examples, 680408 words/s, in_qsize 32, out_qsize 2
2026-03-26 11:16:22,828 - INFO - EPOCH 4 - PROGRESS: at 61.40% examples, 680459 words/s, in_qsize 32, out_qsize 1
2026-03-26 11:16:23,865 - INFO - EPOCH 4 - PROGRESS: at 61.55% examples, 680405 words/s, in_qsize 31, out_qsize 5
2026-03-26 11:16:24,874 - INFO - EPOCH 4 - PROGRESS: at 61.71% examples, 680503 words/s, in_qsize 27, out_qsize 1
2026-03-26 11:16:25,894 - INFO - EPOCH 4 - PROGRESS: at 61.79% examples, 680434 words/s, in_qsize 32, out_qsize 2
2026-03-26 11:16:26,976 - INFO - EPOCH 4 - PROGRESS: at 61.95% examples, 680418 words/s, in_qsize 32, out_qsize 5
2026-03-26 11:16:27,977 - INFO - EPOCH 4 - PROGRESS: at 62.10% examples, 680515 words/s, in_qsize 29, out_qsize 2
2026-03-26 11:16:28,995 - INFO - EPOCH 4 - PROGRESS: at 62.18% examples, 680506 words/s, in_qsize 30, out_qsize 1
2026-03-26 11:16:30,003 - INFO - EPOCH 4 - PROGRESS: at 62.32% examples, 680522 words/s, in_qsize 32, out_qsize 0
2026-03-26 11:16:31,023 - INFO - EPOCH 4 - PROGRESS: at 62.46% examples, 680554 words/s, in_qsize 31, out_qsize 0
2026-03-26 11:16:32,049 - INFO - EPOCH 4 - PROGRESS: at 62.59% examples, 680544 words/s, in_qsize 32, out_qsize 0
2026-03-26 11:16:33,068 - INFO - EPOCH 4 - PROGRESS: at 62.72% examples, 680503 words/s, in_qsize 31, out_qsize 0
2026-03-26 11:16:34,075 - INFO - EPOCH 4 - PROGRESS: at 62.86% examples, 680484 words/s, in_qsize 31, out_qsize 0
2026-03-26 11:16:35,095 - INFO - EPOCH 4 - PROGRESS: at 63.00% examples, 680315 words/s, in_qsize 31, out_qsize 1
2026-03-26 11:16:36,140 - INFO - EPOCH 4 - PROGRESS: at 63.12% examples, 680209 words/s, in_qsize 29, out_qsize 5
2026-03-26 11:16:37,209 - INFO - EPOCH 4 - PROGRESS: at 63.27% examples, 680260 words/s, in_qsize 31, out_qsize 0
2026-03-26 11:16:38,238 - INFO - EPOCH 4 - PROGRESS: at 63.36% examples, 680256 words/s, in_qsize 31, out_qsize 2
2026-03-26 11:16:39,240 - INFO - EPOCH 4 - PROGRESS: at 63.49% examples, 680305 words/s, in_qsize 32, out_qsize 1
2026-03-26 11:16:40,273 - INFO - EPOCH 4 - PROGRESS: at 63.65% examples, 680305 words/s, in_qsize 31, out_qsize 0
2026-03-26 11:16:41,279 - INFO - EPOCH 4 - PROGRESS: at 63.82% examples, 680302 words/s, in_qsize 29, out_qsize 2
2026-03-26 11:16:42,300 - INFO - EPOCH 4 - PROGRESS: at 64.02% examples, 680395 words/s, in_qsize 32, out_qsize 0
2026-03-26 11:16:43,321 - INFO - EPOCH 4 - PROGRESS: at 64.16% examples, 680351 words/s, in_qsize 32, out_qsize 0
2026-03-26 11:16:44,329 - INFO - EPOCH 4 - PROGRESS: at 64.28% examples, 680306 words/s, in_qsize 32, out_qsize 0
2026-03-26 11:16:45,336 - INFO - EPOCH 4 - PROGRESS: at 64.40% examples, 680318 words/s, in_qsize 32, out_qsize 1
2026-03-26 11:16:46,336 - INFO - EPOCH 4 - PROGRESS: at 64.51% examples, 680356 words/s, in_qsize 30, out_qsize 0
2026-03-26 11:16:47,344 - INFO - EPOCH 4 - PROGRESS: at 64.66% examples, 680329 words/s, in_qsize 32, out_qsize 1
2026-03-26 11:16:48,352 - INFO - EPOCH 4 - PROGRESS: at 64.81% examples, 680338 words/s, in_qsize 31, out_qsize 0
2026-03-26 11:16:49,362 - INFO - EPOCH 4 - PROGRESS: at 64.97% examples, 680362 words/s, in_qsize 31, out_qsize 0
2026-03-26 11:16:50,368 - INFO - EPOCH 4 - PROGRESS: at 65.12% examples, 680338 words/s, in_qsize 32, out_qsize 1
2026-03-26 11:16:51,384 - INFO - EPOCH 4 - PROGRESS: at 65.28% examples, 680364 words/s, in_qsize 32, out_qsize 2
2026-03-26 11:16:52,387 - INFO - EPOCH 4 - PROGRESS: at 65.43% examples, 680345 words/s, in_qsize 31, out_qsize 3
2026-03-26 11:16:53,410 - INFO - EPOCH 4 - PROGRESS: at 65.61% examples, 680391 words/s, in_qsize 31, out_qsize 0
2026-03-26 11:16:54,439 - INFO - EPOCH 4 - PROGRESS: at 65.74% examples, 680359 words/s, in_qsize 30, out_qsize 2
2026-03-26 11:16:55,467 - INFO - EPOCH 4 - PROGRESS: at 65.92% examples, 680451 words/s, in_qsize 32, out_qsize 1
2026-03-26 11:16:56,479 - INFO - EPOCH 4 - PROGRESS: at 66.05% examples, 680435 words/s, in_qsize 30, out_qsize 1
2026-03-26 11:16:57,482 - INFO - EPOCH 4 - PROGRESS: at 66.18% examples, 680479 words/s, in_qsize 29, out_qsize 0
2026-03-26 11:16:58,534 - INFO - EPOCH 4 - PROGRESS: at 66.31% examples, 680418 words/s, in_qsize 32, out_qsize 3
2026-03-26 11:16:59,585 - INFO - EPOCH 4 - PROGRESS: at 66.46% examples, 680460 words/s, in_qsize 32, out_qsize 0
2026-03-26 11:17:00,589 - INFO - EPOCH 4 - PROGRESS: at 66.54% examples, 680440 words/s, in_qsize 32, out_qsize 2
2026-03-26 11:17:01,589 - INFO - EPOCH 4 - PROGRESS: at 66.62% examples, 680381 words/s, in_qsize 32, out_qsize 0
2026-03-26 11:17:02,597 - INFO - EPOCH 4 - PROGRESS: at 66.69% examples, 680375 words/s, in_qsize 32, out_qsize 1
2026-03-26 11:17:03,602 - INFO - EPOCH 4 - PROGRESS: at 66.79% examples, 680316 words/s, in_qsize 25, out_qsize 2
2026-03-26 11:17:04,613 - INFO - EPOCH 4 - PROGRESS: at 66.87% examples, 680305 words/s, in_qsize 31, out_qsize 0
2026-03-26 11:17:05,643 - INFO - EPOCH 4 - PROGRESS: at 66.94% examples, 680263 words/s, in_qsize 31, out_qsize 0
2026-03-26 11:17:06,644 - INFO - EPOCH 4 - PROGRESS: at 67.05% examples, 680256 words/s, in_qsize 31, out_qsize 0
2026-03-26 11:17:07,665 - INFO - EPOCH 4 - PROGRESS: at 67.19% examples, 680212 words/s, in_qsize 31, out_qsize 0
2026-03-26 11:17:08,668 - INFO - EPOCH 4 - PROGRESS: at 67.33% examples, 680162 words/s, in_qsize 31, out_qsize 0
2026-03-26 11:17:09,700 - INFO - EPOCH 4 - PROGRESS: at 67.45% examples, 680096 words/s, in_qsize 30, out_qsize 4
2026-03-26 11:17:10,732 - INFO - EPOCH 4 - PROGRESS: at 67.58% examples, 680128 words/s, in_qsize 31, out_qsize 0
2026-03-26 11:17:11,748 - INFO - EPOCH 4 - PROGRESS: at 67.70% examples, 680126 words/s, in_qsize 31, out_qsize 0
2026-03-26 11:17:12,769 - INFO - EPOCH 4 - PROGRESS: at 67.82% examples, 679973 words/s, in_qsize 31, out_qsize 0
2026-03-26 11:17:13,786 - INFO - EPOCH 4 - PROGRESS: at 67.91% examples, 679900 words/s, in_qsize 29, out_qsize 2
2026-03-26 11:17:14,807 - INFO - EPOCH 4 - PROGRESS: at 68.04% examples, 679905 words/s, in_qsize 31, out_qsize 2
2026-03-26 11:17:15,815 - INFO - EPOCH 4 - PROGRESS: at 68.14% examples, 679893 words/s, in_qsize 28, out_qsize 1
2026-03-26 11:17:16,835 - INFO - EPOCH 4 - PROGRESS: at 68.25% examples, 679886 words/s, in_qsize 30, out_qsize 1
2026-03-26 11:17:17,836 - INFO - EPOCH 4 - PROGRESS: at 68.39% examples, 679872 words/s, in_qsize 32, out_qsize 2
2026-03-26 11:17:18,837 - INFO - EPOCH 4 - PROGRESS: at 68.53% examples, 679925 words/s, in_qsize 29, out_qsize 2
2026-03-26 11:17:19,868 - INFO - EPOCH 4 - PROGRESS: at 68.66% examples, 679896 words/s, in_qsize 31, out_qsize 2
2026-03-26 11:17:20,916 - INFO - EPOCH 4 - PROGRESS: at 68.79% examples, 679911 words/s, in_qsize 30, out_qsize 1
2026-03-26 11:17:21,934 - INFO - EPOCH 4 - PROGRESS: at 68.92% examples, 679839 words/s, in_qsize 32, out_qsize 2
2026-03-26 11:17:22,948 - INFO - EPOCH 4 - PROGRESS: at 69.05% examples, 679867 words/s, in_qsize 31, out_qsize 0
2026-03-26 11:17:23,951 - INFO - EPOCH 4 - PROGRESS: at 69.22% examples, 679903 words/s, in_qsize 31, out_qsize 0
2026-03-26 11:17:24,952 - INFO - EPOCH 4 - PROGRESS: at 69.46% examples, 679956 words/s, in_qsize 31, out_qsize 0
2026-03-26 11:17:25,988 - INFO - EPOCH 4 - PROGRESS: at 69.71% examples, 680025 words/s, in_qsize 32, out_qsize 1
2026-03-26 11:17:26,999 - INFO - EPOCH 4 - PROGRESS: at 69.89% examples, 680103 words/s, in_qsize 32, out_qsize 0
2026-03-26 11:17:28,031 - INFO - EPOCH 4 - PROGRESS: at 70.02% examples, 680056 words/s, in_qsize 31, out_qsize 1
2026-03-26 11:17:29,074 - INFO - EPOCH 4 - PROGRESS: at 70.15% examples, 680011 words/s, in_qsize 31, out_qsize 1
2026-03-26 11:17:30,081 - INFO - EPOCH 4 - PROGRESS: at 70.28% examples, 680019 words/s, in_qsize 31, out_qsize 0
2026-03-26 11:17:31,082 - INFO - EPOCH 4 - PROGRESS: at 70.41% examples, 680052 words/s, in_qsize 31, out_qsize 0
2026-03-26 11:17:32,084 - INFO - EPOCH 4 - PROGRESS: at 70.54% examples, 680035 words/s, in_qsize 32, out_qsize 0
2026-03-26 11:17:33,115 - INFO - EPOCH 4 - PROGRESS: at 70.66% examples, 679945 words/s, in_qsize 27, out_qsize 6
2026-03-26 11:17:34,115 - INFO - EPOCH 4 - PROGRESS: at 70.79% examples, 679968 words/s, in_qsize 30, out_qsize 1
2026-03-26 11:17:35,120 - INFO - EPOCH 4 - PROGRESS: at 70.91% examples, 679977 words/s, in_qsize 31, out_qsize 0
2026-03-26 11:17:36,123 - INFO - EPOCH 4 - PROGRESS: at 71.03% examples, 679969 words/s, in_qsize 31, out_qsize 1
2026-03-26 11:17:37,149 - INFO - EPOCH 4 - PROGRESS: at 71.15% examples, 679976 words/s, in_qsize 30, out_qsize 1
2026-03-26 11:17:38,151 - INFO - EPOCH 4 - PROGRESS: at 71.30% examples, 680026 words/s, in_qsize 31, out_qsize 0
2026-03-26 11:17:39,187 - INFO - EPOCH 4 - PROGRESS: at 71.46% examples, 679885 words/s, in_qsize 31, out_qsize 2
2026-03-26 11:17:40,190 - INFO - EPOCH 4 - PROGRESS: at 71.64% examples, 679903 words/s, in_qsize 32, out_qsize 0
2026-03-26 11:17:41,216 - INFO - EPOCH 4 - PROGRESS: at 71.82% examples, 679872 words/s, in_qsize 29, out_qsize 2
2026-03-26 11:17:42,258 - INFO - EPOCH 4 - PROGRESS: at 71.95% examples, 679837 words/s, in_qsize 30, out_qsize 2
2026-03-26 11:17:43,277 - INFO - EPOCH 4 - PROGRESS: at 72.07% examples, 679862 words/s, in_qsize 31, out_qsize 0
2026-03-26 11:17:44,286 - INFO - EPOCH 4 - PROGRESS: at 72.21% examples, 679843 words/s, in_qsize 32, out_qsize 3
2026-03-26 11:17:45,290 - INFO - EPOCH 4 - PROGRESS: at 72.38% examples, 679870 words/s, in_qsize 31, out_qsize 2
2026-03-26 11:17:46,309 - INFO - EPOCH 4 - PROGRESS: at 72.56% examples, 679880 words/s, in_qsize 32, out_qsize 2
2026-03-26 11:17:47,316 - INFO - EPOCH 4 - PROGRESS: at 72.75% examples, 679967 words/s, in_qsize 31, out_qsize 0
2026-03-26 11:17:48,323 - INFO - EPOCH 4 - PROGRESS: at 72.92% examples, 679959 words/s, in_qsize 31, out_qsize 0
2026-03-26 11:17:49,345 - INFO - EPOCH 4 - PROGRESS: at 73.05% examples, 679930 words/s, in_qsize 31, out_qsize 0
2026-03-26 11:17:50,349 - INFO - EPOCH 4 - PROGRESS: at 73.16% examples, 679946 words/s, in_qsize 31, out_qsize 0
2026-03-26 11:17:51,381 - INFO - EPOCH 4 - PROGRESS: at 73.26% examples, 679893 words/s, in_qsize 31, out_qsize 0
2026-03-26 11:17:52,421 - INFO - EPOCH 4 - PROGRESS: at 73.37% examples, 679903 words/s, in_qsize 32, out_qsize 2
2026-03-26 11:17:53,483 - INFO - EPOCH 4 - PROGRESS: at 73.47% examples, 679805 words/s, in_qsize 32, out_qsize 4
2026-03-26 11:17:54,486 - INFO - EPOCH 4 - PROGRESS: at 73.57% examples, 679839 words/s, in_qsize 32, out_qsize 2
2026-03-26 11:17:55,517 - INFO - EPOCH 4 - PROGRESS: at 73.66% examples, 679795 words/s, in_qsize 30, out_qsize 4
2026-03-26 11:17:56,519 - INFO - EPOCH 4 - PROGRESS: at 73.82% examples, 679847 words/s, in_qsize 31, out_qsize 1
2026-03-26 11:17:57,538 - INFO - EPOCH 4 - PROGRESS: at 73.98% examples, 679876 words/s, in_qsize 32, out_qsize 2
2026-03-26 11:17:58,555 - INFO - EPOCH 4 - PROGRESS: at 74.17% examples, 679932 words/s, in_qsize 32, out_qsize 0
2026-03-26 11:17:59,574 - INFO - EPOCH 4 - PROGRESS: at 74.34% examples, 679945 words/s, in_qsize 32, out_qsize 0
2026-03-26 11:18:00,588 - INFO - EPOCH 4 - PROGRESS: at 74.50% examples, 679991 words/s, in_qsize 31, out_qsize 0
2026-03-26 11:18:01,602 - INFO - EPOCH 4 - PROGRESS: at 74.63% examples, 679977 words/s, in_qsize 31, out_qsize 0
2026-03-26 11:18:02,628 - INFO - EPOCH 4 - PROGRESS: at 74.77% examples, 679981 words/s, in_qsize 32, out_qsize 0
2026-03-26 11:18:03,645 - INFO - EPOCH 4 - PROGRESS: at 74.90% examples, 679981 words/s, in_qsize 32, out_qsize 0
2026-03-26 11:18:04,674 - INFO - EPOCH 4 - PROGRESS: at 75.07% examples, 680016 words/s, in_qsize 32, out_qsize 1
2026-03-26 11:18:05,702 - INFO - EPOCH 4 - PROGRESS: at 75.25% examples, 680002 words/s, in_qsize 31, out_qsize 3
2026-03-26 11:18:06,718 - INFO - EPOCH 4 - PROGRESS: at 75.42% examples, 680043 words/s, in_qsize 31, out_qsize 2
2026-03-26 11:18:07,754 - INFO - EPOCH 4 - PROGRESS: at 75.58% examples, 680055 words/s, in_qsize 29, out_qsize 2
2026-03-26 11:18:08,785 - INFO - EPOCH 4 - PROGRESS: at 75.73% examples, 680045 words/s, in_qsize 32, out_qsize 3
2026-03-26 11:18:09,799 - INFO - EPOCH 4 - PROGRESS: at 75.89% examples, 680056 words/s, in_qsize 31, out_qsize 0
2026-03-26 11:18:10,799 - INFO - EPOCH 4 - PROGRESS: at 76.04% examples, 680027 words/s, in_qsize 30, out_qsize 1
2026-03-26 11:18:11,840 - INFO - EPOCH 4 - PROGRESS: at 76.19% examples, 680002 words/s, in_qsize 31, out_qsize 2
2026-03-26 11:18:12,854 - INFO - EPOCH 4 - PROGRESS: at 76.35% examples, 680015 words/s, in_qsize 32, out_qsize 2
2026-03-26 11:18:13,861 - INFO - EPOCH 4 - PROGRESS: at 76.52% examples, 680038 words/s, in_qsize 31, out_qsize 3
2026-03-26 11:18:14,877 - INFO - EPOCH 4 - PROGRESS: at 76.68% examples, 680062 words/s, in_qsize 31, out_qsize 0
2026-03-26 11:18:15,898 - INFO - EPOCH 4 - PROGRESS: at 76.82% examples, 680081 words/s, in_qsize 31, out_qsize 2
2026-03-26 11:18:16,918 - INFO - EPOCH 4 - PROGRESS: at 76.97% examples, 680057 words/s, in_qsize 26, out_qsize 5
2026-03-26 11:18:17,941 - INFO - EPOCH 4 - PROGRESS: at 77.13% examples, 680082 words/s, in_qsize 31, out_qsize 2
2026-03-26 11:18:18,957 - INFO - EPOCH 4 - PROGRESS: at 77.29% examples, 680105 words/s, in_qsize 29, out_qsize 2
2026-03-26 11:18:19,977 - INFO - EPOCH 4 - PROGRESS: at 77.44% examples, 680096 words/s, in_qsize 30, out_qsize 2
2026-03-26 11:18:21,001 - INFO - EPOCH 4 - PROGRESS: at 77.61% examples, 680140 words/s, in_qsize 32, out_qsize 1
2026-03-26 11:18:22,008 - INFO - EPOCH 4 - PROGRESS: at 77.76% examples, 680131 words/s, in_qsize 32, out_qsize 0
2026-03-26 11:18:23,027 - INFO - EPOCH 4 - PROGRESS: at 77.92% examples, 680152 words/s, in_qsize 28, out_qsize 3
2026-03-26 11:18:24,030 - INFO - EPOCH 4 - PROGRESS: at 78.07% examples, 680178 words/s, in_qsize 31, out_qsize 0
2026-03-26 11:18:25,053 - INFO - EPOCH 4 - PROGRESS: at 78.21% examples, 680195 words/s, in_qsize 30, out_qsize 1
2026-03-26 11:18:26,057 - INFO - EPOCH 4 - PROGRESS: at 78.36% examples, 680291 words/s, in_qsize 31, out_qsize 0
2026-03-26 11:18:27,096 - INFO - EPOCH 4 - PROGRESS: at 78.50% examples, 680328 words/s, in_qsize 31, out_qsize 1
2026-03-26 11:18:28,100 - INFO - EPOCH 4 - PROGRESS: at 78.65% examples, 680424 words/s, in_qsize 31, out_qsize 0
2026-03-26 11:18:29,106 - INFO - EPOCH 4 - PROGRESS: at 78.80% examples, 680520 words/s, in_qsize 31, out_qsize 0
2026-03-26 11:18:30,136 - INFO - EPOCH 4 - PROGRESS: at 78.95% examples, 680611 words/s, in_qsize 31, out_qsize 0
2026-03-26 11:18:31,137 - INFO - EPOCH 4 - PROGRESS: at 79.09% examples, 680678 words/s, in_qsize 28, out_qsize 3
2026-03-26 11:18:32,139 - INFO - EPOCH 4 - PROGRESS: at 79.22% examples, 680646 words/s, in_qsize 31, out_qsize 1
2026-03-26 11:18:33,143 - INFO - EPOCH 4 - PROGRESS: at 79.37% examples, 680726 words/s, in_qsize 31, out_qsize 0
2026-03-26 11:18:34,146 - INFO - EPOCH 4 - PROGRESS: at 79.51% examples, 680808 words/s, in_qsize 31, out_qsize 0
2026-03-26 11:18:35,161 - INFO - EPOCH 4 - PROGRESS: at 79.66% examples, 680859 words/s, in_qsize 31, out_qsize 1
2026-03-26 11:18:36,172 - INFO - EPOCH 4 - PROGRESS: at 79.80% examples, 680914 words/s, in_qsize 31, out_qsize 0
2026-03-26 11:18:37,185 - INFO - EPOCH 4 - PROGRESS: at 79.94% examples, 680971 words/s, in_qsize 31, out_qsize 0
2026-03-26 11:18:38,187 - INFO - EPOCH 4 - PROGRESS: at 80.09% examples, 681022 words/s, in_qsize 30, out_qsize 1
2026-03-26 11:18:39,194 - INFO - EPOCH 4 - PROGRESS: at 80.23% examples, 681096 words/s, in_qsize 27, out_qsize 1
2026-03-26 11:18:40,249 - INFO - EPOCH 4 - PROGRESS: at 80.36% examples, 681045 words/s, in_qsize 23, out_qsize 8
2026-03-26 11:18:41,294 - INFO - EPOCH 4 - PROGRESS: at 80.49% examples, 680880 words/s, in_qsize 29, out_qsize 2
2026-03-26 11:18:42,299 - INFO - EPOCH 4 - PROGRESS: at 80.57% examples, 680891 words/s, in_qsize 31, out_qsize 0
2026-03-26 11:18:43,308 - INFO - EPOCH 4 - PROGRESS: at 80.68% examples, 680843 words/s, in_qsize 32, out_qsize 0
2026-03-26 11:18:44,329 - INFO - EPOCH 4 - PROGRESS: at 80.81% examples, 680861 words/s, in_qsize 32, out_qsize 0
2026-03-26 11:18:45,333 - INFO - EPOCH 4 - PROGRESS: at 80.94% examples, 680837 words/s, in_qsize 31, out_qsize 0
2026-03-26 11:18:46,369 - INFO - EPOCH 4 - PROGRESS: at 81.06% examples, 680749 words/s, in_qsize 30, out_qsize 7
2026-03-26 11:18:47,376 - INFO - EPOCH 4 - PROGRESS: at 81.20% examples, 680821 words/s, in_qsize 31, out_qsize 2
2026-03-26 11:18:48,387 - INFO - EPOCH 4 - PROGRESS: at 81.34% examples, 680816 words/s, in_qsize 32, out_qsize 1
2026-03-26 11:18:49,431 - INFO - EPOCH 4 - PROGRESS: at 81.47% examples, 680772 words/s, in_qsize 29, out_qsize 2
2026-03-26 11:18:50,452 - INFO - EPOCH 4 - PROGRESS: at 81.60% examples, 680783 words/s, in_qsize 29, out_qsize 2
2026-03-26 11:18:51,455 - INFO - EPOCH 4 - PROGRESS: at 81.71% examples, 680804 words/s, in_qsize 31, out_qsize 0
2026-03-26 11:18:52,463 - INFO - EPOCH 4 - PROGRESS: at 81.86% examples, 680796 words/s, in_qsize 32, out_qsize 1
2026-03-26 11:18:53,490 - INFO - EPOCH 4 - PROGRESS: at 82.01% examples, 680795 words/s, in_qsize 30, out_qsize 1
2026-03-26 11:18:54,513 - INFO - EPOCH 4 - PROGRESS: at 82.15% examples, 680769 words/s, in_qsize 32, out_qsize 2
2026-03-26 11:18:55,557 - INFO - EPOCH 4 - PROGRESS: at 82.30% examples, 680759 words/s, in_qsize 32, out_qsize 3
2026-03-26 11:18:56,595 - INFO - EPOCH 4 - PROGRESS: at 82.44% examples, 680766 words/s, in_qsize 32, out_qsize 3
2026-03-26 11:18:57,597 - INFO - EPOCH 4 - PROGRESS: at 82.58% examples, 680779 words/s, in_qsize 31, out_qsize 0
2026-03-26 11:18:58,599 - INFO - EPOCH 4 - PROGRESS: at 82.72% examples, 680726 words/s, in_qsize 24, out_qsize 4
2026-03-26 11:18:59,631 - INFO - EPOCH 4 - PROGRESS: at 82.84% examples, 680765 words/s, in_qsize 32, out_qsize 1
2026-03-26 11:19:00,638 - INFO - EPOCH 4 - PROGRESS: at 82.96% examples, 680815 words/s, in_qsize 32, out_qsize 0
2026-03-26 11:19:01,663 - INFO - EPOCH 4 - PROGRESS: at 83.07% examples, 680801 words/s, in_qsize 31, out_qsize 0
2026-03-26 11:19:02,693 - INFO - EPOCH 4 - PROGRESS: at 83.19% examples, 680809 words/s, in_qsize 31, out_qsize 0
2026-03-26 11:19:03,711 - INFO - EPOCH 4 - PROGRESS: at 83.30% examples, 680825 words/s, in_qsize 31, out_qsize 1
2026-03-26 11:19:04,715 - INFO - EPOCH 4 - PROGRESS: at 83.43% examples, 680816 words/s, in_qsize 30, out_qsize 1
2026-03-26 11:19:05,719 - INFO - EPOCH 4 - PROGRESS: at 83.55% examples, 680821 words/s, in_qsize 31, out_qsize 0
2026-03-26 11:19:06,727 - INFO - EPOCH 4 - PROGRESS: at 83.67% examples, 680776 words/s, in_qsize 31, out_qsize 2
2026-03-26 11:19:07,738 - INFO - EPOCH 4 - PROGRESS: at 83.82% examples, 680757 words/s, in_qsize 31, out_qsize 1
2026-03-26 11:19:08,759 - INFO - EPOCH 4 - PROGRESS: at 83.98% examples, 680766 words/s, in_qsize 31, out_qsize 0
2026-03-26 11:19:09,799 - INFO - EPOCH 4 - PROGRESS: at 84.13% examples, 680726 words/s, in_qsize 32, out_qsize 1
2026-03-26 11:19:10,813 - INFO - EPOCH 4 - PROGRESS: at 84.26% examples, 680723 words/s, in_qsize 30, out_qsize 1
2026-03-26 11:19:11,815 - INFO - EPOCH 4 - PROGRESS: at 84.36% examples, 680724 words/s, in_qsize 30, out_qsize 2
2026-03-26 11:19:12,823 - INFO - EPOCH 4 - PROGRESS: at 84.47% examples, 680745 words/s, in_qsize 30, out_qsize 2
2026-03-26 11:19:13,838 - INFO - EPOCH 4 - PROGRESS: at 84.58% examples, 680747 words/s, in_qsize 32, out_qsize 2
2026-03-26 11:19:14,848 - INFO - EPOCH 4 - PROGRESS: at 84.66% examples, 680750 words/s, in_qsize 30, out_qsize 1
2026-03-26 11:19:15,865 - INFO - EPOCH 4 - PROGRESS: at 84.73% examples, 680671 words/s, in_qsize 32, out_qsize 3
2026-03-26 11:19:16,895 - INFO - EPOCH 4 - PROGRESS: at 84.88% examples, 680696 words/s, in_qsize 32, out_qsize 2
2026-03-26 11:19:18,007 - INFO - EPOCH 4 - PROGRESS: at 85.04% examples, 680627 words/s, in_qsize 28, out_qsize 5
2026-03-26 11:19:19,047 - INFO - EPOCH 4 - PROGRESS: at 85.19% examples, 680573 words/s, in_qsize 31, out_qsize 0
2026-03-26 11:19:20,048 - INFO - EPOCH 4 - PROGRESS: at 85.33% examples, 680539 words/s, in_qsize 31, out_qsize 0
2026-03-26 11:19:21,062 - INFO - EPOCH 4 - PROGRESS: at 85.47% examples, 680456 words/s, in_qsize 28, out_qsize 1
2026-03-26 11:19:22,066 - INFO - EPOCH 4 - PROGRESS: at 85.61% examples, 680466 words/s, in_qsize 32, out_qsize 0
2026-03-26 11:19:23,073 - INFO - EPOCH 4 - PROGRESS: at 85.76% examples, 680458 words/s, in_qsize 32, out_qsize 0
2026-03-26 11:19:24,078 - INFO - EPOCH 4 - PROGRESS: at 85.89% examples, 680346 words/s, in_qsize 30, out_qsize 0
2026-03-26 11:19:25,092 - INFO - EPOCH 4 - PROGRESS: at 86.04% examples, 680347 words/s, in_qsize 32, out_qsize 2
2026-03-26 11:19:26,102 - INFO - EPOCH 4 - PROGRESS: at 86.19% examples, 680375 words/s, in_qsize 29, out_qsize 2
2026-03-26 11:19:27,112 - INFO - EPOCH 4 - PROGRESS: at 86.34% examples, 680416 words/s, in_qsize 30, out_qsize 1
2026-03-26 11:19:28,119 - INFO - EPOCH 4 - PROGRESS: at 86.47% examples, 680418 words/s, in_qsize 32, out_qsize 0
2026-03-26 11:19:29,151 - INFO - EPOCH 4 - PROGRESS: at 86.59% examples, 680378 words/s, in_qsize 31, out_qsize 1
2026-03-26 11:19:30,194 - INFO - EPOCH 4 - PROGRESS: at 86.72% examples, 680329 words/s, in_qsize 31, out_qsize 7
2026-03-26 11:19:31,215 - INFO - EPOCH 4 - PROGRESS: at 86.90% examples, 680397 words/s, in_qsize 32, out_qsize 2
2026-03-26 11:19:32,221 - INFO - EPOCH 4 - PROGRESS: at 87.08% examples, 680438 words/s, in_qsize 31, out_qsize 0
2026-03-26 11:19:33,232 - INFO - EPOCH 4 - PROGRESS: at 87.23% examples, 680445 words/s, in_qsize 31, out_qsize 0
2026-03-26 11:19:34,250 - INFO - EPOCH 4 - PROGRESS: at 87.39% examples, 680499 words/s, in_qsize 31, out_qsize 1
2026-03-26 11:19:35,250 - INFO - EPOCH 4 - PROGRESS: at 87.53% examples, 680495 words/s, in_qsize 31, out_qsize 0
2026-03-26 11:19:36,259 - INFO - EPOCH 4 - PROGRESS: at 87.66% examples, 680506 words/s, in_qsize 31, out_qsize 0
2026-03-26 11:19:37,303 - INFO - EPOCH 4 - PROGRESS: at 87.79% examples, 680478 words/s, in_qsize 31, out_qsize 1
2026-03-26 11:19:38,314 - INFO - EPOCH 4 - PROGRESS: at 87.92% examples, 680500 words/s, in_qsize 30, out_qsize 1
2026-03-26 11:19:39,316 - INFO - EPOCH 4 - PROGRESS: at 88.03% examples, 680479 words/s, in_qsize 31, out_qsize 0
2026-03-26 11:19:40,327 - INFO - EPOCH 4 - PROGRESS: at 88.14% examples, 680463 words/s, in_qsize 30, out_qsize 1
2026-03-26 11:19:41,350 - INFO - EPOCH 4 - PROGRESS: at 88.27% examples, 680420 words/s, in_qsize 27, out_qsize 4
2026-03-26 11:19:42,367 - INFO - EPOCH 4 - PROGRESS: at 88.42% examples, 680481 words/s, in_qsize 30, out_qsize 1
2026-03-26 11:19:43,385 - INFO - EPOCH 4 - PROGRESS: at 88.60% examples, 680515 words/s, in_qsize 32, out_qsize 0
2026-03-26 11:19:44,408 - INFO - EPOCH 4 - PROGRESS: at 88.74% examples, 680518 words/s, in_qsize 30, out_qsize 2
2026-03-26 11:19:45,416 - INFO - EPOCH 4 - PROGRESS: at 88.85% examples, 680507 words/s, in_qsize 32, out_qsize 1
2026-03-26 11:19:46,416 - INFO - EPOCH 4 - PROGRESS: at 88.94% examples, 680479 words/s, in_qsize 32, out_qsize 2
2026-03-26 11:19:47,423 - INFO - EPOCH 4 - PROGRESS: at 89.10% examples, 680545 words/s, in_qsize 31, out_qsize 0
2026-03-26 11:19:48,432 - INFO - EPOCH 4 - PROGRESS: at 89.25% examples, 680492 words/s, in_qsize 32, out_qsize 3
2026-03-26 11:19:49,454 - INFO - EPOCH 4 - PROGRESS: at 89.42% examples, 680551 words/s, in_qsize 31, out_qsize 0
2026-03-26 11:19:50,458 - INFO - EPOCH 4 - PROGRESS: at 89.59% examples, 680605 words/s, in_qsize 31, out_qsize 0
2026-03-26 11:19:51,477 - INFO - EPOCH 4 - PROGRESS: at 89.73% examples, 680450 words/s, in_qsize 32, out_qsize 0
2026-03-26 11:19:52,489 - INFO - EPOCH 4 - PROGRESS: at 89.91% examples, 680484 words/s, in_qsize 25, out_qsize 3
2026-03-26 11:19:53,528 - INFO - EPOCH 4 - PROGRESS: at 90.08% examples, 680489 words/s, in_qsize 32, out_qsize 1
2026-03-26 11:19:54,534 - INFO - EPOCH 4 - PROGRESS: at 90.26% examples, 680565 words/s, in_qsize 31, out_qsize 0
2026-03-26 11:19:55,560 - INFO - EPOCH 4 - PROGRESS: at 90.44% examples, 680545 words/s, in_qsize 31, out_qsize 0
2026-03-26 11:19:56,564 - INFO - EPOCH 4 - PROGRESS: at 90.60% examples, 680536 words/s, in_qsize 31, out_qsize 1
2026-03-26 11:19:57,585 - INFO - EPOCH 4 - PROGRESS: at 90.78% examples, 680548 words/s, in_qsize 30, out_qsize 2
2026-03-26 11:19:58,591 - INFO - EPOCH 4 - PROGRESS: at 90.95% examples, 680573 words/s, in_qsize 30, out_qsize 1
2026-03-26 11:19:59,639 - INFO - EPOCH 4 - PROGRESS: at 91.13% examples, 680591 words/s, in_qsize 31, out_qsize 2
2026-03-26 11:20:00,644 - INFO - EPOCH 4 - PROGRESS: at 91.31% examples, 680621 words/s, in_qsize 30, out_qsize 1
2026-03-26 11:20:01,657 - INFO - EPOCH 4 - PROGRESS: at 91.42% examples, 680649 words/s, in_qsize 31, out_qsize 0
2026-03-26 11:20:02,670 - INFO - EPOCH 4 - PROGRESS: at 91.52% examples, 680600 words/s, in_qsize 32, out_qsize 3
2026-03-26 11:20:03,672 - INFO - EPOCH 4 - PROGRESS: at 91.65% examples, 680611 words/s, in_qsize 30, out_qsize 1
2026-03-26 11:20:04,683 - INFO - EPOCH 4 - PROGRESS: at 91.82% examples, 680619 words/s, in_qsize 32, out_qsize 5
2026-03-26 11:20:05,713 - INFO - EPOCH 4 - PROGRESS: at 92.02% examples, 680696 words/s, in_qsize 32, out_qsize 0
2026-03-26 11:20:06,715 - INFO - EPOCH 4 - PROGRESS: at 92.23% examples, 680779 words/s, in_qsize 29, out_qsize 2
2026-03-26 11:20:07,728 - INFO - EPOCH 4 - PROGRESS: at 92.41% examples, 680777 words/s, in_qsize 31, out_qsize 0
2026-03-26 11:20:08,741 - INFO - EPOCH 4 - PROGRESS: at 92.60% examples, 680788 words/s, in_qsize 31, out_qsize 0
2026-03-26 11:20:09,754 - INFO - EPOCH 4 - PROGRESS: at 92.80% examples, 680847 words/s, in_qsize 32, out_qsize 1
2026-03-26 11:20:10,771 - INFO - EPOCH 4 - PROGRESS: at 92.99% examples, 680864 words/s, in_qsize 31, out_qsize 1
2026-03-26 11:20:11,777 - INFO - EPOCH 4 - PROGRESS: at 93.19% examples, 680942 words/s, in_qsize 31, out_qsize 1
2026-03-26 11:20:12,854 - INFO - EPOCH 4 - PROGRESS: at 93.38% examples, 680874 words/s, in_qsize 31, out_qsize 0
2026-03-26 11:20:13,909 - INFO - EPOCH 4 - PROGRESS: at 93.57% examples, 680852 words/s, in_qsize 31, out_qsize 0
2026-03-26 11:20:14,916 - INFO - EPOCH 4 - PROGRESS: at 93.78% examples, 680941 words/s, in_qsize 30, out_qsize 1
2026-03-26 11:20:15,942 - INFO - EPOCH 4 - PROGRESS: at 93.96% examples, 680912 words/s, in_qsize 31, out_qsize 1
2026-03-26 11:20:16,959 - INFO - EPOCH 4 - PROGRESS: at 94.17% examples, 680999 words/s, in_qsize 32, out_qsize 0
2026-03-26 11:20:17,966 - INFO - EPOCH 4 - PROGRESS: at 94.35% examples, 681003 words/s, in_qsize 30, out_qsize 1
2026-03-26 11:20:18,975 - INFO - EPOCH 4 - PROGRESS: at 94.45% examples, 680989 words/s, in_qsize 31, out_qsize 0
2026-03-26 11:20:19,988 - INFO - EPOCH 4 - PROGRESS: at 94.55% examples, 680969 words/s, in_qsize 31, out_qsize 1
2026-03-26 11:20:20,994 - INFO - EPOCH 4 - PROGRESS: at 94.67% examples, 680973 words/s, in_qsize 29, out_qsize 2
2026-03-26 11:20:22,026 - INFO - EPOCH 4 - PROGRESS: at 94.80% examples, 680976 words/s, in_qsize 30, out_qsize 1
2026-03-26 11:20:23,032 - INFO - EPOCH 4 - PROGRESS: at 94.91% examples, 680978 words/s, in_qsize 32, out_qsize 1
2026-03-26 11:20:24,040 - INFO - EPOCH 4 - PROGRESS: at 95.02% examples, 680996 words/s, in_qsize 31, out_qsize 0
2026-03-26 11:20:25,054 - INFO - EPOCH 4 - PROGRESS: at 95.16% examples, 680991 words/s, in_qsize 30, out_qsize 1
2026-03-26 11:20:26,067 - INFO - EPOCH 4 - PROGRESS: at 95.26% examples, 680990 words/s, in_qsize 32, out_qsize 0
2026-03-26 11:20:27,073 - INFO - EPOCH 4 - PROGRESS: at 95.36% examples, 680984 words/s, in_qsize 32, out_qsize 0
2026-03-26 11:20:28,085 - INFO - EPOCH 4 - PROGRESS: at 95.52% examples, 681024 words/s, in_qsize 29, out_qsize 2
2026-03-26 11:20:29,143 - INFO - EPOCH 4 - PROGRESS: at 95.67% examples, 680973 words/s, in_qsize 31, out_qsize 3
2026-03-26 11:20:30,144 - INFO - EPOCH 4 - PROGRESS: at 95.79% examples, 681001 words/s, in_qsize 30, out_qsize 1
2026-03-26 11:20:31,153 - INFO - EPOCH 4 - PROGRESS: at 95.88% examples, 681004 words/s, in_qsize 31, out_qsize 1
2026-03-26 11:20:32,167 - INFO - EPOCH 4 - PROGRESS: at 95.99% examples, 680988 words/s, in_qsize 31, out_qsize 0
2026-03-26 11:20:33,182 - INFO - EPOCH 4 - PROGRESS: at 96.10% examples, 680956 words/s, in_qsize 30, out_qsize 1
2026-03-26 11:20:34,199 - INFO - EPOCH 4 - PROGRESS: at 96.23% examples, 680931 words/s, in_qsize 29, out_qsize 2
2026-03-26 11:20:35,204 - INFO - EPOCH 4 - PROGRESS: at 96.37% examples, 680952 words/s, in_qsize 31, out_qsize 1
2026-03-26 11:20:36,221 - INFO - EPOCH 4 - PROGRESS: at 96.51% examples, 680923 words/s, in_qsize 32, out_qsize 3
2026-03-26 11:20:37,252 - INFO - EPOCH 4 - PROGRESS: at 96.65% examples, 680964 words/s, in_qsize 31, out_qsize 2
2026-03-26 11:20:38,256 - INFO - EPOCH 4 - PROGRESS: at 96.82% examples, 680987 words/s, in_qsize 32, out_qsize 0
2026-03-26 11:20:39,263 - INFO - EPOCH 4 - PROGRESS: at 96.93% examples, 680976 words/s, in_qsize 30, out_qsize 1
2026-03-26 11:20:40,332 - INFO - EPOCH 4 - PROGRESS: at 96.99% examples, 680892 words/s, in_qsize 31, out_qsize 0
2026-03-26 11:20:41,342 - INFO - EPOCH 4 - PROGRESS: at 97.11% examples, 680859 words/s, in_qsize 32, out_qsize 2
2026-03-26 11:20:42,344 - INFO - EPOCH 4 - PROGRESS: at 97.24% examples, 680911 words/s, in_qsize 31, out_qsize 0
2026-03-26 11:20:43,346 - INFO - EPOCH 4 - PROGRESS: at 97.41% examples, 680901 words/s, in_qsize 28, out_qsize 2
2026-03-26 11:20:44,347 - INFO - EPOCH 4 - PROGRESS: at 97.54% examples, 680927 words/s, in_qsize 32, out_qsize 0
2026-03-26 11:20:45,359 - INFO - EPOCH 4 - PROGRESS: at 97.64% examples, 680887 words/s, in_qsize 31, out_qsize 0
2026-03-26 11:20:46,375 - INFO - EPOCH 4 - PROGRESS: at 97.77% examples, 680887 words/s, in_qsize 31, out_qsize 0
2026-03-26 11:20:47,393 - INFO - EPOCH 4 - PROGRESS: at 97.89% examples, 680871 words/s, in_qsize 27, out_qsize 1
2026-03-26 11:20:48,410 - INFO - EPOCH 4 - PROGRESS: at 97.99% examples, 680850 words/s, in_qsize 30, out_qsize 2
2026-03-26 11:20:49,418 - INFO - EPOCH 4 - PROGRESS: at 98.13% examples, 680880 words/s, in_qsize 32, out_qsize 0
2026-03-26 11:20:50,422 - INFO - EPOCH 4 - PROGRESS: at 98.26% examples, 680893 words/s, in_qsize 32, out_qsize 0
2026-03-26 11:20:51,475 - INFO - EPOCH 4 - PROGRESS: at 98.40% examples, 680882 words/s, in_qsize 31, out_qsize 2
2026-03-26 11:20:52,475 - INFO - EPOCH 4 - PROGRESS: at 98.53% examples, 680941 words/s, in_qsize 31, out_qsize 0
2026-03-26 11:20:53,497 - INFO - EPOCH 4 - PROGRESS: at 98.62% examples, 680889 words/s, in_qsize 32, out_qsize 2
2026-03-26 11:20:54,520 - INFO - EPOCH 4 - PROGRESS: at 98.70% examples, 680864 words/s, in_qsize 32, out_qsize 2
2026-03-26 11:20:55,521 - INFO - EPOCH 4 - PROGRESS: at 98.80% examples, 680865 words/s, in_qsize 32, out_qsize 2
2026-03-26 11:20:56,539 - INFO - EPOCH 4 - PROGRESS: at 98.96% examples, 680888 words/s, in_qsize 32, out_qsize 1
2026-03-26 11:20:57,569 - INFO - EPOCH 4 - PROGRESS: at 99.13% examples, 680896 words/s, in_qsize 31, out_qsize 0
2026-03-26 11:20:58,600 - INFO - EPOCH 4 - PROGRESS: at 99.30% examples, 680911 words/s, in_qsize 32, out_qsize 2
2026-03-26 11:20:59,610 - INFO - EPOCH 4 - PROGRESS: at 99.43% examples, 680912 words/s, in_qsize 32, out_qsize 0
2026-03-26 11:21:00,632 - INFO - EPOCH 4 - PROGRESS: at 99.58% examples, 680928 words/s, in_qsize 32, out_qsize 2
2026-03-26 11:21:01,660 - INFO - EPOCH 4 - PROGRESS: at 99.71% examples, 680899 words/s, in_qsize 31, out_qsize 1
2026-03-26 11:21:02,688 - INFO - EPOCH 4 - PROGRESS: at 99.85% examples, 680928 words/s, in_qsize 30, out_qsize 1
2026-03-26 11:21:03,706 - INFO - EPOCH 4 - PROGRESS: at 99.94% examples, 680917 words/s, in_qsize 30, out_qsize 0
2026-03-26 11:21:03,961 - DEBUG - job loop exiting, total 60863 jobs
2026-03-26 11:21:04,165 - DEBUG - worker exiting, processed 3793 jobs
2026-03-26 11:21:04,165 - DEBUG - worker thread finished; awaiting finish of 15 more threads
2026-03-26 11:21:04,183 - DEBUG - worker exiting, processed 3801 jobs
2026-03-26 11:21:04,183 - DEBUG - worker thread finished; awaiting finish of 14 more threads
2026-03-26 11:21:04,186 - DEBUG - worker exiting, processed 3808 jobs
2026-03-26 11:21:04,186 - DEBUG - worker thread finished; awaiting finish of 13 more threads
2026-03-26 11:21:04,196 - DEBUG - worker exiting, processed 3799 jobs
2026-03-26 11:21:04,196 - DEBUG - worker thread finished; awaiting finish of 12 more threads
2026-03-26 11:21:04,205 - DEBUG - worker exiting, processed 3801 jobs
2026-03-26 11:21:04,206 - DEBUG - worker thread finished; awaiting finish of 11 more threads
2026-03-26 11:21:04,210 - DEBUG - worker exiting, processed 3813 jobs
2026-03-26 11:21:04,210 - DEBUG - worker thread finished; awaiting finish of 10 more threads
2026-03-26 11:21:04,217 - DEBUG - worker exiting, processed 3809 jobs
2026-03-26 11:21:04,217 - DEBUG - worker thread finished; awaiting finish of 9 more threads
2026-03-26 11:21:04,221 - DEBUG - worker exiting, processed 3794 jobs
2026-03-26 11:21:04,221 - DEBUG - worker thread finished; awaiting finish of 8 more threads
2026-03-26 11:21:04,238 - DEBUG - worker exiting, processed 3802 jobs
2026-03-26 11:21:04,239 - DEBUG - worker thread finished; awaiting finish of 7 more threads
2026-03-26 11:21:04,250 - DEBUG - worker exiting, processed 3806 jobs
2026-03-26 11:21:04,250 - DEBUG - worker thread finished; awaiting finish of 6 more threads
2026-03-26 11:21:04,267 - DEBUG - worker exiting, processed 3807 jobs
2026-03-26 11:21:04,267 - DEBUG - worker thread finished; awaiting finish of 5 more threads
2026-03-26 11:21:04,277 - DEBUG - worker exiting, processed 3810 jobs
2026-03-26 11:21:04,277 - DEBUG - worker thread finished; awaiting finish of 4 more threads
2026-03-26 11:21:04,284 - DEBUG - worker exiting, processed 3804 jobs
2026-03-26 11:21:04,284 - DEBUG - worker thread finished; awaiting finish of 3 more threads
2026-03-26 11:21:04,292 - DEBUG - worker exiting, processed 3807 jobs
2026-03-26 11:21:04,293 - DEBUG - worker thread finished; awaiting finish of 2 more threads
2026-03-26 11:21:04,301 - DEBUG - worker exiting, processed 3810 jobs
2026-03-26 11:21:04,301 - DEBUG - worker thread finished; awaiting finish of 1 more threads
2026-03-26 11:21:04,305 - DEBUG - worker exiting, processed 3799 jobs
2026-03-26 11:21:04,305 - DEBUG - worker thread finished; awaiting finish of 0 more threads
2026-03-26 11:21:04,306 - INFO - EPOCH 4: training on 604933589 raw words (478058056 effective words) took 702.0s, 680947 effective words/s
2026-03-26 11:21:04,306 - INFO - Epoch 5 completed in 702.1s
2026-03-26 11:21:04,306 - INFO - Epoch 6 starting...
2026-03-26 11:21:05,332 - INFO - EPOCH 5 - PROGRESS: at 0.08% examples, 525840 words/s, in_qsize 32, out_qsize 0
2026-03-26 11:21:06,349 - INFO - EPOCH 5 - PROGRESS: at 0.21% examples, 597974 words/s, in_qsize 32, out_qsize 2
2026-03-26 11:21:07,361 - INFO - EPOCH 5 - PROGRESS: at 0.37% examples, 629162 words/s, in_qsize 32, out_qsize 1
2026-03-26 11:21:08,393 - INFO - EPOCH 5 - PROGRESS: at 0.51% examples, 624087 words/s, in_qsize 31, out_qsize 0
2026-03-26 11:21:09,398 - INFO - EPOCH 5 - PROGRESS: at 0.66% examples, 632143 words/s, in_qsize 32, out_qsize 1
2026-03-26 11:21:10,404 - INFO - EPOCH 5 - PROGRESS: at 0.82% examples, 644090 words/s, in_qsize 30, out_qsize 0
2026-03-26 11:21:11,435 - INFO - EPOCH 5 - PROGRESS: at 0.98% examples, 647888 words/s, in_qsize 32, out_qsize 0
2026-03-26 11:21:12,443 - INFO - EPOCH 5 - PROGRESS: at 1.13% examples, 651533 words/s, in_qsize 31, out_qsize 0
2026-03-26 11:21:13,471 - INFO - EPOCH 5 - PROGRESS: at 1.29% examples, 654731 words/s, in_qsize 29, out_qsize 2
2026-03-26 11:21:14,482 - INFO - EPOCH 5 - PROGRESS: at 1.41% examples, 657525 words/s, in_qsize 32, out_qsize 0
2026-03-26 11:21:15,488 - INFO - EPOCH 5 - PROGRESS: at 1.53% examples, 660178 words/s, in_qsize 32, out_qsize 0
2026-03-26 11:21:16,510 - INFO - EPOCH 5 - PROGRESS: at 1.66% examples, 660847 words/s, in_qsize 32, out_qsize 1
2026-03-26 11:21:17,525 - INFO - EPOCH 5 - PROGRESS: at 1.78% examples, 662185 words/s, in_qsize 30, out_qsize 1
2026-03-26 11:21:18,527 - INFO - EPOCH 5 - PROGRESS: at 1.90% examples, 662884 words/s, in_qsize 30, out_qsize 2
2026-03-26 11:21:19,543 - INFO - EPOCH 5 - PROGRESS: at 2.02% examples, 664642 words/s, in_qsize 32, out_qsize 0
2026-03-26 11:21:20,568 - INFO - EPOCH 5 - PROGRESS: at 2.14% examples, 664082 words/s, in_qsize 29, out_qsize 3
2026-03-26 11:21:21,591 - INFO - EPOCH 5 - PROGRESS: at 2.25% examples, 665461 words/s, in_qsize 31, out_qsize 0
2026-03-26 11:21:22,598 - INFO - EPOCH 5 - PROGRESS: at 2.36% examples, 663813 words/s, in_qsize 29, out_qsize 8
2026-03-26 11:21:23,614 - INFO - EPOCH 5 - PROGRESS: at 2.49% examples, 667314 words/s, in_qsize 31, out_qsize 0
2026-03-26 11:21:24,630 - INFO - EPOCH 5 - PROGRESS: at 2.61% examples, 667700 words/s, in_qsize 32, out_qsize 0
2026-03-26 11:21:25,656 - INFO - EPOCH 5 - PROGRESS: at 2.73% examples, 668240 words/s, in_qsize 31, out_qsize 1
2026-03-26 11:21:26,674 - INFO - EPOCH 5 - PROGRESS: at 2.85% examples, 668190 words/s, in_qsize 29, out_qsize 2
2026-03-26 11:21:27,686 - INFO - EPOCH 5 - PROGRESS: at 2.97% examples, 668705 words/s, in_qsize 32, out_qsize 2
2026-03-26 11:21:28,695 - INFO - EPOCH 5 - PROGRESS: at 3.09% examples, 669268 words/s, in_qsize 30, out_qsize 1
2026-03-26 11:21:29,708 - INFO - EPOCH 5 - PROGRESS: at 3.26% examples, 670796 words/s, in_qsize 31, out_qsize 0
2026-03-26 11:21:30,723 - INFO - EPOCH 5 - PROGRESS: at 3.41% examples, 670689 words/s, in_qsize 30, out_qsize 0
2026-03-26 11:21:31,728 - INFO - EPOCH 5 - PROGRESS: at 3.54% examples, 670917 words/s, in_qsize 30, out_qsize 0
2026-03-26 11:21:32,738 - INFO - EPOCH 5 - PROGRESS: at 3.70% examples, 671245 words/s, in_qsize 31, out_qsize 1
2026-03-26 11:21:33,750 - INFO - EPOCH 5 - PROGRESS: at 3.84% examples, 671985 words/s, in_qsize 31, out_qsize 0
2026-03-26 11:21:34,774 - INFO - EPOCH 5 - PROGRESS: at 3.99% examples, 672407 words/s, in_qsize 32, out_qsize 0
2026-03-26 11:21:35,781 - INFO - EPOCH 5 - PROGRESS: at 4.14% examples, 673089 words/s, in_qsize 31, out_qsize 0
2026-03-26 11:21:36,805 - INFO - EPOCH 5 - PROGRESS: at 4.29% examples, 673001 words/s, in_qsize 29, out_qsize 2
2026-03-26 11:21:37,845 - INFO - EPOCH 5 - PROGRESS: at 4.43% examples, 673026 words/s, in_qsize 30, out_qsize 1
2026-03-26 11:21:38,861 - INFO - EPOCH 5 - PROGRESS: at 4.56% examples, 674075 words/s, in_qsize 32, out_qsize 1
2026-03-26 11:21:39,872 - INFO - EPOCH 5 - PROGRESS: at 4.67% examples, 673952 words/s, in_qsize 30, out_qsize 1
2026-03-26 11:21:40,873 - INFO - EPOCH 5 - PROGRESS: at 4.77% examples, 674010 words/s, in_qsize 32, out_qsize 0
2026-03-26 11:21:41,873 - INFO - EPOCH 5 - PROGRESS: at 4.87% examples, 674277 words/s, in_qsize 31, out_qsize 0
2026-03-26 11:21:42,894 - INFO - EPOCH 5 - PROGRESS: at 4.96% examples, 673717 words/s, in_qsize 30, out_qsize 1
2026-03-26 11:21:43,924 - INFO - EPOCH 5 - PROGRESS: at 5.10% examples, 673561 words/s, in_qsize 29, out_qsize 4
2026-03-26 11:21:44,942 - INFO - EPOCH 5 - PROGRESS: at 5.25% examples, 674211 words/s, in_qsize 32, out_qsize 0
2026-03-26 11:21:45,951 - INFO - EPOCH 5 - PROGRESS: at 5.40% examples, 674384 words/s, in_qsize 31, out_qsize 0
2026-03-26 11:21:46,974 - INFO - EPOCH 5 - PROGRESS: at 5.55% examples, 674351 words/s, in_qsize 30, out_qsize 1
2026-03-26 11:21:47,986 - INFO - EPOCH 5 - PROGRESS: at 5.67% examples, 673446 words/s, in_qsize 31, out_qsize 0
2026-03-26 11:21:49,011 - INFO - EPOCH 5 - PROGRESS: at 5.78% examples, 673368 words/s, in_qsize 32, out_qsize 2
2026-03-26 11:21:50,036 - INFO - EPOCH 5 - PROGRESS: at 5.92% examples, 673337 words/s, in_qsize 30, out_qsize 3
2026-03-26 11:21:51,045 - INFO - EPOCH 5 - PROGRESS: at 6.08% examples, 673840 words/s, in_qsize 32, out_qsize 1
2026-03-26 11:21:52,046 - INFO - EPOCH 5 - PROGRESS: at 6.22% examples, 673858 words/s, in_qsize 31, out_qsize 0
2026-03-26 11:21:53,052 - INFO - EPOCH 5 - PROGRESS: at 6.42% examples, 673983 words/s, in_qsize 31, out_qsize 0
2026-03-26 11:21:54,097 - INFO - EPOCH 5 - PROGRESS: at 6.62% examples, 673591 words/s, in_qsize 32, out_qsize 0
2026-03-26 11:21:55,169 - INFO - EPOCH 5 - PROGRESS: at 6.79% examples, 670705 words/s, in_qsize 28, out_qsize 7
2026-03-26 11:21:56,231 - INFO - EPOCH 5 - PROGRESS: at 6.99% examples, 669864 words/s, in_qsize 32, out_qsize 2
2026-03-26 11:21:57,236 - INFO - EPOCH 5 - PROGRESS: at 7.14% examples, 668290 words/s, in_qsize 28, out_qsize 3
2026-03-26 11:21:58,271 - INFO - EPOCH 5 - PROGRESS: at 7.23% examples, 668139 words/s, in_qsize 32, out_qsize 0
2026-03-26 11:21:59,280 - INFO - EPOCH 5 - PROGRESS: at 7.34% examples, 666348 words/s, in_qsize 32, out_qsize 3
2026-03-26 11:22:00,285 - INFO - EPOCH 5 - PROGRESS: at 7.50% examples, 666697 words/s, in_qsize 31, out_qsize 0
2026-03-26 11:22:01,286 - INFO - EPOCH 5 - PROGRESS: at 7.61% examples, 666543 words/s, in_qsize 31, out_qsize 0
2026-03-26 11:22:02,289 - INFO - EPOCH 5 - PROGRESS: at 7.74% examples, 666888 words/s, in_qsize 31, out_qsize 0
2026-03-26 11:22:03,300 - INFO - EPOCH 5 - PROGRESS: at 7.89% examples, 667159 words/s, in_qsize 32, out_qsize 0
2026-03-26 11:22:04,335 - INFO - EPOCH 5 - PROGRESS: at 8.02% examples, 667073 words/s, in_qsize 31, out_qsize 0
2026-03-26 11:22:05,340 - INFO - EPOCH 5 - PROGRESS: at 8.15% examples, 667274 words/s, in_qsize 31, out_qsize 2
2026-03-26 11:22:06,342 - INFO - EPOCH 5 - PROGRESS: at 8.27% examples, 667008 words/s, in_qsize 31, out_qsize 0
2026-03-26 11:22:07,349 - INFO - EPOCH 5 - PROGRESS: at 8.40% examples, 666463 words/s, in_qsize 29, out_qsize 2
2026-03-26 11:22:08,358 - INFO - EPOCH 5 - PROGRESS: at 8.50% examples, 666922 words/s, in_qsize 31, out_qsize 1
2026-03-26 11:22:09,368 - INFO - EPOCH 5 - PROGRESS: at 8.59% examples, 666806 words/s, in_qsize 32, out_qsize 2
2026-03-26 11:22:10,390 - INFO - EPOCH 5 - PROGRESS: at 8.72% examples, 666982 words/s, in_qsize 32, out_qsize 2
2026-03-26 11:22:11,426 - INFO - EPOCH 5 - PROGRESS: at 8.86% examples, 667027 words/s, in_qsize 32, out_qsize 3
2026-03-26 11:22:12,455 - INFO - EPOCH 5 - PROGRESS: at 9.01% examples, 667577 words/s, in_qsize 32, out_qsize 0
2026-03-26 11:22:13,457 - INFO - EPOCH 5 - PROGRESS: at 9.13% examples, 667793 words/s, in_qsize 31, out_qsize 0
2026-03-26 11:22:14,468 - INFO - EPOCH 5 - PROGRESS: at 9.27% examples, 667984 words/s, in_qsize 31, out_qsize 0
2026-03-26 11:22:15,478 - INFO - EPOCH 5 - PROGRESS: at 9.39% examples, 667803 words/s, in_qsize 28, out_qsize 3
2026-03-26 11:22:16,514 - INFO - EPOCH 5 - PROGRESS: at 9.51% examples, 668350 words/s, in_qsize 30, out_qsize 1
2026-03-26 11:22:17,521 - INFO - EPOCH 5 - PROGRESS: at 9.65% examples, 668641 words/s, in_qsize 30, out_qsize 1
2026-03-26 11:22:18,522 - INFO - EPOCH 5 - PROGRESS: at 9.78% examples, 668860 words/s, in_qsize 31, out_qsize 0
2026-03-26 11:22:19,524 - INFO - EPOCH 5 - PROGRESS: at 9.93% examples, 669050 words/s, in_qsize 30, out_qsize 1
2026-03-26 11:22:20,538 - INFO - EPOCH 5 - PROGRESS: at 10.08% examples, 669043 words/s, in_qsize 32, out_qsize 1
2026-03-26 11:22:21,541 - INFO - EPOCH 5 - PROGRESS: at 10.23% examples, 669325 words/s, in_qsize 31, out_qsize 0
2026-03-26 11:22:22,547 - INFO - EPOCH 5 - PROGRESS: at 10.35% examples, 669178 words/s, in_qsize 32, out_qsize 2
2026-03-26 11:22:23,557 - INFO - EPOCH 5 - PROGRESS: at 10.51% examples, 669790 words/s, in_qsize 29, out_qsize 1
2026-03-26 11:22:24,575 - INFO - EPOCH 5 - PROGRESS: at 10.64% examples, 669626 words/s, in_qsize 32, out_qsize 3
2026-03-26 11:22:25,593 - INFO - EPOCH 5 - PROGRESS: at 10.84% examples, 670341 words/s, in_qsize 31, out_qsize 1
2026-03-26 11:22:26,606 - INFO - EPOCH 5 - PROGRESS: at 11.03% examples, 670502 words/s, in_qsize 29, out_qsize 2
2026-03-26 11:22:27,621 - INFO - EPOCH 5 - PROGRESS: at 11.22% examples, 671005 words/s, in_qsize 31, out_qsize 0
2026-03-26 11:22:28,636 - INFO - EPOCH 5 - PROGRESS: at 11.42% examples, 671329 words/s, in_qsize 32, out_qsize 0
2026-03-26 11:22:29,643 - INFO - EPOCH 5 - PROGRESS: at 11.59% examples, 671723 words/s, in_qsize 31, out_qsize 0
2026-03-26 11:22:30,645 - INFO - EPOCH 5 - PROGRESS: at 11.68% examples, 671302 words/s, in_qsize 32, out_qsize 1
2026-03-26 11:22:31,703 - INFO - EPOCH 5 - PROGRESS: at 11.85% examples, 671087 words/s, in_qsize 31, out_qsize 0
2026-03-26 11:22:32,728 - INFO - EPOCH 5 - PROGRESS: at 12.07% examples, 671466 words/s, in_qsize 31, out_qsize 0
2026-03-26 11:22:33,782 - INFO - EPOCH 5 - PROGRESS: at 12.30% examples, 671970 words/s, in_qsize 30, out_qsize 3
2026-03-26 11:22:34,816 - INFO - EPOCH 5 - PROGRESS: at 12.54% examples, 672952 words/s, in_qsize 31, out_qsize 0
2026-03-26 11:22:35,819 - INFO - EPOCH 5 - PROGRESS: at 12.76% examples, 673459 words/s, in_qsize 30, out_qsize 1
2026-03-26 11:22:36,838 - INFO - EPOCH 5 - PROGRESS: at 13.00% examples, 674189 words/s, in_qsize 31, out_qsize 0
2026-03-26 11:22:37,859 - INFO - EPOCH 5 - PROGRESS: at 13.23% examples, 674868 words/s, in_qsize 32, out_qsize 0
2026-03-26 11:22:38,866 - INFO - EPOCH 5 - PROGRESS: at 13.46% examples, 675406 words/s, in_qsize 32, out_qsize 2
2026-03-26 11:22:39,882 - INFO - EPOCH 5 - PROGRESS: at 13.69% examples, 676185 words/s, in_qsize 32, out_qsize 1
2026-03-26 11:22:40,888 - INFO - EPOCH 5 - PROGRESS: at 13.92% examples, 676695 words/s, in_qsize 31, out_qsize 1
2026-03-26 11:22:41,913 - INFO - EPOCH 5 - PROGRESS: at 14.13% examples, 677175 words/s, in_qsize 32, out_qsize 0
2026-03-26 11:22:42,913 - INFO - EPOCH 5 - PROGRESS: at 14.29% examples, 677240 words/s, in_qsize 32, out_qsize 1
2026-03-26 11:22:43,918 - INFO - EPOCH 5 - PROGRESS: at 14.46% examples, 677422 words/s, in_qsize 31, out_qsize 0
2026-03-26 11:22:44,932 - INFO - EPOCH 5 - PROGRESS: at 14.62% examples, 677230 words/s, in_qsize 30, out_qsize 4
2026-03-26 11:22:45,933 - INFO - EPOCH 5 - PROGRESS: at 14.80% examples, 677673 words/s, in_qsize 32, out_qsize 0
2026-03-26 11:22:46,959 - INFO - EPOCH 5 - PROGRESS: at 14.96% examples, 677176 words/s, in_qsize 32, out_qsize 0
2026-03-26 11:22:47,980 - INFO - EPOCH 5 - PROGRESS: at 15.12% examples, 677250 words/s, in_qsize 31, out_qsize 0
2026-03-26 11:22:49,049 - INFO - EPOCH 5 - PROGRESS: at 15.27% examples, 676107 words/s, in_qsize 31, out_qsize 11
2026-03-26 11:22:50,076 - INFO - EPOCH 5 - PROGRESS: at 15.43% examples, 676108 words/s, in_qsize 31, out_qsize 0
2026-03-26 11:22:51,080 - INFO - EPOCH 5 - PROGRESS: at 15.59% examples, 676010 words/s, in_qsize 31, out_qsize 0
2026-03-26 11:22:52,091 - INFO - EPOCH 5 - PROGRESS: at 15.77% examples, 676281 words/s, in_qsize 26, out_qsize 0
2026-03-26 11:22:53,095 - INFO - EPOCH 5 - PROGRESS: at 15.94% examples, 676679 words/s, in_qsize 31, out_qsize 0
2026-03-26 11:22:54,095 - INFO - EPOCH 5 - PROGRESS: at 16.11% examples, 676735 words/s, in_qsize 30, out_qsize 1
2026-03-26 11:22:55,099 - INFO - EPOCH 5 - PROGRESS: at 16.29% examples, 677043 words/s, in_qsize 32, out_qsize 1
2026-03-26 11:22:56,110 - INFO - EPOCH 5 - PROGRESS: at 16.46% examples, 677101 words/s, in_qsize 31, out_qsize 5
2026-03-26 11:22:57,115 - INFO - EPOCH 5 - PROGRESS: at 16.64% examples, 677739 words/s, in_qsize 29, out_qsize 1
2026-03-26 11:22:58,118 - INFO - EPOCH 5 - PROGRESS: at 16.81% examples, 677837 words/s, in_qsize 32, out_qsize 0
2026-03-26 11:22:59,125 - INFO - EPOCH 5 - PROGRESS: at 16.99% examples, 678250 words/s, in_qsize 30, out_qsize 0
2026-03-26 11:23:00,147 - INFO - EPOCH 5 - PROGRESS: at 17.17% examples, 678499 words/s, in_qsize 31, out_qsize 0
2026-03-26 11:23:01,155 - INFO - EPOCH 5 - PROGRESS: at 17.35% examples, 678692 words/s, in_qsize 32, out_qsize 0
2026-03-26 11:23:02,179 - INFO - EPOCH 5 - PROGRESS: at 17.52% examples, 678726 words/s, in_qsize 32, out_qsize 0
2026-03-26 11:23:03,217 - INFO - EPOCH 5 - PROGRESS: at 17.69% examples, 678647 words/s, in_qsize 29, out_qsize 3
2026-03-26 11:23:04,218 - INFO - EPOCH 5 - PROGRESS: at 17.87% examples, 678913 words/s, in_qsize 31, out_qsize 0
2026-03-26 11:23:05,238 - INFO - EPOCH 5 - PROGRESS: at 18.04% examples, 678673 words/s, in_qsize 32, out_qsize 4
2026-03-26 11:23:06,240 - INFO - EPOCH 5 - PROGRESS: at 18.20% examples, 678722 words/s, in_qsize 29, out_qsize 4
2026-03-26 11:23:07,241 - INFO - EPOCH 5 - PROGRESS: at 18.38% examples, 679100 words/s, in_qsize 31, out_qsize 0
2026-03-26 11:23:08,245 - INFO - EPOCH 5 - PROGRESS: at 18.55% examples, 679140 words/s, in_qsize 31, out_qsize 0
2026-03-26 11:23:09,255 - INFO - EPOCH 5 - PROGRESS: at 18.71% examples, 679205 words/s, in_qsize 32, out_qsize 1
2026-03-26 11:23:10,273 - INFO - EPOCH 5 - PROGRESS: at 18.81% examples, 678887 words/s, in_qsize 27, out_qsize 4
2026-03-26 11:23:11,290 - INFO - EPOCH 5 - PROGRESS: at 18.94% examples, 679128 words/s, in_qsize 32, out_qsize 0
2026-03-26 11:23:12,359 - INFO - EPOCH 5 - PROGRESS: at 19.08% examples, 678834 words/s, in_qsize 31, out_qsize 0
2026-03-26 11:23:13,375 - INFO - EPOCH 5 - PROGRESS: at 19.20% examples, 678016 words/s, in_qsize 31, out_qsize 0
2026-03-26 11:23:14,386 - INFO - EPOCH 5 - PROGRESS: at 19.34% examples, 678017 words/s, in_qsize 31, out_qsize 0
2026-03-26 11:23:15,400 - INFO - EPOCH 5 - PROGRESS: at 19.49% examples, 677339 words/s, in_qsize 31, out_qsize 0
2026-03-26 11:23:16,420 - INFO - EPOCH 5 - PROGRESS: at 19.63% examples, 677132 words/s, in_qsize 29, out_qsize 3
2026-03-26 11:23:17,435 - INFO - EPOCH 5 - PROGRESS: at 19.78% examples, 677290 words/s, in_qsize 29, out_qsize 2
2026-03-26 11:23:18,437 - INFO - EPOCH 5 - PROGRESS: at 19.94% examples, 677494 words/s, in_qsize 31, out_qsize 0
2026-03-26 11:23:19,438 - INFO - EPOCH 5 - PROGRESS: at 20.10% examples, 677543 words/s, in_qsize 29, out_qsize 1
2026-03-26 11:23:20,458 - INFO - EPOCH 5 - PROGRESS: at 20.24% examples, 677544 words/s, in_qsize 32, out_qsize 1
2026-03-26 11:23:21,465 - INFO - EPOCH 5 - PROGRESS: at 20.35% examples, 677602 words/s, in_qsize 31, out_qsize 0
2026-03-26 11:23:22,474 - INFO - EPOCH 5 - PROGRESS: at 20.46% examples, 677410 words/s, in_qsize 31, out_qsize 0
2026-03-26 11:23:23,496 - INFO - EPOCH 5 - PROGRESS: at 20.56% examples, 677289 words/s, in_qsize 31, out_qsize 1
2026-03-26 11:23:24,508 - INFO - EPOCH 5 - PROGRESS: at 20.67% examples, 677432 words/s, in_qsize 32, out_qsize 0
2026-03-26 11:23:25,542 - INFO - EPOCH 5 - PROGRESS: at 20.77% examples, 677241 words/s, in_qsize 32, out_qsize 3
2026-03-26 11:23:26,551 - INFO - EPOCH 5 - PROGRESS: at 20.92% examples, 677463 words/s, in_qsize 31, out_qsize 0
2026-03-26 11:23:27,560 - INFO - EPOCH 5 - PROGRESS: at 21.08% examples, 677478 words/s, in_qsize 32, out_qsize 0
2026-03-26 11:23:28,594 - INFO - EPOCH 5 - PROGRESS: at 21.27% examples, 677559 words/s, in_qsize 31, out_qsize 3
2026-03-26 11:23:29,598 - INFO - EPOCH 5 - PROGRESS: at 21.46% examples, 677829 words/s, in_qsize 32, out_qsize 0
2026-03-26 11:23:30,612 - INFO - EPOCH 5 - PROGRESS: at 21.57% examples, 677773 words/s, in_qsize 31, out_qsize 0
2026-03-26 11:23:31,635 - INFO - EPOCH 5 - PROGRESS: at 21.70% examples, 677805 words/s, in_qsize 32, out_qsize 2
2026-03-26 11:23:32,641 - INFO - EPOCH 5 - PROGRESS: at 21.82% examples, 677792 words/s, in_qsize 31, out_qsize 0
2026-03-26 11:23:33,645 - INFO - EPOCH 5 - PROGRESS: at 22.02% examples, 678175 words/s, in_qsize 30, out_qsize 1
2026-03-26 11:23:34,660 - INFO - EPOCH 5 - PROGRESS: at 22.16% examples, 678079 words/s, in_qsize 32, out_qsize 1
2026-03-26 11:23:35,683 - INFO - EPOCH 5 - PROGRESS: at 22.33% examples, 677867 words/s, in_qsize 31, out_qsize 0
2026-03-26 11:23:36,688 - INFO - EPOCH 5 - PROGRESS: at 22.57% examples, 677846 words/s, in_qsize 29, out_qsize 1
2026-03-26 11:23:37,730 - INFO - EPOCH 5 - PROGRESS: at 22.79% examples, 677725 words/s, in_qsize 32, out_qsize 1
2026-03-26 11:23:38,751 - INFO - EPOCH 5 - PROGRESS: at 22.95% examples, 677700 words/s, in_qsize 29, out_qsize 2
2026-03-26 11:23:39,757 - INFO - EPOCH 5 - PROGRESS: at 23.12% examples, 677787 words/s, in_qsize 30, out_qsize 1
2026-03-26 11:23:40,775 - INFO - EPOCH 5 - PROGRESS: at 23.29% examples, 677742 words/s, in_qsize 31, out_qsize 0
2026-03-26 11:23:41,777 - INFO - EPOCH 5 - PROGRESS: at 23.46% examples, 677770 words/s, in_qsize 32, out_qsize 3
2026-03-26 11:23:42,780 - INFO - EPOCH 5 - PROGRESS: at 23.63% examples, 677893 words/s, in_qsize 31, out_qsize 1
2026-03-26 11:23:43,782 - INFO - EPOCH 5 - PROGRESS: at 23.80% examples, 677874 words/s, in_qsize 32, out_qsize 4
2026-03-26 11:23:44,783 - INFO - EPOCH 5 - PROGRESS: at 23.98% examples, 678147 words/s, in_qsize 32, out_qsize 0
2026-03-26 11:23:45,787 - INFO - EPOCH 5 - PROGRESS: at 24.15% examples, 678209 words/s, in_qsize 30, out_qsize 0
2026-03-26 11:23:46,809 - INFO - EPOCH 5 - PROGRESS: at 24.33% examples, 678303 words/s, in_qsize 31, out_qsize 0
2026-03-26 11:23:47,827 - INFO - EPOCH 5 - PROGRESS: at 24.45% examples, 678102 words/s, in_qsize 32, out_qsize 3
2026-03-26 11:23:48,846 - INFO - EPOCH 5 - PROGRESS: at 24.58% examples, 678221 words/s, in_qsize 32, out_qsize 2
2026-03-26 11:23:49,879 - INFO - EPOCH 5 - PROGRESS: at 24.72% examples, 678263 words/s, in_qsize 31, out_qsize 0
2026-03-26 11:23:50,889 - INFO - EPOCH 5 - PROGRESS: at 24.86% examples, 678168 words/s, in_qsize 32, out_qsize 4
2026-03-26 11:23:51,913 - INFO - EPOCH 5 - PROGRESS: at 25.00% examples, 678297 words/s, in_qsize 32, out_qsize 1
2026-03-26 11:23:52,919 - INFO - EPOCH 5 - PROGRESS: at 25.14% examples, 678398 words/s, in_qsize 30, out_qsize 0
2026-03-26 11:23:53,919 - INFO - EPOCH 5 - PROGRESS: at 25.25% examples, 678357 words/s, in_qsize 30, out_qsize 0
2026-03-26 11:23:54,946 - INFO - EPOCH 5 - PROGRESS: at 25.38% examples, 678278 words/s, in_qsize 30, out_qsize 1
2026-03-26 11:23:55,972 - INFO - EPOCH 5 - PROGRESS: at 25.54% examples, 678362 words/s, in_qsize 32, out_qsize 2
2026-03-26 11:23:57,000 - INFO - EPOCH 5 - PROGRESS: at 25.70% examples, 678135 words/s, in_qsize 28, out_qsize 7
2026-03-26 11:23:58,002 - INFO - EPOCH 5 - PROGRESS: at 25.87% examples, 678084 words/s, in_qsize 32, out_qsize 2
2026-03-26 11:23:59,012 - INFO - EPOCH 5 - PROGRESS: at 26.01% examples, 678180 words/s, in_qsize 31, out_qsize 0
2026-03-26 11:24:00,019 - INFO - EPOCH 5 - PROGRESS: at 26.17% examples, 677960 words/s, in_qsize 32, out_qsize 2
2026-03-26 11:24:01,027 - INFO - EPOCH 5 - PROGRESS: at 26.36% examples, 678054 words/s, in_qsize 32, out_qsize 1
2026-03-26 11:24:02,055 - INFO - EPOCH 5 - PROGRESS: at 26.54% examples, 678158 words/s, in_qsize 32, out_qsize 1
2026-03-26 11:24:03,068 - INFO - EPOCH 5 - PROGRESS: at 26.73% examples, 678281 words/s, in_qsize 26, out_qsize 5
2026-03-26 11:24:04,076 - INFO - EPOCH 5 - PROGRESS: at 26.91% examples, 678465 words/s, in_qsize 32, out_qsize 0
2026-03-26 11:24:05,082 - INFO - EPOCH 5 - PROGRESS: at 27.08% examples, 678531 words/s, in_qsize 29, out_qsize 0
2026-03-26 11:24:06,098 - INFO - EPOCH 5 - PROGRESS: at 27.23% examples, 678378 words/s, in_qsize 26, out_qsize 6
2026-03-26 11:24:07,104 - INFO - EPOCH 5 - PROGRESS: at 27.33% examples, 678522 words/s, in_qsize 30, out_qsize 0
2026-03-26 11:24:08,123 - INFO - EPOCH 5 - PROGRESS: at 27.43% examples, 678505 words/s, in_qsize 32, out_qsize 0
2026-03-26 11:24:09,140 - INFO - EPOCH 5 - PROGRESS: at 27.57% examples, 678575 words/s, in_qsize 31, out_qsize 1
2026-03-26 11:24:10,157 - INFO - EPOCH 5 - PROGRESS: at 27.72% examples, 678540 words/s, in_qsize 31, out_qsize 0
2026-03-26 11:24:11,161 - INFO - EPOCH 5 - PROGRESS: at 27.86% examples, 678520 words/s, in_qsize 31, out_qsize 0
2026-03-26 11:24:12,171 - INFO - EPOCH 5 - PROGRESS: at 28.00% examples, 678336 words/s, in_qsize 32, out_qsize 2
2026-03-26 11:24:13,179 - INFO - EPOCH 5 - PROGRESS: at 28.06% examples, 678303 words/s, in_qsize 32, out_qsize 0
2026-03-26 11:24:14,182 - INFO - EPOCH 5 - PROGRESS: at 28.18% examples, 678317 words/s, in_qsize 32, out_qsize 2
2026-03-26 11:24:15,189 - INFO - EPOCH 5 - PROGRESS: at 28.32% examples, 678324 words/s, in_qsize 32, out_qsize 1
2026-03-26 11:24:16,206 - INFO - EPOCH 5 - PROGRESS: at 28.46% examples, 678306 words/s, in_qsize 30, out_qsize 2
2026-03-26 11:24:17,242 - INFO - EPOCH 5 - PROGRESS: at 28.62% examples, 678255 words/s, in_qsize 31, out_qsize 2
2026-03-26 11:24:18,265 - INFO - EPOCH 5 - PROGRESS: at 28.78% examples, 678392 words/s, in_qsize 31, out_qsize 1
2026-03-26 11:24:19,267 - INFO - EPOCH 5 - PROGRESS: at 28.92% examples, 678353 words/s, in_qsize 32, out_qsize 0
2026-03-26 11:24:20,271 - INFO - EPOCH 5 - PROGRESS: at 29.07% examples, 678394 words/s, in_qsize 31, out_qsize 0
2026-03-26 11:24:21,277 - INFO - EPOCH 5 - PROGRESS: at 29.22% examples, 678389 words/s, in_qsize 31, out_qsize 0
2026-03-26 11:24:22,292 - INFO - EPOCH 5 - PROGRESS: at 29.36% examples, 678232 words/s, in_qsize 32, out_qsize 1
2026-03-26 11:24:23,294 - INFO - EPOCH 5 - PROGRESS: at 29.49% examples, 677926 words/s, in_qsize 27, out_qsize 1
2026-03-26 11:24:24,296 - INFO - EPOCH 5 - PROGRESS: at 29.64% examples, 677967 words/s, in_qsize 31, out_qsize 0
2026-03-26 11:24:25,302 - INFO - EPOCH 5 - PROGRESS: at 29.85% examples, 678157 words/s, in_qsize 32, out_qsize 0
2026-03-26 11:24:26,303 - INFO - EPOCH 5 - PROGRESS: at 29.99% examples, 678234 words/s, in_qsize 31, out_qsize 0
2026-03-26 11:24:27,317 - INFO - EPOCH 5 - PROGRESS: at 30.13% examples, 678112 words/s, in_qsize 30, out_qsize 5
2026-03-26 11:24:28,329 - INFO - EPOCH 5 - PROGRESS: at 30.26% examples, 678270 words/s, in_qsize 32, out_qsize 0
2026-03-26 11:24:29,332 - INFO - EPOCH 5 - PROGRESS: at 30.42% examples, 678384 words/s, in_qsize 32, out_qsize 0
2026-03-26 11:24:30,359 - INFO - EPOCH 5 - PROGRESS: at 30.55% examples, 678279 words/s, in_qsize 32, out_qsize 3
2026-03-26 11:24:31,360 - INFO - EPOCH 5 - PROGRESS: at 30.70% examples, 678315 words/s, in_qsize 32, out_qsize 0
2026-03-26 11:24:32,389 - INFO - EPOCH 5 - PROGRESS: at 30.83% examples, 678305 words/s, in_qsize 30, out_qsize 1
2026-03-26 11:24:33,408 - INFO - EPOCH 5 - PROGRESS: at 30.96% examples, 678299 words/s, in_qsize 31, out_qsize 0
2026-03-26 11:24:34,434 - INFO - EPOCH 5 - PROGRESS: at 31.08% examples, 678306 words/s, in_qsize 32, out_qsize 0
2026-03-26 11:24:35,455 - INFO - EPOCH 5 - PROGRESS: at 31.20% examples, 678261 words/s, in_qsize 32, out_qsize 0
2026-03-26 11:24:36,463 - INFO - EPOCH 5 - PROGRESS: at 31.32% examples, 678106 words/s, in_qsize 29, out_qsize 2
2026-03-26 11:24:37,480 - INFO - EPOCH 5 - PROGRESS: at 31.45% examples, 678113 words/s, in_qsize 32, out_qsize 0
2026-03-26 11:24:38,487 - INFO - EPOCH 5 - PROGRESS: at 31.57% examples, 678135 words/s, in_qsize 32, out_qsize 1
2026-03-26 11:24:39,517 - INFO - EPOCH 5 - PROGRESS: at 31.70% examples, 678145 words/s, in_qsize 32, out_qsize 1
2026-03-26 11:24:40,553 - INFO - EPOCH 5 - PROGRESS: at 31.83% examples, 678072 words/s, in_qsize 30, out_qsize 1
2026-03-26 11:24:41,572 - INFO - EPOCH 5 - PROGRESS: at 31.95% examples, 678152 words/s, in_qsize 31, out_qsize 0
2026-03-26 11:24:42,575 - INFO - EPOCH 5 - PROGRESS: at 32.09% examples, 678249 words/s, in_qsize 31, out_qsize 0
2026-03-26 11:24:43,578 - INFO - EPOCH 5 - PROGRESS: at 32.20% examples, 677988 words/s, in_qsize 27, out_qsize 5
2026-03-26 11:24:44,592 - INFO - EPOCH 5 - PROGRESS: at 32.37% examples, 678209 words/s, in_qsize 31, out_qsize 0
2026-03-26 11:24:45,595 - INFO - EPOCH 5 - PROGRESS: at 32.57% examples, 678260 words/s, in_qsize 32, out_qsize 0
2026-03-26 11:24:46,614 - INFO - EPOCH 5 - PROGRESS: at 32.73% examples, 677914 words/s, in_qsize 32, out_qsize 1
2026-03-26 11:24:47,629 - INFO - EPOCH 5 - PROGRESS: at 32.84% examples, 677606 words/s, in_qsize 29, out_qsize 5
2026-03-26 11:24:48,658 - INFO - EPOCH 5 - PROGRESS: at 33.00% examples, 677468 words/s, in_qsize 31, out_qsize 0
2026-03-26 11:24:49,678 - INFO - EPOCH 5 - PROGRESS: at 33.17% examples, 677383 words/s, in_qsize 31, out_qsize 0
2026-03-26 11:24:50,681 - INFO - EPOCH 5 - PROGRESS: at 33.32% examples, 677076 words/s, in_qsize 31, out_qsize 1
2026-03-26 11:24:51,710 - INFO - EPOCH 5 - PROGRESS: at 33.48% examples, 676968 words/s, in_qsize 31, out_qsize 0
2026-03-26 11:24:52,713 - INFO - EPOCH 5 - PROGRESS: at 33.65% examples, 676940 words/s, in_qsize 31, out_qsize 0
2026-03-26 11:24:53,720 - INFO - EPOCH 5 - PROGRESS: at 33.80% examples, 676691 words/s, in_qsize 31, out_qsize 0
2026-03-26 11:24:54,743 - INFO - EPOCH 5 - PROGRESS: at 33.97% examples, 676763 words/s, in_qsize 30, out_qsize 3
2026-03-26 11:24:55,772 - INFO - EPOCH 5 - PROGRESS: at 34.12% examples, 676742 words/s, in_qsize 31, out_qsize 2
2026-03-26 11:24:56,774 - INFO - EPOCH 5 - PROGRESS: at 34.21% examples, 676832 words/s, in_qsize 31, out_qsize 0
2026-03-26 11:24:57,790 - INFO - EPOCH 5 - PROGRESS: at 34.32% examples, 676807 words/s, in_qsize 29, out_qsize 0
2026-03-26 11:24:58,809 - INFO - EPOCH 5 - PROGRESS: at 34.47% examples, 676802 words/s, in_qsize 31, out_qsize 1
2026-03-26 11:24:59,830 - INFO - EPOCH 5 - PROGRESS: at 34.58% examples, 676752 words/s, in_qsize 31, out_qsize 4
2026-03-26 11:25:00,830 - INFO - EPOCH 5 - PROGRESS: at 34.69% examples, 676852 words/s, in_qsize 31, out_qsize 0
2026-03-26 11:25:01,849 - INFO - EPOCH 5 - PROGRESS: at 34.80% examples, 676802 words/s, in_qsize 31, out_qsize 0
2026-03-26 11:25:02,872 - INFO - EPOCH 5 - PROGRESS: at 34.92% examples, 676841 words/s, in_qsize 32, out_qsize 1
2026-03-26 11:25:03,891 - INFO - EPOCH 5 - PROGRESS: at 35.03% examples, 676764 words/s, in_qsize 32, out_qsize 0
2026-03-26 11:25:04,899 - INFO - EPOCH 5 - PROGRESS: at 35.18% examples, 676880 words/s, in_qsize 31, out_qsize 1
2026-03-26 11:25:05,907 - INFO - EPOCH 5 - PROGRESS: at 35.35% examples, 676943 words/s, in_qsize 31, out_qsize 0
2026-03-26 11:25:06,923 - INFO - EPOCH 5 - PROGRESS: at 35.53% examples, 676986 words/s, in_qsize 30, out_qsize 3
2026-03-26 11:25:07,925 - INFO - EPOCH 5 - PROGRESS: at 35.70% examples, 676873 words/s, in_qsize 30, out_qsize 1
2026-03-26 11:25:08,928 - INFO - EPOCH 5 - PROGRESS: at 35.85% examples, 676928 words/s, in_qsize 30, out_qsize 1
2026-03-26 11:25:09,937 - INFO - EPOCH 5 - PROGRESS: at 36.02% examples, 676992 words/s, in_qsize 31, out_qsize 0
2026-03-26 11:25:10,976 - INFO - EPOCH 5 - PROGRESS: at 36.17% examples, 676997 words/s, in_qsize 29, out_qsize 2
2026-03-26 11:25:11,978 - INFO - EPOCH 5 - PROGRESS: at 36.31% examples, 677046 words/s, in_qsize 31, out_qsize 0
2026-03-26 11:25:12,983 - INFO - EPOCH 5 - PROGRESS: at 36.44% examples, 677016 words/s, in_qsize 29, out_qsize 0
2026-03-26 11:25:13,989 - INFO - EPOCH 5 - PROGRESS: at 36.58% examples, 677019 words/s, in_qsize 30, out_qsize 0
2026-03-26 11:25:14,990 - INFO - EPOCH 5 - PROGRESS: at 36.71% examples, 676985 words/s, in_qsize 31, out_qsize 0
2026-03-26 11:25:16,011 - INFO - EPOCH 5 - PROGRESS: at 36.85% examples, 677021 words/s, in_qsize 32, out_qsize 2
2026-03-26 11:25:17,027 - INFO - EPOCH 5 - PROGRESS: at 36.98% examples, 677035 words/s, in_qsize 32, out_qsize 2
2026-03-26 11:25:18,031 - INFO - EPOCH 5 - PROGRESS: at 37.13% examples, 677165 words/s, in_qsize 31, out_qsize 0
2026-03-26 11:25:19,062 - INFO - EPOCH 5 - PROGRESS: at 37.25% examples, 677051 words/s, in_qsize 31, out_qsize 1
2026-03-26 11:25:20,068 - INFO - EPOCH 5 - PROGRESS: at 37.37% examples, 677040 words/s, in_qsize 30, out_qsize 1
2026-03-26 11:25:21,081 - INFO - EPOCH 5 - PROGRESS: at 37.49% examples, 677045 words/s, in_qsize 32, out_qsize 0
2026-03-26 11:25:22,129 - INFO - EPOCH 5 - PROGRESS: at 37.60% examples, 676950 words/s, in_qsize 31, out_qsize 4
2026-03-26 11:25:23,163 - INFO - EPOCH 5 - PROGRESS: at 37.74% examples, 677043 words/s, in_qsize 31, out_qsize 1
2026-03-26 11:25:24,172 - INFO - EPOCH 5 - PROGRESS: at 37.86% examples, 677034 words/s, in_qsize 32, out_qsize 1
2026-03-26 11:25:25,175 - INFO - EPOCH 5 - PROGRESS: at 37.99% examples, 677155 words/s, in_qsize 32, out_qsize 0
2026-03-26 11:25:26,180 - INFO - EPOCH 5 - PROGRESS: at 38.07% examples, 677087 words/s, in_qsize 30, out_qsize 1
2026-03-26 11:25:27,194 - INFO - EPOCH 5 - PROGRESS: at 38.20% examples, 677138 words/s, in_qsize 31, out_qsize 0
2026-03-26 11:25:28,200 - INFO - EPOCH 5 - PROGRESS: at 38.31% examples, 677115 words/s, in_qsize 32, out_qsize 1
2026-03-26 11:25:29,213 - INFO - EPOCH 5 - PROGRESS: at 38.43% examples, 677131 words/s, in_qsize 31, out_qsize 0
2026-03-26 11:25:30,222 - INFO - EPOCH 5 - PROGRESS: at 38.54% examples, 677100 words/s, in_qsize 31, out_qsize 0
2026-03-26 11:25:31,223 - INFO - EPOCH 5 - PROGRESS: at 38.71% examples, 677243 words/s, in_qsize 31, out_qsize 0
2026-03-26 11:25:32,234 - INFO - EPOCH 5 - PROGRESS: at 38.92% examples, 677306 words/s, in_qsize 32, out_qsize 0
2026-03-26 11:25:33,242 - INFO - EPOCH 5 - PROGRESS: at 39.10% examples, 677391 words/s, in_qsize 31, out_qsize 0
2026-03-26 11:25:34,272 - INFO - EPOCH 5 - PROGRESS: at 39.20% examples, 677308 words/s, in_qsize 29, out_qsize 2
2026-03-26 11:25:35,280 - INFO - EPOCH 5 - PROGRESS: at 39.32% examples, 677379 words/s, in_qsize 32, out_qsize 0
2026-03-26 11:25:36,355 - INFO - EPOCH 5 - PROGRESS: at 39.42% examples, 677189 words/s, in_qsize 32, out_qsize 0
2026-03-26 11:25:37,361 - INFO - EPOCH 5 - PROGRESS: at 39.55% examples, 677207 words/s, in_qsize 30, out_qsize 0
2026-03-26 11:25:38,380 - INFO - EPOCH 5 - PROGRESS: at 39.69% examples, 677219 words/s, in_qsize 31, out_qsize 0
2026-03-26 11:25:39,382 - INFO - EPOCH 5 - PROGRESS: at 39.83% examples, 677206 words/s, in_qsize 30, out_qsize 1
2026-03-26 11:25:40,386 - INFO - EPOCH 5 - PROGRESS: at 39.97% examples, 677298 words/s, in_qsize 31, out_qsize 0
2026-03-26 11:25:41,386 - INFO - EPOCH 5 - PROGRESS: at 40.09% examples, 677301 words/s, in_qsize 30, out_qsize 1
2026-03-26 11:25:42,416 - INFO - EPOCH 5 - PROGRESS: at 40.23% examples, 677235 words/s, in_qsize 29, out_qsize 2
2026-03-26 11:25:43,430 - INFO - EPOCH 5 - PROGRESS: at 40.35% examples, 677306 words/s, in_qsize 31, out_qsize 0
2026-03-26 11:25:44,432 - INFO - EPOCH 5 - PROGRESS: at 40.50% examples, 677371 words/s, in_qsize 32, out_qsize 1
2026-03-26 11:25:45,439 - INFO - EPOCH 5 - PROGRESS: at 40.65% examples, 677416 words/s, in_qsize 30, out_qsize 1
2026-03-26 11:25:46,462 - INFO - EPOCH 5 - PROGRESS: at 40.81% examples, 677444 words/s, in_qsize 31, out_qsize 1
2026-03-26 11:25:47,480 - INFO - EPOCH 5 - PROGRESS: at 40.96% examples, 677372 words/s, in_qsize 31, out_qsize 0
2026-03-26 11:25:48,489 - INFO - EPOCH 5 - PROGRESS: at 41.12% examples, 677406 words/s, in_qsize 31, out_qsize 0
2026-03-26 11:25:49,496 - INFO - EPOCH 5 - PROGRESS: at 41.27% examples, 677334 words/s, in_qsize 32, out_qsize 1
2026-03-26 11:25:50,513 - INFO - EPOCH 5 - PROGRESS: at 41.41% examples, 677382 words/s, in_qsize 32, out_qsize 1
2026-03-26 11:25:51,529 - INFO - EPOCH 5 - PROGRESS: at 41.53% examples, 677414 words/s, in_qsize 31, out_qsize 1
2026-03-26 11:25:52,533 - INFO - EPOCH 5 - PROGRESS: at 41.64% examples, 677363 words/s, in_qsize 32, out_qsize 0
2026-03-26 11:25:53,549 - INFO - EPOCH 5 - PROGRESS: at 41.74% examples, 677341 words/s, in_qsize 31, out_qsize 3
2026-03-26 11:25:54,586 - INFO - EPOCH 5 - PROGRESS: at 41.86% examples, 677401 words/s, in_qsize 30, out_qsize 2
2026-03-26 11:25:55,613 - INFO - EPOCH 5 - PROGRESS: at 41.95% examples, 677312 words/s, in_qsize 31, out_qsize 3
2026-03-26 11:25:56,623 - INFO - EPOCH 5 - PROGRESS: at 42.05% examples, 677289 words/s, in_qsize 32, out_qsize 1
2026-03-26 11:25:57,646 - INFO - EPOCH 5 - PROGRESS: at 42.15% examples, 677211 words/s, in_qsize 30, out_qsize 4
2026-03-26 11:25:58,667 - INFO - EPOCH 5 - PROGRESS: at 42.25% examples, 677206 words/s, in_qsize 30, out_qsize 1
2026-03-26 11:25:59,671 - INFO - EPOCH 5 - PROGRESS: at 42.43% examples, 677259 words/s, in_qsize 31, out_qsize 3
2026-03-26 11:26:00,672 - INFO - EPOCH 5 - PROGRESS: at 42.62% examples, 677272 words/s, in_qsize 32, out_qsize 0
2026-03-26 11:26:01,684 - INFO - EPOCH 5 - PROGRESS: at 42.76% examples, 677241 words/s, in_qsize 30, out_qsize 6
2026-03-26 11:26:02,685 - INFO - EPOCH 5 - PROGRESS: at 42.91% examples, 677312 words/s, in_qsize 31, out_qsize 3
2026-03-26 11:26:03,715 - INFO - EPOCH 5 - PROGRESS: at 43.11% examples, 677393 words/s, in_qsize 32, out_qsize 2
2026-03-26 11:26:04,740 - INFO - EPOCH 5 - PROGRESS: at 43.29% examples, 677431 words/s, in_qsize 31, out_qsize 2
2026-03-26 11:26:05,743 - INFO - EPOCH 5 - PROGRESS: at 43.40% examples, 677432 words/s, in_qsize 30, out_qsize 1
2026-03-26 11:26:06,766 - INFO - EPOCH 5 - PROGRESS: at 43.51% examples, 677390 words/s, in_qsize 31, out_qsize 0
2026-03-26 11:26:07,791 - INFO - EPOCH 5 - PROGRESS: at 43.62% examples, 677369 words/s, in_qsize 29, out_qsize 2
2026-03-26 11:26:08,794 - INFO - EPOCH 5 - PROGRESS: at 43.73% examples, 677372 words/s, in_qsize 30, out_qsize 0
2026-03-26 11:26:09,835 - INFO - EPOCH 5 - PROGRESS: at 43.81% examples, 677196 words/s, in_qsize 29, out_qsize 2
2026-03-26 11:26:10,839 - INFO - EPOCH 5 - PROGRESS: at 43.93% examples, 677190 words/s, in_qsize 32, out_qsize 3
2026-03-26 11:26:11,861 - INFO - EPOCH 5 - PROGRESS: at 44.16% examples, 677308 words/s, in_qsize 32, out_qsize 2
2026-03-26 11:26:12,866 - INFO - EPOCH 5 - PROGRESS: at 44.39% examples, 677435 words/s, in_qsize 32, out_qsize 2
2026-03-26 11:26:13,882 - INFO - EPOCH 5 - PROGRESS: at 44.61% examples, 677466 words/s, in_qsize 31, out_qsize 6
2026-03-26 11:26:14,906 - INFO - EPOCH 5 - PROGRESS: at 44.75% examples, 677581 words/s, in_qsize 31, out_qsize 1
2026-03-26 11:26:15,928 - INFO - EPOCH 5 - PROGRESS: at 44.86% examples, 677563 words/s, in_qsize 31, out_qsize 1
2026-03-26 11:26:16,954 - INFO - EPOCH 5 - PROGRESS: at 45.01% examples, 677602 words/s, in_qsize 32, out_qsize 1
2026-03-26 11:26:17,956 - INFO - EPOCH 5 - PROGRESS: at 45.15% examples, 677572 words/s, in_qsize 31, out_qsize 2
2026-03-26 11:26:18,985 - INFO - EPOCH 5 - PROGRESS: at 45.26% examples, 677567 words/s, in_qsize 31, out_qsize 2
2026-03-26 11:26:19,986 - INFO - EPOCH 5 - PROGRESS: at 45.37% examples, 677585 words/s, in_qsize 32, out_qsize 0
2026-03-26 11:26:20,994 - INFO - EPOCH 5 - PROGRESS: at 45.47% examples, 677505 words/s, in_qsize 31, out_qsize 4
2026-03-26 11:26:22,018 - INFO - EPOCH 5 - PROGRESS: at 45.58% examples, 677588 words/s, in_qsize 31, out_qsize 2
2026-03-26 11:26:23,048 - INFO - EPOCH 5 - PROGRESS: at 45.68% examples, 677511 words/s, in_qsize 31, out_qsize 0
2026-03-26 11:26:24,078 - INFO - EPOCH 5 - PROGRESS: at 45.78% examples, 677461 words/s, in_qsize 30, out_qsize 1
2026-03-26 11:26:25,081 - INFO - EPOCH 5 - PROGRESS: at 45.89% examples, 677425 words/s, in_qsize 30, out_qsize 0
2026-03-26 11:26:26,082 - INFO - EPOCH 5 - PROGRESS: at 46.03% examples, 677553 words/s, in_qsize 31, out_qsize 0
2026-03-26 11:26:27,114 - INFO - EPOCH 5 - PROGRESS: at 46.14% examples, 677461 words/s, in_qsize 31, out_qsize 0
2026-03-26 11:26:28,116 - INFO - EPOCH 5 - PROGRESS: at 46.25% examples, 677489 words/s, in_qsize 31, out_qsize 0
2026-03-26 11:26:29,124 - INFO - EPOCH 5 - PROGRESS: at 46.36% examples, 677426 words/s, in_qsize 28, out_qsize 3
2026-03-26 11:26:30,140 - INFO - EPOCH 5 - PROGRESS: at 46.48% examples, 677422 words/s, in_qsize 31, out_qsize 0
2026-03-26 11:26:31,158 - INFO - EPOCH 5 - PROGRESS: at 46.66% examples, 677475 words/s, in_qsize 31, out_qsize 0
2026-03-26 11:26:32,172 - INFO - EPOCH 5 - PROGRESS: at 46.95% examples, 677353 words/s, in_qsize 31, out_qsize 0
2026-03-26 11:26:33,207 - INFO - EPOCH 5 - PROGRESS: at 47.14% examples, 677264 words/s, in_qsize 30, out_qsize 1
2026-03-26 11:26:34,223 - INFO - EPOCH 5 - PROGRESS: at 47.26% examples, 677248 words/s, in_qsize 31, out_qsize 1
2026-03-26 11:26:35,224 - INFO - EPOCH 5 - PROGRESS: at 47.39% examples, 677275 words/s, in_qsize 31, out_qsize 0
2026-03-26 11:26:36,237 - INFO - EPOCH 5 - PROGRESS: at 47.52% examples, 677234 words/s, in_qsize 32, out_qsize 0
2026-03-26 11:26:37,255 - INFO - EPOCH 5 - PROGRESS: at 47.65% examples, 677231 words/s, in_qsize 29, out_qsize 2
2026-03-26 11:26:38,256 - INFO - EPOCH 5 - PROGRESS: at 47.78% examples, 677251 words/s, in_qsize 29, out_qsize 1
2026-03-26 11:26:39,290 - INFO - EPOCH 5 - PROGRESS: at 47.90% examples, 677213 words/s, in_qsize 31, out_qsize 0
2026-03-26 11:26:40,302 - INFO - EPOCH 5 - PROGRESS: at 48.03% examples, 677241 words/s, in_qsize 31, out_qsize 0
2026-03-26 11:26:41,340 - INFO - EPOCH 5 - PROGRESS: at 48.15% examples, 677126 words/s, in_qsize 31, out_qsize 4
2026-03-26 11:26:42,346 - INFO - EPOCH 5 - PROGRESS: at 48.28% examples, 677209 words/s, in_qsize 30, out_qsize 1
2026-03-26 11:26:43,386 - INFO - EPOCH 5 - PROGRESS: at 48.41% examples, 677226 words/s, in_qsize 31, out_qsize 1
2026-03-26 11:26:44,396 - INFO - EPOCH 5 - PROGRESS: at 48.54% examples, 677168 words/s, in_qsize 32, out_qsize 2
2026-03-26 11:26:45,397 - INFO - EPOCH 5 - PROGRESS: at 48.67% examples, 677242 words/s, in_qsize 32, out_qsize 0
2026-03-26 11:26:46,397 - INFO - EPOCH 5 - PROGRESS: at 48.79% examples, 677248 words/s, in_qsize 31, out_qsize 0
2026-03-26 11:26:47,422 - INFO - EPOCH 5 - PROGRESS: at 48.92% examples, 677164 words/s, in_qsize 29, out_qsize 3
2026-03-26 11:26:48,459 - INFO - EPOCH 5 - PROGRESS: at 49.05% examples, 677184 words/s, in_qsize 28, out_qsize 3
2026-03-26 11:26:49,463 - INFO - EPOCH 5 - PROGRESS: at 49.18% examples, 677210 words/s, in_qsize 31, out_qsize 0
2026-03-26 11:26:50,475 - INFO - EPOCH 5 - PROGRESS: at 49.30% examples, 677195 words/s, in_qsize 31, out_qsize 0
2026-03-26 11:26:51,539 - INFO - EPOCH 5 - PROGRESS: at 49.44% examples, 677167 words/s, in_qsize 32, out_qsize 3
2026-03-26 11:26:52,564 - INFO - EPOCH 5 - PROGRESS: at 49.56% examples, 677120 words/s, in_qsize 32, out_qsize 2
2026-03-26 11:26:53,583 - INFO - EPOCH 5 - PROGRESS: at 49.69% examples, 677158 words/s, in_qsize 31, out_qsize 0
2026-03-26 11:26:54,591 - INFO - EPOCH 5 - PROGRESS: at 49.82% examples, 677219 words/s, in_qsize 32, out_qsize 1
2026-03-26 11:26:55,627 - INFO - EPOCH 5 - PROGRESS: at 49.94% examples, 677145 words/s, in_qsize 32, out_qsize 2
2026-03-26 11:26:56,628 - INFO - EPOCH 5 - PROGRESS: at 50.06% examples, 677194 words/s, in_qsize 31, out_qsize 0
2026-03-26 11:26:57,629 - INFO - EPOCH 5 - PROGRESS: at 50.16% examples, 677129 words/s, in_qsize 28, out_qsize 1
2026-03-26 11:26:58,662 - INFO - EPOCH 5 - PROGRESS: at 50.33% examples, 677233 words/s, in_qsize 32, out_qsize 0
2026-03-26 11:26:59,675 - INFO - EPOCH 5 - PROGRESS: at 50.49% examples, 677223 words/s, in_qsize 30, out_qsize 2
2026-03-26 11:27:00,678 - INFO - EPOCH 5 - PROGRESS: at 50.66% examples, 677299 words/s, in_qsize 32, out_qsize 0
2026-03-26 11:27:01,693 - INFO - EPOCH 5 - PROGRESS: at 50.83% examples, 677351 words/s, in_qsize 32, out_qsize 0
2026-03-26 11:27:02,709 - INFO - EPOCH 5 - PROGRESS: at 50.99% examples, 677383 words/s, in_qsize 31, out_qsize 0
2026-03-26 11:27:03,721 - INFO - EPOCH 5 - PROGRESS: at 51.16% examples, 677427 words/s, in_qsize 31, out_qsize 0
2026-03-26 11:27:04,729 - INFO - EPOCH 5 - PROGRESS: at 51.31% examples, 677263 words/s, in_qsize 31, out_qsize 0
2026-03-26 11:27:05,737 - INFO - EPOCH 5 - PROGRESS: at 51.51% examples, 677256 words/s, in_qsize 30, out_qsize 1
2026-03-26 11:27:06,746 - INFO - EPOCH 5 - PROGRESS: at 51.72% examples, 677309 words/s, in_qsize 32, out_qsize 0
2026-03-26 11:27:07,759 - INFO - EPOCH 5 - PROGRESS: at 51.92% examples, 677334 words/s, in_qsize 31, out_qsize 0
2026-03-26 11:27:08,787 - INFO - EPOCH 5 - PROGRESS: at 52.12% examples, 677288 words/s, in_qsize 27, out_qsize 8
2026-03-26 11:27:09,790 - INFO - EPOCH 5 - PROGRESS: at 52.31% examples, 677289 words/s, in_qsize 32, out_qsize 0
2026-03-26 11:27:10,819 - INFO - EPOCH 5 - PROGRESS: at 52.54% examples, 677535 words/s, in_qsize 31, out_qsize 1
2026-03-26 11:27:11,857 - INFO - EPOCH 5 - PROGRESS: at 52.75% examples, 677555 words/s, in_qsize 32, out_qsize 0
2026-03-26 11:27:12,914 - INFO - EPOCH 5 - PROGRESS: at 52.95% examples, 677480 words/s, in_qsize 32, out_qsize 1
2026-03-26 11:27:13,962 - INFO - EPOCH 5 - PROGRESS: at 53.15% examples, 677418 words/s, in_qsize 31, out_qsize 0
2026-03-26 11:27:15,016 - INFO - EPOCH 5 - PROGRESS: at 53.35% examples, 677306 words/s, in_qsize 31, out_qsize 1
2026-03-26 11:27:16,038 - INFO - EPOCH 5 - PROGRESS: at 53.55% examples, 677296 words/s, in_qsize 31, out_qsize 0
2026-03-26 11:27:17,053 - INFO - EPOCH 5 - PROGRESS: at 53.76% examples, 677358 words/s, in_qsize 27, out_qsize 4
2026-03-26 11:27:18,053 - INFO - EPOCH 5 - PROGRESS: at 53.99% examples, 677632 words/s, in_qsize 32, out_qsize 1
2026-03-26 11:27:19,057 - INFO - EPOCH 5 - PROGRESS: at 54.21% examples, 677853 words/s, in_qsize 30, out_qsize 2
2026-03-26 11:27:20,073 - INFO - EPOCH 5 - PROGRESS: at 54.43% examples, 678052 words/s, in_qsize 30, out_qsize 1
2026-03-26 11:27:21,075 - INFO - EPOCH 5 - PROGRESS: at 54.66% examples, 678297 words/s, in_qsize 29, out_qsize 2
2026-03-26 11:27:22,116 - INFO - EPOCH 5 - PROGRESS: at 54.87% examples, 678329 words/s, in_qsize 30, out_qsize 1
2026-03-26 11:27:23,124 - INFO - EPOCH 5 - PROGRESS: at 55.06% examples, 678330 words/s, in_qsize 32, out_qsize 0
2026-03-26 11:27:24,180 - INFO - EPOCH 5 - PROGRESS: at 55.19% examples, 677959 words/s, in_qsize 31, out_qsize 2
2026-03-26 11:27:25,202 - INFO - EPOCH 5 - PROGRESS: at 55.31% examples, 677998 words/s, in_qsize 32, out_qsize 0
2026-03-26 11:27:26,217 - INFO - EPOCH 5 - PROGRESS: at 55.44% examples, 677979 words/s, in_qsize 31, out_qsize 0
2026-03-26 11:27:27,226 - INFO - EPOCH 5 - PROGRESS: at 55.56% examples, 677936 words/s, in_qsize 32, out_qsize 0
2026-03-26 11:27:28,241 - INFO - EPOCH 5 - PROGRESS: at 55.73% examples, 677942 words/s, in_qsize 32, out_qsize 1
2026-03-26 11:27:29,251 - INFO - EPOCH 5 - PROGRESS: at 55.97% examples, 678091 words/s, in_qsize 31, out_qsize 0
2026-03-26 11:27:30,252 - INFO - EPOCH 5 - PROGRESS: at 56.14% examples, 678181 words/s, in_qsize 31, out_qsize 0
2026-03-26 11:27:31,288 - INFO - EPOCH 5 - PROGRESS: at 56.27% examples, 678117 words/s, in_qsize 29, out_qsize 3
2026-03-26 11:27:32,292 - INFO - EPOCH 5 - PROGRESS: at 56.40% examples, 678135 words/s, in_qsize 30, out_qsize 1
2026-03-26 11:27:33,303 - INFO - EPOCH 5 - PROGRESS: at 56.53% examples, 678218 words/s, in_qsize 27, out_qsize 0
2026-03-26 11:27:34,327 - INFO - EPOCH 5 - PROGRESS: at 56.65% examples, 678153 words/s, in_qsize 31, out_qsize 2
2026-03-26 11:27:35,349 - INFO - EPOCH 5 - PROGRESS: at 56.76% examples, 678132 words/s, in_qsize 27, out_qsize 3
2026-03-26 11:27:36,365 - INFO - EPOCH 5 - PROGRESS: at 56.94% examples, 678185 words/s, in_qsize 30, out_qsize 1
2026-03-26 11:27:37,386 - INFO - EPOCH 5 - PROGRESS: at 57.12% examples, 678251 words/s, in_qsize 31, out_qsize 0
2026-03-26 11:27:38,396 - INFO - EPOCH 5 - PROGRESS: at 57.30% examples, 678257 words/s, in_qsize 30, out_qsize 1
2026-03-26 11:27:39,399 - INFO - EPOCH 5 - PROGRESS: at 57.47% examples, 678253 words/s, in_qsize 31, out_qsize 0
2026-03-26 11:27:40,402 - INFO - EPOCH 5 - PROGRESS: at 57.63% examples, 678091 words/s, in_qsize 31, out_qsize 0
2026-03-26 11:27:41,407 - INFO - EPOCH 5 - PROGRESS: at 57.81% examples, 678122 words/s, in_qsize 31, out_qsize 0
2026-03-26 11:27:42,451 - INFO - EPOCH 5 - PROGRESS: at 57.98% examples, 678110 words/s, in_qsize 32, out_qsize 4
2026-03-26 11:27:43,457 - INFO - EPOCH 5 - PROGRESS: at 58.16% examples, 678190 words/s, in_qsize 25, out_qsize 2
2026-03-26 11:27:44,458 - INFO - EPOCH 5 - PROGRESS: at 58.34% examples, 678295 words/s, in_qsize 31, out_qsize 0
2026-03-26 11:27:45,461 - INFO - EPOCH 5 - PROGRESS: at 58.48% examples, 678079 words/s, in_qsize 32, out_qsize 1
2026-03-26 11:27:46,484 - INFO - EPOCH 5 - PROGRESS: at 58.64% examples, 677874 words/s, in_qsize 28, out_qsize 3
2026-03-26 11:27:47,518 - INFO - EPOCH 5 - PROGRESS: at 58.79% examples, 677805 words/s, in_qsize 31, out_qsize 0
2026-03-26 11:27:48,566 - INFO - EPOCH 5 - PROGRESS: at 58.94% examples, 677480 words/s, in_qsize 25, out_qsize 10
2026-03-26 11:27:49,595 - INFO - EPOCH 5 - PROGRESS: at 59.12% examples, 677419 words/s, in_qsize 32, out_qsize 1
2026-03-26 11:27:50,601 - INFO - EPOCH 5 - PROGRESS: at 59.28% examples, 677282 words/s, in_qsize 30, out_qsize 4
2026-03-26 11:27:51,603 - INFO - EPOCH 5 - PROGRESS: at 59.41% examples, 677297 words/s, in_qsize 31, out_qsize 2
2026-03-26 11:27:52,612 - INFO - EPOCH 5 - PROGRESS: at 59.61% examples, 677340 words/s, in_qsize 32, out_qsize 1
2026-03-26 11:27:53,616 - INFO - EPOCH 5 - PROGRESS: at 59.76% examples, 677389 words/s, in_qsize 31, out_qsize 0
2026-03-26 11:27:54,634 - INFO - EPOCH 5 - PROGRESS: at 59.84% examples, 677377 words/s, in_qsize 31, out_qsize 0
2026-03-26 11:27:55,651 - INFO - EPOCH 5 - PROGRESS: at 59.96% examples, 677391 words/s, in_qsize 32, out_qsize 0
2026-03-26 11:27:56,652 - INFO - EPOCH 5 - PROGRESS: at 60.12% examples, 677407 words/s, in_qsize 31, out_qsize 0
2026-03-26 11:27:57,674 - INFO - EPOCH 5 - PROGRESS: at 60.28% examples, 677366 words/s, in_qsize 30, out_qsize 1
2026-03-26 11:27:58,695 - INFO - EPOCH 5 - PROGRESS: at 60.45% examples, 677402 words/s, in_qsize 32, out_qsize 0
2026-03-26 11:27:59,709 - INFO - EPOCH 5 - PROGRESS: at 60.61% examples, 677465 words/s, in_qsize 31, out_qsize 0
2026-03-26 11:28:00,716 - INFO - EPOCH 5 - PROGRESS: at 60.77% examples, 677466 words/s, in_qsize 30, out_qsize 1
2026-03-26 11:28:01,727 - INFO - EPOCH 5 - PROGRESS: at 60.91% examples, 677507 words/s, in_qsize 30, out_qsize 1
2026-03-26 11:28:02,731 - INFO - EPOCH 5 - PROGRESS: at 61.03% examples, 677492 words/s, in_qsize 31, out_qsize 0
2026-03-26 11:28:03,732 - INFO - EPOCH 5 - PROGRESS: at 61.15% examples, 677465 words/s, in_qsize 30, out_qsize 2
2026-03-26 11:28:04,747 - INFO - EPOCH 5 - PROGRESS: at 61.22% examples, 677441 words/s, in_qsize 29, out_qsize 0
2026-03-26 11:28:05,749 - INFO - EPOCH 5 - PROGRESS: at 61.29% examples, 677386 words/s, in_qsize 31, out_qsize 1
2026-03-26 11:28:06,763 - INFO - EPOCH 5 - PROGRESS: at 61.39% examples, 677266 words/s, in_qsize 32, out_qsize 0
2026-03-26 11:28:07,768 - INFO - EPOCH 5 - PROGRESS: at 61.54% examples, 677309 words/s, in_qsize 31, out_qsize 0
2026-03-26 11:28:08,772 - INFO - EPOCH 5 - PROGRESS: at 61.68% examples, 677200 words/s, in_qsize 32, out_qsize 3
2026-03-26 11:28:09,774 - INFO - EPOCH 5 - PROGRESS: at 61.77% examples, 677175 words/s, in_qsize 31, out_qsize 0
2026-03-26 11:28:10,779 - INFO - EPOCH 5 - PROGRESS: at 61.91% examples, 677212 words/s, in_qsize 30, out_qsize 1
2026-03-26 11:28:11,787 - INFO - EPOCH 5 - PROGRESS: at 62.07% examples, 677264 words/s, in_qsize 30, out_qsize 0
2026-03-26 11:28:12,790 - INFO - EPOCH 5 - PROGRESS: at 62.16% examples, 677236 words/s, in_qsize 31, out_qsize 0
2026-03-26 11:28:13,811 - INFO - EPOCH 5 - PROGRESS: at 62.26% examples, 677198 words/s, in_qsize 31, out_qsize 0
2026-03-26 11:28:14,839 - INFO - EPOCH 5 - PROGRESS: at 62.41% examples, 677214 words/s, in_qsize 27, out_qsize 4
2026-03-26 11:28:15,843 - INFO - EPOCH 5 - PROGRESS: at 62.55% examples, 677244 words/s, in_qsize 30, out_qsize 1
2026-03-26 11:28:16,851 - INFO - EPOCH 5 - PROGRESS: at 62.68% examples, 677210 words/s, in_qsize 32, out_qsize 0
2026-03-26 11:28:17,870 - INFO - EPOCH 5 - PROGRESS: at 62.81% examples, 677234 words/s, in_qsize 31, out_qsize 1
2026-03-26 11:28:18,871 - INFO - EPOCH 5 - PROGRESS: at 62.95% examples, 677247 words/s, in_qsize 30, out_qsize 1
2026-03-26 11:28:19,878 - INFO - EPOCH 5 - PROGRESS: at 63.10% examples, 677265 words/s, in_qsize 30, out_qsize 1
2026-03-26 11:28:20,887 - INFO - EPOCH 5 - PROGRESS: at 63.24% examples, 677272 words/s, in_qsize 31, out_qsize 0
2026-03-26 11:28:21,931 - INFO - EPOCH 5 - PROGRESS: at 63.34% examples, 677305 words/s, in_qsize 30, out_qsize 1
2026-03-26 11:28:22,964 - INFO - EPOCH 5 - PROGRESS: at 63.45% examples, 677314 words/s, in_qsize 31, out_qsize 2
2026-03-26 11:28:23,993 - INFO - EPOCH 5 - PROGRESS: at 63.61% examples, 677349 words/s, in_qsize 31, out_qsize 0
2026-03-26 11:28:25,000 - INFO - EPOCH 5 - PROGRESS: at 63.77% examples, 677347 words/s, in_qsize 28, out_qsize 2
2026-03-26 11:28:26,010 - INFO - EPOCH 5 - PROGRESS: at 63.96% examples, 677353 words/s, in_qsize 31, out_qsize 0
2026-03-26 11:28:27,018 - INFO - EPOCH 5 - PROGRESS: at 64.13% examples, 677376 words/s, in_qsize 31, out_qsize 0
2026-03-26 11:28:28,039 - INFO - EPOCH 5 - PROGRESS: at 64.25% examples, 677321 words/s, in_qsize 30, out_qsize 2
2026-03-26 11:28:29,062 - INFO - EPOCH 5 - PROGRESS: at 64.37% examples, 677322 words/s, in_qsize 32, out_qsize 3
2026-03-26 11:28:30,088 - INFO - EPOCH 5 - PROGRESS: at 64.48% examples, 677348 words/s, in_qsize 30, out_qsize 1
2026-03-26 11:28:31,106 - INFO - EPOCH 5 - PROGRESS: at 64.62% examples, 677372 words/s, in_qsize 32, out_qsize 1
2026-03-26 11:28:32,116 - INFO - EPOCH 5 - PROGRESS: at 64.78% examples, 677418 words/s, in_qsize 31, out_qsize 0
2026-03-26 11:28:33,148 - INFO - EPOCH 5 - PROGRESS: at 64.94% examples, 677414 words/s, in_qsize 32, out_qsize 0
2026-03-26 11:28:34,182 - INFO - EPOCH 5 - PROGRESS: at 65.08% examples, 677321 words/s, in_qsize 30, out_qsize 1
2026-03-26 11:28:35,213 - INFO - EPOCH 5 - PROGRESS: at 65.22% examples, 677091 words/s, in_qsize 31, out_qsize 0
2026-03-26 11:28:36,236 - INFO - EPOCH 5 - PROGRESS: at 65.37% examples, 677047 words/s, in_qsize 31, out_qsize 1
2026-03-26 11:28:37,276 - INFO - EPOCH 5 - PROGRESS: at 65.51% examples, 676805 words/s, in_qsize 31, out_qsize 0
2026-03-26 11:28:38,284 - INFO - EPOCH 5 - PROGRESS: at 65.68% examples, 676819 words/s, in_qsize 31, out_qsize 0
2026-03-26 11:28:39,302 - INFO - EPOCH 5 - PROGRESS: at 65.80% examples, 676763 words/s, in_qsize 31, out_qsize 0
2026-03-26 11:28:40,308 - INFO - EPOCH 5 - PROGRESS: at 65.96% examples, 676789 words/s, in_qsize 29, out_qsize 2
2026-03-26 11:28:41,324 - INFO - EPOCH 5 - PROGRESS: at 66.09% examples, 676808 words/s, in_qsize 30, out_qsize 1
2026-03-26 11:28:42,326 - INFO - EPOCH 5 - PROGRESS: at 66.23% examples, 676851 words/s, in_qsize 31, out_qsize 0
2026-03-26 11:28:43,348 - INFO - EPOCH 5 - PROGRESS: at 66.37% examples, 676847 words/s, in_qsize 32, out_qsize 2
2026-03-26 11:28:44,353 - INFO - EPOCH 5 - PROGRESS: at 66.48% examples, 676885 words/s, in_qsize 31, out_qsize 0
2026-03-26 11:28:45,361 - INFO - EPOCH 5 - PROGRESS: at 66.57% examples, 676825 words/s, in_qsize 32, out_qsize 0
2026-03-26 11:28:46,401 - INFO - EPOCH 5 - PROGRESS: at 66.64% examples, 676760 words/s, in_qsize 31, out_qsize 2
2026-03-26 11:28:47,416 - INFO - EPOCH 5 - PROGRESS: at 66.71% examples, 676753 words/s, in_qsize 31, out_qsize 1
2026-03-26 11:28:48,417 - INFO - EPOCH 5 - PROGRESS: at 66.82% examples, 676766 words/s, in_qsize 32, out_qsize 0
2026-03-26 11:28:49,423 - INFO - EPOCH 5 - PROGRESS: at 66.89% examples, 676703 words/s, in_qsize 31, out_qsize 0
2026-03-26 11:28:50,427 - INFO - EPOCH 5 - PROGRESS: at 66.96% examples, 676673 words/s, in_qsize 32, out_qsize 1
2026-03-26 11:28:51,428 - INFO - EPOCH 5 - PROGRESS: at 67.08% examples, 676673 words/s, in_qsize 29, out_qsize 2
2026-03-26 11:28:52,445 - INFO - EPOCH 5 - PROGRESS: at 67.24% examples, 676696 words/s, in_qsize 32, out_qsize 1
2026-03-26 11:28:53,446 - INFO - EPOCH 5 - PROGRESS: at 67.37% examples, 676740 words/s, in_qsize 30, out_qsize 1
2026-03-26 11:28:54,457 - INFO - EPOCH 5 - PROGRESS: at 67.50% examples, 676706 words/s, in_qsize 29, out_qsize 2
2026-03-26 11:28:55,513 - INFO - EPOCH 5 - PROGRESS: at 67.61% examples, 676611 words/s, in_qsize 32, out_qsize 7
2026-03-26 11:28:56,517 - INFO - EPOCH 5 - PROGRESS: at 67.75% examples, 676740 words/s, in_qsize 32, out_qsize 1
2026-03-26 11:28:57,543 - INFO - EPOCH 5 - PROGRESS: at 67.86% examples, 676715 words/s, in_qsize 32, out_qsize 0
2026-03-26 11:28:58,544 - INFO - EPOCH 5 - PROGRESS: at 67.98% examples, 676741 words/s, in_qsize 31, out_qsize 0
2026-03-26 11:28:59,553 - INFO - EPOCH 5 - PROGRESS: at 68.09% examples, 676748 words/s, in_qsize 31, out_qsize 0
2026-03-26 11:29:00,567 - INFO - EPOCH 5 - PROGRESS: at 68.17% examples, 676661 words/s, in_qsize 27, out_qsize 2
2026-03-26 11:29:01,580 - INFO - EPOCH 5 - PROGRESS: at 68.32% examples, 676701 words/s, in_qsize 30, out_qsize 1
2026-03-26 11:29:02,589 - INFO - EPOCH 5 - PROGRESS: at 68.45% examples, 676700 words/s, in_qsize 31, out_qsize 0
2026-03-26 11:29:03,597 - INFO - EPOCH 5 - PROGRESS: at 68.58% examples, 676696 words/s, in_qsize 31, out_qsize 0
2026-03-26 11:29:04,619 - INFO - EPOCH 5 - PROGRESS: at 68.71% examples, 676687 words/s, in_qsize 31, out_qsize 0
2026-03-26 11:29:05,635 - INFO - EPOCH 5 - PROGRESS: at 68.84% examples, 676705 words/s, in_qsize 30, out_qsize 1
2026-03-26 11:29:06,649 - INFO - EPOCH 5 - PROGRESS: at 68.97% examples, 676709 words/s, in_qsize 31, out_qsize 0
2026-03-26 11:29:07,719 - INFO - EPOCH 5 - PROGRESS: at 69.10% examples, 676599 words/s, in_qsize 31, out_qsize 0
2026-03-26 11:29:08,727 - INFO - EPOCH 5 - PROGRESS: at 69.27% examples, 676383 words/s, in_qsize 29, out_qsize 2
2026-03-26 11:29:09,738 - INFO - EPOCH 5 - PROGRESS: at 69.50% examples, 676364 words/s, in_qsize 31, out_qsize 0
2026-03-26 11:29:10,747 - INFO - EPOCH 5 - PROGRESS: at 69.69% examples, 676136 words/s, in_qsize 32, out_qsize 0
2026-03-26 11:29:11,814 - INFO - EPOCH 5 - PROGRESS: at 69.87% examples, 676036 words/s, in_qsize 30, out_qsize 2
2026-03-26 11:29:12,819 - INFO - EPOCH 5 - PROGRESS: at 70.01% examples, 676100 words/s, in_qsize 31, out_qsize 0
2026-03-26 11:29:13,821 - INFO - EPOCH 5 - PROGRESS: at 70.13% examples, 676088 words/s, in_qsize 31, out_qsize 0
2026-03-26 11:29:14,825 - INFO - EPOCH 5 - PROGRESS: at 70.26% examples, 676093 words/s, in_qsize 32, out_qsize 0
2026-03-26 11:29:15,833 - INFO - EPOCH 5 - PROGRESS: at 70.39% examples, 676091 words/s, in_qsize 31, out_qsize 0
2026-03-26 11:29:16,849 - INFO - EPOCH 5 - PROGRESS: at 70.52% examples, 676064 words/s, in_qsize 30, out_qsize 1
2026-03-26 11:29:17,865 - INFO - EPOCH 5 - PROGRESS: at 70.64% examples, 676052 words/s, in_qsize 32, out_qsize 2
2026-03-26 11:29:18,875 - INFO - EPOCH 5 - PROGRESS: at 70.77% examples, 676065 words/s, in_qsize 32, out_qsize 1
2026-03-26 11:29:19,889 - INFO - EPOCH 5 - PROGRESS: at 70.89% examples, 676037 words/s, in_qsize 31, out_qsize 4
2026-03-26 11:29:20,897 - INFO - EPOCH 5 - PROGRESS: at 71.01% examples, 676078 words/s, in_qsize 32, out_qsize 0
2026-03-26 11:29:21,914 - INFO - EPOCH 5 - PROGRESS: at 71.13% examples, 676091 words/s, in_qsize 32, out_qsize 0
2026-03-26 11:29:22,937 - INFO - EPOCH 5 - PROGRESS: at 71.27% examples, 676119 words/s, in_qsize 32, out_qsize 0
2026-03-26 11:29:23,964 - INFO - EPOCH 5 - PROGRESS: at 71.45% examples, 676110 words/s, in_qsize 31, out_qsize 2
2026-03-26 11:29:24,969 - INFO - EPOCH 5 - PROGRESS: at 71.64% examples, 676211 words/s, in_qsize 31, out_qsize 0
2026-03-26 11:29:25,987 - INFO - EPOCH 5 - PROGRESS: at 71.82% examples, 676214 words/s, in_qsize 31, out_qsize 0
2026-03-26 11:29:26,990 - INFO - EPOCH 5 - PROGRESS: at 71.95% examples, 676241 words/s, in_qsize 32, out_qsize 0
2026-03-26 11:29:27,995 - INFO - EPOCH 5 - PROGRESS: at 72.06% examples, 676244 words/s, in_qsize 31, out_qsize 0
2026-03-26 11:29:29,005 - INFO - EPOCH 5 - PROGRESS: at 72.19% examples, 676123 words/s, in_qsize 32, out_qsize 0
2026-03-26 11:29:30,029 - INFO - EPOCH 5 - PROGRESS: at 72.37% examples, 676130 words/s, in_qsize 32, out_qsize 1
2026-03-26 11:29:31,036 - INFO - EPOCH 5 - PROGRESS: at 72.55% examples, 676177 words/s, in_qsize 31, out_qsize 0
2026-03-26 11:29:32,061 - INFO - EPOCH 5 - PROGRESS: at 72.73% examples, 676186 words/s, in_qsize 31, out_qsize 2
2026-03-26 11:29:33,061 - INFO - EPOCH 5 - PROGRESS: at 72.91% examples, 676259 words/s, in_qsize 31, out_qsize 0
2026-03-26 11:29:34,072 - INFO - EPOCH 5 - PROGRESS: at 73.04% examples, 676221 words/s, in_qsize 32, out_qsize 1
2026-03-26 11:29:35,101 - INFO - EPOCH 5 - PROGRESS: at 73.15% examples, 676207 words/s, in_qsize 29, out_qsize 2
2026-03-26 11:29:36,111 - INFO - EPOCH 5 - PROGRESS: at 73.25% examples, 676239 words/s, in_qsize 31, out_qsize 0
2026-03-26 11:29:37,145 - INFO - EPOCH 5 - PROGRESS: at 73.36% examples, 676188 words/s, in_qsize 28, out_qsize 3
2026-03-26 11:29:38,159 - INFO - EPOCH 5 - PROGRESS: at 73.46% examples, 676192 words/s, in_qsize 31, out_qsize 1
2026-03-26 11:29:39,159 - INFO - EPOCH 5 - PROGRESS: at 73.55% examples, 676174 words/s, in_qsize 30, out_qsize 1
2026-03-26 11:29:40,175 - INFO - EPOCH 5 - PROGRESS: at 73.65% examples, 676188 words/s, in_qsize 30, out_qsize 1
2026-03-26 11:29:41,193 - INFO - EPOCH 5 - PROGRESS: at 73.80% examples, 676187 words/s, in_qsize 32, out_qsize 1
2026-03-26 11:29:42,238 - INFO - EPOCH 5 - PROGRESS: at 73.95% examples, 676227 words/s, in_qsize 30, out_qsize 1
2026-03-26 11:29:43,285 - INFO - EPOCH 5 - PROGRESS: at 74.15% examples, 676260 words/s, in_qsize 32, out_qsize 0
2026-03-26 11:29:44,302 - INFO - EPOCH 5 - PROGRESS: at 74.32% examples, 676240 words/s, in_qsize 32, out_qsize 0
2026-03-26 11:29:45,303 - INFO - EPOCH 5 - PROGRESS: at 74.47% examples, 676196 words/s, in_qsize 32, out_qsize 1
2026-03-26 11:29:46,317 - INFO - EPOCH 5 - PROGRESS: at 74.60% examples, 676218 words/s, in_qsize 30, out_qsize 0
2026-03-26 11:29:47,326 - INFO - EPOCH 5 - PROGRESS: at 74.73% examples, 676220 words/s, in_qsize 31, out_qsize 0
2026-03-26 11:29:48,328 - INFO - EPOCH 5 - PROGRESS: at 74.87% examples, 676233 words/s, in_qsize 31, out_qsize 0
2026-03-26 11:29:49,341 - INFO - EPOCH 5 - PROGRESS: at 75.01% examples, 676239 words/s, in_qsize 31, out_qsize 0
2026-03-26 11:29:50,346 - INFO - EPOCH 5 - PROGRESS: at 75.20% examples, 676291 words/s, in_qsize 31, out_qsize 0
2026-03-26 11:29:51,364 - INFO - EPOCH 5 - PROGRESS: at 75.37% examples, 676297 words/s, in_qsize 31, out_qsize 0
2026-03-26 11:29:52,381 - INFO - EPOCH 5 - PROGRESS: at 75.52% examples, 676324 words/s, in_qsize 30, out_qsize 1
2026-03-26 11:29:53,385 - INFO - EPOCH 5 - PROGRESS: at 75.68% examples, 676358 words/s, in_qsize 30, out_qsize 0
2026-03-26 11:29:54,397 - INFO - EPOCH 5 - PROGRESS: at 75.84% examples, 676351 words/s, in_qsize 32, out_qsize 0
2026-03-26 11:29:55,404 - INFO - EPOCH 5 - PROGRESS: at 75.99% examples, 676406 words/s, in_qsize 31, out_qsize 0
2026-03-26 11:29:56,415 - INFO - EPOCH 5 - PROGRESS: at 76.14% examples, 676382 words/s, in_qsize 31, out_qsize 0
2026-03-26 11:29:57,423 - INFO - EPOCH 5 - PROGRESS: at 76.30% examples, 676381 words/s, in_qsize 32, out_qsize 1
2026-03-26 11:29:58,515 - INFO - EPOCH 5 - PROGRESS: at 76.46% examples, 676349 words/s, in_qsize 31, out_qsize 0
2026-03-26 11:29:59,526 - INFO - EPOCH 5 - PROGRESS: at 76.63% examples, 676363 words/s, in_qsize 31, out_qsize 0
2026-03-26 11:30:00,529 - INFO - EPOCH 5 - PROGRESS: at 76.77% examples, 676402 words/s, in_qsize 32, out_qsize 1
2026-03-26 11:30:01,551 - INFO - EPOCH 5 - PROGRESS: at 76.92% examples, 676367 words/s, in_qsize 30, out_qsize 3
2026-03-26 11:30:02,561 - INFO - EPOCH 5 - PROGRESS: at 77.08% examples, 676432 words/s, in_qsize 32, out_qsize 1
2026-03-26 11:30:03,584 - INFO - EPOCH 5 - PROGRESS: at 77.23% examples, 676381 words/s, in_qsize 30, out_qsize 3
2026-03-26 11:30:04,596 - INFO - EPOCH 5 - PROGRESS: at 77.39% examples, 676460 words/s, in_qsize 32, out_qsize 1
2026-03-26 11:30:05,601 - INFO - EPOCH 5 - PROGRESS: at 77.54% examples, 676433 words/s, in_qsize 29, out_qsize 2
2026-03-26 11:30:06,617 - INFO - EPOCH 5 - PROGRESS: at 77.70% examples, 676479 words/s, in_qsize 31, out_qsize 0
2026-03-26 11:30:07,634 - INFO - EPOCH 5 - PROGRESS: at 77.86% examples, 676479 words/s, in_qsize 30, out_qsize 3
2026-03-26 11:30:08,636 - INFO - EPOCH 5 - PROGRESS: at 78.01% examples, 676498 words/s, in_qsize 32, out_qsize 0
2026-03-26 11:30:09,640 - INFO - EPOCH 5 - PROGRESS: at 78.15% examples, 676523 words/s, in_qsize 31, out_qsize 0
2026-03-26 11:30:10,662 - INFO - EPOCH 5 - PROGRESS: at 78.30% examples, 676573 words/s, in_qsize 30, out_qsize 1
2026-03-26 11:30:11,688 - INFO - EPOCH 5 - PROGRESS: at 78.45% examples, 676676 words/s, in_qsize 32, out_qsize 0
2026-03-26 11:30:12,704 - INFO - EPOCH 5 - PROGRESS: at 78.59% examples, 676748 words/s, in_qsize 29, out_qsize 0
2026-03-26 11:30:13,710 - INFO - EPOCH 5 - PROGRESS: at 78.74% examples, 676834 words/s, in_qsize 32, out_qsize 0
2026-03-26 11:30:14,732 - INFO - EPOCH 5 - PROGRESS: at 78.88% examples, 676898 words/s, in_qsize 30, out_qsize 1
2026-03-26 11:30:15,741 - INFO - EPOCH 5 - PROGRESS: at 79.03% examples, 677037 words/s, in_qsize 31, out_qsize 0
2026-03-26 11:30:16,747 - INFO - EPOCH 5 - PROGRESS: at 79.18% examples, 677121 words/s, in_qsize 29, out_qsize 0
2026-03-26 11:30:17,757 - INFO - EPOCH 5 - PROGRESS: at 79.32% examples, 677185 words/s, in_qsize 32, out_qsize 0
2026-03-26 11:30:18,775 - INFO - EPOCH 5 - PROGRESS: at 79.47% examples, 677282 words/s, in_qsize 30, out_qsize 1
2026-03-26 11:30:19,788 - INFO - EPOCH 5 - PROGRESS: at 79.62% examples, 677356 words/s, in_qsize 32, out_qsize 0
2026-03-26 11:30:20,807 - INFO - EPOCH 5 - PROGRESS: at 79.76% examples, 677422 words/s, in_qsize 27, out_qsize 3
2026-03-26 11:30:21,816 - INFO - EPOCH 5 - PROGRESS: at 79.91% examples, 677488 words/s, in_qsize 32, out_qsize 0
2026-03-26 11:30:22,831 - INFO - EPOCH 5 - PROGRESS: at 80.05% examples, 677543 words/s, in_qsize 32, out_qsize 0
2026-03-26 11:30:23,836 - INFO - EPOCH 5 - PROGRESS: at 80.19% examples, 677613 words/s, in_qsize 31, out_qsize 0
2026-03-26 11:30:24,853 - INFO - EPOCH 5 - PROGRESS: at 80.33% examples, 677606 words/s, in_qsize 30, out_qsize 2
2026-03-26 11:30:25,855 - INFO - EPOCH 5 - PROGRESS: at 80.46% examples, 677621 words/s, in_qsize 30, out_qsize 0
2026-03-26 11:30:26,872 - INFO - EPOCH 5 - PROGRESS: at 80.56% examples, 677576 words/s, in_qsize 31, out_qsize 1
2026-03-26 11:30:27,887 - INFO - EPOCH 5 - PROGRESS: at 80.65% examples, 677539 words/s, in_qsize 30, out_qsize 3
2026-03-26 11:30:28,924 - INFO - EPOCH 5 - PROGRESS: at 80.78% examples, 677548 words/s, in_qsize 32, out_qsize 3
2026-03-26 11:30:29,934 - INFO - EPOCH 5 - PROGRESS: at 80.91% examples, 677592 words/s, in_qsize 31, out_qsize 0
2026-03-26 11:30:30,947 - INFO - EPOCH 5 - PROGRESS: at 81.05% examples, 677579 words/s, in_qsize 32, out_qsize 2
2026-03-26 11:30:31,951 - INFO - EPOCH 5 - PROGRESS: at 81.18% examples, 677616 words/s, in_qsize 30, out_qsize 1
2026-03-26 11:30:32,955 - INFO - EPOCH 5 - PROGRESS: at 81.31% examples, 677599 words/s, in_qsize 30, out_qsize 1
2026-03-26 11:30:33,957 - INFO - EPOCH 5 - PROGRESS: at 81.44% examples, 677583 words/s, in_qsize 32, out_qsize 1
2026-03-26 11:30:34,959 - INFO - EPOCH 5 - PROGRESS: at 81.57% examples, 677595 words/s, in_qsize 31, out_qsize 0
2026-03-26 11:30:35,959 - INFO - EPOCH 5 - PROGRESS: at 81.69% examples, 677570 words/s, in_qsize 31, out_qsize 1
2026-03-26 11:30:36,994 - INFO - EPOCH 5 - PROGRESS: at 81.81% examples, 677443 words/s, in_qsize 31, out_qsize 0
2026-03-26 11:30:37,998 - INFO - EPOCH 5 - PROGRESS: at 81.96% examples, 677476 words/s, in_qsize 31, out_qsize 0
2026-03-26 11:30:39,012 - INFO - EPOCH 5 - PROGRESS: at 82.09% examples, 677414 words/s, in_qsize 31, out_qsize 1
2026-03-26 11:30:40,030 - INFO - EPOCH 5 - PROGRESS: at 82.24% examples, 677426 words/s, in_qsize 30, out_qsize 1
2026-03-26 11:30:41,056 - INFO - EPOCH 5 - PROGRESS: at 82.38% examples, 677415 words/s, in_qsize 31, out_qsize 2
2026-03-26 11:30:42,068 - INFO - EPOCH 5 - PROGRESS: at 82.53% examples, 677459 words/s, in_qsize 31, out_qsize 0
2026-03-26 11:30:43,111 - INFO - EPOCH 5 - PROGRESS: at 82.67% examples, 677416 words/s, in_qsize 32, out_qsize 1
2026-03-26 11:30:44,161 - INFO - EPOCH 5 - PROGRESS: at 82.80% examples, 677414 words/s, in_qsize 31, out_qsize 0
2026-03-26 11:30:45,166 - INFO - EPOCH 5 - PROGRESS: at 82.92% examples, 677458 words/s, in_qsize 31, out_qsize 0
2026-03-26 11:30:46,172 - INFO - EPOCH 5 - PROGRESS: at 83.03% examples, 677473 words/s, in_qsize 32, out_qsize 0
2026-03-26 11:30:47,178 - INFO - EPOCH 5 - PROGRESS: at 83.14% examples, 677500 words/s, in_qsize 31, out_qsize 0
2026-03-26 11:30:48,201 - INFO - EPOCH 5 - PROGRESS: at 83.25% examples, 677495 words/s, in_qsize 32, out_qsize 1
2026-03-26 11:30:49,204 - INFO - EPOCH 5 - PROGRESS: at 83.37% examples, 677553 words/s, in_qsize 31, out_qsize 0
2026-03-26 11:30:50,211 - INFO - EPOCH 5 - PROGRESS: at 83.49% examples, 677515 words/s, in_qsize 30, out_qsize 1
2026-03-26 11:30:51,229 - INFO - EPOCH 5 - PROGRESS: at 83.61% examples, 677494 words/s, in_qsize 29, out_qsize 2
2026-03-26 11:30:52,243 - INFO - EPOCH 5 - PROGRESS: at 83.76% examples, 677494 words/s, in_qsize 32, out_qsize 2
2026-03-26 11:30:53,245 - INFO - EPOCH 5 - PROGRESS: at 83.92% examples, 677490 words/s, in_qsize 32, out_qsize 1
2026-03-26 11:30:54,253 - INFO - EPOCH 5 - PROGRESS: at 84.08% examples, 677546 words/s, in_qsize 32, out_qsize 1
2026-03-26 11:30:55,257 - INFO - EPOCH 5 - PROGRESS: at 84.22% examples, 677562 words/s, in_qsize 32, out_qsize 0
2026-03-26 11:30:56,258 - INFO - EPOCH 5 - PROGRESS: at 84.32% examples, 677568 words/s, in_qsize 32, out_qsize 1
2026-03-26 11:30:57,275 - INFO - EPOCH 5 - PROGRESS: at 84.43% examples, 677583 words/s, in_qsize 31, out_qsize 0
2026-03-26 11:30:58,290 - INFO - EPOCH 5 - PROGRESS: at 84.53% examples, 677558 words/s, in_qsize 32, out_qsize 0
2026-03-26 11:30:59,292 - INFO - EPOCH 5 - PROGRESS: at 84.63% examples, 677539 words/s, in_qsize 31, out_qsize 0
2026-03-26 11:31:00,312 - INFO - EPOCH 5 - PROGRESS: at 84.69% examples, 677449 words/s, in_qsize 32, out_qsize 5
2026-03-26 11:31:01,315 - INFO - EPOCH 5 - PROGRESS: at 84.80% examples, 677488 words/s, in_qsize 31, out_qsize 0
2026-03-26 11:31:02,330 - INFO - EPOCH 5 - PROGRESS: at 84.97% examples, 677534 words/s, in_qsize 32, out_qsize 0
2026-03-26 11:31:03,336 - INFO - EPOCH 5 - PROGRESS: at 85.13% examples, 677556 words/s, in_qsize 30, out_qsize 1
2026-03-26 11:31:04,348 - INFO - EPOCH 5 - PROGRESS: at 85.27% examples, 677535 words/s, in_qsize 30, out_qsize 1
2026-03-26 11:31:05,348 - INFO - EPOCH 5 - PROGRESS: at 85.42% examples, 677610 words/s, in_qsize 31, out_qsize 0
2026-03-26 11:31:06,361 - INFO - EPOCH 5 - PROGRESS: at 85.57% examples, 677601 words/s, in_qsize 31, out_qsize 0
2026-03-26 11:31:07,363 - INFO - EPOCH 5 - PROGRESS: at 85.72% examples, 677617 words/s, in_qsize 31, out_qsize 0
2026-03-26 11:31:08,390 - INFO - EPOCH 5 - PROGRESS: at 85.87% examples, 677604 words/s, in_qsize 31, out_qsize 0
2026-03-26 11:31:09,417 - INFO - EPOCH 5 - PROGRESS: at 86.01% examples, 677593 words/s, in_qsize 32, out_qsize 2
2026-03-26 11:31:10,423 - INFO - EPOCH 5 - PROGRESS: at 86.16% examples, 677631 words/s, in_qsize 31, out_qsize 0
2026-03-26 11:31:11,429 - INFO - EPOCH 5 - PROGRESS: at 86.31% examples, 677629 words/s, in_qsize 32, out_qsize 2
2026-03-26 11:31:12,453 - INFO - EPOCH 5 - PROGRESS: at 86.43% examples, 677507 words/s, in_qsize 29, out_qsize 2
2026-03-26 11:31:13,466 - INFO - EPOCH 5 - PROGRESS: at 86.55% examples, 677493 words/s, in_qsize 32, out_qsize 2
2026-03-26 11:31:14,494 - INFO - EPOCH 5 - PROGRESS: at 86.67% examples, 677502 words/s, in_qsize 30, out_qsize 2
2026-03-26 11:31:15,504 - INFO - EPOCH 5 - PROGRESS: at 86.84% examples, 677506 words/s, in_qsize 32, out_qsize 4
2026-03-26 11:31:16,512 - INFO - EPOCH 5 - PROGRESS: at 87.02% examples, 677577 words/s, in_qsize 32, out_qsize 0
2026-03-26 11:31:17,515 - INFO - EPOCH 5 - PROGRESS: at 87.18% examples, 677601 words/s, in_qsize 32, out_qsize 0
2026-03-26 11:31:18,524 - INFO - EPOCH 5 - PROGRESS: at 87.34% examples, 677616 words/s, in_qsize 32, out_qsize 2
2026-03-26 11:31:19,539 - INFO - EPOCH 5 - PROGRESS: at 87.49% examples, 677676 words/s, in_qsize 31, out_qsize 0
2026-03-26 11:31:20,550 - INFO - EPOCH 5 - PROGRESS: at 87.62% examples, 677677 words/s, in_qsize 30, out_qsize 1
2026-03-26 11:31:21,557 - INFO - EPOCH 5 - PROGRESS: at 87.74% examples, 677669 words/s, in_qsize 31, out_qsize 0
2026-03-26 11:31:22,566 - INFO - EPOCH 5 - PROGRESS: at 87.87% examples, 677684 words/s, in_qsize 31, out_qsize 0
2026-03-26 11:31:23,605 - INFO - EPOCH 5 - PROGRESS: at 88.00% examples, 677668 words/s, in_qsize 32, out_qsize 1
2026-03-26 11:31:24,609 - INFO - EPOCH 5 - PROGRESS: at 88.10% examples, 677665 words/s, in_qsize 29, out_qsize 2
2026-03-26 11:31:25,616 - INFO - EPOCH 5 - PROGRESS: at 88.23% examples, 677667 words/s, in_qsize 32, out_qsize 0
2026-03-26 11:31:26,621 - INFO - EPOCH 5 - PROGRESS: at 88.37% examples, 677705 words/s, in_qsize 31, out_qsize 0
2026-03-26 11:31:27,628 - INFO - EPOCH 5 - PROGRESS: at 88.55% examples, 677725 words/s, in_qsize 28, out_qsize 3
2026-03-26 11:31:28,628 - INFO - EPOCH 5 - PROGRESS: at 88.68% examples, 677678 words/s, in_qsize 29, out_qsize 2
2026-03-26 11:31:29,636 - INFO - EPOCH 5 - PROGRESS: at 88.80% examples, 677678 words/s, in_qsize 31, out_qsize 0
2026-03-26 11:31:30,670 - INFO - EPOCH 5 - PROGRESS: at 88.90% examples, 677667 words/s, in_qsize 29, out_qsize 2
2026-03-26 11:31:31,699 - INFO - EPOCH 5 - PROGRESS: at 89.02% examples, 677633 words/s, in_qsize 32, out_qsize 3
2026-03-26 11:31:32,714 - INFO - EPOCH 5 - PROGRESS: at 89.19% examples, 677677 words/s, in_qsize 32, out_qsize 3
2026-03-26 11:31:33,745 - INFO - EPOCH 5 - PROGRESS: at 89.36% examples, 677706 words/s, in_qsize 31, out_qsize 0
2026-03-26 11:31:34,756 - INFO - EPOCH 5 - PROGRESS: at 89.52% examples, 677718 words/s, in_qsize 32, out_qsize 2
2026-03-26 11:31:35,764 - INFO - EPOCH 5 - PROGRESS: at 89.69% examples, 677756 words/s, in_qsize 31, out_qsize 0
2026-03-26 11:31:36,813 - INFO - EPOCH 5 - PROGRESS: at 89.86% examples, 677743 words/s, in_qsize 29, out_qsize 2
2026-03-26 11:31:37,829 - INFO - EPOCH 5 - PROGRESS: at 90.03% examples, 677727 words/s, in_qsize 32, out_qsize 0
2026-03-26 11:31:38,831 - INFO - EPOCH 5 - PROGRESS: at 90.20% examples, 677739 words/s, in_qsize 31, out_qsize 0
2026-03-26 11:31:39,870 - INFO - EPOCH 5 - PROGRESS: at 90.34% examples, 677538 words/s, in_qsize 31, out_qsize 1
2026-03-26 11:31:40,874 - INFO - EPOCH 5 - PROGRESS: at 90.51% examples, 677533 words/s, in_qsize 31, out_qsize 0
2026-03-26 11:31:41,913 - INFO - EPOCH 5 - PROGRESS: at 90.65% examples, 677310 words/s, in_qsize 29, out_qsize 2
2026-03-26 11:31:42,933 - INFO - EPOCH 5 - PROGRESS: at 90.82% examples, 677315 words/s, in_qsize 31, out_qsize 0
2026-03-26 11:31:43,935 - INFO - EPOCH 5 - PROGRESS: at 90.96% examples, 677157 words/s, in_qsize 32, out_qsize 0
2026-03-26 11:31:44,963 - INFO - EPOCH 5 - PROGRESS: at 91.13% examples, 677129 words/s, in_qsize 31, out_qsize 0
2026-03-26 11:31:45,990 - INFO - EPOCH 5 - PROGRESS: at 91.30% examples, 677105 words/s, in_qsize 31, out_qsize 0
2026-03-26 11:31:47,003 - INFO - EPOCH 5 - PROGRESS: at 91.40% examples, 676979 words/s, in_qsize 31, out_qsize 0
2026-03-26 11:31:48,016 - INFO - EPOCH 5 - PROGRESS: at 91.51% examples, 676986 words/s, in_qsize 32, out_qsize 0
2026-03-26 11:31:49,022 - INFO - EPOCH 5 - PROGRESS: at 91.63% examples, 676961 words/s, in_qsize 31, out_qsize 3
2026-03-26 11:31:50,034 - INFO - EPOCH 5 - PROGRESS: at 91.79% examples, 677028 words/s, in_qsize 32, out_qsize 1
2026-03-26 11:31:51,038 - INFO - EPOCH 5 - PROGRESS: at 91.99% examples, 677079 words/s, in_qsize 31, out_qsize 0
2026-03-26 11:31:52,068 - INFO - EPOCH 5 - PROGRESS: at 92.18% examples, 677089 words/s, in_qsize 32, out_qsize 0
2026-03-26 11:31:53,077 - INFO - EPOCH 5 - PROGRESS: at 92.38% examples, 677146 words/s, in_qsize 30, out_qsize 0
2026-03-26 11:31:54,115 - INFO - EPOCH 5 - PROGRESS: at 92.57% examples, 677160 words/s, in_qsize 29, out_qsize 2
2026-03-26 11:31:55,117 - INFO - EPOCH 5 - PROGRESS: at 92.76% examples, 677154 words/s, in_qsize 31, out_qsize 0
2026-03-26 11:31:56,130 - INFO - EPOCH 5 - PROGRESS: at 92.95% examples, 677206 words/s, in_qsize 31, out_qsize 0
2026-03-26 11:31:57,142 - INFO - EPOCH 5 - PROGRESS: at 93.15% examples, 677269 words/s, in_qsize 30, out_qsize 3
2026-03-26 11:31:58,164 - INFO - EPOCH 5 - PROGRESS: at 93.35% examples, 677299 words/s, in_qsize 32, out_qsize 2
2026-03-26 11:31:59,164 - INFO - EPOCH 5 - PROGRESS: at 93.55% examples, 677411 words/s, in_qsize 31, out_qsize 0
2026-03-26 11:32:00,182 - INFO - EPOCH 5 - PROGRESS: at 93.75% examples, 677457 words/s, in_qsize 31, out_qsize 0
2026-03-26 11:32:01,204 - INFO - EPOCH 5 - PROGRESS: at 93.94% examples, 677487 words/s, in_qsize 32, out_qsize 0
2026-03-26 11:32:02,207 - INFO - EPOCH 5 - PROGRESS: at 94.14% examples, 677546 words/s, in_qsize 31, out_qsize 0
2026-03-26 11:32:03,240 - INFO - EPOCH 5 - PROGRESS: at 94.33% examples, 677564 words/s, in_qsize 31, out_qsize 0
2026-03-26 11:32:04,259 - INFO - EPOCH 5 - PROGRESS: at 94.44% examples, 677531 words/s, in_qsize 30, out_qsize 1
2026-03-26 11:32:05,289 - INFO - EPOCH 5 - PROGRESS: at 94.54% examples, 677511 words/s, in_qsize 29, out_qsize 3
2026-03-26 11:32:06,295 - INFO - EPOCH 5 - PROGRESS: at 94.66% examples, 677544 words/s, in_qsize 31, out_qsize 0
2026-03-26 11:32:07,300 - INFO - EPOCH 5 - PROGRESS: at 94.78% examples, 677532 words/s, in_qsize 32, out_qsize 1
2026-03-26 11:32:08,330 - INFO - EPOCH 5 - PROGRESS: at 94.90% examples, 677536 words/s, in_qsize 30, out_qsize 1
2026-03-26 11:32:09,406 - INFO - EPOCH 5 - PROGRESS: at 95.00% examples, 677467 words/s, in_qsize 32, out_qsize 7
2026-03-26 11:32:10,435 - INFO - EPOCH 5 - PROGRESS: at 95.15% examples, 677547 words/s, in_qsize 32, out_qsize 2
2026-03-26 11:32:11,438 - INFO - EPOCH 5 - PROGRESS: at 95.26% examples, 677573 words/s, in_qsize 31, out_qsize 0
2026-03-26 11:32:12,469 - INFO - EPOCH 5 - PROGRESS: at 95.35% examples, 677537 words/s, in_qsize 32, out_qsize 3
2026-03-26 11:32:13,480 - INFO - EPOCH 5 - PROGRESS: at 95.51% examples, 677592 words/s, in_qsize 32, out_qsize 0
2026-03-26 11:32:14,495 - INFO - EPOCH 5 - PROGRESS: at 95.67% examples, 677604 words/s, in_qsize 30, out_qsize 1
2026-03-26 11:32:15,523 - INFO - EPOCH 5 - PROGRESS: at 95.78% examples, 677588 words/s, in_qsize 32, out_qsize 1
2026-03-26 11:32:16,546 - INFO - EPOCH 5 - PROGRESS: at 95.87% examples, 677546 words/s, in_qsize 32, out_qsize 5
2026-03-26 11:32:17,553 - INFO - EPOCH 5 - PROGRESS: at 95.99% examples, 677623 words/s, in_qsize 30, out_qsize 0
2026-03-26 11:32:18,570 - INFO - EPOCH 5 - PROGRESS: at 96.09% examples, 677558 words/s, in_qsize 31, out_qsize 0
2026-03-26 11:32:19,583 - INFO - EPOCH 5 - PROGRESS: at 96.21% examples, 677427 words/s, in_qsize 29, out_qsize 2
2026-03-26 11:32:20,594 - INFO - EPOCH 5 - PROGRESS: at 96.35% examples, 677436 words/s, in_qsize 31, out_qsize 0
2026-03-26 11:32:21,606 - INFO - EPOCH 5 - PROGRESS: at 96.48% examples, 677431 words/s, in_qsize 29, out_qsize 0
2026-03-26 11:32:22,628 - INFO - EPOCH 5 - PROGRESS: at 96.62% examples, 677393 words/s, in_qsize 31, out_qsize 4
2026-03-26 11:32:23,640 - INFO - EPOCH 5 - PROGRESS: at 96.78% examples, 677445 words/s, in_qsize 31, out_qsize 2
2026-03-26 11:32:24,663 - INFO - EPOCH 5 - PROGRESS: at 96.92% examples, 677456 words/s, in_qsize 32, out_qsize 1
2026-03-26 11:32:25,664 - INFO - EPOCH 5 - PROGRESS: at 96.98% examples, 677399 words/s, in_qsize 30, out_qsize 2
2026-03-26 11:32:26,666 - INFO - EPOCH 5 - PROGRESS: at 97.09% examples, 677425 words/s, in_qsize 26, out_qsize 0
2026-03-26 11:32:27,677 - INFO - EPOCH 5 - PROGRESS: at 97.21% examples, 677437 words/s, in_qsize 31, out_qsize 0
2026-03-26 11:32:28,680 - INFO - EPOCH 5 - PROGRESS: at 97.38% examples, 677462 words/s, in_qsize 31, out_qsize 1
2026-03-26 11:32:29,682 - INFO - EPOCH 5 - PROGRESS: at 97.52% examples, 677465 words/s, in_qsize 32, out_qsize 1
2026-03-26 11:32:30,709 - INFO - EPOCH 5 - PROGRESS: at 97.61% examples, 677418 words/s, in_qsize 32, out_qsize 3
2026-03-26 11:32:31,735 - INFO - EPOCH 5 - PROGRESS: at 97.74% examples, 677435 words/s, in_qsize 30, out_qsize 2
2026-03-26 11:32:32,758 - INFO - EPOCH 5 - PROGRESS: at 97.87% examples, 677430 words/s, in_qsize 32, out_qsize 3
2026-03-26 11:32:33,762 - INFO - EPOCH 5 - PROGRESS: at 97.97% examples, 677423 words/s, in_qsize 32, out_qsize 0
2026-03-26 11:32:34,767 - INFO - EPOCH 5 - PROGRESS: at 98.10% examples, 677463 words/s, in_qsize 31, out_qsize 0
2026-03-26 11:32:35,775 - INFO - EPOCH 5 - PROGRESS: at 98.24% examples, 677488 words/s, in_qsize 32, out_qsize 0
2026-03-26 11:32:36,794 - INFO - EPOCH 5 - PROGRESS: at 98.37% examples, 677490 words/s, in_qsize 31, out_qsize 0
2026-03-26 11:32:37,808 - INFO - EPOCH 5 - PROGRESS: at 98.51% examples, 677508 words/s, in_qsize 31, out_qsize 0
2026-03-26 11:32:38,819 - INFO - EPOCH 5 - PROGRESS: at 98.60% examples, 677489 words/s, in_qsize 32, out_qsize 1
2026-03-26 11:32:39,843 - INFO - EPOCH 5 - PROGRESS: at 98.67% examples, 677471 words/s, in_qsize 32, out_qsize 2
2026-03-26 11:32:40,869 - INFO - EPOCH 5 - PROGRESS: at 98.77% examples, 677471 words/s, in_qsize 32, out_qsize 2
2026-03-26 11:32:41,870 - INFO - EPOCH 5 - PROGRESS: at 98.93% examples, 677509 words/s, in_qsize 32, out_qsize 0
2026-03-26 11:32:42,892 - INFO - EPOCH 5 - PROGRESS: at 99.09% examples, 677507 words/s, in_qsize 30, out_qsize 1
2026-03-26 11:32:43,907 - INFO - EPOCH 5 - PROGRESS: at 99.27% examples, 677543 words/s, in_qsize 31, out_qsize 0
2026-03-26 11:32:44,908 - INFO - EPOCH 5 - PROGRESS: at 99.40% examples, 677568 words/s, in_qsize 32, out_qsize 0
2026-03-26 11:32:45,927 - INFO - EPOCH 5 - PROGRESS: at 99.54% examples, 677534 words/s, in_qsize 32, out_qsize 4
2026-03-26 11:32:46,950 - INFO - EPOCH 5 - PROGRESS: at 99.68% examples, 677568 words/s, in_qsize 31, out_qsize 2
2026-03-26 11:32:47,973 - INFO - EPOCH 5 - PROGRESS: at 99.80% examples, 677533 words/s, in_qsize 31, out_qsize 0
2026-03-26 11:32:48,992 - INFO - EPOCH 5 - PROGRESS: at 99.92% examples, 677524 words/s, in_qsize 30, out_qsize 3
2026-03-26 11:32:49,554 - DEBUG - job loop exiting, total 60863 jobs
2026-03-26 11:32:49,749 - DEBUG - worker exiting, processed 3807 jobs
2026-03-26 11:32:49,750 - DEBUG - worker thread finished; awaiting finish of 15 more threads
2026-03-26 11:32:49,750 - DEBUG - worker exiting, processed 3810 jobs
2026-03-26 11:32:49,750 - DEBUG - worker thread finished; awaiting finish of 14 more threads
2026-03-26 11:32:49,759 - DEBUG - worker exiting, processed 3800 jobs
2026-03-26 11:32:49,759 - DEBUG - worker thread finished; awaiting finish of 13 more threads
2026-03-26 11:32:49,769 - DEBUG - worker exiting, processed 3810 jobs
2026-03-26 11:32:49,769 - DEBUG - worker thread finished; awaiting finish of 12 more threads
2026-03-26 11:32:49,776 - DEBUG - worker exiting, processed 3812 jobs
2026-03-26 11:32:49,776 - DEBUG - worker thread finished; awaiting finish of 11 more threads
2026-03-26 11:32:49,779 - DEBUG - worker exiting, processed 3817 jobs
2026-03-26 11:32:49,779 - DEBUG - worker thread finished; awaiting finish of 10 more threads
2026-03-26 11:32:49,791 - DEBUG - worker exiting, processed 3817 jobs
2026-03-26 11:32:49,791 - DEBUG - worker thread finished; awaiting finish of 9 more threads
2026-03-26 11:32:49,792 - DEBUG - worker exiting, processed 3812 jobs
2026-03-26 11:32:49,792 - DEBUG - worker thread finished; awaiting finish of 8 more threads
2026-03-26 11:32:49,793 - DEBUG - worker exiting, processed 3805 jobs
2026-03-26 11:32:49,793 - DEBUG - worker thread finished; awaiting finish of 7 more threads
2026-03-26 11:32:49,811 - DEBUG - worker exiting, processed 3812 jobs
2026-03-26 11:32:49,811 - DEBUG - worker thread finished; awaiting finish of 6 more threads
2026-03-26 11:32:49,838 - DEBUG - worker exiting, processed 3799 jobs
2026-03-26 11:32:49,839 - DEBUG - worker thread finished; awaiting finish of 5 more threads
2026-03-26 11:32:49,843 - DEBUG - worker exiting, processed 3814 jobs
2026-03-26 11:32:49,843 - DEBUG - worker thread finished; awaiting finish of 4 more threads
2026-03-26 11:32:49,852 - DEBUG - worker exiting, processed 3722 jobs
2026-03-26 11:32:49,852 - DEBUG - worker thread finished; awaiting finish of 3 more threads
2026-03-26 11:32:49,856 - DEBUG - worker exiting, processed 3802 jobs
2026-03-26 11:32:49,856 - DEBUG - worker thread finished; awaiting finish of 2 more threads
2026-03-26 11:32:49,865 - DEBUG - worker exiting, processed 3811 jobs
2026-03-26 11:32:49,865 - DEBUG - worker thread finished; awaiting finish of 1 more threads
2026-03-26 11:32:49,870 - DEBUG - worker exiting, processed 3813 jobs
2026-03-26 11:32:49,870 - DEBUG - worker thread finished; awaiting finish of 0 more threads
2026-03-26 11:32:49,870 - INFO - EPOCH 5: training on 604933589 raw words (478063430 effective words) took 705.6s, 677572 effective words/s
2026-03-26 11:32:49,870 - INFO - Epoch 6 completed in 705.6s
2026-03-26 11:32:49,870 - INFO - Epoch 7 starting...
2026-03-26 11:32:50,884 - INFO - EPOCH 6 - PROGRESS: at 0.08% examples, 532417 words/s, in_qsize 31, out_qsize 0
2026-03-26 11:32:51,924 - INFO - EPOCH 6 - PROGRESS: at 0.21% examples, 591161 words/s, in_qsize 30, out_qsize 1
2026-03-26 11:32:52,947 - INFO - EPOCH 6 - PROGRESS: at 0.37% examples, 619704 words/s, in_qsize 28, out_qsize 3
2026-03-26 11:32:53,966 - INFO - EPOCH 6 - PROGRESS: at 0.53% examples, 639897 words/s, in_qsize 30, out_qsize 1
2026-03-26 11:32:54,975 - INFO - EPOCH 6 - PROGRESS: at 0.68% examples, 645939 words/s, in_qsize 30, out_qsize 1
2026-03-26 11:32:55,992 - INFO - EPOCH 6 - PROGRESS: at 0.84% examples, 653095 words/s, in_qsize 32, out_qsize 1
2026-03-26 11:32:56,993 - INFO - EPOCH 6 - PROGRESS: at 0.99% examples, 659554 words/s, in_qsize 32, out_qsize 0
2026-03-26 11:32:58,023 - INFO - EPOCH 6 - PROGRESS: at 1.14% examples, 656143 words/s, in_qsize 32, out_qsize 5
2026-03-26 11:32:59,036 - INFO - EPOCH 6 - PROGRESS: at 1.30% examples, 664188 words/s, in_qsize 32, out_qsize 0
2026-03-26 11:33:00,057 - INFO - EPOCH 6 - PROGRESS: at 1.42% examples, 665339 words/s, in_qsize 31, out_qsize 0
2026-03-26 11:33:01,106 - INFO - EPOCH 6 - PROGRESS: at 1.55% examples, 664751 words/s, in_qsize 31, out_qsize 2
2026-03-26 11:33:02,115 - INFO - EPOCH 6 - PROGRESS: at 1.68% examples, 666997 words/s, in_qsize 30, out_qsize 3
2026-03-26 11:33:03,126 - INFO - EPOCH 6 - PROGRESS: at 1.80% examples, 668720 words/s, in_qsize 30, out_qsize 1
2026-03-26 11:33:04,127 - INFO - EPOCH 6 - PROGRESS: at 1.92% examples, 668980 words/s, in_qsize 31, out_qsize 1
2026-03-26 11:33:05,136 - INFO - EPOCH 6 - PROGRESS: at 2.04% examples, 670133 words/s, in_qsize 32, out_qsize 1
2026-03-26 11:33:06,147 - INFO - EPOCH 6 - PROGRESS: at 2.15% examples, 668841 words/s, in_qsize 31, out_qsize 5
2026-03-26 11:33:07,171 - INFO - EPOCH 6 - PROGRESS: at 2.27% examples, 670337 words/s, in_qsize 32, out_qsize 1
2026-03-26 11:33:08,198 - INFO - EPOCH 6 - PROGRESS: at 2.39% examples, 670666 words/s, in_qsize 32, out_qsize 2
2026-03-26 11:33:09,210 - INFO - EPOCH 6 - PROGRESS: at 2.51% examples, 671905 words/s, in_qsize 31, out_qsize 0
2026-03-26 11:33:10,213 - INFO - EPOCH 6 - PROGRESS: at 2.63% examples, 671837 words/s, in_qsize 30, out_qsize 1
2026-03-26 11:33:11,221 - INFO - EPOCH 6 - PROGRESS: at 2.75% examples, 672714 words/s, in_qsize 28, out_qsize 1
2026-03-26 11:33:12,246 - INFO - EPOCH 6 - PROGRESS: at 2.87% examples, 672585 words/s, in_qsize 32, out_qsize 1
2026-03-26 11:33:13,252 - INFO - EPOCH 6 - PROGRESS: at 2.99% examples, 672754 words/s, in_qsize 32, out_qsize 1
2026-03-26 11:33:14,267 - INFO - EPOCH 6 - PROGRESS: at 3.10% examples, 672667 words/s, in_qsize 32, out_qsize 2
2026-03-26 11:33:15,343 - INFO - EPOCH 6 - PROGRESS: at 3.29% examples, 673135 words/s, in_qsize 32, out_qsize 6
2026-03-26 11:33:16,345 - INFO - EPOCH 6 - PROGRESS: at 3.44% examples, 674629 words/s, in_qsize 32, out_qsize 2
2026-03-26 11:33:17,346 - INFO - EPOCH 6 - PROGRESS: at 3.58% examples, 675681 words/s, in_qsize 32, out_qsize 1
2026-03-26 11:33:18,378 - INFO - EPOCH 6 - PROGRESS: at 3.75% examples, 675985 words/s, in_qsize 31, out_qsize 1
2026-03-26 11:33:19,390 - INFO - EPOCH 6 - PROGRESS: at 3.87% examples, 676210 words/s, in_qsize 32, out_qsize 0
2026-03-26 11:33:20,404 - INFO - EPOCH 6 - PROGRESS: at 4.02% examples, 676137 words/s, in_qsize 31, out_qsize 3
2026-03-26 11:33:21,422 - INFO - EPOCH 6 - PROGRESS: at 4.18% examples, 676727 words/s, in_qsize 32, out_qsize 1
2026-03-26 11:33:22,426 - INFO - EPOCH 6 - PROGRESS: at 4.32% examples, 676750 words/s, in_qsize 31, out_qsize 1
2026-03-26 11:33:23,456 - INFO - EPOCH 6 - PROGRESS: at 4.46% examples, 677098 words/s, in_qsize 32, out_qsize 1
2026-03-26 11:33:24,458 - INFO - EPOCH 6 - PROGRESS: at 4.57% examples, 676145 words/s, in_qsize 29, out_qsize 2
2026-03-26 11:33:25,460 - INFO - EPOCH 6 - PROGRESS: at 4.68% examples, 675480 words/s, in_qsize 32, out_qsize 0
2026-03-26 11:33:26,472 - INFO - EPOCH 6 - PROGRESS: at 4.78% examples, 675280 words/s, in_qsize 31, out_qsize 0
2026-03-26 11:33:27,482 - INFO - EPOCH 6 - PROGRESS: at 4.88% examples, 674910 words/s, in_qsize 32, out_qsize 0
2026-03-26 11:33:28,495 - INFO - EPOCH 6 - PROGRESS: at 4.97% examples, 674858 words/s, in_qsize 32, out_qsize 0
2026-03-26 11:33:29,507 - INFO - EPOCH 6 - PROGRESS: at 5.11% examples, 675011 words/s, in_qsize 25, out_qsize 1
2026-03-26 11:33:30,517 - INFO - EPOCH 6 - PROGRESS: at 5.26% examples, 675177 words/s, in_qsize 31, out_qsize 0
2026-03-26 11:33:31,527 - INFO - EPOCH 6 - PROGRESS: at 5.41% examples, 675676 words/s, in_qsize 31, out_qsize 0
2026-03-26 11:33:32,550 - INFO - EPOCH 6 - PROGRESS: at 5.56% examples, 675620 words/s, in_qsize 31, out_qsize 0
2026-03-26 11:33:33,562 - INFO - EPOCH 6 - PROGRESS: at 5.69% examples, 675605 words/s, in_qsize 30, out_qsize 1
2026-03-26 11:33:34,599 - INFO - EPOCH 6 - PROGRESS: at 5.79% examples, 674390 words/s, in_qsize 29, out_qsize 7
2026-03-26 11:33:35,619 - INFO - EPOCH 6 - PROGRESS: at 5.95% examples, 675788 words/s, in_qsize 32, out_qsize 1
2026-03-26 11:33:36,633 - INFO - EPOCH 6 - PROGRESS: at 6.10% examples, 675814 words/s, in_qsize 31, out_qsize 5
2026-03-26 11:33:37,634 - INFO - EPOCH 6 - PROGRESS: at 6.26% examples, 676650 words/s, in_qsize 32, out_qsize 1
2026-03-26 11:33:38,658 - INFO - EPOCH 6 - PROGRESS: at 6.47% examples, 676955 words/s, in_qsize 31, out_qsize 2
2026-03-26 11:33:39,664 - INFO - EPOCH 6 - PROGRESS: at 6.68% examples, 677824 words/s, in_qsize 30, out_qsize 1
2026-03-26 11:33:40,681 - INFO - EPOCH 6 - PROGRESS: at 6.89% examples, 678199 words/s, in_qsize 31, out_qsize 2
2026-03-26 11:33:41,699 - INFO - EPOCH 6 - PROGRESS: at 7.10% examples, 678759 words/s, in_qsize 32, out_qsize 0
2026-03-26 11:33:42,716 - INFO - EPOCH 6 - PROGRESS: at 7.21% examples, 678479 words/s, in_qsize 31, out_qsize 1
2026-03-26 11:33:43,732 - INFO - EPOCH 6 - PROGRESS: at 7.30% examples, 677975 words/s, in_qsize 31, out_qsize 3
2026-03-26 11:33:44,783 - INFO - EPOCH 6 - PROGRESS: at 7.48% examples, 678497 words/s, in_qsize 31, out_qsize 2
2026-03-26 11:33:45,816 - INFO - EPOCH 6 - PROGRESS: at 7.61% examples, 678297 words/s, in_qsize 31, out_qsize 5
2026-03-26 11:33:46,838 - INFO - EPOCH 6 - PROGRESS: at 7.74% examples, 678768 words/s, in_qsize 31, out_qsize 1
2026-03-26 11:33:47,858 - INFO - EPOCH 6 - PROGRESS: at 7.88% examples, 678459 words/s, in_qsize 31, out_qsize 4
2026-03-26 11:33:48,859 - INFO - EPOCH 6 - PROGRESS: at 8.02% examples, 678956 words/s, in_qsize 32, out_qsize 0
2026-03-26 11:33:49,883 - INFO - EPOCH 6 - PROGRESS: at 8.15% examples, 678490 words/s, in_qsize 32, out_qsize 4
2026-03-26 11:33:50,897 - INFO - EPOCH 6 - PROGRESS: at 8.28% examples, 678555 words/s, in_qsize 32, out_qsize 4
2026-03-26 11:33:51,911 - INFO - EPOCH 6 - PROGRESS: at 8.42% examples, 679166 words/s, in_qsize 32, out_qsize 1
2026-03-26 11:33:52,913 - INFO - EPOCH 6 - PROGRESS: at 8.51% examples, 679043 words/s, in_qsize 32, out_qsize 0
2026-03-26 11:33:53,917 - INFO - EPOCH 6 - PROGRESS: at 8.61% examples, 678978 words/s, in_qsize 31, out_qsize 0
2026-03-26 11:33:54,926 - INFO - EPOCH 6 - PROGRESS: at 8.73% examples, 678008 words/s, in_qsize 31, out_qsize 4
2026-03-26 11:33:55,929 - INFO - EPOCH 6 - PROGRESS: at 8.85% examples, 677261 words/s, in_qsize 31, out_qsize 0
2026-03-26 11:33:56,930 - INFO - EPOCH 6 - PROGRESS: at 9.01% examples, 677611 words/s, in_qsize 32, out_qsize 0
2026-03-26 11:33:57,944 - INFO - EPOCH 6 - PROGRESS: at 9.12% examples, 677667 words/s, in_qsize 32, out_qsize 0
2026-03-26 11:33:58,947 - INFO - EPOCH 6 - PROGRESS: at 9.26% examples, 677912 words/s, in_qsize 31, out_qsize 0
2026-03-26 11:33:59,984 - INFO - EPOCH 6 - PROGRESS: at 9.39% examples, 677663 words/s, in_qsize 32, out_qsize 1
2026-03-26 11:34:00,987 - INFO - EPOCH 6 - PROGRESS: at 9.50% examples, 677947 words/s, in_qsize 32, out_qsize 1
2026-03-26 11:34:02,023 - INFO - EPOCH 6 - PROGRESS: at 9.64% examples, 677841 words/s, in_qsize 31, out_qsize 3
2026-03-26 11:34:03,025 - INFO - EPOCH 6 - PROGRESS: at 9.78% examples, 678039 words/s, in_qsize 31, out_qsize 1
2026-03-26 11:34:04,053 - INFO - EPOCH 6 - PROGRESS: at 9.93% examples, 678081 words/s, in_qsize 30, out_qsize 1
2026-03-26 11:34:05,057 - INFO - EPOCH 6 - PROGRESS: at 10.08% examples, 678351 words/s, in_qsize 28, out_qsize 0
2026-03-26 11:34:06,060 - INFO - EPOCH 6 - PROGRESS: at 10.23% examples, 678309 words/s, in_qsize 31, out_qsize 0
2026-03-26 11:34:07,067 - INFO - EPOCH 6 - PROGRESS: at 10.36% examples, 678542 words/s, in_qsize 31, out_qsize 0
2026-03-26 11:34:08,075 - INFO - EPOCH 6 - PROGRESS: at 10.50% examples, 678370 words/s, in_qsize 31, out_qsize 0
2026-03-26 11:34:09,108 - INFO - EPOCH 6 - PROGRESS: at 10.64% examples, 678360 words/s, in_qsize 32, out_qsize 2
2026-03-26 11:34:10,116 - INFO - EPOCH 6 - PROGRESS: at 10.83% examples, 678754 words/s, in_qsize 31, out_qsize 0
2026-03-26 11:34:11,120 - INFO - EPOCH 6 - PROGRESS: at 11.02% examples, 678798 words/s, in_qsize 32, out_qsize 0
2026-03-26 11:34:12,124 - INFO - EPOCH 6 - PROGRESS: at 11.21% examples, 679199 words/s, in_qsize 30, out_qsize 0
2026-03-26 11:34:13,148 - INFO - EPOCH 6 - PROGRESS: at 11.41% examples, 679248 words/s, in_qsize 29, out_qsize 2
2026-03-26 11:34:14,158 - INFO - EPOCH 6 - PROGRESS: at 11.58% examples, 679620 words/s, in_qsize 31, out_qsize 0
2026-03-26 11:34:15,178 - INFO - EPOCH 6 - PROGRESS: at 11.69% examples, 679518 words/s, in_qsize 31, out_qsize 0
2026-03-26 11:34:16,197 - INFO - EPOCH 6 - PROGRESS: at 11.85% examples, 679681 words/s, in_qsize 32, out_qsize 0
2026-03-26 11:34:17,217 - INFO - EPOCH 6 - PROGRESS: at 12.08% examples, 680184 words/s, in_qsize 32, out_qsize 2
2026-03-26 11:34:18,298 - INFO - EPOCH 6 - PROGRESS: at 12.31% examples, 680295 words/s, in_qsize 31, out_qsize 2
2026-03-26 11:34:19,307 - INFO - EPOCH 6 - PROGRESS: at 12.54% examples, 681118 words/s, in_qsize 30, out_qsize 0
2026-03-26 11:34:20,308 - INFO - EPOCH 6 - PROGRESS: at 12.78% examples, 681907 words/s, in_qsize 31, out_qsize 0
2026-03-26 11:34:21,308 - INFO - EPOCH 6 - PROGRESS: at 13.00% examples, 682263 words/s, in_qsize 31, out_qsize 1
2026-03-26 11:34:22,346 - INFO - EPOCH 6 - PROGRESS: at 13.23% examples, 682741 words/s, in_qsize 30, out_qsize 1
2026-03-26 11:34:23,354 - INFO - EPOCH 6 - PROGRESS: at 13.46% examples, 683430 words/s, in_qsize 31, out_qsize 0
2026-03-26 11:34:24,358 - INFO - EPOCH 6 - PROGRESS: at 13.69% examples, 683982 words/s, in_qsize 31, out_qsize 1
2026-03-26 11:34:25,365 - INFO - EPOCH 6 - PROGRESS: at 13.91% examples, 684246 words/s, in_qsize 31, out_qsize 2
2026-03-26 11:34:26,368 - INFO - EPOCH 6 - PROGRESS: at 14.13% examples, 684977 words/s, in_qsize 31, out_qsize 0
2026-03-26 11:34:27,384 - INFO - EPOCH 6 - PROGRESS: at 14.29% examples, 684763 words/s, in_qsize 30, out_qsize 1
2026-03-26 11:34:28,399 - INFO - EPOCH 6 - PROGRESS: at 14.46% examples, 684803 words/s, in_qsize 31, out_qsize 0
2026-03-26 11:34:29,426 - INFO - EPOCH 6 - PROGRESS: at 14.63% examples, 684995 words/s, in_qsize 31, out_qsize 0
2026-03-26 11:34:30,434 - INFO - EPOCH 6 - PROGRESS: at 14.80% examples, 684926 words/s, in_qsize 32, out_qsize 0
2026-03-26 11:34:31,435 - INFO - EPOCH 6 - PROGRESS: at 14.97% examples, 685050 words/s, in_qsize 31, out_qsize 0
2026-03-26 11:34:32,457 - INFO - EPOCH 6 - PROGRESS: at 15.14% examples, 684885 words/s, in_qsize 31, out_qsize 1
2026-03-26 11:34:33,510 - INFO - EPOCH 6 - PROGRESS: at 15.30% examples, 684672 words/s, in_qsize 32, out_qsize 5
2026-03-26 11:34:34,511 - INFO - EPOCH 6 - PROGRESS: at 15.46% examples, 684804 words/s, in_qsize 31, out_qsize 1
2026-03-26 11:34:35,515 - INFO - EPOCH 6 - PROGRESS: at 15.64% examples, 685135 words/s, in_qsize 30, out_qsize 1
2026-03-26 11:34:36,523 - INFO - EPOCH 6 - PROGRESS: at 15.79% examples, 684193 words/s, in_qsize 32, out_qsize 0
2026-03-26 11:34:37,531 - INFO - EPOCH 6 - PROGRESS: at 15.95% examples, 684132 words/s, in_qsize 32, out_qsize 0
2026-03-26 11:34:38,537 - INFO - EPOCH 6 - PROGRESS: at 16.13% examples, 684515 words/s, in_qsize 32, out_qsize 1
2026-03-26 11:34:39,553 - INFO - EPOCH 6 - PROGRESS: at 16.30% examples, 684466 words/s, in_qsize 32, out_qsize 1
2026-03-26 11:34:40,559 - INFO - EPOCH 6 - PROGRESS: at 16.48% examples, 684767 words/s, in_qsize 31, out_qsize 1
2026-03-26 11:34:41,560 - INFO - EPOCH 6 - PROGRESS: at 16.65% examples, 684950 words/s, in_qsize 30, out_qsize 2
2026-03-26 11:34:42,604 - INFO - EPOCH 6 - PROGRESS: at 16.83% examples, 685078 words/s, in_qsize 31, out_qsize 2
2026-03-26 11:34:43,623 - INFO - EPOCH 6 - PROGRESS: at 17.02% examples, 685423 words/s, in_qsize 31, out_qsize 0
2026-03-26 11:34:44,632 - INFO - EPOCH 6 - PROGRESS: at 17.20% examples, 685756 words/s, in_qsize 32, out_qsize 0
2026-03-26 11:34:45,650 - INFO - EPOCH 6 - PROGRESS: at 17.36% examples, 685626 words/s, in_qsize 32, out_qsize 4
2026-03-26 11:34:46,656 - INFO - EPOCH 6 - PROGRESS: at 17.55% examples, 685925 words/s, in_qsize 30, out_qsize 1
2026-03-26 11:34:47,664 - INFO - EPOCH 6 - PROGRESS: at 17.72% examples, 685891 words/s, in_qsize 32, out_qsize 0
2026-03-26 11:34:48,669 - INFO - EPOCH 6 - PROGRESS: at 17.89% examples, 686077 words/s, in_qsize 32, out_qsize 1
2026-03-26 11:34:49,691 - INFO - EPOCH 6 - PROGRESS: at 18.07% examples, 686090 words/s, in_qsize 32, out_qsize 0
2026-03-26 11:34:50,758 - INFO - EPOCH 6 - PROGRESS: at 18.24% examples, 685840 words/s, in_qsize 31, out_qsize 3
2026-03-26 11:34:51,767 - INFO - EPOCH 6 - PROGRESS: at 18.41% examples, 685863 words/s, in_qsize 31, out_qsize 2
2026-03-26 11:34:52,771 - INFO - EPOCH 6 - PROGRESS: at 18.59% examples, 686167 words/s, in_qsize 32, out_qsize 1
2026-03-26 11:34:53,782 - INFO - EPOCH 6 - PROGRESS: at 18.73% examples, 686095 words/s, in_qsize 31, out_qsize 0
2026-03-26 11:34:54,804 - INFO - EPOCH 6 - PROGRESS: at 18.84% examples, 685859 words/s, in_qsize 32, out_qsize 4
2026-03-26 11:34:55,839 - INFO - EPOCH 6 - PROGRESS: at 18.98% examples, 685890 words/s, in_qsize 31, out_qsize 0
2026-03-26 11:34:56,846 - INFO - EPOCH 6 - PROGRESS: at 19.12% examples, 686139 words/s, in_qsize 31, out_qsize 0
2026-03-26 11:34:57,879 - INFO - EPOCH 6 - PROGRESS: at 19.27% examples, 686116 words/s, in_qsize 32, out_qsize 0
2026-03-26 11:34:58,896 - INFO - EPOCH 6 - PROGRESS: at 19.43% examples, 686167 words/s, in_qsize 29, out_qsize 2
2026-03-26 11:34:59,943 - INFO - EPOCH 6 - PROGRESS: at 19.59% examples, 686259 words/s, in_qsize 32, out_qsize 1
2026-03-26 11:35:00,960 - INFO - EPOCH 6 - PROGRESS: at 19.73% examples, 686194 words/s, in_qsize 32, out_qsize 2
2026-03-26 11:35:01,961 - INFO - EPOCH 6 - PROGRESS: at 19.89% examples, 686127 words/s, in_qsize 31, out_qsize 0
2026-03-26 11:35:03,018 - INFO - EPOCH 6 - PROGRESS: at 20.02% examples, 685112 words/s, in_qsize 32, out_qsize 0
2026-03-26 11:35:04,046 - INFO - EPOCH 6 - PROGRESS: at 20.18% examples, 684964 words/s, in_qsize 31, out_qsize 0
2026-03-26 11:35:05,068 - INFO - EPOCH 6 - PROGRESS: at 20.29% examples, 684243 words/s, in_qsize 31, out_qsize 0
2026-03-26 11:35:06,093 - INFO - EPOCH 6 - PROGRESS: at 20.39% examples, 684219 words/s, in_qsize 31, out_qsize 0
2026-03-26 11:35:07,106 - INFO - EPOCH 6 - PROGRESS: at 20.50% examples, 684022 words/s, in_qsize 31, out_qsize 1
2026-03-26 11:35:08,127 - INFO - EPOCH 6 - PROGRESS: at 20.60% examples, 683803 words/s, in_qsize 30, out_qsize 4
2026-03-26 11:35:09,181 - INFO - EPOCH 6 - PROGRESS: at 20.71% examples, 683745 words/s, in_qsize 32, out_qsize 2
2026-03-26 11:35:10,194 - INFO - EPOCH 6 - PROGRESS: at 20.83% examples, 683738 words/s, in_qsize 32, out_qsize 2
2026-03-26 11:35:11,194 - INFO - EPOCH 6 - PROGRESS: at 20.99% examples, 683862 words/s, in_qsize 25, out_qsize 0
2026-03-26 11:35:12,210 - INFO - EPOCH 6 - PROGRESS: at 21.16% examples, 683876 words/s, in_qsize 32, out_qsize 0
2026-03-26 11:35:13,215 - INFO - EPOCH 6 - PROGRESS: at 21.35% examples, 684161 words/s, in_qsize 31, out_qsize 0
2026-03-26 11:35:14,220 - INFO - EPOCH 6 - PROGRESS: at 21.49% examples, 684046 words/s, in_qsize 31, out_qsize 0
2026-03-26 11:35:15,223 - INFO - EPOCH 6 - PROGRESS: at 21.62% examples, 684003 words/s, in_qsize 31, out_qsize 1
2026-03-26 11:35:16,242 - INFO - EPOCH 6 - PROGRESS: at 21.75% examples, 684057 words/s, in_qsize 30, out_qsize 1
2026-03-26 11:35:17,248 - INFO - EPOCH 6 - PROGRESS: at 21.87% examples, 684024 words/s, in_qsize 31, out_qsize 0
2026-03-26 11:35:18,274 - INFO - EPOCH 6 - PROGRESS: at 22.10% examples, 684142 words/s, in_qsize 32, out_qsize 0
2026-03-26 11:35:19,283 - INFO - EPOCH 6 - PROGRESS: at 22.19% examples, 684086 words/s, in_qsize 31, out_qsize 0
2026-03-26 11:35:20,298 - INFO - EPOCH 6 - PROGRESS: at 22.43% examples, 683972 words/s, in_qsize 30, out_qsize 7
2026-03-26 11:35:21,311 - INFO - EPOCH 6 - PROGRESS: at 22.67% examples, 683768 words/s, in_qsize 31, out_qsize 0
2026-03-26 11:35:22,347 - INFO - EPOCH 6 - PROGRESS: at 22.84% examples, 683249 words/s, in_qsize 27, out_qsize 4
2026-03-26 11:35:23,364 - INFO - EPOCH 6 - PROGRESS: at 22.99% examples, 683200 words/s, in_qsize 31, out_qsize 0
2026-03-26 11:35:24,377 - INFO - EPOCH 6 - PROGRESS: at 23.14% examples, 682487 words/s, in_qsize 30, out_qsize 6
2026-03-26 11:35:25,446 - INFO - EPOCH 6 - PROGRESS: at 23.31% examples, 682290 words/s, in_qsize 31, out_qsize 1
2026-03-26 11:35:26,461 - INFO - EPOCH 6 - PROGRESS: at 23.48% examples, 682131 words/s, in_qsize 31, out_qsize 0
2026-03-26 11:35:27,483 - INFO - EPOCH 6 - PROGRESS: at 23.63% examples, 681542 words/s, in_qsize 31, out_qsize 0
2026-03-26 11:35:28,506 - INFO - EPOCH 6 - PROGRESS: at 23.81% examples, 681560 words/s, in_qsize 31, out_qsize 0
2026-03-26 11:35:29,516 - INFO - EPOCH 6 - PROGRESS: at 23.97% examples, 681425 words/s, in_qsize 32, out_qsize 3
2026-03-26 11:35:30,521 - INFO - EPOCH 6 - PROGRESS: at 24.14% examples, 681419 words/s, in_qsize 32, out_qsize 1
2026-03-26 11:35:31,536 - INFO - EPOCH 6 - PROGRESS: at 24.32% examples, 681623 words/s, in_qsize 32, out_qsize 1
2026-03-26 11:35:32,572 - INFO - EPOCH 6 - PROGRESS: at 24.45% examples, 681567 words/s, in_qsize 31, out_qsize 0
2026-03-26 11:35:33,582 - INFO - EPOCH 6 - PROGRESS: at 24.58% examples, 681556 words/s, in_qsize 31, out_qsize 0
2026-03-26 11:35:34,636 - INFO - EPOCH 6 - PROGRESS: at 24.71% examples, 681349 words/s, in_qsize 25, out_qsize 6
2026-03-26 11:35:35,640 - INFO - EPOCH 6 - PROGRESS: at 24.86% examples, 681596 words/s, in_qsize 31, out_qsize 0
2026-03-26 11:35:36,661 - INFO - EPOCH 6 - PROGRESS: at 25.00% examples, 681530 words/s, in_qsize 31, out_qsize 0
2026-03-26 11:35:37,667 - INFO - EPOCH 6 - PROGRESS: at 25.14% examples, 681614 words/s, in_qsize 32, out_qsize 1
2026-03-26 11:35:38,669 - INFO - EPOCH 6 - PROGRESS: at 25.25% examples, 681638 words/s, in_qsize 31, out_qsize 0
2026-03-26 11:35:39,673 - INFO - EPOCH 6 - PROGRESS: at 25.38% examples, 681631 words/s, in_qsize 31, out_qsize 0
2026-03-26 11:35:40,707 - INFO - EPOCH 6 - PROGRESS: at 25.53% examples, 681298 words/s, in_qsize 30, out_qsize 8
2026-03-26 11:35:41,712 - INFO - EPOCH 6 - PROGRESS: at 25.69% examples, 681099 words/s, in_qsize 32, out_qsize 1
2026-03-26 11:35:42,718 - INFO - EPOCH 6 - PROGRESS: at 25.83% examples, 680547 words/s, in_qsize 32, out_qsize 0
2026-03-26 11:35:43,744 - INFO - EPOCH 6 - PROGRESS: at 25.98% examples, 680522 words/s, in_qsize 31, out_qsize 0
2026-03-26 11:35:44,783 - INFO - EPOCH 6 - PROGRESS: at 26.14% examples, 680335 words/s, in_qsize 32, out_qsize 4
2026-03-26 11:35:45,803 - INFO - EPOCH 6 - PROGRESS: at 26.33% examples, 680510 words/s, in_qsize 31, out_qsize 0
2026-03-26 11:35:46,810 - INFO - EPOCH 6 - PROGRESS: at 26.50% examples, 680453 words/s, in_qsize 32, out_qsize 5
2026-03-26 11:35:47,841 - INFO - EPOCH 6 - PROGRESS: at 26.71% examples, 680735 words/s, in_qsize 32, out_qsize 2
2026-03-26 11:35:48,848 - INFO - EPOCH 6 - PROGRESS: at 26.88% examples, 680913 words/s, in_qsize 31, out_qsize 0
2026-03-26 11:35:49,897 - INFO - EPOCH 6 - PROGRESS: at 27.05% examples, 680760 words/s, in_qsize 32, out_qsize 4
2026-03-26 11:35:50,935 - INFO - EPOCH 6 - PROGRESS: at 27.22% examples, 680845 words/s, in_qsize 31, out_qsize 2
2026-03-26 11:35:51,941 - INFO - EPOCH 6 - PROGRESS: at 27.32% examples, 680983 words/s, in_qsize 32, out_qsize 1
2026-03-26 11:35:52,972 - INFO - EPOCH 6 - PROGRESS: at 27.42% examples, 680902 words/s, in_qsize 30, out_qsize 1
2026-03-26 11:35:53,982 - INFO - EPOCH 6 - PROGRESS: at 27.55% examples, 680780 words/s, in_qsize 28, out_qsize 3
2026-03-26 11:35:55,000 - INFO - EPOCH 6 - PROGRESS: at 27.70% examples, 680686 words/s, in_qsize 31, out_qsize 1
2026-03-26 11:35:56,024 - INFO - EPOCH 6 - PROGRESS: at 27.85% examples, 680705 words/s, in_qsize 32, out_qsize 0
2026-03-26 11:35:57,043 - INFO - EPOCH 6 - PROGRESS: at 28.00% examples, 680776 words/s, in_qsize 31, out_qsize 0
2026-03-26 11:35:58,054 - INFO - EPOCH 6 - PROGRESS: at 28.06% examples, 680634 words/s, in_qsize 30, out_qsize 1
2026-03-26 11:35:59,055 - INFO - EPOCH 6 - PROGRESS: at 28.17% examples, 680639 words/s, in_qsize 31, out_qsize 0
2026-03-26 11:36:00,057 - INFO - EPOCH 6 - PROGRESS: at 28.32% examples, 680611 words/s, in_qsize 30, out_qsize 1
2026-03-26 11:36:01,080 - INFO - EPOCH 6 - PROGRESS: at 28.45% examples, 680599 words/s, in_qsize 29, out_qsize 3
2026-03-26 11:36:02,095 - INFO - EPOCH 6 - PROGRESS: at 28.62% examples, 680732 words/s, in_qsize 32, out_qsize 0
2026-03-26 11:36:03,115 - INFO - EPOCH 6 - PROGRESS: at 28.77% examples, 680666 words/s, in_qsize 31, out_qsize 3
2026-03-26 11:36:04,129 - INFO - EPOCH 6 - PROGRESS: at 28.92% examples, 680732 words/s, in_qsize 31, out_qsize 1
2026-03-26 11:36:05,131 - INFO - EPOCH 6 - PROGRESS: at 29.06% examples, 680608 words/s, in_qsize 28, out_qsize 2
2026-03-26 11:36:06,137 - INFO - EPOCH 6 - PROGRESS: at 29.20% examples, 680313 words/s, in_qsize 27, out_qsize 4
2026-03-26 11:36:07,146 - INFO - EPOCH 6 - PROGRESS: at 29.33% examples, 679965 words/s, in_qsize 31, out_qsize 0
2026-03-26 11:36:08,169 - INFO - EPOCH 6 - PROGRESS: at 29.46% examples, 679425 words/s, in_qsize 32, out_qsize 5
2026-03-26 11:36:09,172 - INFO - EPOCH 6 - PROGRESS: at 29.61% examples, 679493 words/s, in_qsize 31, out_qsize 0
2026-03-26 11:36:10,176 - INFO - EPOCH 6 - PROGRESS: at 29.77% examples, 679074 words/s, in_qsize 32, out_qsize 0
2026-03-26 11:36:11,199 - INFO - EPOCH 6 - PROGRESS: at 29.91% examples, 678980 words/s, in_qsize 31, out_qsize 1
2026-03-26 11:36:12,217 - INFO - EPOCH 6 - PROGRESS: at 30.11% examples, 679097 words/s, in_qsize 31, out_qsize 0
2026-03-26 11:36:13,218 - INFO - EPOCH 6 - PROGRESS: at 30.21% examples, 678973 words/s, in_qsize 31, out_qsize 3
2026-03-26 11:36:14,268 - INFO - EPOCH 6 - PROGRESS: at 30.35% examples, 678914 words/s, in_qsize 32, out_qsize 5
2026-03-26 11:36:15,269 - INFO - EPOCH 6 - PROGRESS: at 30.50% examples, 679125 words/s, in_qsize 31, out_qsize 0
2026-03-26 11:36:16,271 - INFO - EPOCH 6 - PROGRESS: at 30.66% examples, 679306 words/s, in_qsize 31, out_qsize 0
2026-03-26 11:36:17,288 - INFO - EPOCH 6 - PROGRESS: at 30.78% examples, 679151 words/s, in_qsize 32, out_qsize 2
2026-03-26 11:36:18,291 - INFO - EPOCH 6 - PROGRESS: at 30.90% examples, 679147 words/s, in_qsize 31, out_qsize 1
2026-03-26 11:36:19,296 - INFO - EPOCH 6 - PROGRESS: at 31.03% examples, 679187 words/s, in_qsize 31, out_qsize 0
2026-03-26 11:36:20,323 - INFO - EPOCH 6 - PROGRESS: at 31.15% examples, 679142 words/s, in_qsize 32, out_qsize 0
2026-03-26 11:36:21,336 - INFO - EPOCH 6 - PROGRESS: at 31.28% examples, 679154 words/s, in_qsize 32, out_qsize 0
2026-03-26 11:36:22,347 - INFO - EPOCH 6 - PROGRESS: at 31.40% examples, 679135 words/s, in_qsize 31, out_qsize 1
2026-03-26 11:36:23,355 - INFO - EPOCH 6 - PROGRESS: at 31.52% examples, 679066 words/s, in_qsize 32, out_qsize 2
2026-03-26 11:36:24,356 - INFO - EPOCH 6 - PROGRESS: at 31.65% examples, 679096 words/s, in_qsize 31, out_qsize 0
2026-03-26 11:36:25,406 - INFO - EPOCH 6 - PROGRESS: at 31.77% examples, 678969 words/s, in_qsize 32, out_qsize 1
2026-03-26 11:36:26,408 - INFO - EPOCH 6 - PROGRESS: at 31.90% examples, 679032 words/s, in_qsize 31, out_qsize 0
2026-03-26 11:36:27,437 - INFO - EPOCH 6 - PROGRESS: at 32.02% examples, 678962 words/s, in_qsize 32, out_qsize 2
2026-03-26 11:36:28,455 - INFO - EPOCH 6 - PROGRESS: at 32.17% examples, 679081 words/s, in_qsize 31, out_qsize 0
2026-03-26 11:36:29,488 - INFO - EPOCH 6 - PROGRESS: at 32.27% examples, 678760 words/s, in_qsize 32, out_qsize 1
2026-03-26 11:36:30,509 - INFO - EPOCH 6 - PROGRESS: at 32.48% examples, 678800 words/s, in_qsize 31, out_qsize 0
2026-03-26 11:36:31,541 - INFO - EPOCH 6 - PROGRESS: at 32.65% examples, 678403 words/s, in_qsize 32, out_qsize 0
2026-03-26 11:36:32,591 - INFO - EPOCH 6 - PROGRESS: at 32.79% examples, 678259 words/s, in_qsize 32, out_qsize 0
2026-03-26 11:36:33,596 - INFO - EPOCH 6 - PROGRESS: at 32.94% examples, 678264 words/s, in_qsize 31, out_qsize 1
2026-03-26 11:36:34,610 - INFO - EPOCH 6 - PROGRESS: at 33.12% examples, 678363 words/s, in_qsize 30, out_qsize 1
2026-03-26 11:36:35,627 - INFO - EPOCH 6 - PROGRESS: at 33.29% examples, 678491 words/s, in_qsize 32, out_qsize 0
2026-03-26 11:36:36,634 - INFO - EPOCH 6 - PROGRESS: at 33.46% examples, 678507 words/s, in_qsize 31, out_qsize 0
2026-03-26 11:36:37,647 - INFO - EPOCH 6 - PROGRESS: at 33.63% examples, 678542 words/s, in_qsize 30, out_qsize 1
2026-03-26 11:36:38,648 - INFO - EPOCH 6 - PROGRESS: at 33.80% examples, 678642 words/s, in_qsize 32, out_qsize 1
2026-03-26 11:36:39,663 - INFO - EPOCH 6 - PROGRESS: at 33.97% examples, 678662 words/s, in_qsize 31, out_qsize 1
2026-03-26 11:36:40,678 - INFO - EPOCH 6 - PROGRESS: at 34.13% examples, 678811 words/s, in_qsize 29, out_qsize 0
2026-03-26 11:36:41,708 - INFO - EPOCH 6 - PROGRESS: at 34.21% examples, 678674 words/s, in_qsize 30, out_qsize 1
2026-03-26 11:36:42,711 - INFO - EPOCH 6 - PROGRESS: at 34.32% examples, 678644 words/s, in_qsize 30, out_qsize 0
2026-03-26 11:36:43,716 - INFO - EPOCH 6 - PROGRESS: at 34.47% examples, 678740 words/s, in_qsize 31, out_qsize 0
2026-03-26 11:36:44,733 - INFO - EPOCH 6 - PROGRESS: at 34.58% examples, 678655 words/s, in_qsize 32, out_qsize 2
2026-03-26 11:36:45,736 - INFO - EPOCH 6 - PROGRESS: at 34.69% examples, 678742 words/s, in_qsize 31, out_qsize 0
2026-03-26 11:36:46,757 - INFO - EPOCH 6 - PROGRESS: at 34.80% examples, 678709 words/s, in_qsize 31, out_qsize 0
2026-03-26 11:36:47,776 - INFO - EPOCH 6 - PROGRESS: at 34.92% examples, 678755 words/s, in_qsize 32, out_qsize 0
2026-03-26 11:36:48,784 - INFO - EPOCH 6 - PROGRESS: at 35.03% examples, 678668 words/s, in_qsize 32, out_qsize 3
2026-03-26 11:36:49,785 - INFO - EPOCH 6 - PROGRESS: at 35.18% examples, 678860 words/s, in_qsize 31, out_qsize 0
2026-03-26 11:36:50,794 - INFO - EPOCH 6 - PROGRESS: at 35.34% examples, 678782 words/s, in_qsize 31, out_qsize 3
2026-03-26 11:36:51,800 - INFO - EPOCH 6 - PROGRESS: at 35.53% examples, 678944 words/s, in_qsize 32, out_qsize 0
2026-03-26 11:36:52,807 - INFO - EPOCH 6 - PROGRESS: at 35.69% examples, 678678 words/s, in_qsize 31, out_qsize 1
2026-03-26 11:36:53,813 - INFO - EPOCH 6 - PROGRESS: at 35.84% examples, 678683 words/s, in_qsize 32, out_qsize 0
2026-03-26 11:36:54,823 - INFO - EPOCH 6 - PROGRESS: at 36.00% examples, 678637 words/s, in_qsize 32, out_qsize 0
2026-03-26 11:36:55,851 - INFO - EPOCH 6 - PROGRESS: at 36.13% examples, 678270 words/s, in_qsize 32, out_qsize 0
2026-03-26 11:36:56,870 - INFO - EPOCH 6 - PROGRESS: at 36.27% examples, 678199 words/s, in_qsize 32, out_qsize 1
2026-03-26 11:36:57,882 - INFO - EPOCH 6 - PROGRESS: at 36.39% examples, 677871 words/s, in_qsize 31, out_qsize 2
2026-03-26 11:36:58,883 - INFO - EPOCH 6 - PROGRESS: at 36.54% examples, 677976 words/s, in_qsize 31, out_qsize 0
2026-03-26 11:36:59,888 - INFO - EPOCH 6 - PROGRESS: at 36.67% examples, 678036 words/s, in_qsize 31, out_qsize 0
2026-03-26 11:37:00,891 - INFO - EPOCH 6 - PROGRESS: at 36.79% examples, 677984 words/s, in_qsize 31, out_qsize 0
2026-03-26 11:37:01,893 - INFO - EPOCH 6 - PROGRESS: at 36.93% examples, 677985 words/s, in_qsize 32, out_qsize 0
2026-03-26 11:37:02,898 - INFO - EPOCH 6 - PROGRESS: at 37.08% examples, 677956 words/s, in_qsize 25, out_qsize 3
2026-03-26 11:37:03,907 - INFO - EPOCH 6 - PROGRESS: at 37.21% examples, 677952 words/s, in_qsize 30, out_qsize 4
2026-03-26 11:37:04,961 - INFO - EPOCH 6 - PROGRESS: at 37.33% examples, 677898 words/s, in_qsize 32, out_qsize 5
2026-03-26 11:37:05,969 - INFO - EPOCH 6 - PROGRESS: at 37.46% examples, 678036 words/s, in_qsize 32, out_qsize 0
2026-03-26 11:37:07,005 - INFO - EPOCH 6 - PROGRESS: at 37.57% examples, 678028 words/s, in_qsize 31, out_qsize 0
2026-03-26 11:37:08,029 - INFO - EPOCH 6 - PROGRESS: at 37.70% examples, 677968 words/s, in_qsize 32, out_qsize 3
2026-03-26 11:37:09,032 - INFO - EPOCH 6 - PROGRESS: at 37.82% examples, 678080 words/s, in_qsize 31, out_qsize 0
2026-03-26 11:37:10,038 - INFO - EPOCH 6 - PROGRESS: at 37.95% examples, 678081 words/s, in_qsize 32, out_qsize 1
2026-03-26 11:37:11,068 - INFO - EPOCH 6 - PROGRESS: at 38.05% examples, 678078 words/s, in_qsize 31, out_qsize 0
2026-03-26 11:37:12,076 - INFO - EPOCH 6 - PROGRESS: at 38.16% examples, 678028 words/s, in_qsize 31, out_qsize 0
2026-03-26 11:37:13,087 - INFO - EPOCH 6 - PROGRESS: at 38.28% examples, 677991 words/s, in_qsize 30, out_qsize 1
2026-03-26 11:37:14,102 - INFO - EPOCH 6 - PROGRESS: at 38.39% examples, 678087 words/s, in_qsize 31, out_qsize 0
2026-03-26 11:37:15,103 - INFO - EPOCH 6 - PROGRESS: at 38.51% examples, 678078 words/s, in_qsize 31, out_qsize 0
2026-03-26 11:37:16,126 - INFO - EPOCH 6 - PROGRESS: at 38.64% examples, 678076 words/s, in_qsize 30, out_qsize 2
2026-03-26 11:37:17,126 - INFO - EPOCH 6 - PROGRESS: at 38.85% examples, 678189 words/s, in_qsize 31, out_qsize 0
2026-03-26 11:37:18,128 - INFO - EPOCH 6 - PROGRESS: at 39.06% examples, 678326 words/s, in_qsize 30, out_qsize 1
2026-03-26 11:37:19,128 - INFO - EPOCH 6 - PROGRESS: at 39.17% examples, 678264 words/s, in_qsize 32, out_qsize 1
2026-03-26 11:37:20,157 - INFO - EPOCH 6 - PROGRESS: at 39.28% examples, 678276 words/s, in_qsize 31, out_qsize 0
2026-03-26 11:37:21,177 - INFO - EPOCH 6 - PROGRESS: at 39.39% examples, 678226 words/s, in_qsize 31, out_qsize 1
2026-03-26 11:37:22,187 - INFO - EPOCH 6 - PROGRESS: at 39.51% examples, 678353 words/s, in_qsize 30, out_qsize 1
2026-03-26 11:37:23,263 - INFO - EPOCH 6 - PROGRESS: at 39.65% examples, 678046 words/s, in_qsize 32, out_qsize 0
2026-03-26 11:37:24,270 - INFO - EPOCH 6 - PROGRESS: at 39.78% examples, 678053 words/s, in_qsize 31, out_qsize 0
2026-03-26 11:37:25,314 - INFO - EPOCH 6 - PROGRESS: at 39.91% examples, 677860 words/s, in_qsize 32, out_qsize 2
2026-03-26 11:37:26,348 - INFO - EPOCH 6 - PROGRESS: at 40.04% examples, 677783 words/s, in_qsize 31, out_qsize 5
2026-03-26 11:37:27,374 - INFO - EPOCH 6 - PROGRESS: at 40.19% examples, 677949 words/s, in_qsize 32, out_qsize 0
2026-03-26 11:37:28,394 - INFO - EPOCH 6 - PROGRESS: at 40.31% examples, 677920 words/s, in_qsize 30, out_qsize 1
2026-03-26 11:37:29,410 - INFO - EPOCH 6 - PROGRESS: at 40.45% examples, 677943 words/s, in_qsize 30, out_qsize 1
2026-03-26 11:37:30,425 - INFO - EPOCH 6 - PROGRESS: at 40.59% examples, 677930 words/s, in_qsize 30, out_qsize 1
2026-03-26 11:37:31,433 - INFO - EPOCH 6 - PROGRESS: at 40.75% examples, 677965 words/s, in_qsize 32, out_qsize 1
2026-03-26 11:37:32,450 - INFO - EPOCH 6 - PROGRESS: at 40.91% examples, 678061 words/s, in_qsize 32, out_qsize 0
2026-03-26 11:37:33,452 - INFO - EPOCH 6 - PROGRESS: at 41.07% examples, 678053 words/s, in_qsize 32, out_qsize 1
2026-03-26 11:37:34,495 - INFO - EPOCH 6 - PROGRESS: at 41.23% examples, 678060 words/s, in_qsize 32, out_qsize 1
2026-03-26 11:37:35,531 - INFO - EPOCH 6 - PROGRESS: at 41.38% examples, 677979 words/s, in_qsize 31, out_qsize 4
2026-03-26 11:37:36,553 - INFO - EPOCH 6 - PROGRESS: at 41.49% examples, 678063 words/s, in_qsize 28, out_qsize 1
2026-03-26 11:37:37,562 - INFO - EPOCH 6 - PROGRESS: at 41.62% examples, 678018 words/s, in_qsize 30, out_qsize 1
2026-03-26 11:37:38,592 - INFO - EPOCH 6 - PROGRESS: at 41.72% examples, 678012 words/s, in_qsize 32, out_qsize 3
2026-03-26 11:37:39,601 - INFO - EPOCH 6 - PROGRESS: at 41.83% examples, 678114 words/s, in_qsize 31, out_qsize 0
2026-03-26 11:37:40,621 - INFO - EPOCH 6 - PROGRESS: at 41.93% examples, 678028 words/s, in_qsize 32, out_qsize 0
2026-03-26 11:37:41,626 - INFO - EPOCH 6 - PROGRESS: at 42.03% examples, 677963 words/s, in_qsize 32, out_qsize 0
2026-03-26 11:37:42,636 - INFO - EPOCH 6 - PROGRESS: at 42.13% examples, 677939 words/s, in_qsize 32, out_qsize 0
2026-03-26 11:37:43,640 - INFO - EPOCH 6 - PROGRESS: at 42.22% examples, 677906 words/s, in_qsize 32, out_qsize 1
2026-03-26 11:37:44,692 - INFO - EPOCH 6 - PROGRESS: at 42.37% examples, 677866 words/s, in_qsize 32, out_qsize 3
2026-03-26 11:37:45,704 - INFO - EPOCH 6 - PROGRESS: at 42.58% examples, 678032 words/s, in_qsize 31, out_qsize 0
2026-03-26 11:37:46,707 - INFO - EPOCH 6 - PROGRESS: at 42.74% examples, 678054 words/s, in_qsize 30, out_qsize 1
2026-03-26 11:37:47,712 - INFO - EPOCH 6 - PROGRESS: at 42.87% examples, 678015 words/s, in_qsize 30, out_qsize 3
2026-03-26 11:37:48,730 - INFO - EPOCH 6 - PROGRESS: at 43.07% examples, 678147 words/s, in_qsize 29, out_qsize 2
2026-03-26 11:37:49,741 - INFO - EPOCH 6 - PROGRESS: at 43.27% examples, 678239 words/s, in_qsize 31, out_qsize 0
2026-03-26 11:37:50,754 - INFO - EPOCH 6 - PROGRESS: at 43.38% examples, 678214 words/s, in_qsize 32, out_qsize 1
2026-03-26 11:37:51,779 - INFO - EPOCH 6 - PROGRESS: at 43.48% examples, 678112 words/s, in_qsize 32, out_qsize 1
2026-03-26 11:37:52,784 - INFO - EPOCH 6 - PROGRESS: at 43.59% examples, 678131 words/s, in_qsize 30, out_qsize 1
2026-03-26 11:37:53,808 - INFO - EPOCH 6 - PROGRESS: at 43.70% examples, 678060 words/s, in_qsize 32, out_qsize 1
2026-03-26 11:37:54,825 - INFO - EPOCH 6 - PROGRESS: at 43.78% examples, 678038 words/s, in_qsize 30, out_qsize 1
2026-03-26 11:37:55,842 - INFO - EPOCH 6 - PROGRESS: at 43.91% examples, 678092 words/s, in_qsize 32, out_qsize 0
2026-03-26 11:37:56,861 - INFO - EPOCH 6 - PROGRESS: at 44.08% examples, 677826 words/s, in_qsize 31, out_qsize 1
2026-03-26 11:37:57,908 - INFO - EPOCH 6 - PROGRESS: at 44.32% examples, 677886 words/s, in_qsize 30, out_qsize 3
2026-03-26 11:37:58,916 - INFO - EPOCH 6 - PROGRESS: at 44.56% examples, 678056 words/s, in_qsize 31, out_qsize 0
2026-03-26 11:37:59,960 - INFO - EPOCH 6 - PROGRESS: at 44.72% examples, 678090 words/s, in_qsize 32, out_qsize 3
2026-03-26 11:38:00,968 - INFO - EPOCH 6 - PROGRESS: at 44.83% examples, 678054 words/s, in_qsize 30, out_qsize 3
2026-03-26 11:38:01,987 - INFO - EPOCH 6 - PROGRESS: at 44.95% examples, 678055 words/s, in_qsize 29, out_qsize 2
2026-03-26 11:38:02,990 - INFO - EPOCH 6 - PROGRESS: at 45.12% examples, 678130 words/s, in_qsize 28, out_qsize 2
2026-03-26 11:38:04,036 - INFO - EPOCH 6 - PROGRESS: at 45.23% examples, 678049 words/s, in_qsize 31, out_qsize 5
2026-03-26 11:38:05,055 - INFO - EPOCH 6 - PROGRESS: at 45.34% examples, 678079 words/s, in_qsize 31, out_qsize 0
2026-03-26 11:38:06,061 - INFO - EPOCH 6 - PROGRESS: at 45.44% examples, 678106 words/s, in_qsize 31, out_qsize 0
2026-03-26 11:38:07,082 - INFO - EPOCH 6 - PROGRESS: at 45.54% examples, 677923 words/s, in_qsize 31, out_qsize 3
2026-03-26 11:38:08,105 - INFO - EPOCH 6 - PROGRESS: at 45.65% examples, 677908 words/s, in_qsize 31, out_qsize 2
2026-03-26 11:38:09,141 - INFO - EPOCH 6 - PROGRESS: at 45.75% examples, 677943 words/s, in_qsize 32, out_qsize 0
2026-03-26 11:38:10,147 - INFO - EPOCH 6 - PROGRESS: at 45.86% examples, 677942 words/s, in_qsize 32, out_qsize 0
2026-03-26 11:38:11,179 - INFO - EPOCH 6 - PROGRESS: at 46.00% examples, 677952 words/s, in_qsize 31, out_qsize 2
2026-03-26 11:38:12,194 - INFO - EPOCH 6 - PROGRESS: at 46.11% examples, 677929 words/s, in_qsize 31, out_qsize 3
2026-03-26 11:38:13,206 - INFO - EPOCH 6 - PROGRESS: at 46.22% examples, 677963 words/s, in_qsize 30, out_qsize 1
2026-03-26 11:38:14,229 - INFO - EPOCH 6 - PROGRESS: at 46.34% examples, 677937 words/s, in_qsize 32, out_qsize 1
2026-03-26 11:38:15,231 - INFO - EPOCH 6 - PROGRESS: at 46.45% examples, 677917 words/s, in_qsize 30, out_qsize 1
2026-03-26 11:38:16,244 - INFO - EPOCH 6 - PROGRESS: at 46.58% examples, 677893 words/s, in_qsize 31, out_qsize 2
2026-03-26 11:38:17,246 - INFO - EPOCH 6 - PROGRESS: at 46.88% examples, 677915 words/s, in_qsize 31, out_qsize 0
2026-03-26 11:38:18,247 - INFO - EPOCH 6 - PROGRESS: at 47.12% examples, 677969 words/s, in_qsize 31, out_qsize 0
2026-03-26 11:38:19,258 - INFO - EPOCH 6 - PROGRESS: at 47.24% examples, 677966 words/s, in_qsize 29, out_qsize 1
2026-03-26 11:38:20,273 - INFO - EPOCH 6 - PROGRESS: at 47.37% examples, 677961 words/s, in_qsize 31, out_qsize 1
2026-03-26 11:38:21,303 - INFO - EPOCH 6 - PROGRESS: at 47.50% examples, 677981 words/s, in_qsize 32, out_qsize 0
2026-03-26 11:38:22,308 - INFO - EPOCH 6 - PROGRESS: at 47.63% examples, 678022 words/s, in_qsize 32, out_qsize 0
2026-03-26 11:38:23,316 - INFO - EPOCH 6 - PROGRESS: at 47.76% examples, 678003 words/s, in_qsize 32, out_qsize 0
2026-03-26 11:38:24,355 - INFO - EPOCH 6 - PROGRESS: at 47.89% examples, 677975 words/s, in_qsize 29, out_qsize 2
2026-03-26 11:38:25,367 - INFO - EPOCH 6 - PROGRESS: at 48.01% examples, 677999 words/s, in_qsize 31, out_qsize 0
2026-03-26 11:38:26,392 - INFO - EPOCH 6 - PROGRESS: at 48.14% examples, 677980 words/s, in_qsize 30, out_qsize 1
2026-03-26 11:38:27,398 - INFO - EPOCH 6 - PROGRESS: at 48.27% examples, 677970 words/s, in_qsize 29, out_qsize 2
2026-03-26 11:38:28,409 - INFO - EPOCH 6 - PROGRESS: at 48.39% examples, 677995 words/s, in_qsize 31, out_qsize 0
2026-03-26 11:38:29,481 - INFO - EPOCH 6 - PROGRESS: at 48.52% examples, 677903 words/s, in_qsize 28, out_qsize 6
2026-03-26 11:38:30,491 - INFO - EPOCH 6 - PROGRESS: at 48.65% examples, 677954 words/s, in_qsize 29, out_qsize 2
2026-03-26 11:38:31,499 - INFO - EPOCH 6 - PROGRESS: at 48.78% examples, 677988 words/s, in_qsize 31, out_qsize 0
2026-03-26 11:38:32,515 - INFO - EPOCH 6 - PROGRESS: at 48.91% examples, 677962 words/s, in_qsize 32, out_qsize 2
2026-03-26 11:38:33,525 - INFO - EPOCH 6 - PROGRESS: at 49.04% examples, 677989 words/s, in_qsize 31, out_qsize 0
2026-03-26 11:38:34,528 - INFO - EPOCH 6 - PROGRESS: at 49.16% examples, 677944 words/s, in_qsize 31, out_qsize 3
2026-03-26 11:38:35,537 - INFO - EPOCH 6 - PROGRESS: at 49.29% examples, 677978 words/s, in_qsize 30, out_qsize 1
2026-03-26 11:38:36,549 - INFO - EPOCH 6 - PROGRESS: at 49.42% examples, 677939 words/s, in_qsize 31, out_qsize 4
2026-03-26 11:38:37,550 - INFO - EPOCH 6 - PROGRESS: at 49.55% examples, 677981 words/s, in_qsize 32, out_qsize 0
2026-03-26 11:38:38,570 - INFO - EPOCH 6 - PROGRESS: at 49.67% examples, 677899 words/s, in_qsize 32, out_qsize 3
2026-03-26 11:38:39,576 - INFO - EPOCH 6 - PROGRESS: at 49.79% examples, 677960 words/s, in_qsize 31, out_qsize 0
2026-03-26 11:38:40,583 - INFO - EPOCH 6 - PROGRESS: at 49.92% examples, 678018 words/s, in_qsize 31, out_qsize 0
2026-03-26 11:38:41,584 - INFO - EPOCH 6 - PROGRESS: at 50.04% examples, 678007 words/s, in_qsize 31, out_qsize 0
2026-03-26 11:38:42,584 - INFO - EPOCH 6 - PROGRESS: at 50.13% examples, 677923 words/s, in_qsize 30, out_qsize 1
2026-03-26 11:38:43,592 - INFO - EPOCH 6 - PROGRESS: at 50.30% examples, 677960 words/s, in_qsize 32, out_qsize 0
2026-03-26 11:38:44,634 - INFO - EPOCH 6 - PROGRESS: at 50.46% examples, 677937 words/s, in_qsize 32, out_qsize 2
2026-03-26 11:38:45,639 - INFO - EPOCH 6 - PROGRESS: at 50.62% examples, 677983 words/s, in_qsize 32, out_qsize 1
2026-03-26 11:38:46,657 - INFO - EPOCH 6 - PROGRESS: at 50.79% examples, 677985 words/s, in_qsize 31, out_qsize 3
2026-03-26 11:38:47,659 - INFO - EPOCH 6 - PROGRESS: at 50.96% examples, 678085 words/s, in_qsize 31, out_qsize 0
2026-03-26 11:38:48,685 - INFO - EPOCH 6 - PROGRESS: at 51.11% examples, 678080 words/s, in_qsize 31, out_qsize 2
2026-03-26 11:38:49,698 - INFO - EPOCH 6 - PROGRESS: at 51.29% examples, 678142 words/s, in_qsize 31, out_qsize 0
2026-03-26 11:38:50,713 - INFO - EPOCH 6 - PROGRESS: at 51.50% examples, 678277 words/s, in_qsize 32, out_qsize 0
2026-03-26 11:38:51,718 - INFO - EPOCH 6 - PROGRESS: at 51.72% examples, 678440 words/s, in_qsize 30, out_qsize 0
2026-03-26 11:38:52,724 - INFO - EPOCH 6 - PROGRESS: at 51.94% examples, 678662 words/s, in_qsize 31, out_qsize 0
2026-03-26 11:38:53,764 - INFO - EPOCH 6 - PROGRESS: at 52.14% examples, 678654 words/s, in_qsize 31, out_qsize 0
2026-03-26 11:38:54,789 - INFO - EPOCH 6 - PROGRESS: at 52.35% examples, 678695 words/s, in_qsize 31, out_qsize 5
2026-03-26 11:38:55,800 - INFO - EPOCH 6 - PROGRESS: at 52.58% examples, 678949 words/s, in_qsize 32, out_qsize 1
2026-03-26 11:38:56,807 - INFO - EPOCH 6 - PROGRESS: at 52.81% examples, 679208 words/s, in_qsize 31, out_qsize 0
2026-03-26 11:38:57,830 - INFO - EPOCH 6 - PROGRESS: at 53.03% examples, 679375 words/s, in_qsize 32, out_qsize 5
2026-03-26 11:38:58,832 - INFO - EPOCH 6 - PROGRESS: at 53.27% examples, 679744 words/s, in_qsize 30, out_qsize 0
2026-03-26 11:38:59,862 - INFO - EPOCH 6 - PROGRESS: at 53.49% examples, 679958 words/s, in_qsize 32, out_qsize 2
2026-03-26 11:39:00,863 - INFO - EPOCH 6 - PROGRESS: at 53.71% examples, 680163 words/s, in_qsize 31, out_qsize 0
2026-03-26 11:39:01,885 - INFO - EPOCH 6 - PROGRESS: at 53.94% examples, 680368 words/s, in_qsize 31, out_qsize 0
2026-03-26 11:39:02,887 - INFO - EPOCH 6 - PROGRESS: at 54.15% examples, 680465 words/s, in_qsize 32, out_qsize 0
2026-03-26 11:39:03,891 - INFO - EPOCH 6 - PROGRESS: at 54.36% examples, 680536 words/s, in_qsize 32, out_qsize 2
2026-03-26 11:39:04,909 - INFO - EPOCH 6 - PROGRESS: at 54.56% examples, 680542 words/s, in_qsize 32, out_qsize 0
2026-03-26 11:39:05,915 - INFO - EPOCH 6 - PROGRESS: at 54.76% examples, 680512 words/s, in_qsize 32, out_qsize 0
2026-03-26 11:39:06,929 - INFO - EPOCH 6 - PROGRESS: at 54.96% examples, 680502 words/s, in_qsize 31, out_qsize 0
2026-03-26 11:39:07,951 - INFO - EPOCH 6 - PROGRESS: at 55.12% examples, 680384 words/s, in_qsize 32, out_qsize 4
2026-03-26 11:39:08,974 - INFO - EPOCH 6 - PROGRESS: at 55.26% examples, 680403 words/s, in_qsize 32, out_qsize 0
2026-03-26 11:39:09,981 - INFO - EPOCH 6 - PROGRESS: at 55.38% examples, 680382 words/s, in_qsize 30, out_qsize 0
2026-03-26 11:39:10,986 - INFO - EPOCH 6 - PROGRESS: at 55.52% examples, 680412 words/s, in_qsize 31, out_qsize 0
2026-03-26 11:39:11,987 - INFO - EPOCH 6 - PROGRESS: at 55.65% examples, 680362 words/s, in_qsize 30, out_qsize 2
2026-03-26 11:39:12,992 - INFO - EPOCH 6 - PROGRESS: at 55.89% examples, 680497 words/s, in_qsize 31, out_qsize 0
2026-03-26 11:39:14,010 - INFO - EPOCH 6 - PROGRESS: at 56.09% examples, 680440 words/s, in_qsize 30, out_qsize 2
2026-03-26 11:39:15,033 - INFO - EPOCH 6 - PROGRESS: at 56.20% examples, 680414 words/s, in_qsize 30, out_qsize 1
2026-03-26 11:39:16,043 - INFO - EPOCH 6 - PROGRESS: at 56.34% examples, 680471 words/s, in_qsize 31, out_qsize 0
2026-03-26 11:39:17,045 - INFO - EPOCH 6 - PROGRESS: at 56.46% examples, 680425 words/s, in_qsize 32, out_qsize 2
2026-03-26 11:39:18,049 - INFO - EPOCH 6 - PROGRESS: at 56.58% examples, 680470 words/s, in_qsize 31, out_qsize 0
2026-03-26 11:39:19,057 - INFO - EPOCH 6 - PROGRESS: at 56.69% examples, 680465 words/s, in_qsize 32, out_qsize 0
2026-03-26 11:39:20,063 - INFO - EPOCH 6 - PROGRESS: at 56.84% examples, 680472 words/s, in_qsize 31, out_qsize 0
2026-03-26 11:39:21,067 - INFO - EPOCH 6 - PROGRESS: at 57.02% examples, 680521 words/s, in_qsize 31, out_qsize 0
2026-03-26 11:39:22,109 - INFO - EPOCH 6 - PROGRESS: at 57.18% examples, 680258 words/s, in_qsize 31, out_qsize 0
2026-03-26 11:39:23,160 - INFO - EPOCH 6 - PROGRESS: at 57.35% examples, 680187 words/s, in_qsize 31, out_qsize 0
2026-03-26 11:39:24,190 - INFO - EPOCH 6 - PROGRESS: at 57.51% examples, 679951 words/s, in_qsize 32, out_qsize 0
2026-03-26 11:39:25,243 - INFO - EPOCH 6 - PROGRESS: at 57.68% examples, 679877 words/s, in_qsize 30, out_qsize 1
2026-03-26 11:39:26,260 - INFO - EPOCH 6 - PROGRESS: at 57.84% examples, 679685 words/s, in_qsize 32, out_qsize 0
2026-03-26 11:39:27,280 - INFO - EPOCH 6 - PROGRESS: at 58.01% examples, 679652 words/s, in_qsize 31, out_qsize 0
2026-03-26 11:39:28,282 - INFO - EPOCH 6 - PROGRESS: at 58.18% examples, 679655 words/s, in_qsize 31, out_qsize 0
2026-03-26 11:39:29,326 - INFO - EPOCH 6 - PROGRESS: at 58.34% examples, 679545 words/s, in_qsize 32, out_qsize 4
2026-03-26 11:39:30,333 - INFO - EPOCH 6 - PROGRESS: at 58.52% examples, 679636 words/s, in_qsize 32, out_qsize 0
2026-03-26 11:39:31,344 - INFO - EPOCH 6 - PROGRESS: at 58.70% examples, 679667 words/s, in_qsize 31, out_qsize 2
2026-03-26 11:39:32,350 - INFO - EPOCH 6 - PROGRESS: at 58.87% examples, 679724 words/s, in_qsize 31, out_qsize 0
2026-03-26 11:39:33,362 - INFO - EPOCH 6 - PROGRESS: at 59.04% examples, 679705 words/s, in_qsize 32, out_qsize 1
2026-03-26 11:39:34,375 - INFO - EPOCH 6 - PROGRESS: at 59.22% examples, 679742 words/s, in_qsize 32, out_qsize 0
2026-03-26 11:39:35,376 - INFO - EPOCH 6 - PROGRESS: at 59.37% examples, 679753 words/s, in_qsize 30, out_qsize 1
2026-03-26 11:39:36,427 - INFO - EPOCH 6 - PROGRESS: at 59.56% examples, 679760 words/s, in_qsize 32, out_qsize 0
2026-03-26 11:39:37,442 - INFO - EPOCH 6 - PROGRESS: at 59.73% examples, 679795 words/s, in_qsize 32, out_qsize 2
2026-03-26 11:39:38,457 - INFO - EPOCH 6 - PROGRESS: at 59.80% examples, 679749 words/s, in_qsize 32, out_qsize 3
2026-03-26 11:39:39,514 - INFO - EPOCH 6 - PROGRESS: at 59.92% examples, 679666 words/s, in_qsize 31, out_qsize 5
2026-03-26 11:39:40,524 - INFO - EPOCH 6 - PROGRESS: at 60.09% examples, 679821 words/s, in_qsize 31, out_qsize 0
2026-03-26 11:39:41,547 - INFO - EPOCH 6 - PROGRESS: at 60.24% examples, 679716 words/s, in_qsize 31, out_qsize 0
2026-03-26 11:39:42,603 - INFO - EPOCH 6 - PROGRESS: at 60.40% examples, 679648 words/s, in_qsize 30, out_qsize 1
2026-03-26 11:39:43,609 - INFO - EPOCH 6 - PROGRESS: at 60.57% examples, 679699 words/s, in_qsize 31, out_qsize 0
2026-03-26 11:39:44,611 - INFO - EPOCH 6 - PROGRESS: at 60.73% examples, 679721 words/s, in_qsize 30, out_qsize 2
2026-03-26 11:39:45,682 - INFO - EPOCH 6 - PROGRESS: at 60.88% examples, 679709 words/s, in_qsize 32, out_qsize 2
2026-03-26 11:39:46,702 - INFO - EPOCH 6 - PROGRESS: at 61.00% examples, 679705 words/s, in_qsize 32, out_qsize 0
2026-03-26 11:39:47,749 - INFO - EPOCH 6 - PROGRESS: at 61.14% examples, 679666 words/s, in_qsize 30, out_qsize 2
2026-03-26 11:39:48,752 - INFO - EPOCH 6 - PROGRESS: at 61.21% examples, 679683 words/s, in_qsize 32, out_qsize 0
2026-03-26 11:39:49,781 - INFO - EPOCH 6 - PROGRESS: at 61.28% examples, 679562 words/s, in_qsize 28, out_qsize 4
2026-03-26 11:39:50,805 - INFO - EPOCH 6 - PROGRESS: at 61.38% examples, 679601 words/s, in_qsize 30, out_qsize 1
2026-03-26 11:39:51,837 - INFO - EPOCH 6 - PROGRESS: at 61.53% examples, 679596 words/s, in_qsize 31, out_qsize 1
2026-03-26 11:39:52,840 - INFO - EPOCH 6 - PROGRESS: at 61.69% examples, 679634 words/s, in_qsize 27, out_qsize 1
2026-03-26 11:39:53,857 - INFO - EPOCH 6 - PROGRESS: at 61.77% examples, 679577 words/s, in_qsize 31, out_qsize 1
2026-03-26 11:39:54,867 - INFO - EPOCH 6 - PROGRESS: at 61.92% examples, 679601 words/s, in_qsize 31, out_qsize 1
2026-03-26 11:39:55,874 - INFO - EPOCH 6 - PROGRESS: at 62.08% examples, 679689 words/s, in_qsize 30, out_qsize 1
2026-03-26 11:39:56,889 - INFO - EPOCH 6 - PROGRESS: at 62.16% examples, 679633 words/s, in_qsize 31, out_qsize 1
2026-03-26 11:39:57,923 - INFO - EPOCH 6 - PROGRESS: at 62.28% examples, 679628 words/s, in_qsize 31, out_qsize 2
2026-03-26 11:39:58,938 - INFO - EPOCH 6 - PROGRESS: at 62.42% examples, 679600 words/s, in_qsize 28, out_qsize 4
2026-03-26 11:39:59,938 - INFO - EPOCH 6 - PROGRESS: at 62.56% examples, 679704 words/s, in_qsize 31, out_qsize 0
2026-03-26 11:40:00,941 - INFO - EPOCH 6 - PROGRESS: at 62.69% examples, 679671 words/s, in_qsize 32, out_qsize 0
2026-03-26 11:40:01,968 - INFO - EPOCH 6 - PROGRESS: at 62.83% examples, 679658 words/s, in_qsize 29, out_qsize 2
2026-03-26 11:40:02,981 - INFO - EPOCH 6 - PROGRESS: at 62.97% examples, 679701 words/s, in_qsize 32, out_qsize 0
2026-03-26 11:40:03,989 - INFO - EPOCH 6 - PROGRESS: at 63.12% examples, 679730 words/s, in_qsize 29, out_qsize 1
2026-03-26 11:40:05,017 - INFO - EPOCH 6 - PROGRESS: at 63.26% examples, 679708 words/s, in_qsize 32, out_qsize 0
2026-03-26 11:40:06,024 - INFO - EPOCH 6 - PROGRESS: at 63.35% examples, 679721 words/s, in_qsize 30, out_qsize 1
2026-03-26 11:40:07,032 - INFO - EPOCH 6 - PROGRESS: at 63.46% examples, 679775 words/s, in_qsize 31, out_qsize 0
2026-03-26 11:40:08,034 - INFO - EPOCH 6 - PROGRESS: at 63.62% examples, 679791 words/s, in_qsize 31, out_qsize 0
2026-03-26 11:40:09,081 - INFO - EPOCH 6 - PROGRESS: at 63.78% examples, 679721 words/s, in_qsize 31, out_qsize 5
2026-03-26 11:40:10,106 - INFO - EPOCH 6 - PROGRESS: at 63.97% examples, 679664 words/s, in_qsize 32, out_qsize 6
2026-03-26 11:40:11,144 - INFO - EPOCH 6 - PROGRESS: at 64.14% examples, 679725 words/s, in_qsize 30, out_qsize 4
2026-03-26 11:40:12,220 - INFO - EPOCH 6 - PROGRESS: at 64.27% examples, 679702 words/s, in_qsize 26, out_qsize 5
2026-03-26 11:40:13,256 - INFO - EPOCH 6 - PROGRESS: at 64.39% examples, 679704 words/s, in_qsize 27, out_qsize 4
2026-03-26 11:40:14,275 - INFO - EPOCH 6 - PROGRESS: at 64.50% examples, 679733 words/s, in_qsize 31, out_qsize 0
2026-03-26 11:40:15,286 - INFO - EPOCH 6 - PROGRESS: at 64.65% examples, 679775 words/s, in_qsize 31, out_qsize 0
2026-03-26 11:40:16,312 - INFO - EPOCH 6 - PROGRESS: at 64.81% examples, 679773 words/s, in_qsize 31, out_qsize 0
2026-03-26 11:40:17,316 - INFO - EPOCH 6 - PROGRESS: at 64.96% examples, 679772 words/s, in_qsize 31, out_qsize 2
2026-03-26 11:40:18,351 - INFO - EPOCH 6 - PROGRESS: at 65.12% examples, 679795 words/s, in_qsize 31, out_qsize 1
2026-03-26 11:40:19,355 - INFO - EPOCH 6 - PROGRESS: at 65.28% examples, 679806 words/s, in_qsize 31, out_qsize 0
2026-03-26 11:40:20,365 - INFO - EPOCH 6 - PROGRESS: at 65.43% examples, 679796 words/s, in_qsize 32, out_qsize 3
2026-03-26 11:40:21,366 - INFO - EPOCH 6 - PROGRESS: at 65.61% examples, 679840 words/s, in_qsize 32, out_qsize 2
2026-03-26 11:40:22,390 - INFO - EPOCH 6 - PROGRESS: at 65.74% examples, 679850 words/s, in_qsize 31, out_qsize 1
2026-03-26 11:40:23,404 - INFO - EPOCH 6 - PROGRESS: at 65.91% examples, 679894 words/s, in_qsize 32, out_qsize 0
2026-03-26 11:40:24,429 - INFO - EPOCH 6 - PROGRESS: at 66.04% examples, 679861 words/s, in_qsize 32, out_qsize 0
2026-03-26 11:40:25,433 - INFO - EPOCH 6 - PROGRESS: at 66.17% examples, 679851 words/s, in_qsize 32, out_qsize 0
2026-03-26 11:40:26,443 - INFO - EPOCH 6 - PROGRESS: at 66.31% examples, 679944 words/s, in_qsize 31, out_qsize 0
2026-03-26 11:40:27,463 - INFO - EPOCH 6 - PROGRESS: at 66.45% examples, 679808 words/s, in_qsize 32, out_qsize 0
2026-03-26 11:40:28,471 - INFO - EPOCH 6 - PROGRESS: at 66.51% examples, 679815 words/s, in_qsize 31, out_qsize 0
2026-03-26 11:40:29,473 - INFO - EPOCH 6 - PROGRESS: at 66.61% examples, 679813 words/s, in_qsize 30, out_qsize 1
2026-03-26 11:40:30,486 - INFO - EPOCH 6 - PROGRESS: at 66.68% examples, 679734 words/s, in_qsize 31, out_qsize 0
2026-03-26 11:40:31,503 - INFO - EPOCH 6 - PROGRESS: at 66.77% examples, 679635 words/s, in_qsize 32, out_qsize 4
2026-03-26 11:40:32,512 - INFO - EPOCH 6 - PROGRESS: at 66.86% examples, 679714 words/s, in_qsize 32, out_qsize 0
2026-03-26 11:40:33,519 - INFO - EPOCH 6 - PROGRESS: at 66.93% examples, 679657 words/s, in_qsize 30, out_qsize 0
2026-03-26 11:40:34,523 - INFO - EPOCH 6 - PROGRESS: at 67.03% examples, 679623 words/s, in_qsize 30, out_qsize 1
2026-03-26 11:40:35,538 - INFO - EPOCH 6 - PROGRESS: at 67.17% examples, 679665 words/s, in_qsize 32, out_qsize 1
2026-03-26 11:40:36,549 - INFO - EPOCH 6 - PROGRESS: at 67.32% examples, 679654 words/s, in_qsize 30, out_qsize 0
2026-03-26 11:40:37,589 - INFO - EPOCH 6 - PROGRESS: at 67.45% examples, 679627 words/s, in_qsize 30, out_qsize 1
2026-03-26 11:40:38,644 - INFO - EPOCH 6 - PROGRESS: at 67.57% examples, 679594 words/s, in_qsize 32, out_qsize 2
2026-03-26 11:40:39,701 - INFO - EPOCH 6 - PROGRESS: at 67.69% examples, 679466 words/s, in_qsize 31, out_qsize 0
2026-03-26 11:40:40,714 - INFO - EPOCH 6 - PROGRESS: at 67.82% examples, 679443 words/s, in_qsize 31, out_qsize 0
2026-03-26 11:40:41,732 - INFO - EPOCH 6 - PROGRESS: at 67.90% examples, 679254 words/s, in_qsize 30, out_qsize 3
2026-03-26 11:40:42,736 - INFO - EPOCH 6 - PROGRESS: at 68.02% examples, 679299 words/s, in_qsize 31, out_qsize 0
2026-03-26 11:40:43,750 - INFO - EPOCH 6 - PROGRESS: at 68.13% examples, 679229 words/s, in_qsize 32, out_qsize 2
2026-03-26 11:40:44,755 - INFO - EPOCH 6 - PROGRESS: at 68.22% examples, 679241 words/s, in_qsize 31, out_qsize 0
2026-03-26 11:40:45,769 - INFO - EPOCH 6 - PROGRESS: at 68.38% examples, 679278 words/s, in_qsize 28, out_qsize 0
2026-03-26 11:40:46,772 - INFO - EPOCH 6 - PROGRESS: at 68.51% examples, 679266 words/s, in_qsize 32, out_qsize 0
2026-03-26 11:40:47,779 - INFO - EPOCH 6 - PROGRESS: at 68.64% examples, 679240 words/s, in_qsize 32, out_qsize 1
2026-03-26 11:40:48,784 - INFO - EPOCH 6 - PROGRESS: at 68.77% examples, 679285 words/s, in_qsize 32, out_qsize 0
2026-03-26 11:40:49,822 - INFO - EPOCH 6 - PROGRESS: at 68.90% examples, 679234 words/s, in_qsize 31, out_qsize 2
2026-03-26 11:40:50,838 - INFO - EPOCH 6 - PROGRESS: at 69.03% examples, 679262 words/s, in_qsize 30, out_qsize 1
2026-03-26 11:40:51,844 - INFO - EPOCH 6 - PROGRESS: at 69.18% examples, 679291 words/s, in_qsize 29, out_qsize 2
2026-03-26 11:40:52,871 - INFO - EPOCH 6 - PROGRESS: at 69.44% examples, 679374 words/s, in_qsize 32, out_qsize 2
2026-03-26 11:40:53,891 - INFO - EPOCH 6 - PROGRESS: at 69.69% examples, 679468 words/s, in_qsize 32, out_qsize 1
2026-03-26 11:40:54,903 - INFO - EPOCH 6 - PROGRESS: at 69.88% examples, 679516 words/s, in_qsize 31, out_qsize 1
2026-03-26 11:40:55,960 - INFO - EPOCH 6 - PROGRESS: at 70.01% examples, 679454 words/s, in_qsize 31, out_qsize 1
2026-03-26 11:40:56,979 - INFO - EPOCH 6 - PROGRESS: at 70.14% examples, 679426 words/s, in_qsize 32, out_qsize 0
2026-03-26 11:40:58,002 - INFO - EPOCH 6 - PROGRESS: at 70.27% examples, 679446 words/s, in_qsize 30, out_qsize 1
2026-03-26 11:40:59,037 - INFO - EPOCH 6 - PROGRESS: at 70.39% examples, 679386 words/s, in_qsize 29, out_qsize 3
2026-03-26 11:41:00,048 - INFO - EPOCH 6 - PROGRESS: at 70.52% examples, 679357 words/s, in_qsize 32, out_qsize 3
2026-03-26 11:41:01,055 - INFO - EPOCH 6 - PROGRESS: at 70.65% examples, 679415 words/s, in_qsize 31, out_qsize 0
2026-03-26 11:41:02,055 - INFO - EPOCH 6 - PROGRESS: at 70.78% examples, 679386 words/s, in_qsize 32, out_qsize 1
2026-03-26 11:41:03,077 - INFO - EPOCH 6 - PROGRESS: at 70.90% examples, 679375 words/s, in_qsize 31, out_qsize 1
2026-03-26 11:41:04,086 - INFO - EPOCH 6 - PROGRESS: at 71.02% examples, 679407 words/s, in_qsize 32, out_qsize 1
2026-03-26 11:41:05,104 - INFO - EPOCH 6 - PROGRESS: at 71.14% examples, 679411 words/s, in_qsize 31, out_qsize 0
2026-03-26 11:41:06,120 - INFO - EPOCH 6 - PROGRESS: at 71.28% examples, 679412 words/s, in_qsize 32, out_qsize 1
2026-03-26 11:41:07,137 - INFO - EPOCH 6 - PROGRESS: at 71.47% examples, 679455 words/s, in_qsize 30, out_qsize 1
2026-03-26 11:41:08,157 - INFO - EPOCH 6 - PROGRESS: at 71.65% examples, 679483 words/s, in_qsize 31, out_qsize 0
2026-03-26 11:41:09,171 - INFO - EPOCH 6 - PROGRESS: at 71.83% examples, 679516 words/s, in_qsize 30, out_qsize 2
2026-03-26 11:41:10,178 - INFO - EPOCH 6 - PROGRESS: at 71.95% examples, 679529 words/s, in_qsize 31, out_qsize 0
2026-03-26 11:41:11,183 - INFO - EPOCH 6 - PROGRESS: at 72.07% examples, 679498 words/s, in_qsize 31, out_qsize 3
2026-03-26 11:41:12,221 - INFO - EPOCH 6 - PROGRESS: at 72.20% examples, 679329 words/s, in_qsize 29, out_qsize 6
2026-03-26 11:41:13,250 - INFO - EPOCH 6 - PROGRESS: at 72.37% examples, 679260 words/s, in_qsize 31, out_qsize 0
2026-03-26 11:41:14,271 - INFO - EPOCH 6 - PROGRESS: at 72.51% examples, 679034 words/s, in_qsize 26, out_qsize 3
2026-03-26 11:41:15,289 - INFO - EPOCH 6 - PROGRESS: at 72.69% examples, 679047 words/s, in_qsize 31, out_qsize 0
2026-03-26 11:41:16,319 - INFO - EPOCH 6 - PROGRESS: at 72.87% examples, 678996 words/s, in_qsize 31, out_qsize 0
2026-03-26 11:41:17,333 - INFO - EPOCH 6 - PROGRESS: at 73.02% examples, 678889 words/s, in_qsize 29, out_qsize 5
2026-03-26 11:41:18,347 - INFO - EPOCH 6 - PROGRESS: at 73.12% examples, 678885 words/s, in_qsize 32, out_qsize 2
2026-03-26 11:41:19,371 - INFO - EPOCH 6 - PROGRESS: at 73.22% examples, 678898 words/s, in_qsize 32, out_qsize 0
2026-03-26 11:41:20,395 - INFO - EPOCH 6 - PROGRESS: at 73.33% examples, 678889 words/s, in_qsize 27, out_qsize 2
2026-03-26 11:41:21,409 - INFO - EPOCH 6 - PROGRESS: at 73.44% examples, 678885 words/s, in_qsize 31, out_qsize 0
2026-03-26 11:41:22,417 - INFO - EPOCH 6 - PROGRESS: at 73.53% examples, 678848 words/s, in_qsize 31, out_qsize 0
2026-03-26 11:41:23,418 - INFO - EPOCH 6 - PROGRESS: at 73.61% examples, 678826 words/s, in_qsize 27, out_qsize 0
2026-03-26 11:41:24,424 - INFO - EPOCH 6 - PROGRESS: at 73.74% examples, 678826 words/s, in_qsize 31, out_qsize 0
2026-03-26 11:41:25,426 - INFO - EPOCH 6 - PROGRESS: at 73.90% examples, 678879 words/s, in_qsize 31, out_qsize 0
2026-03-26 11:41:26,434 - INFO - EPOCH 6 - PROGRESS: at 74.09% examples, 678889 words/s, in_qsize 32, out_qsize 1
2026-03-26 11:41:27,434 - INFO - EPOCH 6 - PROGRESS: at 74.26% examples, 678931 words/s, in_qsize 31, out_qsize 0
2026-03-26 11:41:28,436 - INFO - EPOCH 6 - PROGRESS: at 74.42% examples, 678926 words/s, in_qsize 30, out_qsize 1
2026-03-26 11:41:29,476 - INFO - EPOCH 6 - PROGRESS: at 74.56% examples, 678935 words/s, in_qsize 32, out_qsize 1
2026-03-26 11:41:30,484 - INFO - EPOCH 6 - PROGRESS: at 74.70% examples, 678946 words/s, in_qsize 31, out_qsize 0
2026-03-26 11:41:31,492 - INFO - EPOCH 6 - PROGRESS: at 74.83% examples, 678961 words/s, in_qsize 31, out_qsize 0
2026-03-26 11:41:32,497 - INFO - EPOCH 6 - PROGRESS: at 74.96% examples, 678945 words/s, in_qsize 32, out_qsize 2
2026-03-26 11:41:33,500 - INFO - EPOCH 6 - PROGRESS: at 75.13% examples, 678935 words/s, in_qsize 32, out_qsize 4
2026-03-26 11:41:34,509 - INFO - EPOCH 6 - PROGRESS: at 75.32% examples, 679023 words/s, in_qsize 31, out_qsize 1
2026-03-26 11:41:35,509 - INFO - EPOCH 6 - PROGRESS: at 75.48% examples, 679041 words/s, in_qsize 31, out_qsize 0
2026-03-26 11:41:36,520 - INFO - EPOCH 6 - PROGRESS: at 75.64% examples, 679060 words/s, in_qsize 32, out_qsize 1
2026-03-26 11:41:37,520 - INFO - EPOCH 6 - PROGRESS: at 75.79% examples, 679061 words/s, in_qsize 31, out_qsize 0
2026-03-26 11:41:38,532 - INFO - EPOCH 6 - PROGRESS: at 75.94% examples, 679077 words/s, in_qsize 31, out_qsize 0
2026-03-26 11:41:39,533 - INFO - EPOCH 6 - PROGRESS: at 76.10% examples, 679106 words/s, in_qsize 31, out_qsize 0
2026-03-26 11:41:40,548 - INFO - EPOCH 6 - PROGRESS: at 76.24% examples, 679002 words/s, in_qsize 32, out_qsize 3
2026-03-26 11:41:41,557 - INFO - EPOCH 6 - PROGRESS: at 76.40% examples, 679052 words/s, in_qsize 31, out_qsize 0
2026-03-26 11:41:42,560 - INFO - EPOCH 6 - PROGRESS: at 76.58% examples, 679082 words/s, in_qsize 27, out_qsize 0
2026-03-26 11:41:43,586 - INFO - EPOCH 6 - PROGRESS: at 76.72% examples, 679088 words/s, in_qsize 31, out_qsize 0
2026-03-26 11:41:44,609 - INFO - EPOCH 6 - PROGRESS: at 76.86% examples, 679069 words/s, in_qsize 32, out_qsize 1
2026-03-26 11:41:45,627 - INFO - EPOCH 6 - PROGRESS: at 77.02% examples, 679106 words/s, in_qsize 31, out_qsize 0
2026-03-26 11:41:46,629 - INFO - EPOCH 6 - PROGRESS: at 77.18% examples, 679103 words/s, in_qsize 32, out_qsize 1
2026-03-26 11:41:47,650 - INFO - EPOCH 6 - PROGRESS: at 77.33% examples, 679093 words/s, in_qsize 29, out_qsize 2
2026-03-26 11:41:48,666 - INFO - EPOCH 6 - PROGRESS: at 77.49% examples, 679149 words/s, in_qsize 32, out_qsize 1
2026-03-26 11:41:49,681 - INFO - EPOCH 6 - PROGRESS: at 77.65% examples, 679147 words/s, in_qsize 31, out_qsize 0
2026-03-26 11:41:50,700 - INFO - EPOCH 6 - PROGRESS: at 77.80% examples, 679126 words/s, in_qsize 32, out_qsize 2
2026-03-26 11:41:51,714 - INFO - EPOCH 6 - PROGRESS: at 77.96% examples, 679182 words/s, in_qsize 31, out_qsize 0
2026-03-26 11:41:52,738 - INFO - EPOCH 6 - PROGRESS: at 78.12% examples, 679157 words/s, in_qsize 31, out_qsize 0
2026-03-26 11:41:53,744 - INFO - EPOCH 6 - PROGRESS: at 78.25% examples, 679175 words/s, in_qsize 32, out_qsize 1
2026-03-26 11:41:54,756 - INFO - EPOCH 6 - PROGRESS: at 78.39% examples, 679248 words/s, in_qsize 32, out_qsize 2
2026-03-26 11:41:55,764 - INFO - EPOCH 6 - PROGRESS: at 78.54% examples, 679339 words/s, in_qsize 31, out_qsize 0
2026-03-26 11:41:56,776 - INFO - EPOCH 6 - PROGRESS: at 78.68% examples, 679397 words/s, in_qsize 30, out_qsize 1
2026-03-26 11:41:57,801 - INFO - EPOCH 6 - PROGRESS: at 78.83% examples, 679483 words/s, in_qsize 31, out_qsize 1
2026-03-26 11:41:58,831 - INFO - EPOCH 6 - PROGRESS: at 78.98% examples, 679576 words/s, in_qsize 32, out_qsize 1
2026-03-26 11:41:59,855 - INFO - EPOCH 6 - PROGRESS: at 79.13% examples, 679662 words/s, in_qsize 30, out_qsize 1
2026-03-26 11:42:00,874 - INFO - EPOCH 6 - PROGRESS: at 79.27% examples, 679725 words/s, in_qsize 32, out_qsize 0
2026-03-26 11:42:01,875 - INFO - EPOCH 6 - PROGRESS: at 79.41% examples, 679767 words/s, in_qsize 32, out_qsize 0
2026-03-26 11:42:02,879 - INFO - EPOCH 6 - PROGRESS: at 79.56% examples, 679820 words/s, in_qsize 32, out_qsize 2
2026-03-26 11:42:03,895 - INFO - EPOCH 6 - PROGRESS: at 79.71% examples, 679931 words/s, in_qsize 32, out_qsize 2
2026-03-26 11:42:04,928 - INFO - EPOCH 6 - PROGRESS: at 79.86% examples, 680049 words/s, in_qsize 32, out_qsize 0
2026-03-26 11:42:05,938 - INFO - EPOCH 6 - PROGRESS: at 80.01% examples, 680135 words/s, in_qsize 32, out_qsize 0
2026-03-26 11:42:06,947 - INFO - EPOCH 6 - PROGRESS: at 80.15% examples, 680225 words/s, in_qsize 32, out_qsize 2
2026-03-26 11:42:07,948 - INFO - EPOCH 6 - PROGRESS: at 80.30% examples, 680335 words/s, in_qsize 32, out_qsize 0
2026-03-26 11:42:08,966 - INFO - EPOCH 6 - PROGRESS: at 80.43% examples, 680325 words/s, in_qsize 30, out_qsize 1
2026-03-26 11:42:09,989 - INFO - EPOCH 6 - PROGRESS: at 80.54% examples, 680298 words/s, in_qsize 31, out_qsize 2
2026-03-26 11:42:11,006 - INFO - EPOCH 6 - PROGRESS: at 80.64% examples, 680308 words/s, in_qsize 27, out_qsize 1
2026-03-26 11:42:12,013 - INFO - EPOCH 6 - PROGRESS: at 80.74% examples, 680194 words/s, in_qsize 26, out_qsize 2
2026-03-26 11:42:13,015 - INFO - EPOCH 6 - PROGRESS: at 80.88% examples, 680229 words/s, in_qsize 30, out_qsize 0
2026-03-26 11:42:14,068 - INFO - EPOCH 6 - PROGRESS: at 81.01% examples, 680134 words/s, in_qsize 31, out_qsize 5
2026-03-26 11:42:15,076 - INFO - EPOCH 6 - PROGRESS: at 81.15% examples, 680190 words/s, in_qsize 30, out_qsize 2
2026-03-26 11:42:16,081 - INFO - EPOCH 6 - PROGRESS: at 81.28% examples, 680182 words/s, in_qsize 32, out_qsize 3
2026-03-26 11:42:17,097 - INFO - EPOCH 6 - PROGRESS: at 81.41% examples, 680184 words/s, in_qsize 32, out_qsize 1
2026-03-26 11:42:18,100 - INFO - EPOCH 6 - PROGRESS: at 81.55% examples, 680217 words/s, in_qsize 32, out_qsize 0
2026-03-26 11:42:19,104 - INFO - EPOCH 6 - PROGRESS: at 81.67% examples, 680210 words/s, in_qsize 30, out_qsize 0
2026-03-26 11:42:20,122 - INFO - EPOCH 6 - PROGRESS: at 81.80% examples, 680221 words/s, in_qsize 31, out_qsize 0
2026-03-26 11:42:21,131 - INFO - EPOCH 6 - PROGRESS: at 81.94% examples, 680204 words/s, in_qsize 32, out_qsize 0
2026-03-26 11:42:22,134 - INFO - EPOCH 6 - PROGRESS: at 82.08% examples, 680160 words/s, in_qsize 31, out_qsize 0
2026-03-26 11:42:23,147 - INFO - EPOCH 6 - PROGRESS: at 82.22% examples, 680149 words/s, in_qsize 32, out_qsize 0
2026-03-26 11:42:24,162 - INFO - EPOCH 6 - PROGRESS: at 82.36% examples, 680106 words/s, in_qsize 32, out_qsize 2
2026-03-26 11:42:25,166 - INFO - EPOCH 6 - PROGRESS: at 82.50% examples, 680114 words/s, in_qsize 32, out_qsize 1
2026-03-26 11:42:26,173 - INFO - EPOCH 6 - PROGRESS: at 82.64% examples, 680109 words/s, in_qsize 30, out_qsize 1
2026-03-26 11:42:27,182 - INFO - EPOCH 6 - PROGRESS: at 82.78% examples, 680107 words/s, in_qsize 32, out_qsize 2
2026-03-26 11:42:28,207 - INFO - EPOCH 6 - PROGRESS: at 82.89% examples, 680137 words/s, in_qsize 30, out_qsize 1
2026-03-26 11:42:29,256 - INFO - EPOCH 6 - PROGRESS: at 83.00% examples, 680111 words/s, in_qsize 32, out_qsize 4
2026-03-26 11:42:30,278 - INFO - EPOCH 6 - PROGRESS: at 83.12% examples, 680171 words/s, in_qsize 30, out_qsize 1
2026-03-26 11:42:31,282 - INFO - EPOCH 6 - PROGRESS: at 83.24% examples, 680184 words/s, in_qsize 32, out_qsize 1
2026-03-26 11:42:32,309 - INFO - EPOCH 6 - PROGRESS: at 83.35% examples, 680186 words/s, in_qsize 29, out_qsize 2
2026-03-26 11:42:33,312 - INFO - EPOCH 6 - PROGRESS: at 83.48% examples, 680219 words/s, in_qsize 31, out_qsize 0
2026-03-26 11:42:34,351 - INFO - EPOCH 6 - PROGRESS: at 83.60% examples, 680182 words/s, in_qsize 30, out_qsize 1
2026-03-26 11:42:35,373 - INFO - EPOCH 6 - PROGRESS: at 83.76% examples, 680223 words/s, in_qsize 31, out_qsize 0
2026-03-26 11:42:36,373 - INFO - EPOCH 6 - PROGRESS: at 83.91% examples, 680230 words/s, in_qsize 32, out_qsize 0
2026-03-26 11:42:37,387 - INFO - EPOCH 6 - PROGRESS: at 84.06% examples, 680223 words/s, in_qsize 28, out_qsize 2
2026-03-26 11:42:38,392 - INFO - EPOCH 6 - PROGRESS: at 84.20% examples, 680217 words/s, in_qsize 30, out_qsize 1
2026-03-26 11:42:39,400 - INFO - EPOCH 6 - PROGRESS: at 84.32% examples, 680235 words/s, in_qsize 32, out_qsize 0
2026-03-26 11:42:40,412 - INFO - EPOCH 6 - PROGRESS: at 84.42% examples, 680250 words/s, in_qsize 31, out_qsize 0
2026-03-26 11:42:41,429 - INFO - EPOCH 6 - PROGRESS: at 84.51% examples, 680231 words/s, in_qsize 32, out_qsize 0
2026-03-26 11:42:42,443 - INFO - EPOCH 6 - PROGRESS: at 84.62% examples, 680185 words/s, in_qsize 30, out_qsize 4
2026-03-26 11:42:43,461 - INFO - EPOCH 6 - PROGRESS: at 84.69% examples, 680171 words/s, in_qsize 32, out_qsize 2
2026-03-26 11:42:44,469 - INFO - EPOCH 6 - PROGRESS: at 84.79% examples, 680173 words/s, in_qsize 32, out_qsize 0
2026-03-26 11:42:45,502 - INFO - EPOCH 6 - PROGRESS: at 84.97% examples, 680195 words/s, in_qsize 32, out_qsize 0
2026-03-26 11:42:46,516 - INFO - EPOCH 6 - PROGRESS: at 85.12% examples, 680176 words/s, in_qsize 32, out_qsize 3
2026-03-26 11:42:47,554 - INFO - EPOCH 6 - PROGRESS: at 85.27% examples, 680213 words/s, in_qsize 32, out_qsize 0
2026-03-26 11:42:48,557 - INFO - EPOCH 6 - PROGRESS: at 85.42% examples, 680269 words/s, in_qsize 31, out_qsize 0
2026-03-26 11:42:49,567 - INFO - EPOCH 6 - PROGRESS: at 85.57% examples, 680271 words/s, in_qsize 30, out_qsize 1
2026-03-26 11:42:50,582 - INFO - EPOCH 6 - PROGRESS: at 85.72% examples, 680293 words/s, in_qsize 32, out_qsize 0
2026-03-26 11:42:51,583 - INFO - EPOCH 6 - PROGRESS: at 85.87% examples, 680253 words/s, in_qsize 27, out_qsize 4
2026-03-26 11:42:52,585 - INFO - EPOCH 6 - PROGRESS: at 86.01% examples, 680240 words/s, in_qsize 30, out_qsize 1
2026-03-26 11:42:53,588 - INFO - EPOCH 6 - PROGRESS: at 86.16% examples, 680251 words/s, in_qsize 31, out_qsize 0
2026-03-26 11:42:54,594 - INFO - EPOCH 6 - PROGRESS: at 86.30% examples, 680270 words/s, in_qsize 30, out_qsize 1
2026-03-26 11:42:55,608 - INFO - EPOCH 6 - PROGRESS: at 86.43% examples, 680244 words/s, in_qsize 31, out_qsize 1
2026-03-26 11:42:56,623 - INFO - EPOCH 6 - PROGRESS: at 86.56% examples, 680249 words/s, in_qsize 31, out_qsize 1
2026-03-26 11:42:57,639 - INFO - EPOCH 6 - PROGRESS: at 86.68% examples, 680215 words/s, in_qsize 32, out_qsize 0
2026-03-26 11:42:58,645 - INFO - EPOCH 6 - PROGRESS: at 86.84% examples, 680206 words/s, in_qsize 32, out_qsize 3
2026-03-26 11:42:59,655 - INFO - EPOCH 6 - PROGRESS: at 87.02% examples, 680220 words/s, in_qsize 29, out_qsize 5
2026-03-26 11:43:00,688 - INFO - EPOCH 6 - PROGRESS: at 87.19% examples, 680284 words/s, in_qsize 32, out_qsize 0
2026-03-26 11:43:01,695 - INFO - EPOCH 6 - PROGRESS: at 87.34% examples, 680284 words/s, in_qsize 31, out_qsize 0
2026-03-26 11:43:02,723 - INFO - EPOCH 6 - PROGRESS: at 87.48% examples, 680262 words/s, in_qsize 31, out_qsize 5
2026-03-26 11:43:03,733 - INFO - EPOCH 6 - PROGRESS: at 87.62% examples, 680323 words/s, in_qsize 30, out_qsize 1
2026-03-26 11:43:04,735 - INFO - EPOCH 6 - PROGRESS: at 87.75% examples, 680330 words/s, in_qsize 30, out_qsize 1
2026-03-26 11:43:05,773 - INFO - EPOCH 6 - PROGRESS: at 87.88% examples, 680294 words/s, in_qsize 30, out_qsize 2
2026-03-26 11:43:06,780 - INFO - EPOCH 6 - PROGRESS: at 88.01% examples, 680306 words/s, in_qsize 31, out_qsize 2
2026-03-26 11:43:07,782 - INFO - EPOCH 6 - PROGRESS: at 88.11% examples, 680304 words/s, in_qsize 29, out_qsize 2
2026-03-26 11:43:08,796 - INFO - EPOCH 6 - PROGRESS: at 88.23% examples, 680294 words/s, in_qsize 32, out_qsize 2
2026-03-26 11:43:09,800 - INFO - EPOCH 6 - PROGRESS: at 88.38% examples, 680366 words/s, in_qsize 31, out_qsize 0
2026-03-26 11:43:10,803 - INFO - EPOCH 6 - PROGRESS: at 88.55% examples, 680336 words/s, in_qsize 30, out_qsize 1
2026-03-26 11:43:11,803 - INFO - EPOCH 6 - PROGRESS: at 88.69% examples, 680373 words/s, in_qsize 32, out_qsize 0
2026-03-26 11:43:12,806 - INFO - EPOCH 6 - PROGRESS: at 88.81% examples, 680347 words/s, in_qsize 32, out_qsize 0
2026-03-26 11:43:13,825 - INFO - EPOCH 6 - PROGRESS: at 88.91% examples, 680311 words/s, in_qsize 31, out_qsize 0
2026-03-26 11:43:14,855 - INFO - EPOCH 6 - PROGRESS: at 89.04% examples, 680308 words/s, in_qsize 30, out_qsize 1
2026-03-26 11:43:15,867 - INFO - EPOCH 6 - PROGRESS: at 89.20% examples, 680328 words/s, in_qsize 32, out_qsize 0
2026-03-26 11:43:16,888 - INFO - EPOCH 6 - PROGRESS: at 89.36% examples, 680351 words/s, in_qsize 32, out_qsize 0
2026-03-26 11:43:17,907 - INFO - EPOCH 6 - PROGRESS: at 89.53% examples, 680351 words/s, in_qsize 32, out_qsize 0
2026-03-26 11:43:18,950 - INFO - EPOCH 6 - PROGRESS: at 89.70% examples, 680385 words/s, in_qsize 31, out_qsize 0
2026-03-26 11:43:19,953 - INFO - EPOCH 6 - PROGRESS: at 89.87% examples, 680380 words/s, in_qsize 31, out_qsize 0
2026-03-26 11:43:20,963 - INFO - EPOCH 6 - PROGRESS: at 90.04% examples, 680378 words/s, in_qsize 30, out_qsize 1
2026-03-26 11:43:21,973 - INFO - EPOCH 6 - PROGRESS: at 90.21% examples, 680413 words/s, in_qsize 31, out_qsize 0
2026-03-26 11:43:22,979 - INFO - EPOCH 6 - PROGRESS: at 90.38% examples, 680427 words/s, in_qsize 30, out_qsize 0
2026-03-26 11:43:24,004 - INFO - EPOCH 6 - PROGRESS: at 90.56% examples, 680420 words/s, in_qsize 30, out_qsize 2
2026-03-26 11:43:25,023 - INFO - EPOCH 6 - PROGRESS: at 90.73% examples, 680445 words/s, in_qsize 26, out_qsize 1
2026-03-26 11:43:26,056 - INFO - EPOCH 6 - PROGRESS: at 90.91% examples, 680468 words/s, in_qsize 31, out_qsize 0
2026-03-26 11:43:27,060 - INFO - EPOCH 6 - PROGRESS: at 91.09% examples, 680520 words/s, in_qsize 31, out_qsize 0
2026-03-26 11:43:28,062 - INFO - EPOCH 6 - PROGRESS: at 91.24% examples, 680404 words/s, in_qsize 31, out_qsize 0
2026-03-26 11:43:29,083 - INFO - EPOCH 6 - PROGRESS: at 91.38% examples, 680374 words/s, in_qsize 30, out_qsize 1
2026-03-26 11:43:30,092 - INFO - EPOCH 6 - PROGRESS: at 91.48% examples, 680387 words/s, in_qsize 31, out_qsize 0
2026-03-26 11:43:31,095 - INFO - EPOCH 6 - PROGRESS: at 91.60% examples, 680397 words/s, in_qsize 32, out_qsize 0
2026-03-26 11:43:32,118 - INFO - EPOCH 6 - PROGRESS: at 91.74% examples, 680383 words/s, in_qsize 30, out_qsize 2
2026-03-26 11:43:33,125 - INFO - EPOCH 6 - PROGRESS: at 91.94% examples, 680425 words/s, in_qsize 32, out_qsize 0
2026-03-26 11:43:34,132 - INFO - EPOCH 6 - PROGRESS: at 92.13% examples, 680468 words/s, in_qsize 31, out_qsize 0
2026-03-26 11:43:35,155 - INFO - EPOCH 6 - PROGRESS: at 92.34% examples, 680539 words/s, in_qsize 32, out_qsize 0
2026-03-26 11:43:36,162 - INFO - EPOCH 6 - PROGRESS: at 92.53% examples, 680592 words/s, in_qsize 32, out_qsize 1
2026-03-26 11:43:37,210 - INFO - EPOCH 6 - PROGRESS: at 92.73% examples, 680590 words/s, in_qsize 31, out_qsize 1
2026-03-26 11:43:38,257 - INFO - EPOCH 6 - PROGRESS: at 92.94% examples, 680672 words/s, in_qsize 32, out_qsize 0
2026-03-26 11:43:39,266 - INFO - EPOCH 6 - PROGRESS: at 93.13% examples, 680712 words/s, in_qsize 32, out_qsize 3
2026-03-26 11:43:40,274 - INFO - EPOCH 6 - PROGRESS: at 93.33% examples, 680788 words/s, in_qsize 31, out_qsize 1
2026-03-26 11:43:41,312 - INFO - EPOCH 6 - PROGRESS: at 93.54% examples, 680854 words/s, in_qsize 31, out_qsize 0
2026-03-26 11:43:42,347 - INFO - EPOCH 6 - PROGRESS: at 93.73% examples, 680865 words/s, in_qsize 31, out_qsize 1
2026-03-26 11:43:43,383 - INFO - EPOCH 6 - PROGRESS: at 93.94% examples, 680946 words/s, in_qsize 30, out_qsize 1
2026-03-26 11:43:44,390 - INFO - EPOCH 6 - PROGRESS: at 94.14% examples, 681009 words/s, in_qsize 31, out_qsize 0
2026-03-26 11:43:45,392 - INFO - EPOCH 6 - PROGRESS: at 94.31% examples, 680925 words/s, in_qsize 32, out_qsize 1
2026-03-26 11:43:46,415 - INFO - EPOCH 6 - PROGRESS: at 94.43% examples, 680914 words/s, in_qsize 32, out_qsize 0
2026-03-26 11:43:47,424 - INFO - EPOCH 6 - PROGRESS: at 94.53% examples, 680898 words/s, in_qsize 31, out_qsize 0
2026-03-26 11:43:48,427 - INFO - EPOCH 6 - PROGRESS: at 94.64% examples, 680895 words/s, in_qsize 32, out_qsize 0
2026-03-26 11:43:49,469 - INFO - EPOCH 6 - PROGRESS: at 94.77% examples, 680851 words/s, in_qsize 28, out_qsize 3
2026-03-26 11:43:50,493 - INFO - EPOCH 6 - PROGRESS: at 94.89% examples, 680819 words/s, in_qsize 32, out_qsize 6
2026-03-26 11:43:51,512 - INFO - EPOCH 6 - PROGRESS: at 94.99% examples, 680863 words/s, in_qsize 30, out_qsize 2
2026-03-26 11:43:52,520 - INFO - EPOCH 6 - PROGRESS: at 95.12% examples, 680888 words/s, in_qsize 32, out_qsize 2
2026-03-26 11:43:53,522 - INFO - EPOCH 6 - PROGRESS: at 95.25% examples, 680911 words/s, in_qsize 32, out_qsize 0
2026-03-26 11:43:54,533 - INFO - EPOCH 6 - PROGRESS: at 95.33% examples, 680889 words/s, in_qsize 30, out_qsize 1
2026-03-26 11:43:55,555 - INFO - EPOCH 6 - PROGRESS: at 95.47% examples, 680888 words/s, in_qsize 31, out_qsize 0
2026-03-26 11:43:56,558 - INFO - EPOCH 6 - PROGRESS: at 95.62% examples, 680906 words/s, in_qsize 32, out_qsize 1
2026-03-26 11:43:57,589 - INFO - EPOCH 6 - PROGRESS: at 95.76% examples, 680888 words/s, in_qsize 32, out_qsize 2
2026-03-26 11:43:58,619 - INFO - EPOCH 6 - PROGRESS: at 95.86% examples, 680871 words/s, in_qsize 31, out_qsize 0
2026-03-26 11:43:59,630 - INFO - EPOCH 6 - PROGRESS: at 95.97% examples, 680904 words/s, in_qsize 32, out_qsize 1
2026-03-26 11:44:00,639 - INFO - EPOCH 6 - PROGRESS: at 96.06% examples, 680878 words/s, in_qsize 30, out_qsize 0
2026-03-26 11:44:01,664 - INFO - EPOCH 6 - PROGRESS: at 96.20% examples, 680835 words/s, in_qsize 28, out_qsize 3
2026-03-26 11:44:02,670 - INFO - EPOCH 6 - PROGRESS: at 96.33% examples, 680821 words/s, in_qsize 32, out_qsize 1
2026-03-26 11:44:03,676 - INFO - EPOCH 6 - PROGRESS: at 96.47% examples, 680806 words/s, in_qsize 31, out_qsize 5
2026-03-26 11:44:04,679 - INFO - EPOCH 6 - PROGRESS: at 96.61% examples, 680839 words/s, in_qsize 29, out_qsize 2
2026-03-26 11:44:05,684 - INFO - EPOCH 6 - PROGRESS: at 96.75% examples, 680829 words/s, in_qsize 31, out_qsize 0
2026-03-26 11:44:06,709 - INFO - EPOCH 6 - PROGRESS: at 96.91% examples, 680832 words/s, in_qsize 32, out_qsize 2
2026-03-26 11:44:07,722 - INFO - EPOCH 6 - PROGRESS: at 96.97% examples, 680814 words/s, in_qsize 31, out_qsize 0
2026-03-26 11:44:08,725 - INFO - EPOCH 6 - PROGRESS: at 97.09% examples, 680819 words/s, in_qsize 30, out_qsize 0
2026-03-26 11:44:09,726 - INFO - EPOCH 6 - PROGRESS: at 97.20% examples, 680799 words/s, in_qsize 31, out_qsize 0
2026-03-26 11:44:10,741 - INFO - EPOCH 6 - PROGRESS: at 97.35% examples, 680789 words/s, in_qsize 31, out_qsize 2
2026-03-26 11:44:11,744 - INFO - EPOCH 6 - PROGRESS: at 97.51% examples, 680843 words/s, in_qsize 31, out_qsize 0
2026-03-26 11:44:12,749 - INFO - EPOCH 6 - PROGRESS: at 97.60% examples, 680788 words/s, in_qsize 30, out_qsize 1
2026-03-26 11:44:13,759 - INFO - EPOCH 6 - PROGRESS: at 97.73% examples, 680794 words/s, in_qsize 29, out_qsize 3
2026-03-26 11:44:14,779 - INFO - EPOCH 6 - PROGRESS: at 97.85% examples, 680799 words/s, in_qsize 31, out_qsize 0
2026-03-26 11:44:15,780 - INFO - EPOCH 6 - PROGRESS: at 97.95% examples, 680789 words/s, in_qsize 31, out_qsize 0
2026-03-26 11:44:16,869 - INFO - EPOCH 6 - PROGRESS: at 98.09% examples, 680729 words/s, in_qsize 32, out_qsize 0
2026-03-26 11:44:17,880 - INFO - EPOCH 6 - PROGRESS: at 98.22% examples, 680744 words/s, in_qsize 32, out_qsize 2
2026-03-26 11:44:18,880 - INFO - EPOCH 6 - PROGRESS: at 98.36% examples, 680761 words/s, in_qsize 32, out_qsize 1
2026-03-26 11:44:19,898 - INFO - EPOCH 6 - PROGRESS: at 98.49% examples, 680794 words/s, in_qsize 27, out_qsize 1
2026-03-26 11:44:20,900 - INFO - EPOCH 6 - PROGRESS: at 98.59% examples, 680767 words/s, in_qsize 30, out_qsize 2
2026-03-26 11:44:21,918 - INFO - EPOCH 6 - PROGRESS: at 98.66% examples, 680753 words/s, in_qsize 31, out_qsize 0
2026-03-26 11:44:22,932 - INFO - EPOCH 6 - PROGRESS: at 98.76% examples, 680727 words/s, in_qsize 28, out_qsize 3
2026-03-26 11:44:23,943 - INFO - EPOCH 6 - PROGRESS: at 98.90% examples, 680726 words/s, in_qsize 32, out_qsize 0
2026-03-26 11:44:24,955 - INFO - EPOCH 6 - PROGRESS: at 99.07% examples, 680761 words/s, in_qsize 32, out_qsize 1
2026-03-26 11:44:25,956 - INFO - EPOCH 6 - PROGRESS: at 99.24% examples, 680762 words/s, in_qsize 32, out_qsize 0
2026-03-26 11:44:26,961 - INFO - EPOCH 6 - PROGRESS: at 99.37% examples, 680746 words/s, in_qsize 32, out_qsize 0
2026-03-26 11:44:27,981 - INFO - EPOCH 6 - PROGRESS: at 99.52% examples, 680749 words/s, in_qsize 30, out_qsize 1
2026-03-26 11:44:28,989 - INFO - EPOCH 6 - PROGRESS: at 99.65% examples, 680743 words/s, in_qsize 29, out_qsize 1
2026-03-26 11:44:30,008 - INFO - EPOCH 6 - PROGRESS: at 99.78% examples, 680747 words/s, in_qsize 31, out_qsize 0
2026-03-26 11:44:31,017 - INFO - EPOCH 6 - PROGRESS: at 99.90% examples, 680729 words/s, in_qsize 32, out_qsize 2
2026-03-26 11:44:31,769 - DEBUG - job loop exiting, total 60863 jobs
2026-03-26 11:44:31,959 - DEBUG - worker exiting, processed 3820 jobs
2026-03-26 11:44:31,960 - DEBUG - worker thread finished; awaiting finish of 15 more threads
2026-03-26 11:44:31,964 - DEBUG - worker exiting, processed 3807 jobs
2026-03-26 11:44:31,964 - DEBUG - worker thread finished; awaiting finish of 14 more threads
2026-03-26 11:44:31,978 - DEBUG - worker exiting, processed 3802 jobs
2026-03-26 11:44:31,978 - DEBUG - worker thread finished; awaiting finish of 13 more threads
2026-03-26 11:44:31,998 - DEBUG - worker exiting, processed 3797 jobs
2026-03-26 11:44:31,999 - DEBUG - worker thread finished; awaiting finish of 12 more threads
2026-03-26 11:44:32,004 - DEBUG - worker exiting, processed 3800 jobs
2026-03-26 11:44:32,004 - DEBUG - worker thread finished; awaiting finish of 11 more threads
2026-03-26 11:44:32,004 - DEBUG - worker exiting, processed 3800 jobs
2026-03-26 11:44:32,005 - DEBUG - worker thread finished; awaiting finish of 10 more threads
2026-03-26 11:44:32,005 - DEBUG - worker exiting, processed 3817 jobs
2026-03-26 11:44:32,005 - DEBUG - worker thread finished; awaiting finish of 9 more threads
2026-03-26 11:44:32,022 - DEBUG - worker exiting, processed 3807 jobs
2026-03-26 11:44:32,022 - INFO - EPOCH 6 - PROGRESS: at 99.99% examples, 680756 words/s, in_qsize 8, out_qsize 1
2026-03-26 11:44:32,022 - DEBUG - worker thread finished; awaiting finish of 8 more threads
2026-03-26 11:44:32,040 - DEBUG - worker exiting, processed 3805 jobs
2026-03-26 11:44:32,040 - DEBUG - worker thread finished; awaiting finish of 7 more threads
2026-03-26 11:44:32,053 - DEBUG - worker exiting, processed 3798 jobs
2026-03-26 11:44:32,053 - DEBUG - worker thread finished; awaiting finish of 6 more threads
2026-03-26 11:44:32,054 - DEBUG - worker exiting, processed 3808 jobs
2026-03-26 11:44:32,054 - DEBUG - worker thread finished; awaiting finish of 5 more threads
2026-03-26 11:44:32,059 - DEBUG - worker exiting, processed 3801 jobs
2026-03-26 11:44:32,059 - DEBUG - worker thread finished; awaiting finish of 4 more threads
2026-03-26 11:44:32,063 - DEBUG - worker exiting, processed 3805 jobs
2026-03-26 11:44:32,063 - DEBUG - worker thread finished; awaiting finish of 3 more threads
2026-03-26 11:44:32,071 - DEBUG - worker exiting, processed 3803 jobs
2026-03-26 11:44:32,071 - DEBUG - worker thread finished; awaiting finish of 2 more threads
2026-03-26 11:44:32,086 - DEBUG - worker exiting, processed 3790 jobs
2026-03-26 11:44:32,086 - DEBUG - worker thread finished; awaiting finish of 1 more threads
2026-03-26 11:44:32,087 - DEBUG - worker exiting, processed 3803 jobs
2026-03-26 11:44:32,087 - DEBUG - worker thread finished; awaiting finish of 0 more threads
2026-03-26 11:44:32,087 - INFO - EPOCH 6: training on 604933589 raw words (478049642 effective words) took 702.2s, 680782 effective words/s
2026-03-26 11:44:32,087 - INFO - Epoch 7 completed in 702.2s
2026-03-26 11:44:32,087 - INFO - Epoch 8 starting...
2026-03-26 11:44:33,104 - INFO - EPOCH 7 - PROGRESS: at 0.08% examples, 537119 words/s, in_qsize 31, out_qsize 0
2026-03-26 11:44:34,120 - INFO - EPOCH 7 - PROGRESS: at 0.20% examples, 565813 words/s, in_qsize 30, out_qsize 1
2026-03-26 11:44:35,134 - INFO - EPOCH 7 - PROGRESS: at 0.35% examples, 602136 words/s, in_qsize 31, out_qsize 0
2026-03-26 11:44:36,141 - INFO - EPOCH 7 - PROGRESS: at 0.50% examples, 615276 words/s, in_qsize 31, out_qsize 1
2026-03-26 11:44:37,162 - INFO - EPOCH 7 - PROGRESS: at 0.65% examples, 627830 words/s, in_qsize 31, out_qsize 0
2026-03-26 11:44:38,173 - INFO - EPOCH 7 - PROGRESS: at 0.81% examples, 634918 words/s, in_qsize 31, out_qsize 0
2026-03-26 11:44:39,180 - INFO - EPOCH 7 - PROGRESS: at 0.97% examples, 644463 words/s, in_qsize 29, out_qsize 0
2026-03-26 11:44:40,181 - INFO - EPOCH 7 - PROGRESS: at 1.12% examples, 649189 words/s, in_qsize 31, out_qsize 0
2026-03-26 11:44:41,186 - INFO - EPOCH 7 - PROGRESS: at 1.27% examples, 650883 words/s, in_qsize 32, out_qsize 3
2026-03-26 11:44:42,194 - INFO - EPOCH 7 - PROGRESS: at 1.40% examples, 654938 words/s, in_qsize 30, out_qsize 1
2026-03-26 11:44:43,204 - INFO - EPOCH 7 - PROGRESS: at 1.52% examples, 656891 words/s, in_qsize 32, out_qsize 0
2026-03-26 11:44:44,218 - INFO - EPOCH 7 - PROGRESS: at 1.65% examples, 658877 words/s, in_qsize 31, out_qsize 0
2026-03-26 11:44:45,236 - INFO - EPOCH 7 - PROGRESS: at 1.76% examples, 657888 words/s, in_qsize 30, out_qsize 3
2026-03-26 11:44:46,243 - INFO - EPOCH 7 - PROGRESS: at 1.89% examples, 661478 words/s, in_qsize 31, out_qsize 0
2026-03-26 11:44:47,256 - INFO - EPOCH 7 - PROGRESS: at 2.00% examples, 660440 words/s, in_qsize 32, out_qsize 3
2026-03-26 11:44:48,272 - INFO - EPOCH 7 - PROGRESS: at 2.12% examples, 662371 words/s, in_qsize 30, out_qsize 1
2026-03-26 11:44:49,283 - INFO - EPOCH 7 - PROGRESS: at 2.24% examples, 663922 words/s, in_qsize 32, out_qsize 1
2026-03-26 11:44:50,304 - INFO - EPOCH 7 - PROGRESS: at 2.36% examples, 664421 words/s, in_qsize 32, out_qsize 0
2026-03-26 11:44:51,304 - INFO - EPOCH 7 - PROGRESS: at 2.47% examples, 665211 words/s, in_qsize 30, out_qsize 1
2026-03-26 11:44:52,316 - INFO - EPOCH 7 - PROGRESS: at 2.59% examples, 666278 words/s, in_qsize 31, out_qsize 0
2026-03-26 11:44:53,327 - INFO - EPOCH 7 - PROGRESS: at 2.71% examples, 665888 words/s, in_qsize 32, out_qsize 0
2026-03-26 11:44:54,368 - INFO - EPOCH 7 - PROGRESS: at 2.83% examples, 666660 words/s, in_qsize 32, out_qsize 2
2026-03-26 11:44:55,382 - INFO - EPOCH 7 - PROGRESS: at 2.94% examples, 664456 words/s, in_qsize 32, out_qsize 0
2026-03-26 11:44:56,390 - INFO - EPOCH 7 - PROGRESS: at 3.06% examples, 663974 words/s, in_qsize 31, out_qsize 0
2026-03-26 11:44:57,397 - INFO - EPOCH 7 - PROGRESS: at 3.22% examples, 664856 words/s, in_qsize 32, out_qsize 0
2026-03-26 11:44:58,410 - INFO - EPOCH 7 - PROGRESS: at 3.38% examples, 665981 words/s, in_qsize 31, out_qsize 0
2026-03-26 11:44:59,444 - INFO - EPOCH 7 - PROGRESS: at 3.51% examples, 665388 words/s, in_qsize 29, out_qsize 5
2026-03-26 11:45:00,473 - INFO - EPOCH 7 - PROGRESS: at 3.66% examples, 667013 words/s, in_qsize 32, out_qsize 3
2026-03-26 11:45:01,493 - INFO - EPOCH 7 - PROGRESS: at 3.81% examples, 668618 words/s, in_qsize 32, out_qsize 0
2026-03-26 11:45:02,516 - INFO - EPOCH 7 - PROGRESS: at 3.96% examples, 668887 words/s, in_qsize 31, out_qsize 0
2026-03-26 11:45:03,542 - INFO - EPOCH 7 - PROGRESS: at 4.11% examples, 669539 words/s, in_qsize 31, out_qsize 0
2026-03-26 11:45:04,544 - INFO - EPOCH 7 - PROGRESS: at 4.26% examples, 670196 words/s, in_qsize 31, out_qsize 0
2026-03-26 11:45:05,555 - INFO - EPOCH 7 - PROGRESS: at 4.40% examples, 670654 words/s, in_qsize 31, out_qsize 0
2026-03-26 11:45:06,576 - INFO - EPOCH 7 - PROGRESS: at 4.53% examples, 670848 words/s, in_qsize 30, out_qsize 1
2026-03-26 11:45:07,585 - INFO - EPOCH 7 - PROGRESS: at 4.64% examples, 670949 words/s, in_qsize 31, out_qsize 2
2026-03-26 11:45:08,597 - INFO - EPOCH 7 - PROGRESS: at 4.75% examples, 671154 words/s, in_qsize 32, out_qsize 1
2026-03-26 11:45:09,618 - INFO - EPOCH 7 - PROGRESS: at 4.85% examples, 671121 words/s, in_qsize 31, out_qsize 0
2026-03-26 11:45:10,629 - INFO - EPOCH 7 - PROGRESS: at 4.95% examples, 671748 words/s, in_qsize 31, out_qsize 0
2026-03-26 11:45:11,639 - INFO - EPOCH 7 - PROGRESS: at 5.07% examples, 671519 words/s, in_qsize 31, out_qsize 0
2026-03-26 11:45:12,640 - INFO - EPOCH 7 - PROGRESS: at 5.22% examples, 671555 words/s, in_qsize 32, out_qsize 2
2026-03-26 11:45:13,678 - INFO - EPOCH 7 - PROGRESS: at 5.36% examples, 671315 words/s, in_qsize 31, out_qsize 4
2026-03-26 11:45:14,685 - INFO - EPOCH 7 - PROGRESS: at 5.51% examples, 671579 words/s, in_qsize 32, out_qsize 3
2026-03-26 11:45:15,690 - INFO - EPOCH 7 - PROGRESS: at 5.65% examples, 672249 words/s, in_qsize 30, out_qsize 1
2026-03-26 11:45:16,731 - INFO - EPOCH 7 - PROGRESS: at 5.77% examples, 672507 words/s, in_qsize 31, out_qsize 0
2026-03-26 11:45:17,733 - INFO - EPOCH 7 - PROGRESS: at 5.90% examples, 672683 words/s, in_qsize 31, out_qsize 0
2026-03-26 11:45:18,733 - INFO - EPOCH 7 - PROGRESS: at 6.05% examples, 673106 words/s, in_qsize 31, out_qsize 0
2026-03-26 11:45:19,755 - INFO - EPOCH 7 - PROGRESS: at 6.20% examples, 673237 words/s, in_qsize 31, out_qsize 1
2026-03-26 11:45:20,769 - INFO - EPOCH 7 - PROGRESS: at 6.41% examples, 674073 words/s, in_qsize 30, out_qsize 1
2026-03-26 11:45:21,782 - INFO - EPOCH 7 - PROGRESS: at 6.59% examples, 672980 words/s, in_qsize 32, out_qsize 7
2026-03-26 11:45:22,795 - INFO - EPOCH 7 - PROGRESS: at 6.81% examples, 674128 words/s, in_qsize 32, out_qsize 0
2026-03-26 11:45:23,800 - INFO - EPOCH 7 - PROGRESS: at 7.01% examples, 673820 words/s, in_qsize 31, out_qsize 0
2026-03-26 11:45:24,805 - INFO - EPOCH 7 - PROGRESS: at 7.17% examples, 673663 words/s, in_qsize 30, out_qsize 1
2026-03-26 11:45:25,807 - INFO - EPOCH 7 - PROGRESS: at 7.25% examples, 673491 words/s, in_qsize 30, out_qsize 0
2026-03-26 11:45:26,813 - INFO - EPOCH 7 - PROGRESS: at 7.42% examples, 673850 words/s, in_qsize 30, out_qsize 1
2026-03-26 11:45:27,821 - INFO - EPOCH 7 - PROGRESS: at 7.54% examples, 674049 words/s, in_qsize 32, out_qsize 1
2026-03-26 11:45:28,864 - INFO - EPOCH 7 - PROGRESS: at 7.66% examples, 673807 words/s, in_qsize 31, out_qsize 3
2026-03-26 11:45:29,872 - INFO - EPOCH 7 - PROGRESS: at 7.81% examples, 674508 words/s, in_qsize 31, out_qsize 0
2026-03-26 11:45:30,892 - INFO - EPOCH 7 - PROGRESS: at 7.94% examples, 674443 words/s, in_qsize 31, out_qsize 1
2026-03-26 11:45:31,917 - INFO - EPOCH 7 - PROGRESS: at 8.08% examples, 674190 words/s, in_qsize 31, out_qsize 4
2026-03-26 11:45:32,940 - INFO - EPOCH 7 - PROGRESS: at 8.21% examples, 674623 words/s, in_qsize 28, out_qsize 3
2026-03-26 11:45:33,970 - INFO - EPOCH 7 - PROGRESS: at 8.35% examples, 675087 words/s, in_qsize 31, out_qsize 0
2026-03-26 11:45:35,000 - INFO - EPOCH 7 - PROGRESS: at 8.47% examples, 675188 words/s, in_qsize 32, out_qsize 0
2026-03-26 11:45:36,001 - INFO - EPOCH 7 - PROGRESS: at 8.55% examples, 674766 words/s, in_qsize 30, out_qsize 0
2026-03-26 11:45:37,002 - INFO - EPOCH 7 - PROGRESS: at 8.66% examples, 674415 words/s, in_qsize 30, out_qsize 1
2026-03-26 11:45:38,016 - INFO - EPOCH 7 - PROGRESS: at 8.80% examples, 674791 words/s, in_qsize 32, out_qsize 0
2026-03-26 11:45:39,037 - INFO - EPOCH 7 - PROGRESS: at 8.96% examples, 674926 words/s, in_qsize 30, out_qsize 1
2026-03-26 11:45:40,054 - INFO - EPOCH 7 - PROGRESS: at 9.07% examples, 674903 words/s, in_qsize 32, out_qsize 1
2026-03-26 11:45:41,055 - INFO - EPOCH 7 - PROGRESS: at 9.21% examples, 675101 words/s, in_qsize 31, out_qsize 0
2026-03-26 11:45:42,057 - INFO - EPOCH 7 - PROGRESS: at 9.34% examples, 675134 words/s, in_qsize 31, out_qsize 0
2026-03-26 11:45:43,088 - INFO - EPOCH 7 - PROGRESS: at 9.45% examples, 674971 words/s, in_qsize 30, out_qsize 1
2026-03-26 11:45:44,117 - INFO - EPOCH 7 - PROGRESS: at 9.57% examples, 674728 words/s, in_qsize 31, out_qsize 0
2026-03-26 11:45:45,128 - INFO - EPOCH 7 - PROGRESS: at 9.70% examples, 674516 words/s, in_qsize 30, out_qsize 1
2026-03-26 11:45:46,129 - INFO - EPOCH 7 - PROGRESS: at 9.85% examples, 674762 words/s, in_qsize 31, out_qsize 0
2026-03-26 11:45:47,143 - INFO - EPOCH 7 - PROGRESS: at 10.00% examples, 674780 words/s, in_qsize 31, out_qsize 0
2026-03-26 11:45:48,151 - INFO - EPOCH 7 - PROGRESS: at 10.15% examples, 674747 words/s, in_qsize 31, out_qsize 1
2026-03-26 11:45:49,154 - INFO - EPOCH 7 - PROGRESS: at 10.28% examples, 674707 words/s, in_qsize 32, out_qsize 3
2026-03-26 11:45:50,173 - INFO - EPOCH 7 - PROGRESS: at 10.43% examples, 675077 words/s, in_qsize 30, out_qsize 1
2026-03-26 11:45:51,185 - INFO - EPOCH 7 - PROGRESS: at 10.57% examples, 675190 words/s, in_qsize 32, out_qsize 0
2026-03-26 11:45:52,200 - INFO - EPOCH 7 - PROGRESS: at 10.71% examples, 674019 words/s, in_qsize 27, out_qsize 4
2026-03-26 11:45:53,231 - INFO - EPOCH 7 - PROGRESS: at 10.89% examples, 673688 words/s, in_qsize 30, out_qsize 1
2026-03-26 11:45:54,285 - INFO - EPOCH 7 - PROGRESS: at 11.05% examples, 672128 words/s, in_qsize 30, out_qsize 1
2026-03-26 11:45:55,320 - INFO - EPOCH 7 - PROGRESS: at 11.23% examples, 671788 words/s, in_qsize 31, out_qsize 0
2026-03-26 11:45:56,325 - INFO - EPOCH 7 - PROGRESS: at 11.40% examples, 671056 words/s, in_qsize 32, out_qsize 0
2026-03-26 11:45:57,328 - INFO - EPOCH 7 - PROGRESS: at 11.56% examples, 670915 words/s, in_qsize 32, out_qsize 1
2026-03-26 11:45:58,336 - INFO - EPOCH 7 - PROGRESS: at 11.67% examples, 670931 words/s, in_qsize 32, out_qsize 0
2026-03-26 11:45:59,345 - INFO - EPOCH 7 - PROGRESS: at 11.82% examples, 671290 words/s, in_qsize 31, out_qsize 0
2026-03-26 11:46:00,383 - INFO - EPOCH 7 - PROGRESS: at 12.04% examples, 671484 words/s, in_qsize 32, out_qsize 5
2026-03-26 11:46:01,388 - INFO - EPOCH 7 - PROGRESS: at 12.27% examples, 672096 words/s, in_qsize 32, out_qsize 3
2026-03-26 11:46:02,417 - INFO - EPOCH 7 - PROGRESS: at 12.50% examples, 672861 words/s, in_qsize 31, out_qsize 1
2026-03-26 11:46:03,449 - INFO - EPOCH 7 - PROGRESS: at 12.73% examples, 673335 words/s, in_qsize 31, out_qsize 3
2026-03-26 11:46:04,450 - INFO - EPOCH 7 - PROGRESS: at 12.93% examples, 673092 words/s, in_qsize 32, out_qsize 0
2026-03-26 11:46:05,471 - INFO - EPOCH 7 - PROGRESS: at 13.14% examples, 673049 words/s, in_qsize 30, out_qsize 1
2026-03-26 11:46:06,478 - INFO - EPOCH 7 - PROGRESS: at 13.37% examples, 673767 words/s, in_qsize 32, out_qsize 0
2026-03-26 11:46:07,486 - INFO - EPOCH 7 - PROGRESS: at 13.60% examples, 674297 words/s, in_qsize 32, out_qsize 0
2026-03-26 11:46:08,515 - INFO - EPOCH 7 - PROGRESS: at 13.82% examples, 674429 words/s, in_qsize 31, out_qsize 6
2026-03-26 11:46:09,537 - INFO - EPOCH 7 - PROGRESS: at 14.06% examples, 675228 words/s, in_qsize 31, out_qsize 0
2026-03-26 11:46:10,555 - INFO - EPOCH 7 - PROGRESS: at 14.22% examples, 675348 words/s, in_qsize 32, out_qsize 1
2026-03-26 11:46:11,567 - INFO - EPOCH 7 - PROGRESS: at 14.39% examples, 675581 words/s, in_qsize 31, out_qsize 0
2026-03-26 11:46:12,570 - INFO - EPOCH 7 - PROGRESS: at 14.56% examples, 675637 words/s, in_qsize 32, out_qsize 0
2026-03-26 11:46:13,615 - INFO - EPOCH 7 - PROGRESS: at 14.74% examples, 675796 words/s, in_qsize 31, out_qsize 0
2026-03-26 11:46:14,617 - INFO - EPOCH 7 - PROGRESS: at 14.90% examples, 675940 words/s, in_qsize 31, out_qsize 0
2026-03-26 11:46:15,636 - INFO - EPOCH 7 - PROGRESS: at 15.07% examples, 675891 words/s, in_qsize 31, out_qsize 3
2026-03-26 11:46:16,650 - INFO - EPOCH 7 - PROGRESS: at 15.24% examples, 675938 words/s, in_qsize 31, out_qsize 0
2026-03-26 11:46:17,668 - INFO - EPOCH 7 - PROGRESS: at 15.40% examples, 675951 words/s, in_qsize 31, out_qsize 0
2026-03-26 11:46:18,689 - INFO - EPOCH 7 - PROGRESS: at 15.56% examples, 675818 words/s, in_qsize 32, out_qsize 0
2026-03-26 11:46:19,695 - INFO - EPOCH 7 - PROGRESS: at 15.70% examples, 674988 words/s, in_qsize 32, out_qsize 0
2026-03-26 11:46:20,704 - INFO - EPOCH 7 - PROGRESS: at 15.88% examples, 675295 words/s, in_qsize 30, out_qsize 2
2026-03-26 11:46:21,707 - INFO - EPOCH 7 - PROGRESS: at 16.05% examples, 675630 words/s, in_qsize 31, out_qsize 0
2026-03-26 11:46:22,753 - INFO - EPOCH 7 - PROGRESS: at 16.23% examples, 675760 words/s, in_qsize 30, out_qsize 3
2026-03-26 11:46:23,755 - INFO - EPOCH 7 - PROGRESS: at 16.41% examples, 676227 words/s, in_qsize 32, out_qsize 2
2026-03-26 11:46:24,760 - INFO - EPOCH 7 - PROGRESS: at 16.59% examples, 676601 words/s, in_qsize 31, out_qsize 0
2026-03-26 11:46:25,768 - INFO - EPOCH 7 - PROGRESS: at 16.76% examples, 676747 words/s, in_qsize 31, out_qsize 2
2026-03-26 11:46:26,774 - INFO - EPOCH 7 - PROGRESS: at 16.93% examples, 676972 words/s, in_qsize 31, out_qsize 1
2026-03-26 11:46:27,793 - INFO - EPOCH 7 - PROGRESS: at 17.11% examples, 677052 words/s, in_qsize 32, out_qsize 0
2026-03-26 11:46:28,804 - INFO - EPOCH 7 - PROGRESS: at 17.28% examples, 677232 words/s, in_qsize 32, out_qsize 2
2026-03-26 11:46:29,837 - INFO - EPOCH 7 - PROGRESS: at 17.46% examples, 677302 words/s, in_qsize 26, out_qsize 5
2026-03-26 11:46:30,847 - INFO - EPOCH 7 - PROGRESS: at 17.63% examples, 677459 words/s, in_qsize 32, out_qsize 3
2026-03-26 11:46:31,872 - INFO - EPOCH 7 - PROGRESS: at 17.81% examples, 677653 words/s, in_qsize 31, out_qsize 0
2026-03-26 11:46:32,879 - INFO - EPOCH 7 - PROGRESS: at 17.98% examples, 677630 words/s, in_qsize 30, out_qsize 1
2026-03-26 11:46:33,894 - INFO - EPOCH 7 - PROGRESS: at 18.14% examples, 677363 words/s, in_qsize 32, out_qsize 0
2026-03-26 11:46:34,917 - INFO - EPOCH 7 - PROGRESS: at 18.31% examples, 677438 words/s, in_qsize 31, out_qsize 0
2026-03-26 11:46:35,955 - INFO - EPOCH 7 - PROGRESS: at 18.49% examples, 677492 words/s, in_qsize 31, out_qsize 0
2026-03-26 11:46:36,974 - INFO - EPOCH 7 - PROGRESS: at 18.66% examples, 677519 words/s, in_qsize 32, out_qsize 1
2026-03-26 11:46:37,982 - INFO - EPOCH 7 - PROGRESS: at 18.78% examples, 677648 words/s, in_qsize 31, out_qsize 0
2026-03-26 11:46:38,990 - INFO - EPOCH 7 - PROGRESS: at 18.90% examples, 677681 words/s, in_qsize 31, out_qsize 0
2026-03-26 11:46:40,007 - INFO - EPOCH 7 - PROGRESS: at 19.04% examples, 677700 words/s, in_qsize 32, out_qsize 2
2026-03-26 11:46:41,015 - INFO - EPOCH 7 - PROGRESS: at 19.18% examples, 677880 words/s, in_qsize 32, out_qsize 1
2026-03-26 11:46:42,044 - INFO - EPOCH 7 - PROGRESS: at 19.33% examples, 678070 words/s, in_qsize 31, out_qsize 0
2026-03-26 11:46:43,051 - INFO - EPOCH 7 - PROGRESS: at 19.50% examples, 678316 words/s, in_qsize 32, out_qsize 0
2026-03-26 11:46:44,070 - INFO - EPOCH 7 - PROGRESS: at 19.64% examples, 678337 words/s, in_qsize 31, out_qsize 0
2026-03-26 11:46:45,081 - INFO - EPOCH 7 - PROGRESS: at 19.77% examples, 677492 words/s, in_qsize 29, out_qsize 2
2026-03-26 11:46:46,089 - INFO - EPOCH 7 - PROGRESS: at 19.92% examples, 677318 words/s, in_qsize 31, out_qsize 0
2026-03-26 11:46:47,130 - INFO - EPOCH 7 - PROGRESS: at 20.05% examples, 676459 words/s, in_qsize 29, out_qsize 2
2026-03-26 11:46:48,139 - INFO - EPOCH 7 - PROGRESS: at 20.21% examples, 676496 words/s, in_qsize 31, out_qsize 0
2026-03-26 11:46:49,154 - INFO - EPOCH 7 - PROGRESS: at 20.30% examples, 675799 words/s, in_qsize 30, out_qsize 0
2026-03-26 11:46:50,173 - INFO - EPOCH 7 - PROGRESS: at 20.41% examples, 675636 words/s, in_qsize 31, out_qsize 0
2026-03-26 11:46:51,175 - INFO - EPOCH 7 - PROGRESS: at 20.51% examples, 675562 words/s, in_qsize 31, out_qsize 0
2026-03-26 11:46:52,185 - INFO - EPOCH 7 - PROGRESS: at 20.62% examples, 675505 words/s, in_qsize 31, out_qsize 0
2026-03-26 11:46:53,195 - INFO - EPOCH 7 - PROGRESS: at 20.72% examples, 675325 words/s, in_qsize 32, out_qsize 2
2026-03-26 11:46:54,196 - INFO - EPOCH 7 - PROGRESS: at 20.83% examples, 675443 words/s, in_qsize 29, out_qsize 0
2026-03-26 11:46:55,227 - INFO - EPOCH 7 - PROGRESS: at 20.99% examples, 675534 words/s, in_qsize 30, out_qsize 1
2026-03-26 11:46:56,231 - INFO - EPOCH 7 - PROGRESS: at 21.17% examples, 675669 words/s, in_qsize 31, out_qsize 0
2026-03-26 11:46:57,287 - INFO - EPOCH 7 - PROGRESS: at 21.35% examples, 675386 words/s, in_qsize 32, out_qsize 5
2026-03-26 11:46:58,327 - INFO - EPOCH 7 - PROGRESS: at 21.50% examples, 675609 words/s, in_qsize 32, out_qsize 2
2026-03-26 11:46:59,393 - INFO - EPOCH 7 - PROGRESS: at 21.63% examples, 675442 words/s, in_qsize 32, out_qsize 8
2026-03-26 11:47:00,445 - INFO - EPOCH 7 - PROGRESS: at 21.77% examples, 675653 words/s, in_qsize 32, out_qsize 4
2026-03-26 11:47:01,493 - INFO - EPOCH 7 - PROGRESS: at 21.91% examples, 675831 words/s, in_qsize 32, out_qsize 2
2026-03-26 11:47:02,510 - INFO - EPOCH 7 - PROGRESS: at 22.12% examples, 676020 words/s, in_qsize 32, out_qsize 5
2026-03-26 11:47:03,512 - INFO - EPOCH 7 - PROGRESS: at 22.26% examples, 676294 words/s, in_qsize 31, out_qsize 0
2026-03-26 11:47:04,558 - INFO - EPOCH 7 - PROGRESS: at 22.49% examples, 675943 words/s, in_qsize 30, out_qsize 1
2026-03-26 11:47:05,574 - INFO - EPOCH 7 - PROGRESS: at 22.74% examples, 675980 words/s, in_qsize 32, out_qsize 0
2026-03-26 11:47:06,587 - INFO - EPOCH 7 - PROGRESS: at 22.87% examples, 675358 words/s, in_qsize 32, out_qsize 0
2026-03-26 11:47:07,620 - INFO - EPOCH 7 - PROGRESS: at 23.04% examples, 675279 words/s, in_qsize 32, out_qsize 0
2026-03-26 11:47:08,647 - INFO - EPOCH 7 - PROGRESS: at 23.19% examples, 674719 words/s, in_qsize 31, out_qsize 0
2026-03-26 11:47:09,656 - INFO - EPOCH 7 - PROGRESS: at 23.36% examples, 674788 words/s, in_qsize 31, out_qsize 0
2026-03-26 11:47:10,684 - INFO - EPOCH 7 - PROGRESS: at 23.53% examples, 674671 words/s, in_qsize 30, out_qsize 1
2026-03-26 11:47:11,687 - INFO - EPOCH 7 - PROGRESS: at 23.70% examples, 674671 words/s, in_qsize 32, out_qsize 3
2026-03-26 11:47:12,688 - INFO - EPOCH 7 - PROGRESS: at 23.88% examples, 675060 words/s, in_qsize 31, out_qsize 0
2026-03-26 11:47:13,696 - INFO - EPOCH 7 - PROGRESS: at 24.05% examples, 675026 words/s, in_qsize 30, out_qsize 1
2026-03-26 11:47:14,705 - INFO - EPOCH 7 - PROGRESS: at 24.22% examples, 675147 words/s, in_qsize 31, out_qsize 0
2026-03-26 11:47:15,750 - INFO - EPOCH 7 - PROGRESS: at 24.36% examples, 675061 words/s, in_qsize 31, out_qsize 4
2026-03-26 11:47:16,772 - INFO - EPOCH 7 - PROGRESS: at 24.52% examples, 675241 words/s, in_qsize 31, out_qsize 0
2026-03-26 11:47:17,782 - INFO - EPOCH 7 - PROGRESS: at 24.64% examples, 675270 words/s, in_qsize 30, out_qsize 0
2026-03-26 11:47:18,803 - INFO - EPOCH 7 - PROGRESS: at 24.78% examples, 675242 words/s, in_qsize 31, out_qsize 1
2026-03-26 11:47:19,804 - INFO - EPOCH 7 - PROGRESS: at 24.92% examples, 675302 words/s, in_qsize 32, out_qsize 1
2026-03-26 11:47:20,808 - INFO - EPOCH 7 - PROGRESS: at 25.05% examples, 675338 words/s, in_qsize 31, out_qsize 0
2026-03-26 11:47:21,819 - INFO - EPOCH 7 - PROGRESS: at 25.19% examples, 675432 words/s, in_qsize 30, out_qsize 1
2026-03-26 11:47:22,833 - INFO - EPOCH 7 - PROGRESS: at 25.29% examples, 675343 words/s, in_qsize 30, out_qsize 1
2026-03-26 11:47:23,890 - INFO - EPOCH 7 - PROGRESS: at 25.43% examples, 675135 words/s, in_qsize 31, out_qsize 0
2026-03-26 11:47:24,905 - INFO - EPOCH 7 - PROGRESS: at 25.59% examples, 674979 words/s, in_qsize 28, out_qsize 4
2026-03-26 11:47:25,923 - INFO - EPOCH 7 - PROGRESS: at 25.77% examples, 675219 words/s, in_qsize 32, out_qsize 1
2026-03-26 11:47:26,943 - INFO - EPOCH 7 - PROGRESS: at 25.94% examples, 675330 words/s, in_qsize 32, out_qsize 1
2026-03-26 11:47:27,970 - INFO - EPOCH 7 - PROGRESS: at 26.08% examples, 675292 words/s, in_qsize 26, out_qsize 5
2026-03-26 11:47:28,977 - INFO - EPOCH 7 - PROGRESS: at 26.28% examples, 675634 words/s, in_qsize 31, out_qsize 0
2026-03-26 11:47:29,977 - INFO - EPOCH 7 - PROGRESS: at 26.46% examples, 675814 words/s, in_qsize 31, out_qsize 0
2026-03-26 11:47:31,001 - INFO - EPOCH 7 - PROGRESS: at 26.65% examples, 675686 words/s, in_qsize 31, out_qsize 0
2026-03-26 11:47:32,003 - INFO - EPOCH 7 - PROGRESS: at 26.81% examples, 675605 words/s, in_qsize 29, out_qsize 3
2026-03-26 11:47:33,074 - INFO - EPOCH 7 - PROGRESS: at 26.98% examples, 675488 words/s, in_qsize 32, out_qsize 2
2026-03-26 11:47:34,077 - INFO - EPOCH 7 - PROGRESS: at 27.16% examples, 675750 words/s, in_qsize 31, out_qsize 0
2026-03-26 11:47:35,085 - INFO - EPOCH 7 - PROGRESS: at 27.28% examples, 675660 words/s, in_qsize 30, out_qsize 0
2026-03-26 11:47:36,097 - INFO - EPOCH 7 - PROGRESS: at 27.37% examples, 675706 words/s, in_qsize 32, out_qsize 0
2026-03-26 11:47:37,103 - INFO - EPOCH 7 - PROGRESS: at 27.48% examples, 675767 words/s, in_qsize 32, out_qsize 0
2026-03-26 11:47:38,108 - INFO - EPOCH 7 - PROGRESS: at 27.63% examples, 675752 words/s, in_qsize 32, out_qsize 2
2026-03-26 11:47:39,111 - INFO - EPOCH 7 - PROGRESS: at 27.78% examples, 675828 words/s, in_qsize 30, out_qsize 1
2026-03-26 11:47:40,158 - INFO - EPOCH 7 - PROGRESS: at 27.93% examples, 675753 words/s, in_qsize 30, out_qsize 4
2026-03-26 11:47:41,179 - INFO - EPOCH 7 - PROGRESS: at 28.04% examples, 675902 words/s, in_qsize 31, out_qsize 0
2026-03-26 11:47:42,183 - INFO - EPOCH 7 - PROGRESS: at 28.12% examples, 675923 words/s, in_qsize 31, out_qsize 0
2026-03-26 11:47:43,199 - INFO - EPOCH 7 - PROGRESS: at 28.26% examples, 675885 words/s, in_qsize 30, out_qsize 2
2026-03-26 11:47:44,227 - INFO - EPOCH 7 - PROGRESS: at 28.40% examples, 675972 words/s, in_qsize 30, out_qsize 1
2026-03-26 11:47:45,239 - INFO - EPOCH 7 - PROGRESS: at 28.56% examples, 676065 words/s, in_qsize 32, out_qsize 2
2026-03-26 11:47:46,245 - INFO - EPOCH 7 - PROGRESS: at 28.71% examples, 676151 words/s, in_qsize 30, out_qsize 1
2026-03-26 11:47:47,269 - INFO - EPOCH 7 - PROGRESS: at 28.86% examples, 676096 words/s, in_qsize 32, out_qsize 3
2026-03-26 11:47:48,298 - INFO - EPOCH 7 - PROGRESS: at 29.01% examples, 676091 words/s, in_qsize 32, out_qsize 3
2026-03-26 11:47:49,379 - INFO - EPOCH 7 - PROGRESS: at 29.16% examples, 675997 words/s, in_qsize 32, out_qsize 0
2026-03-26 11:47:50,418 - INFO - EPOCH 7 - PROGRESS: at 29.31% examples, 675850 words/s, in_qsize 29, out_qsize 2
2026-03-26 11:47:51,438 - INFO - EPOCH 7 - PROGRESS: at 29.46% examples, 675846 words/s, in_qsize 31, out_qsize 0
2026-03-26 11:47:52,449 - INFO - EPOCH 7 - PROGRESS: at 29.61% examples, 675910 words/s, in_qsize 31, out_qsize 0
2026-03-26 11:47:53,453 - INFO - EPOCH 7 - PROGRESS: at 29.82% examples, 676069 words/s, in_qsize 30, out_qsize 0
2026-03-26 11:47:54,469 - INFO - EPOCH 7 - PROGRESS: at 29.93% examples, 675995 words/s, in_qsize 30, out_qsize 2
2026-03-26 11:47:55,486 - INFO - EPOCH 7 - PROGRESS: at 30.12% examples, 676174 words/s, in_qsize 30, out_qsize 1
2026-03-26 11:47:56,490 - INFO - EPOCH 7 - PROGRESS: at 30.24% examples, 676292 words/s, in_qsize 30, out_qsize 1
2026-03-26 11:47:57,495 - INFO - EPOCH 7 - PROGRESS: at 30.38% examples, 676323 words/s, in_qsize 32, out_qsize 0
2026-03-26 11:47:58,507 - INFO - EPOCH 7 - PROGRESS: at 30.52% examples, 676389 words/s, in_qsize 31, out_qsize 0
2026-03-26 11:47:59,518 - INFO - EPOCH 7 - PROGRESS: at 30.68% examples, 676462 words/s, in_qsize 31, out_qsize 0
2026-03-26 11:48:00,523 - INFO - EPOCH 7 - PROGRESS: at 30.81% examples, 676507 words/s, in_qsize 31, out_qsize 0
2026-03-26 11:48:01,540 - INFO - EPOCH 7 - PROGRESS: at 30.93% examples, 676402 words/s, in_qsize 31, out_qsize 0
2026-03-26 11:48:02,541 - INFO - EPOCH 7 - PROGRESS: at 31.05% examples, 676464 words/s, in_qsize 31, out_qsize 0
2026-03-26 11:48:03,542 - INFO - EPOCH 7 - PROGRESS: at 31.17% examples, 676414 words/s, in_qsize 32, out_qsize 0
2026-03-26 11:48:04,562 - INFO - EPOCH 7 - PROGRESS: at 31.30% examples, 676379 words/s, in_qsize 31, out_qsize 1
2026-03-26 11:48:05,563 - INFO - EPOCH 7 - PROGRESS: at 31.42% examples, 676404 words/s, in_qsize 29, out_qsize 2
2026-03-26 11:48:06,567 - INFO - EPOCH 7 - PROGRESS: at 31.54% examples, 676366 words/s, in_qsize 31, out_qsize 4
2026-03-26 11:48:07,573 - INFO - EPOCH 7 - PROGRESS: at 31.67% examples, 676430 words/s, in_qsize 31, out_qsize 2
2026-03-26 11:48:08,602 - INFO - EPOCH 7 - PROGRESS: at 31.79% examples, 676346 words/s, in_qsize 30, out_qsize 1
2026-03-26 11:48:09,623 - INFO - EPOCH 7 - PROGRESS: at 31.92% examples, 676397 words/s, in_qsize 32, out_qsize 0
2026-03-26 11:48:10,650 - INFO - EPOCH 7 - PROGRESS: at 32.05% examples, 676400 words/s, in_qsize 31, out_qsize 0
2026-03-26 11:48:11,685 - INFO - EPOCH 7 - PROGRESS: at 32.18% examples, 676461 words/s, in_qsize 31, out_qsize 0
2026-03-26 11:48:12,687 - INFO - EPOCH 7 - PROGRESS: at 32.33% examples, 676619 words/s, in_qsize 31, out_qsize 0
2026-03-26 11:48:13,692 - INFO - EPOCH 7 - PROGRESS: at 32.53% examples, 676671 words/s, in_qsize 31, out_qsize 0
2026-03-26 11:48:14,744 - INFO - EPOCH 7 - PROGRESS: at 32.72% examples, 676653 words/s, in_qsize 31, out_qsize 1
2026-03-26 11:48:15,777 - INFO - EPOCH 7 - PROGRESS: at 32.85% examples, 676540 words/s, in_qsize 31, out_qsize 0
2026-03-26 11:48:16,808 - INFO - EPOCH 7 - PROGRESS: at 33.02% examples, 676545 words/s, in_qsize 31, out_qsize 0
2026-03-26 11:48:17,823 - INFO - EPOCH 7 - PROGRESS: at 33.19% examples, 676686 words/s, in_qsize 32, out_qsize 0
2026-03-26 11:48:18,825 - INFO - EPOCH 7 - PROGRESS: at 33.36% examples, 676727 words/s, in_qsize 32, out_qsize 1
2026-03-26 11:48:19,829 - INFO - EPOCH 7 - PROGRESS: at 33.53% examples, 676796 words/s, in_qsize 31, out_qsize 0
2026-03-26 11:48:20,845 - INFO - EPOCH 7 - PROGRESS: at 33.70% examples, 676896 words/s, in_qsize 31, out_qsize 0
2026-03-26 11:48:21,871 - INFO - EPOCH 7 - PROGRESS: at 33.87% examples, 676862 words/s, in_qsize 29, out_qsize 2
2026-03-26 11:48:22,874 - INFO - EPOCH 7 - PROGRESS: at 34.04% examples, 676960 words/s, in_qsize 30, out_qsize 2
2026-03-26 11:48:23,889 - INFO - EPOCH 7 - PROGRESS: at 34.16% examples, 677010 words/s, in_qsize 31, out_qsize 0
2026-03-26 11:48:24,913 - INFO - EPOCH 7 - PROGRESS: at 34.25% examples, 676943 words/s, in_qsize 31, out_qsize 0
2026-03-26 11:48:25,922 - INFO - EPOCH 7 - PROGRESS: at 34.40% examples, 677006 words/s, in_qsize 30, out_qsize 1
2026-03-26 11:48:26,944 - INFO - EPOCH 7 - PROGRESS: at 34.52% examples, 677043 words/s, in_qsize 29, out_qsize 2
2026-03-26 11:48:27,947 - INFO - EPOCH 7 - PROGRESS: at 34.63% examples, 677002 words/s, in_qsize 30, out_qsize 1
2026-03-26 11:48:28,976 - INFO - EPOCH 7 - PROGRESS: at 34.74% examples, 676992 words/s, in_qsize 32, out_qsize 1
2026-03-26 11:48:29,981 - INFO - EPOCH 7 - PROGRESS: at 34.85% examples, 677075 words/s, in_qsize 31, out_qsize 0
2026-03-26 11:48:30,987 - INFO - EPOCH 7 - PROGRESS: at 34.96% examples, 676914 words/s, in_qsize 32, out_qsize 4
2026-03-26 11:48:31,993 - INFO - EPOCH 7 - PROGRESS: at 35.11% examples, 677163 words/s, in_qsize 31, out_qsize 0
2026-03-26 11:48:32,998 - INFO - EPOCH 7 - PROGRESS: at 35.23% examples, 677109 words/s, in_qsize 32, out_qsize 1
2026-03-26 11:48:34,009 - INFO - EPOCH 7 - PROGRESS: at 35.42% examples, 677136 words/s, in_qsize 31, out_qsize 3
2026-03-26 11:48:35,031 - INFO - EPOCH 7 - PROGRESS: at 35.60% examples, 677192 words/s, in_qsize 30, out_qsize 1
2026-03-26 11:48:36,044 - INFO - EPOCH 7 - PROGRESS: at 35.78% examples, 677240 words/s, in_qsize 31, out_qsize 1
2026-03-26 11:48:37,046 - INFO - EPOCH 7 - PROGRESS: at 35.92% examples, 677386 words/s, in_qsize 31, out_qsize 0
2026-03-26 11:48:38,056 - INFO - EPOCH 7 - PROGRESS: at 36.09% examples, 677498 words/s, in_qsize 31, out_qsize 0
2026-03-26 11:48:39,063 - INFO - EPOCH 7 - PROGRESS: at 36.23% examples, 677401 words/s, in_qsize 31, out_qsize 1
2026-03-26 11:48:40,105 - INFO - EPOCH 7 - PROGRESS: at 36.37% examples, 677362 words/s, in_qsize 28, out_qsize 3
2026-03-26 11:48:41,125 - INFO - EPOCH 7 - PROGRESS: at 36.51% examples, 677355 words/s, in_qsize 29, out_qsize 2
2026-03-26 11:48:42,150 - INFO - EPOCH 7 - PROGRESS: at 36.66% examples, 677426 words/s, in_qsize 31, out_qsize 0
2026-03-26 11:48:43,167 - INFO - EPOCH 7 - PROGRESS: at 36.77% examples, 677419 words/s, in_qsize 31, out_qsize 1
2026-03-26 11:48:44,179 - INFO - EPOCH 7 - PROGRESS: at 36.92% examples, 677436 words/s, in_qsize 31, out_qsize 0
2026-03-26 11:48:45,197 - INFO - EPOCH 7 - PROGRESS: at 37.05% examples, 677184 words/s, in_qsize 31, out_qsize 0
2026-03-26 11:48:46,203 - INFO - EPOCH 7 - PROGRESS: at 37.19% examples, 677192 words/s, in_qsize 32, out_qsize 1
2026-03-26 11:48:47,203 - INFO - EPOCH 7 - PROGRESS: at 37.30% examples, 677218 words/s, in_qsize 30, out_qsize 0
2026-03-26 11:48:48,212 - INFO - EPOCH 7 - PROGRESS: at 37.43% examples, 677207 words/s, in_qsize 30, out_qsize 1
2026-03-26 11:48:49,213 - INFO - EPOCH 7 - PROGRESS: at 37.54% examples, 677250 words/s, in_qsize 31, out_qsize 0
2026-03-26 11:48:50,220 - INFO - EPOCH 7 - PROGRESS: at 37.66% examples, 677190 words/s, in_qsize 31, out_qsize 0
2026-03-26 11:48:51,230 - INFO - EPOCH 7 - PROGRESS: at 37.78% examples, 677159 words/s, in_qsize 31, out_qsize 1
2026-03-26 11:48:52,270 - INFO - EPOCH 7 - PROGRESS: at 37.91% examples, 677183 words/s, in_qsize 31, out_qsize 1
2026-03-26 11:48:53,281 - INFO - EPOCH 7 - PROGRESS: at 38.04% examples, 677234 words/s, in_qsize 31, out_qsize 0
2026-03-26 11:48:54,287 - INFO - EPOCH 7 - PROGRESS: at 38.13% examples, 677234 words/s, in_qsize 32, out_qsize 1
2026-03-26 11:48:55,310 - INFO - EPOCH 7 - PROGRESS: at 38.24% examples, 677172 words/s, in_qsize 32, out_qsize 4
2026-03-26 11:48:56,320 - INFO - EPOCH 7 - PROGRESS: at 38.36% examples, 677317 words/s, in_qsize 31, out_qsize 0
2026-03-26 11:48:57,326 - INFO - EPOCH 7 - PROGRESS: at 38.47% examples, 677265 words/s, in_qsize 32, out_qsize 2
2026-03-26 11:48:58,327 - INFO - EPOCH 7 - PROGRESS: at 38.60% examples, 677388 words/s, in_qsize 31, out_qsize 0
2026-03-26 11:48:59,329 - INFO - EPOCH 7 - PROGRESS: at 38.79% examples, 677440 words/s, in_qsize 30, out_qsize 1
2026-03-26 11:49:00,346 - INFO - EPOCH 7 - PROGRESS: at 39.01% examples, 677542 words/s, in_qsize 32, out_qsize 0
2026-03-26 11:49:01,354 - INFO - EPOCH 7 - PROGRESS: at 39.14% examples, 677505 words/s, in_qsize 28, out_qsize 3
2026-03-26 11:49:02,370 - INFO - EPOCH 7 - PROGRESS: at 39.25% examples, 677588 words/s, in_qsize 32, out_qsize 0
2026-03-26 11:49:03,372 - INFO - EPOCH 7 - PROGRESS: at 39.36% examples, 677585 words/s, in_qsize 32, out_qsize 0
2026-03-26 11:49:04,381 - INFO - EPOCH 7 - PROGRESS: at 39.47% examples, 677615 words/s, in_qsize 29, out_qsize 2
2026-03-26 11:49:05,403 - INFO - EPOCH 7 - PROGRESS: at 39.61% examples, 677615 words/s, in_qsize 32, out_qsize 1
2026-03-26 11:49:06,409 - INFO - EPOCH 7 - PROGRESS: at 39.75% examples, 677657 words/s, in_qsize 31, out_qsize 0
2026-03-26 11:49:07,417 - INFO - EPOCH 7 - PROGRESS: at 39.89% examples, 677726 words/s, in_qsize 31, out_qsize 0
2026-03-26 11:49:08,425 - INFO - EPOCH 7 - PROGRESS: at 40.02% examples, 677684 words/s, in_qsize 32, out_qsize 0
2026-03-26 11:49:09,433 - INFO - EPOCH 7 - PROGRESS: at 40.15% examples, 677695 words/s, in_qsize 31, out_qsize 0
2026-03-26 11:49:10,463 - INFO - EPOCH 7 - PROGRESS: at 40.28% examples, 677721 words/s, in_qsize 31, out_qsize 0
2026-03-26 11:49:11,473 - INFO - EPOCH 7 - PROGRESS: at 40.41% examples, 677644 words/s, in_qsize 32, out_qsize 6
2026-03-26 11:49:12,499 - INFO - EPOCH 7 - PROGRESS: at 40.56% examples, 677760 words/s, in_qsize 31, out_qsize 2
2026-03-26 11:49:13,559 - INFO - EPOCH 7 - PROGRESS: at 40.72% examples, 677697 words/s, in_qsize 30, out_qsize 5
2026-03-26 11:49:14,577 - INFO - EPOCH 7 - PROGRESS: at 40.88% examples, 677793 words/s, in_qsize 32, out_qsize 3
2026-03-26 11:49:15,583 - INFO - EPOCH 7 - PROGRESS: at 41.04% examples, 677857 words/s, in_qsize 31, out_qsize 1
2026-03-26 11:49:16,593 - INFO - EPOCH 7 - PROGRESS: at 41.20% examples, 677886 words/s, in_qsize 31, out_qsize 0
2026-03-26 11:49:17,599 - INFO - EPOCH 7 - PROGRESS: at 41.35% examples, 677901 words/s, in_qsize 32, out_qsize 2
2026-03-26 11:49:18,671 - INFO - EPOCH 7 - PROGRESS: at 41.47% examples, 677761 words/s, in_qsize 32, out_qsize 0
2026-03-26 11:49:19,673 - INFO - EPOCH 7 - PROGRESS: at 41.60% examples, 677763 words/s, in_qsize 31, out_qsize 0
2026-03-26 11:49:20,676 - INFO - EPOCH 7 - PROGRESS: at 41.69% examples, 677671 words/s, in_qsize 31, out_qsize 0
2026-03-26 11:49:21,692 - INFO - EPOCH 7 - PROGRESS: at 41.79% examples, 677623 words/s, in_qsize 32, out_qsize 0
2026-03-26 11:49:22,721 - INFO - EPOCH 7 - PROGRESS: at 41.90% examples, 677575 words/s, in_qsize 32, out_qsize 3
2026-03-26 11:49:23,721 - INFO - EPOCH 7 - PROGRESS: at 42.00% examples, 677571 words/s, in_qsize 31, out_qsize 2
2026-03-26 11:49:24,740 - INFO - EPOCH 7 - PROGRESS: at 42.10% examples, 677554 words/s, in_qsize 30, out_qsize 1
2026-03-26 11:49:25,750 - INFO - EPOCH 7 - PROGRESS: at 42.20% examples, 677507 words/s, in_qsize 32, out_qsize 0
2026-03-26 11:49:26,750 - INFO - EPOCH 7 - PROGRESS: at 42.31% examples, 677548 words/s, in_qsize 31, out_qsize 0
2026-03-26 11:49:27,759 - INFO - EPOCH 7 - PROGRESS: at 42.51% examples, 677518 words/s, in_qsize 31, out_qsize 0
2026-03-26 11:49:28,770 - INFO - EPOCH 7 - PROGRESS: at 42.68% examples, 677355 words/s, in_qsize 30, out_qsize 5
2026-03-26 11:49:29,774 - INFO - EPOCH 7 - PROGRESS: at 42.80% examples, 677494 words/s, in_qsize 30, out_qsize 1
2026-03-26 11:49:30,779 - INFO - EPOCH 7 - PROGRESS: at 42.99% examples, 677501 words/s, in_qsize 31, out_qsize 2
2026-03-26 11:49:31,780 - INFO - EPOCH 7 - PROGRESS: at 43.19% examples, 677619 words/s, in_qsize 31, out_qsize 1
2026-03-26 11:49:32,796 - INFO - EPOCH 7 - PROGRESS: at 43.33% examples, 677657 words/s, in_qsize 31, out_qsize 1
2026-03-26 11:49:33,814 - INFO - EPOCH 7 - PROGRESS: at 43.44% examples, 677573 words/s, in_qsize 32, out_qsize 1
2026-03-26 11:49:34,842 - INFO - EPOCH 7 - PROGRESS: at 43.55% examples, 677547 words/s, in_qsize 31, out_qsize 1
2026-03-26 11:49:35,842 - INFO - EPOCH 7 - PROGRESS: at 43.65% examples, 677449 words/s, in_qsize 32, out_qsize 4
2026-03-26 11:49:36,845 - INFO - EPOCH 7 - PROGRESS: at 43.74% examples, 677426 words/s, in_qsize 32, out_qsize 0
2026-03-26 11:49:37,845 - INFO - EPOCH 7 - PROGRESS: at 43.85% examples, 677372 words/s, in_qsize 30, out_qsize 1
2026-03-26 11:49:38,857 - INFO - EPOCH 7 - PROGRESS: at 44.00% examples, 677465 words/s, in_qsize 32, out_qsize 0
2026-03-26 11:49:39,870 - INFO - EPOCH 7 - PROGRESS: at 44.22% examples, 677470 words/s, in_qsize 31, out_qsize 0
2026-03-26 11:49:40,894 - INFO - EPOCH 7 - PROGRESS: at 44.46% examples, 677581 words/s, in_qsize 32, out_qsize 0
2026-03-26 11:49:41,902 - INFO - EPOCH 7 - PROGRESS: at 44.68% examples, 677680 words/s, in_qsize 30, out_qsize 1
2026-03-26 11:49:42,931 - INFO - EPOCH 7 - PROGRESS: at 44.78% examples, 677650 words/s, in_qsize 30, out_qsize 1
2026-03-26 11:49:43,964 - INFO - EPOCH 7 - PROGRESS: at 44.90% examples, 677631 words/s, in_qsize 32, out_qsize 2
2026-03-26 11:49:44,987 - INFO - EPOCH 7 - PROGRESS: at 45.05% examples, 677523 words/s, in_qsize 25, out_qsize 6
2026-03-26 11:49:45,995 - INFO - EPOCH 7 - PROGRESS: at 45.18% examples, 677496 words/s, in_qsize 30, out_qsize 1
2026-03-26 11:49:46,997 - INFO - EPOCH 7 - PROGRESS: at 45.28% examples, 677455 words/s, in_qsize 31, out_qsize 1
2026-03-26 11:49:48,001 - INFO - EPOCH 7 - PROGRESS: at 45.39% examples, 677468 words/s, in_qsize 29, out_qsize 2
2026-03-26 11:49:49,001 - INFO - EPOCH 7 - PROGRESS: at 45.49% examples, 677506 words/s, in_qsize 31, out_qsize 0
2026-03-26 11:49:50,018 - INFO - EPOCH 7 - PROGRESS: at 45.59% examples, 677427 words/s, in_qsize 31, out_qsize 0
2026-03-26 11:49:51,045 - INFO - EPOCH 7 - PROGRESS: at 45.70% examples, 677407 words/s, in_qsize 32, out_qsize 1
2026-03-26 11:49:52,049 - INFO - EPOCH 7 - PROGRESS: at 45.80% examples, 677461 words/s, in_qsize 32, out_qsize 1
2026-03-26 11:49:53,054 - INFO - EPOCH 7 - PROGRESS: at 45.92% examples, 677455 words/s, in_qsize 32, out_qsize 0
2026-03-26 11:49:54,075 - INFO - EPOCH 7 - PROGRESS: at 46.05% examples, 677439 words/s, in_qsize 31, out_qsize 0
2026-03-26 11:49:55,081 - INFO - EPOCH 7 - PROGRESS: at 46.16% examples, 677461 words/s, in_qsize 32, out_qsize 1
2026-03-26 11:49:56,085 - INFO - EPOCH 7 - PROGRESS: at 46.27% examples, 677438 words/s, in_qsize 32, out_qsize 0
2026-03-26 11:49:57,138 - INFO - EPOCH 7 - PROGRESS: at 46.39% examples, 677329 words/s, in_qsize 32, out_qsize 5
2026-03-26 11:49:58,149 - INFO - EPOCH 7 - PROGRESS: at 46.51% examples, 677432 words/s, in_qsize 31, out_qsize 0
2026-03-26 11:49:59,195 - INFO - EPOCH 7 - PROGRESS: at 46.74% examples, 677469 words/s, in_qsize 29, out_qsize 4
2026-03-26 11:50:00,211 - INFO - EPOCH 7 - PROGRESS: at 47.08% examples, 677722 words/s, in_qsize 30, out_qsize 1
2026-03-26 11:50:01,239 - INFO - EPOCH 7 - PROGRESS: at 47.20% examples, 677689 words/s, in_qsize 32, out_qsize 1
2026-03-26 11:50:02,256 - INFO - EPOCH 7 - PROGRESS: at 47.32% examples, 677636 words/s, in_qsize 30, out_qsize 1
2026-03-26 11:50:03,267 - INFO - EPOCH 7 - PROGRESS: at 47.45% examples, 677692 words/s, in_qsize 32, out_qsize 1
2026-03-26 11:50:04,281 - INFO - EPOCH 7 - PROGRESS: at 47.58% examples, 677691 words/s, in_qsize 32, out_qsize 2
2026-03-26 11:50:05,303 - INFO - EPOCH 7 - PROGRESS: at 47.71% examples, 677650 words/s, in_qsize 32, out_qsize 2
2026-03-26 11:50:06,333 - INFO - EPOCH 7 - PROGRESS: at 47.84% examples, 677707 words/s, in_qsize 30, out_qsize 2
2026-03-26 11:50:07,347 - INFO - EPOCH 7 - PROGRESS: at 47.97% examples, 677729 words/s, in_qsize 30, out_qsize 1
2026-03-26 11:50:08,356 - INFO - EPOCH 7 - PROGRESS: at 48.10% examples, 677741 words/s, in_qsize 32, out_qsize 0
2026-03-26 11:50:09,366 - INFO - EPOCH 7 - PROGRESS: at 48.22% examples, 677771 words/s, in_qsize 30, out_qsize 0
2026-03-26 11:50:10,369 - INFO - EPOCH 7 - PROGRESS: at 48.35% examples, 677720 words/s, in_qsize 31, out_qsize 0
2026-03-26 11:50:11,386 - INFO - EPOCH 7 - PROGRESS: at 48.48% examples, 677763 words/s, in_qsize 31, out_qsize 1
2026-03-26 11:50:12,422 - INFO - EPOCH 7 - PROGRESS: at 48.60% examples, 677715 words/s, in_qsize 31, out_qsize 2
2026-03-26 11:50:13,445 - INFO - EPOCH 7 - PROGRESS: at 48.73% examples, 677718 words/s, in_qsize 32, out_qsize 0
2026-03-26 11:50:14,447 - INFO - EPOCH 7 - PROGRESS: at 48.86% examples, 677700 words/s, in_qsize 32, out_qsize 1
2026-03-26 11:50:15,461 - INFO - EPOCH 7 - PROGRESS: at 48.98% examples, 677700 words/s, in_qsize 32, out_qsize 1
2026-03-26 11:50:16,511 - INFO - EPOCH 7 - PROGRESS: at 49.11% examples, 677609 words/s, in_qsize 27, out_qsize 8
2026-03-26 11:50:17,518 - INFO - EPOCH 7 - PROGRESS: at 49.25% examples, 677737 words/s, in_qsize 31, out_qsize 0
2026-03-26 11:50:18,524 - INFO - EPOCH 7 - PROGRESS: at 49.38% examples, 677802 words/s, in_qsize 31, out_qsize 0
2026-03-26 11:50:19,554 - INFO - EPOCH 7 - PROGRESS: at 49.50% examples, 677721 words/s, in_qsize 31, out_qsize 2
2026-03-26 11:50:20,599 - INFO - EPOCH 7 - PROGRESS: at 49.63% examples, 677679 words/s, in_qsize 32, out_qsize 3
2026-03-26 11:50:21,602 - INFO - EPOCH 7 - PROGRESS: at 49.76% examples, 677746 words/s, in_qsize 32, out_qsize 0
2026-03-26 11:50:22,683 - INFO - EPOCH 7 - PROGRESS: at 49.88% examples, 677602 words/s, in_qsize 31, out_qsize 0
2026-03-26 11:50:23,689 - INFO - EPOCH 7 - PROGRESS: at 50.00% examples, 677596 words/s, in_qsize 31, out_qsize 2
2026-03-26 11:50:24,691 - INFO - EPOCH 7 - PROGRESS: at 50.11% examples, 677579 words/s, in_qsize 30, out_qsize 1
2026-03-26 11:50:25,705 - INFO - EPOCH 7 - PROGRESS: at 50.26% examples, 677637 words/s, in_qsize 30, out_qsize 1
2026-03-26 11:50:26,707 - INFO - EPOCH 7 - PROGRESS: at 50.41% examples, 677701 words/s, in_qsize 31, out_qsize 0
2026-03-26 11:50:27,717 - INFO - EPOCH 7 - PROGRESS: at 50.58% examples, 677735 words/s, in_qsize 31, out_qsize 0
2026-03-26 11:50:28,729 - INFO - EPOCH 7 - PROGRESS: at 50.74% examples, 677663 words/s, in_qsize 32, out_qsize 0
2026-03-26 11:50:29,742 - INFO - EPOCH 7 - PROGRESS: at 50.90% examples, 677651 words/s, in_qsize 32, out_qsize 0
2026-03-26 11:50:30,749 - INFO - EPOCH 7 - PROGRESS: at 51.06% examples, 677683 words/s, in_qsize 31, out_qsize 2
2026-03-26 11:50:31,759 - INFO - EPOCH 7 - PROGRESS: at 51.23% examples, 677728 words/s, in_qsize 31, out_qsize 0
2026-03-26 11:50:32,775 - INFO - EPOCH 7 - PROGRESS: at 51.42% examples, 677801 words/s, in_qsize 31, out_qsize 0
2026-03-26 11:50:33,788 - INFO - EPOCH 7 - PROGRESS: at 51.64% examples, 677992 words/s, in_qsize 30, out_qsize 1
2026-03-26 11:50:34,791 - INFO - EPOCH 7 - PROGRESS: at 51.87% examples, 678222 words/s, in_qsize 31, out_qsize 0
2026-03-26 11:50:35,794 - INFO - EPOCH 7 - PROGRESS: at 52.08% examples, 678347 words/s, in_qsize 30, out_qsize 0
2026-03-26 11:50:36,794 - INFO - EPOCH 7 - PROGRESS: at 52.30% examples, 678538 words/s, in_qsize 32, out_qsize 0
2026-03-26 11:50:37,875 - INFO - EPOCH 7 - PROGRESS: at 52.47% examples, 678140 words/s, in_qsize 28, out_qsize 3
2026-03-26 11:50:38,887 - INFO - EPOCH 7 - PROGRESS: at 52.67% examples, 678166 words/s, in_qsize 28, out_qsize 7
2026-03-26 11:50:39,902 - INFO - EPOCH 7 - PROGRESS: at 52.87% examples, 678141 words/s, in_qsize 29, out_qsize 3
2026-03-26 11:50:40,902 - INFO - EPOCH 7 - PROGRESS: at 53.09% examples, 678311 words/s, in_qsize 28, out_qsize 3
2026-03-26 11:50:41,935 - INFO - EPOCH 7 - PROGRESS: at 53.30% examples, 678441 words/s, in_qsize 30, out_qsize 1
2026-03-26 11:50:42,993 - INFO - EPOCH 7 - PROGRESS: at 53.51% examples, 678443 words/s, in_qsize 31, out_qsize 0
2026-03-26 11:50:44,015 - INFO - EPOCH 7 - PROGRESS: at 53.72% examples, 678511 words/s, in_qsize 31, out_qsize 0
2026-03-26 11:50:45,020 - INFO - EPOCH 7 - PROGRESS: at 53.95% examples, 678711 words/s, in_qsize 32, out_qsize 2
2026-03-26 11:50:46,049 - INFO - EPOCH 7 - PROGRESS: at 54.18% examples, 678967 words/s, in_qsize 32, out_qsize 1
2026-03-26 11:50:47,074 - INFO - EPOCH 7 - PROGRESS: at 54.37% examples, 678862 words/s, in_qsize 32, out_qsize 2
2026-03-26 11:50:48,078 - INFO - EPOCH 7 - PROGRESS: at 54.59% examples, 679081 words/s, in_qsize 31, out_qsize 2
2026-03-26 11:50:49,085 - INFO - EPOCH 7 - PROGRESS: at 54.80% examples, 679112 words/s, in_qsize 32, out_qsize 1
2026-03-26 11:50:50,088 - INFO - EPOCH 7 - PROGRESS: at 55.00% examples, 679168 words/s, in_qsize 31, out_qsize 0
2026-03-26 11:50:51,107 - INFO - EPOCH 7 - PROGRESS: at 55.15% examples, 678961 words/s, in_qsize 31, out_qsize 0
2026-03-26 11:50:52,108 - INFO - EPOCH 7 - PROGRESS: at 55.28% examples, 678982 words/s, in_qsize 30, out_qsize 1
2026-03-26 11:50:53,115 - INFO - EPOCH 7 - PROGRESS: at 55.40% examples, 678970 words/s, in_qsize 30, out_qsize 1
2026-03-26 11:50:54,151 - INFO - EPOCH 7 - PROGRESS: at 55.53% examples, 678901 words/s, in_qsize 28, out_qsize 3
2026-03-26 11:50:55,166 - INFO - EPOCH 7 - PROGRESS: at 55.69% examples, 678975 words/s, in_qsize 29, out_qsize 1
2026-03-26 11:50:56,190 - INFO - EPOCH 7 - PROGRESS: at 55.92% examples, 679092 words/s, in_qsize 32, out_qsize 0
2026-03-26 11:50:57,222 - INFO - EPOCH 7 - PROGRESS: at 56.11% examples, 679165 words/s, in_qsize 30, out_qsize 1
2026-03-26 11:50:58,231 - INFO - EPOCH 7 - PROGRESS: at 56.24% examples, 679172 words/s, in_qsize 32, out_qsize 2
2026-03-26 11:50:59,241 - INFO - EPOCH 7 - PROGRESS: at 56.37% examples, 679194 words/s, in_qsize 30, out_qsize 1
2026-03-26 11:51:00,257 - INFO - EPOCH 7 - PROGRESS: at 56.50% examples, 679228 words/s, in_qsize 32, out_qsize 0
2026-03-26 11:51:01,264 - INFO - EPOCH 7 - PROGRESS: at 56.62% examples, 679244 words/s, in_qsize 31, out_qsize 0
2026-03-26 11:51:02,314 - INFO - EPOCH 7 - PROGRESS: at 56.73% examples, 679134 words/s, in_qsize 32, out_qsize 0
2026-03-26 11:51:03,319 - INFO - EPOCH 7 - PROGRESS: at 56.89% examples, 679143 words/s, in_qsize 28, out_qsize 0
2026-03-26 11:51:04,371 - INFO - EPOCH 7 - PROGRESS: at 57.07% examples, 679092 words/s, in_qsize 31, out_qsize 3
2026-03-26 11:51:05,395 - INFO - EPOCH 7 - PROGRESS: at 57.26% examples, 679193 words/s, in_qsize 29, out_qsize 2
2026-03-26 11:51:06,406 - INFO - EPOCH 7 - PROGRESS: at 57.44% examples, 679229 words/s, in_qsize 31, out_qsize 0
2026-03-26 11:51:07,442 - INFO - EPOCH 7 - PROGRESS: at 57.62% examples, 679227 words/s, in_qsize 32, out_qsize 3
2026-03-26 11:51:08,460 - INFO - EPOCH 7 - PROGRESS: at 57.80% examples, 679294 words/s, in_qsize 31, out_qsize 1
2026-03-26 11:51:09,463 - INFO - EPOCH 7 - PROGRESS: at 57.98% examples, 679371 words/s, in_qsize 31, out_qsize 0
2026-03-26 11:51:10,482 - INFO - EPOCH 7 - PROGRESS: at 58.15% examples, 679423 words/s, in_qsize 32, out_qsize 1
2026-03-26 11:51:11,509 - INFO - EPOCH 7 - PROGRESS: at 58.33% examples, 679423 words/s, in_qsize 30, out_qsize 1
2026-03-26 11:51:12,514 - INFO - EPOCH 7 - PROGRESS: at 58.51% examples, 679516 words/s, in_qsize 31, out_qsize 0
2026-03-26 11:51:13,529 - INFO - EPOCH 7 - PROGRESS: at 58.68% examples, 679537 words/s, in_qsize 31, out_qsize 1
2026-03-26 11:51:14,532 - INFO - EPOCH 7 - PROGRESS: at 58.84% examples, 679547 words/s, in_qsize 31, out_qsize 0
2026-03-26 11:51:15,558 - INFO - EPOCH 7 - PROGRESS: at 59.02% examples, 679543 words/s, in_qsize 32, out_qsize 2
2026-03-26 11:51:16,562 - INFO - EPOCH 7 - PROGRESS: at 59.20% examples, 679598 words/s, in_qsize 31, out_qsize 0
2026-03-26 11:51:17,587 - INFO - EPOCH 7 - PROGRESS: at 59.36% examples, 679602 words/s, in_qsize 31, out_qsize 1
2026-03-26 11:51:18,628 - INFO - EPOCH 7 - PROGRESS: at 59.53% examples, 679535 words/s, in_qsize 32, out_qsize 6
2026-03-26 11:51:19,636 - INFO - EPOCH 7 - PROGRESS: at 59.72% examples, 679655 words/s, in_qsize 32, out_qsize 0
2026-03-26 11:51:20,669 - INFO - EPOCH 7 - PROGRESS: at 59.80% examples, 679621 words/s, in_qsize 30, out_qsize 1
2026-03-26 11:51:21,678 - INFO - EPOCH 7 - PROGRESS: at 59.91% examples, 679633 words/s, in_qsize 30, out_qsize 0
2026-03-26 11:51:22,694 - INFO - EPOCH 7 - PROGRESS: at 60.07% examples, 679651 words/s, in_qsize 30, out_qsize 1
2026-03-26 11:51:23,746 - INFO - EPOCH 7 - PROGRESS: at 60.23% examples, 679629 words/s, in_qsize 32, out_qsize 2
2026-03-26 11:51:24,777 - INFO - EPOCH 7 - PROGRESS: at 60.39% examples, 679525 words/s, in_qsize 32, out_qsize 0
2026-03-26 11:51:25,782 - INFO - EPOCH 7 - PROGRESS: at 60.54% examples, 679522 words/s, in_qsize 31, out_qsize 2
2026-03-26 11:51:26,825 - INFO - EPOCH 7 - PROGRESS: at 60.71% examples, 679514 words/s, in_qsize 32, out_qsize 2
2026-03-26 11:51:27,838 - INFO - EPOCH 7 - PROGRESS: at 60.87% examples, 679587 words/s, in_qsize 32, out_qsize 1
2026-03-26 11:51:28,849 - INFO - EPOCH 7 - PROGRESS: at 60.97% examples, 679519 words/s, in_qsize 32, out_qsize 1
2026-03-26 11:51:29,855 - INFO - EPOCH 7 - PROGRESS: at 61.11% examples, 679531 words/s, in_qsize 32, out_qsize 0
2026-03-26 11:51:30,860 - INFO - EPOCH 7 - PROGRESS: at 61.20% examples, 679504 words/s, in_qsize 31, out_qsize 1
2026-03-26 11:51:31,861 - INFO - EPOCH 7 - PROGRESS: at 61.26% examples, 679466 words/s, in_qsize 32, out_qsize 0
2026-03-26 11:51:32,874 - INFO - EPOCH 7 - PROGRESS: at 61.34% examples, 679389 words/s, in_qsize 32, out_qsize 1
2026-03-26 11:51:33,896 - INFO - EPOCH 7 - PROGRESS: at 61.49% examples, 679449 words/s, in_qsize 31, out_qsize 0
2026-03-26 11:51:34,906 - INFO - EPOCH 7 - PROGRESS: at 61.65% examples, 679465 words/s, in_qsize 29, out_qsize 0
2026-03-26 11:51:35,926 - INFO - EPOCH 7 - PROGRESS: at 61.75% examples, 679418 words/s, in_qsize 29, out_qsize 3
2026-03-26 11:51:36,937 - INFO - EPOCH 7 - PROGRESS: at 61.88% examples, 679460 words/s, in_qsize 31, out_qsize 1
2026-03-26 11:51:37,962 - INFO - EPOCH 7 - PROGRESS: at 62.04% examples, 679425 words/s, in_qsize 32, out_qsize 4
2026-03-26 11:51:38,975 - INFO - EPOCH 7 - PROGRESS: at 62.15% examples, 679507 words/s, in_qsize 31, out_qsize 0
2026-03-26 11:51:39,985 - INFO - EPOCH 7 - PROGRESS: at 62.23% examples, 679460 words/s, in_qsize 31, out_qsize 0
2026-03-26 11:51:40,999 - INFO - EPOCH 7 - PROGRESS: at 62.39% examples, 679460 words/s, in_qsize 32, out_qsize 2
2026-03-26 11:51:42,005 - INFO - EPOCH 7 - PROGRESS: at 62.52% examples, 679501 words/s, in_qsize 31, out_qsize 0
2026-03-26 11:51:43,007 - INFO - EPOCH 7 - PROGRESS: at 62.66% examples, 679510 words/s, in_qsize 30, out_qsize 1
2026-03-26 11:51:44,017 - INFO - EPOCH 7 - PROGRESS: at 62.79% examples, 679541 words/s, in_qsize 31, out_qsize 0
2026-03-26 11:51:45,026 - INFO - EPOCH 7 - PROGRESS: at 62.93% examples, 679536 words/s, in_qsize 31, out_qsize 0
2026-03-26 11:51:46,051 - INFO - EPOCH 7 - PROGRESS: at 63.09% examples, 679538 words/s, in_qsize 30, out_qsize 1
2026-03-26 11:51:47,069 - INFO - EPOCH 7 - PROGRESS: at 63.22% examples, 679562 words/s, in_qsize 30, out_qsize 1
2026-03-26 11:51:48,069 - INFO - EPOCH 7 - PROGRESS: at 63.33% examples, 679595 words/s, in_qsize 30, out_qsize 1
2026-03-26 11:51:49,126 - INFO - EPOCH 7 - PROGRESS: at 63.43% examples, 679516 words/s, in_qsize 32, out_qsize 1
2026-03-26 11:51:50,130 - INFO - EPOCH 7 - PROGRESS: at 63.58% examples, 679551 words/s, in_qsize 31, out_qsize 0
2026-03-26 11:51:51,137 - INFO - EPOCH 7 - PROGRESS: at 63.74% examples, 679541 words/s, in_qsize 32, out_qsize 0
2026-03-26 11:51:52,160 - INFO - EPOCH 7 - PROGRESS: at 63.93% examples, 679577 words/s, in_qsize 31, out_qsize 3
2026-03-26 11:51:53,175 - INFO - EPOCH 7 - PROGRESS: at 64.12% examples, 679641 words/s, in_qsize 32, out_qsize 0
2026-03-26 11:51:54,181 - INFO - EPOCH 7 - PROGRESS: at 64.23% examples, 679621 words/s, in_qsize 32, out_qsize 3
2026-03-26 11:51:55,223 - INFO - EPOCH 7 - PROGRESS: at 64.34% examples, 679390 words/s, in_qsize 29, out_qsize 2
2026-03-26 11:51:56,244 - INFO - EPOCH 7 - PROGRESS: at 64.46% examples, 679347 words/s, in_qsize 32, out_qsize 0
2026-03-26 11:51:57,325 - INFO - EPOCH 7 - PROGRESS: at 64.58% examples, 679256 words/s, in_qsize 30, out_qsize 3
2026-03-26 11:51:58,332 - INFO - EPOCH 7 - PROGRESS: at 64.73% examples, 679286 words/s, in_qsize 32, out_qsize 2
2026-03-26 11:51:59,384 - INFO - EPOCH 7 - PROGRESS: at 64.89% examples, 679284 words/s, in_qsize 32, out_qsize 1
2026-03-26 11:52:00,418 - INFO - EPOCH 7 - PROGRESS: at 65.05% examples, 679289 words/s, in_qsize 31, out_qsize 1
2026-03-26 11:52:01,432 - INFO - EPOCH 7 - PROGRESS: at 65.21% examples, 679306 words/s, in_qsize 32, out_qsize 0
2026-03-26 11:52:02,463 - INFO - EPOCH 7 - PROGRESS: at 65.36% examples, 679281 words/s, in_qsize 28, out_qsize 5
2026-03-26 11:52:03,473 - INFO - EPOCH 7 - PROGRESS: at 65.52% examples, 679304 words/s, in_qsize 31, out_qsize 2
2026-03-26 11:52:04,499 - INFO - EPOCH 7 - PROGRESS: at 65.70% examples, 679340 words/s, in_qsize 28, out_qsize 2
2026-03-26 11:52:05,508 - INFO - EPOCH 7 - PROGRESS: at 65.83% examples, 679367 words/s, in_qsize 32, out_qsize 0
2026-03-26 11:52:06,538 - INFO - EPOCH 7 - PROGRESS: at 65.98% examples, 679362 words/s, in_qsize 32, out_qsize 2
2026-03-26 11:52:07,578 - INFO - EPOCH 7 - PROGRESS: at 66.12% examples, 679365 words/s, in_qsize 31, out_qsize 0
2026-03-26 11:52:08,578 - INFO - EPOCH 7 - PROGRESS: at 66.25% examples, 679400 words/s, in_qsize 31, out_qsize 2
2026-03-26 11:52:09,595 - INFO - EPOCH 7 - PROGRESS: at 66.40% examples, 679426 words/s, in_qsize 30, out_qsize 1
2026-03-26 11:52:10,620 - INFO - EPOCH 7 - PROGRESS: at 66.49% examples, 679417 words/s, in_qsize 32, out_qsize 0
2026-03-26 11:52:11,649 - INFO - EPOCH 7 - PROGRESS: at 66.59% examples, 679361 words/s, in_qsize 27, out_qsize 4
2026-03-26 11:52:12,672 - INFO - EPOCH 7 - PROGRESS: at 66.66% examples, 679318 words/s, in_qsize 32, out_qsize 3
2026-03-26 11:52:13,685 - INFO - EPOCH 7 - PROGRESS: at 66.75% examples, 679320 words/s, in_qsize 31, out_qsize 0
2026-03-26 11:52:14,702 - INFO - EPOCH 7 - PROGRESS: at 66.84% examples, 679231 words/s, in_qsize 32, out_qsize 5
2026-03-26 11:52:15,735 - INFO - EPOCH 7 - PROGRESS: at 66.91% examples, 679254 words/s, in_qsize 31, out_qsize 2
2026-03-26 11:52:16,746 - INFO - EPOCH 7 - PROGRESS: at 66.99% examples, 679192 words/s, in_qsize 32, out_qsize 3
2026-03-26 11:52:17,780 - INFO - EPOCH 7 - PROGRESS: at 67.13% examples, 679207 words/s, in_qsize 30, out_qsize 3
2026-03-26 11:52:18,794 - INFO - EPOCH 7 - PROGRESS: at 67.29% examples, 679261 words/s, in_qsize 31, out_qsize 0
2026-03-26 11:52:19,797 - INFO - EPOCH 7 - PROGRESS: at 67.41% examples, 679269 words/s, in_qsize 31, out_qsize 1
2026-03-26 11:52:20,818 - INFO - EPOCH 7 - PROGRESS: at 67.54% examples, 679259 words/s, in_qsize 31, out_qsize 0
2026-03-26 11:52:21,839 - INFO - EPOCH 7 - PROGRESS: at 67.66% examples, 679229 words/s, in_qsize 31, out_qsize 1
2026-03-26 11:52:22,855 - INFO - EPOCH 7 - PROGRESS: at 67.79% examples, 679271 words/s, in_qsize 31, out_qsize 0
2026-03-26 11:52:23,893 - INFO - EPOCH 7 - PROGRESS: at 67.90% examples, 679204 words/s, in_qsize 31, out_qsize 1
2026-03-26 11:52:24,933 - INFO - EPOCH 7 - PROGRESS: at 68.02% examples, 679213 words/s, in_qsize 31, out_qsize 0
2026-03-26 11:52:25,939 - INFO - EPOCH 7 - PROGRESS: at 68.13% examples, 679189 words/s, in_qsize 31, out_qsize 0
2026-03-26 11:52:26,950 - INFO - EPOCH 7 - PROGRESS: at 68.22% examples, 679191 words/s, in_qsize 31, out_qsize 0
2026-03-26 11:52:27,973 - INFO - EPOCH 7 - PROGRESS: at 68.37% examples, 679231 words/s, in_qsize 31, out_qsize 0
2026-03-26 11:52:28,981 - INFO - EPOCH 7 - PROGRESS: at 68.49% examples, 679084 words/s, in_qsize 29, out_qsize 2
2026-03-26 11:52:30,029 - INFO - EPOCH 7 - PROGRESS: at 68.62% examples, 679003 words/s, in_qsize 31, out_qsize 0
2026-03-26 11:52:31,054 - INFO - EPOCH 7 - PROGRESS: at 68.75% examples, 678969 words/s, in_qsize 31, out_qsize 0
2026-03-26 11:52:32,058 - INFO - EPOCH 7 - PROGRESS: at 68.88% examples, 678936 words/s, in_qsize 31, out_qsize 0
2026-03-26 11:52:33,066 - INFO - EPOCH 7 - PROGRESS: at 69.00% examples, 678927 words/s, in_qsize 31, out_qsize 0
2026-03-26 11:52:34,080 - INFO - EPOCH 7 - PROGRESS: at 69.14% examples, 678941 words/s, in_qsize 32, out_qsize 0
2026-03-26 11:52:35,098 - INFO - EPOCH 7 - PROGRESS: at 69.38% examples, 679021 words/s, in_qsize 28, out_qsize 0
2026-03-26 11:52:36,100 - INFO - EPOCH 7 - PROGRESS: at 69.63% examples, 679110 words/s, in_qsize 31, out_qsize 1
2026-03-26 11:52:37,128 - INFO - EPOCH 7 - PROGRESS: at 69.85% examples, 679147 words/s, in_qsize 32, out_qsize 2
2026-03-26 11:52:38,154 - INFO - EPOCH 7 - PROGRESS: at 69.98% examples, 679158 words/s, in_qsize 32, out_qsize 0
2026-03-26 11:52:39,169 - INFO - EPOCH 7 - PROGRESS: at 70.11% examples, 679155 words/s, in_qsize 32, out_qsize 0
2026-03-26 11:52:40,190 - INFO - EPOCH 7 - PROGRESS: at 70.24% examples, 679159 words/s, in_qsize 32, out_qsize 0
2026-03-26 11:52:41,234 - INFO - EPOCH 7 - PROGRESS: at 70.37% examples, 679084 words/s, in_qsize 28, out_qsize 4
2026-03-26 11:52:42,251 - INFO - EPOCH 7 - PROGRESS: at 70.50% examples, 679163 words/s, in_qsize 32, out_qsize 0
2026-03-26 11:52:43,270 - INFO - EPOCH 7 - PROGRESS: at 70.63% examples, 679107 words/s, in_qsize 30, out_qsize 1
2026-03-26 11:52:44,271 - INFO - EPOCH 7 - PROGRESS: at 70.76% examples, 679156 words/s, in_qsize 30, out_qsize 0
2026-03-26 11:52:45,283 - INFO - EPOCH 7 - PROGRESS: at 70.88% examples, 679122 words/s, in_qsize 31, out_qsize 0
2026-03-26 11:52:46,284 - INFO - EPOCH 7 - PROGRESS: at 71.00% examples, 679152 words/s, in_qsize 31, out_qsize 0
2026-03-26 11:52:47,287 - INFO - EPOCH 7 - PROGRESS: at 71.12% examples, 679145 words/s, in_qsize 31, out_qsize 1
2026-03-26 11:52:48,292 - INFO - EPOCH 7 - PROGRESS: at 71.24% examples, 679099 words/s, in_qsize 32, out_qsize 3
2026-03-26 11:52:49,298 - INFO - EPOCH 7 - PROGRESS: at 71.43% examples, 679206 words/s, in_qsize 31, out_qsize 0
2026-03-26 11:52:50,300 - INFO - EPOCH 7 - PROGRESS: at 71.59% examples, 679148 words/s, in_qsize 30, out_qsize 1
2026-03-26 11:52:51,330 - INFO - EPOCH 7 - PROGRESS: at 71.77% examples, 679129 words/s, in_qsize 30, out_qsize 3
2026-03-26 11:52:52,339 - INFO - EPOCH 7 - PROGRESS: at 71.92% examples, 679172 words/s, in_qsize 30, out_qsize 1
2026-03-26 11:52:53,343 - INFO - EPOCH 7 - PROGRESS: at 72.04% examples, 679176 words/s, in_qsize 31, out_qsize 0
2026-03-26 11:52:54,379 - INFO - EPOCH 7 - PROGRESS: at 72.17% examples, 679146 words/s, in_qsize 32, out_qsize 1
2026-03-26 11:52:55,418 - INFO - EPOCH 7 - PROGRESS: at 72.35% examples, 679159 words/s, in_qsize 31, out_qsize 0
2026-03-26 11:52:56,428 - INFO - EPOCH 7 - PROGRESS: at 72.52% examples, 679149 words/s, in_qsize 32, out_qsize 1
2026-03-26 11:52:57,479 - INFO - EPOCH 7 - PROGRESS: at 72.70% examples, 679102 words/s, in_qsize 31, out_qsize 1
2026-03-26 11:52:58,490 - INFO - EPOCH 7 - PROGRESS: at 72.87% examples, 679077 words/s, in_qsize 31, out_qsize 0
2026-03-26 11:52:59,510 - INFO - EPOCH 7 - PROGRESS: at 73.02% examples, 679007 words/s, in_qsize 29, out_qsize 3
2026-03-26 11:53:00,535 - INFO - EPOCH 7 - PROGRESS: at 73.12% examples, 679005 words/s, in_qsize 29, out_qsize 2
2026-03-26 11:53:01,555 - INFO - EPOCH 7 - PROGRESS: at 73.23% examples, 678992 words/s, in_qsize 31, out_qsize 0
2026-03-26 11:53:02,561 - INFO - EPOCH 7 - PROGRESS: at 73.34% examples, 679004 words/s, in_qsize 32, out_qsize 1
2026-03-26 11:53:03,573 - INFO - EPOCH 7 - PROGRESS: at 73.44% examples, 678988 words/s, in_qsize 32, out_qsize 0
2026-03-26 11:53:04,580 - INFO - EPOCH 7 - PROGRESS: at 73.53% examples, 678922 words/s, in_qsize 31, out_qsize 2
2026-03-26 11:53:05,588 - INFO - EPOCH 7 - PROGRESS: at 73.62% examples, 678937 words/s, in_qsize 31, out_qsize 0
2026-03-26 11:53:06,600 - INFO - EPOCH 7 - PROGRESS: at 73.75% examples, 678959 words/s, in_qsize 32, out_qsize 1
2026-03-26 11:53:07,618 - INFO - EPOCH 7 - PROGRESS: at 73.91% examples, 678960 words/s, in_qsize 30, out_qsize 1
2026-03-26 11:53:08,632 - INFO - EPOCH 7 - PROGRESS: at 74.10% examples, 679019 words/s, in_qsize 31, out_qsize 0
2026-03-26 11:53:09,652 - INFO - EPOCH 7 - PROGRESS: at 74.27% examples, 679035 words/s, in_qsize 31, out_qsize 0
2026-03-26 11:53:10,661 - INFO - EPOCH 7 - PROGRESS: at 74.43% examples, 679039 words/s, in_qsize 32, out_qsize 3
2026-03-26 11:53:11,683 - INFO - EPOCH 7 - PROGRESS: at 74.58% examples, 679074 words/s, in_qsize 31, out_qsize 0
2026-03-26 11:53:12,689 - INFO - EPOCH 7 - PROGRESS: at 74.71% examples, 679057 words/s, in_qsize 32, out_qsize 1
2026-03-26 11:53:13,699 - INFO - EPOCH 7 - PROGRESS: at 74.84% examples, 679038 words/s, in_qsize 32, out_qsize 3
2026-03-26 11:53:14,702 - INFO - EPOCH 7 - PROGRESS: at 74.98% examples, 679086 words/s, in_qsize 31, out_qsize 0
2026-03-26 11:53:15,733 - INFO - EPOCH 7 - PROGRESS: at 75.16% examples, 679113 words/s, in_qsize 32, out_qsize 1
2026-03-26 11:53:16,749 - INFO - EPOCH 7 - PROGRESS: at 75.34% examples, 679160 words/s, in_qsize 32, out_qsize 1
2026-03-26 11:53:17,755 - INFO - EPOCH 7 - PROGRESS: at 75.50% examples, 679198 words/s, in_qsize 30, out_qsize 0
2026-03-26 11:53:18,763 - INFO - EPOCH 7 - PROGRESS: at 75.66% examples, 679205 words/s, in_qsize 32, out_qsize 0
2026-03-26 11:53:19,767 - INFO - EPOCH 7 - PROGRESS: at 75.81% examples, 679186 words/s, in_qsize 32, out_qsize 0
2026-03-26 11:53:20,767 - INFO - EPOCH 7 - PROGRESS: at 75.96% examples, 679188 words/s, in_qsize 32, out_qsize 0
2026-03-26 11:53:21,778 - INFO - EPOCH 7 - PROGRESS: at 76.11% examples, 679189 words/s, in_qsize 29, out_qsize 2
2026-03-26 11:53:22,788 - INFO - EPOCH 7 - PROGRESS: at 76.27% examples, 679193 words/s, in_qsize 30, out_qsize 1
2026-03-26 11:53:23,801 - INFO - EPOCH 7 - PROGRESS: at 76.42% examples, 679195 words/s, in_qsize 31, out_qsize 1
2026-03-26 11:53:24,802 - INFO - EPOCH 7 - PROGRESS: at 76.60% examples, 679277 words/s, in_qsize 32, out_qsize 0
2026-03-26 11:53:25,831 - INFO - EPOCH 7 - PROGRESS: at 76.74% examples, 679216 words/s, in_qsize 26, out_qsize 5
2026-03-26 11:53:26,839 - INFO - EPOCH 7 - PROGRESS: at 76.88% examples, 679198 words/s, in_qsize 31, out_qsize 0
2026-03-26 11:53:27,860 - INFO - EPOCH 7 - PROGRESS: at 77.04% examples, 679174 words/s, in_qsize 32, out_qsize 2
2026-03-26 11:53:28,878 - INFO - EPOCH 7 - PROGRESS: at 77.19% examples, 679207 words/s, in_qsize 32, out_qsize 0
2026-03-26 11:53:29,895 - INFO - EPOCH 7 - PROGRESS: at 77.35% examples, 679217 words/s, in_qsize 32, out_qsize 1
2026-03-26 11:53:30,900 - INFO - EPOCH 7 - PROGRESS: at 77.51% examples, 679228 words/s, in_qsize 29, out_qsize 1
2026-03-26 11:53:31,914 - INFO - EPOCH 7 - PROGRESS: at 77.66% examples, 679213 words/s, in_qsize 30, out_qsize 2
2026-03-26 11:53:32,931 - INFO - EPOCH 7 - PROGRESS: at 77.82% examples, 679252 words/s, in_qsize 32, out_qsize 0
2026-03-26 11:53:33,942 - INFO - EPOCH 7 - PROGRESS: at 77.98% examples, 679282 words/s, in_qsize 31, out_qsize 0
2026-03-26 11:53:34,960 - INFO - EPOCH 7 - PROGRESS: at 78.12% examples, 679265 words/s, in_qsize 30, out_qsize 1
2026-03-26 11:53:35,999 - INFO - EPOCH 7 - PROGRESS: at 78.27% examples, 679289 words/s, in_qsize 32, out_qsize 3
2026-03-26 11:53:36,999 - INFO - EPOCH 7 - PROGRESS: at 78.41% examples, 679390 words/s, in_qsize 29, out_qsize 1
2026-03-26 11:53:38,002 - INFO - EPOCH 7 - PROGRESS: at 78.56% examples, 679475 words/s, in_qsize 30, out_qsize 1
2026-03-26 11:53:39,009 - INFO - EPOCH 7 - PROGRESS: at 78.70% examples, 679553 words/s, in_qsize 31, out_qsize 0
2026-03-26 11:53:40,023 - INFO - EPOCH 7 - PROGRESS: at 78.84% examples, 679594 words/s, in_qsize 29, out_qsize 2
2026-03-26 11:53:41,024 - INFO - EPOCH 7 - PROGRESS: at 78.99% examples, 679722 words/s, in_qsize 31, out_qsize 0
2026-03-26 11:53:42,033 - INFO - EPOCH 7 - PROGRESS: at 79.14% examples, 679812 words/s, in_qsize 31, out_qsize 0
2026-03-26 11:53:43,034 - INFO - EPOCH 7 - PROGRESS: at 79.29% examples, 679896 words/s, in_qsize 31, out_qsize 1
2026-03-26 11:53:44,054 - INFO - EPOCH 7 - PROGRESS: at 79.43% examples, 679959 words/s, in_qsize 32, out_qsize 3
2026-03-26 11:53:45,085 - INFO - EPOCH 7 - PROGRESS: at 79.59% examples, 680094 words/s, in_qsize 32, out_qsize 1
2026-03-26 11:53:46,096 - INFO - EPOCH 7 - PROGRESS: at 79.73% examples, 680166 words/s, in_qsize 32, out_qsize 0
2026-03-26 11:53:47,101 - INFO - EPOCH 7 - PROGRESS: at 79.88% examples, 680245 words/s, in_qsize 31, out_qsize 0
2026-03-26 11:53:48,114 - INFO - EPOCH 7 - PROGRESS: at 80.02% examples, 680298 words/s, in_qsize 30, out_qsize 3
2026-03-26 11:53:49,118 - INFO - EPOCH 7 - PROGRESS: at 80.17% examples, 680438 words/s, in_qsize 30, out_qsize 1
2026-03-26 11:53:50,122 - INFO - EPOCH 7 - PROGRESS: at 80.31% examples, 680486 words/s, in_qsize 32, out_qsize 1
2026-03-26 11:53:51,141 - INFO - EPOCH 7 - PROGRESS: at 80.44% examples, 680486 words/s, in_qsize 31, out_qsize 0
2026-03-26 11:53:52,153 - INFO - EPOCH 7 - PROGRESS: at 80.55% examples, 680473 words/s, in_qsize 31, out_qsize 1
2026-03-26 11:53:53,165 - INFO - EPOCH 7 - PROGRESS: at 80.65% examples, 680448 words/s, in_qsize 30, out_qsize 1
2026-03-26 11:53:54,176 - INFO - EPOCH 7 - PROGRESS: at 80.77% examples, 680482 words/s, in_qsize 31, out_qsize 0
2026-03-26 11:53:55,182 - INFO - EPOCH 7 - PROGRESS: at 80.90% examples, 680455 words/s, in_qsize 32, out_qsize 0
2026-03-26 11:53:56,198 - INFO - EPOCH 7 - PROGRESS: at 81.03% examples, 680433 words/s, in_qsize 30, out_qsize 1
2026-03-26 11:53:57,200 - INFO - EPOCH 7 - PROGRESS: at 81.17% examples, 680482 words/s, in_qsize 32, out_qsize 0
2026-03-26 11:53:58,237 - INFO - EPOCH 7 - PROGRESS: at 81.29% examples, 680392 words/s, in_qsize 32, out_qsize 4
2026-03-26 11:53:59,301 - INFO - EPOCH 7 - PROGRESS: at 81.43% examples, 680338 words/s, in_qsize 32, out_qsize 7
2026-03-26 11:54:00,310 - INFO - EPOCH 7 - PROGRESS: at 81.57% examples, 680431 words/s, in_qsize 32, out_qsize 0
2026-03-26 11:54:01,312 - INFO - EPOCH 7 - PROGRESS: at 81.69% examples, 680412 words/s, in_qsize 32, out_qsize 1
2026-03-26 11:54:02,327 - INFO - EPOCH 7 - PROGRESS: at 81.81% examples, 680330 words/s, in_qsize 32, out_qsize 0
2026-03-26 11:54:03,343 - INFO - EPOCH 7 - PROGRESS: at 81.93% examples, 680126 words/s, in_qsize 32, out_qsize 0
2026-03-26 11:54:04,356 - INFO - EPOCH 7 - PROGRESS: at 82.07% examples, 680101 words/s, in_qsize 30, out_qsize 1
2026-03-26 11:54:05,366 - INFO - EPOCH 7 - PROGRESS: at 82.21% examples, 680080 words/s, in_qsize 32, out_qsize 1
2026-03-26 11:54:06,405 - INFO - EPOCH 7 - PROGRESS: at 82.35% examples, 679983 words/s, in_qsize 32, out_qsize 7
2026-03-26 11:54:07,408 - INFO - EPOCH 7 - PROGRESS: at 82.50% examples, 680073 words/s, in_qsize 31, out_qsize 0
2026-03-26 11:54:08,408 - INFO - EPOCH 7 - PROGRESS: at 82.64% examples, 680076 words/s, in_qsize 29, out_qsize 0
2026-03-26 11:54:09,425 - INFO - EPOCH 7 - PROGRESS: at 82.78% examples, 680064 words/s, in_qsize 32, out_qsize 0
2026-03-26 11:54:10,430 - INFO - EPOCH 7 - PROGRESS: at 82.88% examples, 680047 words/s, in_qsize 32, out_qsize 3
2026-03-26 11:54:11,453 - INFO - EPOCH 7 - PROGRESS: at 83.00% examples, 680108 words/s, in_qsize 31, out_qsize 0
2026-03-26 11:54:12,501 - INFO - EPOCH 7 - PROGRESS: at 83.12% examples, 680096 words/s, in_qsize 31, out_qsize 0
2026-03-26 11:54:13,505 - INFO - EPOCH 7 - PROGRESS: at 83.23% examples, 680109 words/s, in_qsize 32, out_qsize 1
2026-03-26 11:54:14,507 - INFO - EPOCH 7 - PROGRESS: at 83.33% examples, 680059 words/s, in_qsize 32, out_qsize 4
2026-03-26 11:54:15,511 - INFO - EPOCH 7 - PROGRESS: at 83.46% examples, 680078 words/s, in_qsize 31, out_qsize 4
2026-03-26 11:54:16,515 - INFO - EPOCH 7 - PROGRESS: at 83.58% examples, 680055 words/s, in_qsize 32, out_qsize 3
2026-03-26 11:54:17,591 - INFO - EPOCH 7 - PROGRESS: at 83.74% examples, 680050 words/s, in_qsize 29, out_qsize 6
2026-03-26 11:54:18,603 - INFO - EPOCH 7 - PROGRESS: at 83.89% examples, 680083 words/s, in_qsize 31, out_qsize 0
2026-03-26 11:54:19,619 - INFO - EPOCH 7 - PROGRESS: at 84.03% examples, 679941 words/s, in_qsize 32, out_qsize 0
2026-03-26 11:54:20,626 - INFO - EPOCH 7 - PROGRESS: at 84.18% examples, 679930 words/s, in_qsize 32, out_qsize 0
2026-03-26 11:54:21,636 - INFO - EPOCH 7 - PROGRESS: at 84.29% examples, 679930 words/s, in_qsize 31, out_qsize 0
2026-03-26 11:54:22,640 - INFO - EPOCH 7 - PROGRESS: at 84.40% examples, 679941 words/s, in_qsize 29, out_qsize 0
2026-03-26 11:54:23,641 - INFO - EPOCH 7 - PROGRESS: at 84.49% examples, 679930 words/s, in_qsize 32, out_qsize 0
2026-03-26 11:54:24,651 - INFO - EPOCH 7 - PROGRESS: at 84.61% examples, 679933 words/s, in_qsize 29, out_qsize 1
2026-03-26 11:54:25,656 - INFO - EPOCH 7 - PROGRESS: at 84.67% examples, 679906 words/s, in_qsize 31, out_qsize 0
2026-03-26 11:54:26,658 - INFO - EPOCH 7 - PROGRESS: at 84.76% examples, 679862 words/s, in_qsize 30, out_qsize 1
2026-03-26 11:54:27,694 - INFO - EPOCH 7 - PROGRESS: at 84.93% examples, 679869 words/s, in_qsize 32, out_qsize 2
2026-03-26 11:54:28,713 - INFO - EPOCH 7 - PROGRESS: at 85.08% examples, 679888 words/s, in_qsize 31, out_qsize 0
2026-03-26 11:54:29,717 - INFO - EPOCH 7 - PROGRESS: at 85.23% examples, 679926 words/s, in_qsize 32, out_qsize 0
2026-03-26 11:54:30,723 - INFO - EPOCH 7 - PROGRESS: at 85.37% examples, 679907 words/s, in_qsize 32, out_qsize 0
2026-03-26 11:54:31,760 - INFO - EPOCH 7 - PROGRESS: at 85.52% examples, 679905 words/s, in_qsize 31, out_qsize 0
2026-03-26 11:54:32,764 - INFO - EPOCH 7 - PROGRESS: at 85.67% examples, 679902 words/s, in_qsize 32, out_qsize 0
2026-03-26 11:54:33,803 - INFO - EPOCH 7 - PROGRESS: at 85.80% examples, 679701 words/s, in_qsize 32, out_qsize 2
2026-03-26 11:54:34,845 - INFO - EPOCH 7 - PROGRESS: at 85.92% examples, 679525 words/s, in_qsize 26, out_qsize 5
2026-03-26 11:54:35,887 - INFO - EPOCH 7 - PROGRESS: at 86.07% examples, 679505 words/s, in_qsize 32, out_qsize 0
2026-03-26 11:54:36,888 - INFO - EPOCH 7 - PROGRESS: at 86.21% examples, 679413 words/s, in_qsize 30, out_qsize 1
2026-03-26 11:54:37,921 - INFO - EPOCH 7 - PROGRESS: at 86.35% examples, 679364 words/s, in_qsize 31, out_qsize 0
2026-03-26 11:54:38,925 - INFO - EPOCH 7 - PROGRESS: at 86.48% examples, 679409 words/s, in_qsize 30, out_qsize 1
2026-03-26 11:54:39,949 - INFO - EPOCH 7 - PROGRESS: at 86.60% examples, 679355 words/s, in_qsize 30, out_qsize 2
2026-03-26 11:54:40,960 - INFO - EPOCH 7 - PROGRESS: at 86.73% examples, 679356 words/s, in_qsize 31, out_qsize 1
2026-03-26 11:54:41,974 - INFO - EPOCH 7 - PROGRESS: at 86.91% examples, 679380 words/s, in_qsize 31, out_qsize 0
2026-03-26 11:54:42,985 - INFO - EPOCH 7 - PROGRESS: at 87.09% examples, 679419 words/s, in_qsize 32, out_qsize 0
2026-03-26 11:54:44,008 - INFO - EPOCH 7 - PROGRESS: at 87.24% examples, 679427 words/s, in_qsize 32, out_qsize 2
2026-03-26 11:54:45,022 - INFO - EPOCH 7 - PROGRESS: at 87.40% examples, 679500 words/s, in_qsize 31, out_qsize 0
2026-03-26 11:54:46,036 - INFO - EPOCH 7 - PROGRESS: at 87.53% examples, 679443 words/s, in_qsize 32, out_qsize 3
2026-03-26 11:54:47,038 - INFO - EPOCH 7 - PROGRESS: at 87.67% examples, 679490 words/s, in_qsize 32, out_qsize 1
2026-03-26 11:54:48,051 - INFO - EPOCH 7 - PROGRESS: at 87.79% examples, 679472 words/s, in_qsize 31, out_qsize 3
2026-03-26 11:54:49,067 - INFO - EPOCH 7 - PROGRESS: at 87.93% examples, 679516 words/s, in_qsize 32, out_qsize 0
2026-03-26 11:54:50,092 - INFO - EPOCH 7 - PROGRESS: at 88.03% examples, 679469 words/s, in_qsize 30, out_qsize 1
2026-03-26 11:54:51,093 - INFO - EPOCH 7 - PROGRESS: at 88.14% examples, 679477 words/s, in_qsize 31, out_qsize 0
2026-03-26 11:54:52,100 - INFO - EPOCH 7 - PROGRESS: at 88.28% examples, 679508 words/s, in_qsize 31, out_qsize 0
2026-03-26 11:54:53,106 - INFO - EPOCH 7 - PROGRESS: at 88.42% examples, 679503 words/s, in_qsize 31, out_qsize 0
2026-03-26 11:54:54,134 - INFO - EPOCH 7 - PROGRESS: at 88.61% examples, 679530 words/s, in_qsize 31, out_qsize 0
2026-03-26 11:54:55,140 - INFO - EPOCH 7 - PROGRESS: at 88.74% examples, 679515 words/s, in_qsize 30, out_qsize 1
2026-03-26 11:54:56,148 - INFO - EPOCH 7 - PROGRESS: at 88.85% examples, 679542 words/s, in_qsize 31, out_qsize 0
2026-03-26 11:54:57,154 - INFO - EPOCH 7 - PROGRESS: at 88.95% examples, 679523 words/s, in_qsize 27, out_qsize 0
2026-03-26 11:54:58,165 - INFO - EPOCH 7 - PROGRESS: at 89.10% examples, 679521 words/s, in_qsize 31, out_qsize 0
2026-03-26 11:54:59,177 - INFO - EPOCH 7 - PROGRESS: at 89.25% examples, 679492 words/s, in_qsize 32, out_qsize 2
2026-03-26 11:55:00,212 - INFO - EPOCH 7 - PROGRESS: at 89.42% examples, 679526 words/s, in_qsize 31, out_qsize 2
2026-03-26 11:55:01,325 - INFO - EPOCH 7 - PROGRESS: at 89.59% examples, 679451 words/s, in_qsize 30, out_qsize 5
2026-03-26 11:55:02,350 - INFO - EPOCH 7 - PROGRESS: at 89.75% examples, 679440 words/s, in_qsize 31, out_qsize 1
2026-03-26 11:55:03,368 - INFO - EPOCH 7 - PROGRESS: at 89.90% examples, 679283 words/s, in_qsize 31, out_qsize 1
2026-03-26 11:55:04,371 - INFO - EPOCH 7 - PROGRESS: at 90.07% examples, 679266 words/s, in_qsize 31, out_qsize 0
2026-03-26 11:55:05,388 - INFO - EPOCH 7 - PROGRESS: at 90.23% examples, 679258 words/s, in_qsize 32, out_qsize 1
2026-03-26 11:55:06,420 - INFO - EPOCH 7 - PROGRESS: at 90.41% examples, 679233 words/s, in_qsize 32, out_qsize 1
2026-03-26 11:55:07,422 - INFO - EPOCH 7 - PROGRESS: at 90.57% examples, 679229 words/s, in_qsize 32, out_qsize 2
2026-03-26 11:55:08,429 - INFO - EPOCH 7 - PROGRESS: at 90.74% examples, 679246 words/s, in_qsize 30, out_qsize 1
2026-03-26 11:55:09,464 - INFO - EPOCH 7 - PROGRESS: at 90.92% examples, 679242 words/s, in_qsize 30, out_qsize 2
2026-03-26 11:55:10,501 - INFO - EPOCH 7 - PROGRESS: at 91.09% examples, 679249 words/s, in_qsize 29, out_qsize 5
2026-03-26 11:55:11,509 - INFO - EPOCH 7 - PROGRESS: at 91.27% examples, 679300 words/s, in_qsize 29, out_qsize 1
2026-03-26 11:55:12,528 - INFO - EPOCH 7 - PROGRESS: at 91.40% examples, 679325 words/s, in_qsize 31, out_qsize 0
2026-03-26 11:55:13,543 - INFO - EPOCH 7 - PROGRESS: at 91.50% examples, 679263 words/s, in_qsize 30, out_qsize 2
2026-03-26 11:55:14,552 - INFO - EPOCH 7 - PROGRESS: at 91.63% examples, 679267 words/s, in_qsize 32, out_qsize 2
2026-03-26 11:55:15,558 - INFO - EPOCH 7 - PROGRESS: at 91.79% examples, 679326 words/s, in_qsize 31, out_qsize 0
2026-03-26 11:55:16,584 - INFO - EPOCH 7 - PROGRESS: at 91.97% examples, 679301 words/s, in_qsize 32, out_qsize 3
2026-03-26 11:55:17,608 - INFO - EPOCH 7 - PROGRESS: at 92.18% examples, 679398 words/s, in_qsize 32, out_qsize 0
2026-03-26 11:55:18,622 - INFO - EPOCH 7 - PROGRESS: at 92.38% examples, 679433 words/s, in_qsize 31, out_qsize 0
2026-03-26 11:55:19,635 - INFO - EPOCH 7 - PROGRESS: at 92.57% examples, 679470 words/s, in_qsize 32, out_qsize 0
2026-03-26 11:55:20,639 - INFO - EPOCH 7 - PROGRESS: at 92.77% examples, 679529 words/s, in_qsize 32, out_qsize 2
2026-03-26 11:55:21,648 - INFO - EPOCH 7 - PROGRESS: at 92.96% examples, 679546 words/s, in_qsize 31, out_qsize 0
2026-03-26 11:55:22,660 - INFO - EPOCH 7 - PROGRESS: at 93.15% examples, 679584 words/s, in_qsize 30, out_qsize 1
2026-03-26 11:55:23,680 - INFO - EPOCH 7 - PROGRESS: at 93.34% examples, 679600 words/s, in_qsize 32, out_qsize 0
2026-03-26 11:55:24,688 - INFO - EPOCH 7 - PROGRESS: at 93.54% examples, 679641 words/s, in_qsize 31, out_qsize 0
2026-03-26 11:55:25,688 - INFO - EPOCH 7 - PROGRESS: at 93.73% examples, 679690 words/s, in_qsize 30, out_qsize 0
2026-03-26 11:55:26,698 - INFO - EPOCH 7 - PROGRESS: at 93.93% examples, 679753 words/s, in_qsize 31, out_qsize 0
2026-03-26 11:55:27,699 - INFO - EPOCH 7 - PROGRESS: at 94.12% examples, 679777 words/s, in_qsize 31, out_qsize 0
2026-03-26 11:55:28,713 - INFO - EPOCH 7 - PROGRESS: at 94.33% examples, 679869 words/s, in_qsize 32, out_qsize 0
2026-03-26 11:55:29,722 - INFO - EPOCH 7 - PROGRESS: at 94.44% examples, 679817 words/s, in_qsize 32, out_qsize 0
2026-03-26 11:55:30,727 - INFO - EPOCH 7 - PROGRESS: at 94.54% examples, 679820 words/s, in_qsize 31, out_qsize 1
2026-03-26 11:55:31,736 - INFO - EPOCH 7 - PROGRESS: at 94.65% examples, 679799 words/s, in_qsize 32, out_qsize 0
2026-03-26 11:55:32,745 - INFO - EPOCH 7 - PROGRESS: at 94.78% examples, 679827 words/s, in_qsize 32, out_qsize 0
2026-03-26 11:55:33,752 - INFO - EPOCH 7 - PROGRESS: at 94.89% examples, 679815 words/s, in_qsize 32, out_qsize 0
2026-03-26 11:55:34,753 - INFO - EPOCH 7 - PROGRESS: at 94.99% examples, 679832 words/s, in_qsize 31, out_qsize 0
2026-03-26 11:55:35,775 - INFO - EPOCH 7 - PROGRESS: at 95.13% examples, 679832 words/s, in_qsize 32, out_qsize 0
2026-03-26 11:55:36,796 - INFO - EPOCH 7 - PROGRESS: at 95.25% examples, 679813 words/s, in_qsize 32, out_qsize 2
2026-03-26 11:55:37,811 - INFO - EPOCH 7 - PROGRESS: at 95.33% examples, 679825 words/s, in_qsize 30, out_qsize 1
2026-03-26 11:55:38,815 - INFO - EPOCH 7 - PROGRESS: at 95.47% examples, 679832 words/s, in_qsize 30, out_qsize 1
2026-03-26 11:55:39,842 - INFO - EPOCH 7 - PROGRESS: at 95.63% examples, 679838 words/s, in_qsize 32, out_qsize 1
2026-03-26 11:55:40,846 - INFO - EPOCH 7 - PROGRESS: at 95.77% examples, 679872 words/s, in_qsize 29, out_qsize 0
2026-03-26 11:55:41,852 - INFO - EPOCH 7 - PROGRESS: at 95.86% examples, 679822 words/s, in_qsize 31, out_qsize 4
2026-03-26 11:55:42,864 - INFO - EPOCH 7 - PROGRESS: at 95.97% examples, 679832 words/s, in_qsize 31, out_qsize 0
2026-03-26 11:55:43,871 - INFO - EPOCH 7 - PROGRESS: at 96.06% examples, 679797 words/s, in_qsize 32, out_qsize 1
2026-03-26 11:55:44,880 - INFO - EPOCH 7 - PROGRESS: at 96.20% examples, 679771 words/s, in_qsize 31, out_qsize 4
2026-03-26 11:55:45,912 - INFO - EPOCH 7 - PROGRESS: at 96.34% examples, 679778 words/s, in_qsize 31, out_qsize 0
2026-03-26 11:55:46,914 - INFO - EPOCH 7 - PROGRESS: at 96.46% examples, 679675 words/s, in_qsize 28, out_qsize 3
2026-03-26 11:55:47,940 - INFO - EPOCH 7 - PROGRESS: at 96.59% examples, 679616 words/s, in_qsize 31, out_qsize 2
2026-03-26 11:55:48,963 - INFO - EPOCH 7 - PROGRESS: at 96.73% examples, 679623 words/s, in_qsize 31, out_qsize 0
2026-03-26 11:55:49,965 - INFO - EPOCH 7 - PROGRESS: at 96.90% examples, 679535 words/s, in_qsize 32, out_qsize 0
2026-03-26 11:55:50,978 - INFO - EPOCH 7 - PROGRESS: at 96.96% examples, 679529 words/s, in_qsize 30, out_qsize 1
2026-03-26 11:55:51,983 - INFO - EPOCH 7 - PROGRESS: at 97.06% examples, 679500 words/s, in_qsize 31, out_qsize 0
2026-03-26 11:55:52,985 - INFO - EPOCH 7 - PROGRESS: at 97.17% examples, 679478 words/s, in_qsize 31, out_qsize 0
2026-03-26 11:55:53,995 - INFO - EPOCH 7 - PROGRESS: at 97.32% examples, 679514 words/s, in_qsize 31, out_qsize 0
2026-03-26 11:55:55,002 - INFO - EPOCH 7 - PROGRESS: at 97.48% examples, 679529 words/s, in_qsize 30, out_qsize 0
2026-03-26 11:55:56,005 - INFO - EPOCH 7 - PROGRESS: at 97.57% examples, 679484 words/s, in_qsize 32, out_qsize 3
2026-03-26 11:55:57,025 - INFO - EPOCH 7 - PROGRESS: at 97.69% examples, 679458 words/s, in_qsize 32, out_qsize 2
2026-03-26 11:55:58,039 - INFO - EPOCH 7 - PROGRESS: at 97.82% examples, 679494 words/s, in_qsize 30, out_qsize 1
2026-03-26 11:55:59,045 - INFO - EPOCH 7 - PROGRESS: at 97.93% examples, 679481 words/s, in_qsize 31, out_qsize 0
2026-03-26 11:56:00,052 - INFO - EPOCH 7 - PROGRESS: at 98.05% examples, 679477 words/s, in_qsize 31, out_qsize 1
2026-03-26 11:56:01,085 - INFO - EPOCH 7 - PROGRESS: at 98.18% examples, 679474 words/s, in_qsize 32, out_qsize 3
2026-03-26 11:56:02,154 - INFO - EPOCH 7 - PROGRESS: at 98.33% examples, 679469 words/s, in_qsize 31, out_qsize 6
2026-03-26 11:56:03,188 - INFO - EPOCH 7 - PROGRESS: at 98.47% examples, 679512 words/s, in_qsize 32, out_qsize 2
2026-03-26 11:56:04,228 - INFO - EPOCH 7 - PROGRESS: at 98.56% examples, 679506 words/s, in_qsize 31, out_qsize 2
2026-03-26 11:56:05,228 - INFO - EPOCH 7 - PROGRESS: at 98.65% examples, 679537 words/s, in_qsize 31, out_qsize 0
2026-03-26 11:56:06,239 - INFO - EPOCH 7 - PROGRESS: at 98.75% examples, 679493 words/s, in_qsize 32, out_qsize 2
2026-03-26 11:56:07,239 - INFO - EPOCH 7 - PROGRESS: at 98.87% examples, 679492 words/s, in_qsize 31, out_qsize 0
2026-03-26 11:56:08,245 - INFO - EPOCH 7 - PROGRESS: at 99.04% examples, 679513 words/s, in_qsize 32, out_qsize 0
2026-03-26 11:56:09,248 - INFO - EPOCH 7 - PROGRESS: at 99.21% examples, 679525 words/s, in_qsize 30, out_qsize 1
2026-03-26 11:56:10,253 - INFO - EPOCH 7 - PROGRESS: at 99.35% examples, 679533 words/s, in_qsize 31, out_qsize 0
2026-03-26 11:56:11,253 - INFO - EPOCH 7 - PROGRESS: at 99.49% examples, 679546 words/s, in_qsize 31, out_qsize 0
2026-03-26 11:56:12,257 - INFO - EPOCH 7 - PROGRESS: at 99.63% examples, 679549 words/s, in_qsize 31, out_qsize 1
2026-03-26 11:56:13,311 - INFO - EPOCH 7 - PROGRESS: at 99.74% examples, 679434 words/s, in_qsize 29, out_qsize 3
2026-03-26 11:56:14,327 - INFO - EPOCH 7 - PROGRESS: at 99.88% examples, 679424 words/s, in_qsize 32, out_qsize 0
2026-03-26 11:56:15,307 - DEBUG - job loop exiting, total 60863 jobs
2026-03-26 11:56:15,366 - INFO - EPOCH 7 - PROGRESS: at 99.97% examples, 679398 words/s, in_qsize 29, out_qsize 2
2026-03-26 11:56:15,531 - DEBUG - worker exiting, processed 3797 jobs
2026-03-26 11:56:15,532 - DEBUG - worker thread finished; awaiting finish of 15 more threads
2026-03-26 11:56:15,533 - DEBUG - worker exiting, processed 3792 jobs
2026-03-26 11:56:15,533 - DEBUG - worker thread finished; awaiting finish of 14 more threads
2026-03-26 11:56:15,544 - DEBUG - worker exiting, processed 3804 jobs
2026-03-26 11:56:15,544 - DEBUG - worker thread finished; awaiting finish of 13 more threads
2026-03-26 11:56:15,561 - DEBUG - worker exiting, processed 3814 jobs
2026-03-26 11:56:15,561 - DEBUG - worker thread finished; awaiting finish of 12 more threads
2026-03-26 11:56:15,563 - DEBUG - worker exiting, processed 3799 jobs
2026-03-26 11:56:15,563 - DEBUG - worker thread finished; awaiting finish of 11 more threads
2026-03-26 11:56:15,570 - DEBUG - worker exiting, processed 3813 jobs
2026-03-26 11:56:15,570 - DEBUG - worker thread finished; awaiting finish of 10 more threads
2026-03-26 11:56:15,574 - DEBUG - worker exiting, processed 3808 jobs
2026-03-26 11:56:15,574 - DEBUG - worker thread finished; awaiting finish of 9 more threads
2026-03-26 11:56:15,581 - DEBUG - worker exiting, processed 3791 jobs
2026-03-26 11:56:15,581 - DEBUG - worker thread finished; awaiting finish of 8 more threads
2026-03-26 11:56:15,587 - DEBUG - worker exiting, processed 3812 jobs
2026-03-26 11:56:15,587 - DEBUG - worker thread finished; awaiting finish of 7 more threads
2026-03-26 11:56:15,589 - DEBUG - worker exiting, processed 3801 jobs
2026-03-26 11:56:15,589 - DEBUG - worker thread finished; awaiting finish of 6 more threads
2026-03-26 11:56:15,589 - DEBUG - worker exiting, processed 3800 jobs
2026-03-26 11:56:15,589 - DEBUG - worker thread finished; awaiting finish of 5 more threads
2026-03-26 11:56:15,632 - DEBUG - worker exiting, processed 3804 jobs
2026-03-26 11:56:15,633 - DEBUG - worker thread finished; awaiting finish of 4 more threads
2026-03-26 11:56:15,641 - DEBUG - worker exiting, processed 3806 jobs
2026-03-26 11:56:15,642 - DEBUG - worker thread finished; awaiting finish of 3 more threads
2026-03-26 11:56:15,644 - DEBUG - worker exiting, processed 3813 jobs
2026-03-26 11:56:15,644 - DEBUG - worker thread finished; awaiting finish of 2 more threads
2026-03-26 11:56:15,654 - DEBUG - worker exiting, processed 3807 jobs
2026-03-26 11:56:15,654 - DEBUG - worker thread finished; awaiting finish of 1 more threads
2026-03-26 11:56:15,654 - DEBUG - worker exiting, processed 3802 jobs
2026-03-26 11:56:15,655 - DEBUG - worker thread finished; awaiting finish of 0 more threads
2026-03-26 11:56:15,655 - INFO - EPOCH 7: training on 604933589 raw words (478037890 effective words) took 703.6s, 679456 effective words/s
2026-03-26 11:56:15,655 - INFO - Epoch 8 completed in 703.6s
2026-03-26 11:56:15,655 - INFO - Epoch 9 starting...
2026-03-26 11:56:16,708 - INFO - EPOCH 8 - PROGRESS: at 0.08% examples, 512329 words/s, in_qsize 32, out_qsize 2
2026-03-26 11:56:17,750 - INFO - EPOCH 8 - PROGRESS: at 0.22% examples, 586644 words/s, in_qsize 32, out_qsize 3
2026-03-26 11:56:18,770 - INFO - EPOCH 8 - PROGRESS: at 0.38% examples, 624250 words/s, in_qsize 30, out_qsize 1
2026-03-26 11:56:19,785 - INFO - EPOCH 8 - PROGRESS: at 0.53% examples, 634282 words/s, in_qsize 31, out_qsize 0
2026-03-26 11:56:20,790 - INFO - EPOCH 8 - PROGRESS: at 0.68% examples, 646442 words/s, in_qsize 32, out_qsize 0
2026-03-26 11:56:21,806 - INFO - EPOCH 8 - PROGRESS: at 0.84% examples, 652140 words/s, in_qsize 32, out_qsize 0
2026-03-26 11:56:22,807 - INFO - EPOCH 8 - PROGRESS: at 0.99% examples, 655493 words/s, in_qsize 31, out_qsize 0
2026-03-26 11:56:23,810 - INFO - EPOCH 8 - PROGRESS: at 1.15% examples, 661562 words/s, in_qsize 31, out_qsize 0
2026-03-26 11:56:24,837 - INFO - EPOCH 8 - PROGRESS: at 1.30% examples, 661045 words/s, in_qsize 32, out_qsize 1
2026-03-26 11:56:25,842 - INFO - EPOCH 8 - PROGRESS: at 1.42% examples, 664293 words/s, in_qsize 32, out_qsize 0
2026-03-26 11:56:26,857 - INFO - EPOCH 8 - PROGRESS: at 1.55% examples, 665776 words/s, in_qsize 31, out_qsize 0
2026-03-26 11:56:27,864 - INFO - EPOCH 8 - PROGRESS: at 1.67% examples, 665518 words/s, in_qsize 31, out_qsize 2
2026-03-26 11:56:28,866 - INFO - EPOCH 8 - PROGRESS: at 1.79% examples, 667140 words/s, in_qsize 31, out_qsize 0
2026-03-26 11:56:29,905 - INFO - EPOCH 8 - PROGRESS: at 1.92% examples, 667344 words/s, in_qsize 31, out_qsize 2
2026-03-26 11:56:30,920 - INFO - EPOCH 8 - PROGRESS: at 2.03% examples, 667940 words/s, in_qsize 30, out_qsize 1
2026-03-26 11:56:31,920 - INFO - EPOCH 8 - PROGRESS: at 2.15% examples, 670078 words/s, in_qsize 31, out_qsize 0
2026-03-26 11:56:32,923 - INFO - EPOCH 8 - PROGRESS: at 2.26% examples, 669169 words/s, in_qsize 30, out_qsize 2
2026-03-26 11:56:33,931 - INFO - EPOCH 8 - PROGRESS: at 2.38% examples, 668982 words/s, in_qsize 27, out_qsize 4
2026-03-26 11:56:34,952 - INFO - EPOCH 8 - PROGRESS: at 2.50% examples, 670432 words/s, in_qsize 28, out_qsize 2
2026-03-26 11:56:35,960 - INFO - EPOCH 8 - PROGRESS: at 2.62% examples, 670585 words/s, in_qsize 32, out_qsize 2
2026-03-26 11:56:36,973 - INFO - EPOCH 8 - PROGRESS: at 2.74% examples, 671383 words/s, in_qsize 32, out_qsize 0
2026-03-26 11:56:38,006 - INFO - EPOCH 8 - PROGRESS: at 2.86% examples, 671764 words/s, in_qsize 30, out_qsize 2
2026-03-26 11:56:39,009 - INFO - EPOCH 8 - PROGRESS: at 2.98% examples, 672043 words/s, in_qsize 28, out_qsize 2
2026-03-26 11:56:40,029 - INFO - EPOCH 8 - PROGRESS: at 3.10% examples, 672521 words/s, in_qsize 32, out_qsize 2
2026-03-26 11:56:41,045 - INFO - EPOCH 8 - PROGRESS: at 3.28% examples, 673955 words/s, in_qsize 32, out_qsize 1
2026-03-26 11:56:42,050 - INFO - EPOCH 8 - PROGRESS: at 3.43% examples, 675349 words/s, in_qsize 31, out_qsize 0
2026-03-26 11:56:43,051 - INFO - EPOCH 8 - PROGRESS: at 3.56% examples, 675220 words/s, in_qsize 31, out_qsize 0
2026-03-26 11:56:44,070 - INFO - EPOCH 8 - PROGRESS: at 3.73% examples, 675246 words/s, in_qsize 28, out_qsize 1
2026-03-26 11:56:45,082 - INFO - EPOCH 8 - PROGRESS: at 3.86% examples, 676048 words/s, in_qsize 31, out_qsize 1
2026-03-26 11:56:46,115 - INFO - EPOCH 8 - PROGRESS: at 4.01% examples, 676118 words/s, in_qsize 32, out_qsize 1
2026-03-26 11:56:47,131 - INFO - EPOCH 8 - PROGRESS: at 4.16% examples, 676500 words/s, in_qsize 30, out_qsize 1
2026-03-26 11:56:48,137 - INFO - EPOCH 8 - PROGRESS: at 4.31% examples, 676966 words/s, in_qsize 32, out_qsize 0
2026-03-26 11:56:49,159 - INFO - EPOCH 8 - PROGRESS: at 4.45% examples, 677243 words/s, in_qsize 32, out_qsize 0
2026-03-26 11:56:50,213 - INFO - EPOCH 8 - PROGRESS: at 4.56% examples, 675992 words/s, in_qsize 32, out_qsize 6
2026-03-26 11:56:51,219 - INFO - EPOCH 8 - PROGRESS: at 4.68% examples, 675922 words/s, in_qsize 31, out_qsize 0
2026-03-26 11:56:52,231 - INFO - EPOCH 8 - PROGRESS: at 4.78% examples, 675940 words/s, in_qsize 30, out_qsize 1
2026-03-26 11:56:53,233 - INFO - EPOCH 8 - PROGRESS: at 4.88% examples, 676112 words/s, in_qsize 31, out_qsize 0
2026-03-26 11:56:54,258 - INFO - EPOCH 8 - PROGRESS: at 4.97% examples, 675422 words/s, in_qsize 31, out_qsize 0
2026-03-26 11:56:55,285 - INFO - EPOCH 8 - PROGRESS: at 5.12% examples, 675302 words/s, in_qsize 31, out_qsize 0
2026-03-26 11:56:56,287 - INFO - EPOCH 8 - PROGRESS: at 5.26% examples, 675404 words/s, in_qsize 32, out_qsize 0
2026-03-26 11:56:57,313 - INFO - EPOCH 8 - PROGRESS: at 5.41% examples, 675838 words/s, in_qsize 32, out_qsize 0
2026-03-26 11:56:58,322 - INFO - EPOCH 8 - PROGRESS: at 5.56% examples, 675987 words/s, in_qsize 31, out_qsize 0
2026-03-26 11:56:59,344 - INFO - EPOCH 8 - PROGRESS: at 5.69% examples, 675280 words/s, in_qsize 30, out_qsize 5
2026-03-26 11:57:00,351 - INFO - EPOCH 8 - PROGRESS: at 5.80% examples, 675754 words/s, in_qsize 31, out_qsize 1
2026-03-26 11:57:01,407 - INFO - EPOCH 8 - PROGRESS: at 5.94% examples, 675392 words/s, in_qsize 32, out_qsize 4
2026-03-26 11:57:02,417 - INFO - EPOCH 8 - PROGRESS: at 6.11% examples, 676328 words/s, in_qsize 32, out_qsize 0
2026-03-26 11:57:03,425 - INFO - EPOCH 8 - PROGRESS: at 6.27% examples, 676896 words/s, in_qsize 28, out_qsize 0
2026-03-26 11:57:04,464 - INFO - EPOCH 8 - PROGRESS: at 6.47% examples, 676982 words/s, in_qsize 31, out_qsize 2
2026-03-26 11:57:05,473 - INFO - EPOCH 8 - PROGRESS: at 6.69% examples, 677802 words/s, in_qsize 30, out_qsize 1
2026-03-26 11:57:06,476 - INFO - EPOCH 8 - PROGRESS: at 6.90% examples, 678370 words/s, in_qsize 32, out_qsize 0
2026-03-26 11:57:07,483 - INFO - EPOCH 8 - PROGRESS: at 7.10% examples, 678764 words/s, in_qsize 30, out_qsize 0
2026-03-26 11:57:08,501 - INFO - EPOCH 8 - PROGRESS: at 7.21% examples, 678330 words/s, in_qsize 32, out_qsize 1
2026-03-26 11:57:09,532 - INFO - EPOCH 8 - PROGRESS: at 7.30% examples, 677777 words/s, in_qsize 31, out_qsize 4
2026-03-26 11:57:10,535 - INFO - EPOCH 8 - PROGRESS: at 7.48% examples, 678740 words/s, in_qsize 30, out_qsize 1
2026-03-26 11:57:11,555 - INFO - EPOCH 8 - PROGRESS: at 7.61% examples, 678848 words/s, in_qsize 31, out_qsize 1
2026-03-26 11:57:12,586 - INFO - EPOCH 8 - PROGRESS: at 7.74% examples, 678517 words/s, in_qsize 29, out_qsize 3
2026-03-26 11:57:13,604 - INFO - EPOCH 8 - PROGRESS: at 7.88% examples, 679066 words/s, in_qsize 30, out_qsize 1
2026-03-26 11:57:14,607 - INFO - EPOCH 8 - PROGRESS: at 8.02% examples, 679126 words/s, in_qsize 32, out_qsize 0
2026-03-26 11:57:15,632 - INFO - EPOCH 8 - PROGRESS: at 8.15% examples, 679036 words/s, in_qsize 27, out_qsize 4
2026-03-26 11:57:16,635 - INFO - EPOCH 8 - PROGRESS: at 8.29% examples, 679741 words/s, in_qsize 31, out_qsize 0
2026-03-26 11:57:17,639 - INFO - EPOCH 8 - PROGRESS: at 8.42% examples, 679800 words/s, in_qsize 30, out_qsize 0
2026-03-26 11:57:18,671 - INFO - EPOCH 8 - PROGRESS: at 8.51% examples, 679351 words/s, in_qsize 32, out_qsize 0
2026-03-26 11:57:19,673 - INFO - EPOCH 8 - PROGRESS: at 8.59% examples, 677940 words/s, in_qsize 30, out_qsize 1
2026-03-26 11:57:20,682 - INFO - EPOCH 8 - PROGRESS: at 8.73% examples, 678196 words/s, in_qsize 32, out_qsize 0
2026-03-26 11:57:21,689 - INFO - EPOCH 8 - PROGRESS: at 8.86% examples, 678367 words/s, in_qsize 32, out_qsize 0
2026-03-26 11:57:22,712 - INFO - EPOCH 8 - PROGRESS: at 9.01% examples, 678240 words/s, in_qsize 31, out_qsize 2
2026-03-26 11:57:23,714 - INFO - EPOCH 8 - PROGRESS: at 9.13% examples, 678528 words/s, in_qsize 30, out_qsize 0
2026-03-26 11:57:24,756 - INFO - EPOCH 8 - PROGRESS: at 9.27% examples, 678249 words/s, in_qsize 31, out_qsize 3
2026-03-26 11:57:25,757 - INFO - EPOCH 8 - PROGRESS: at 9.40% examples, 678570 words/s, in_qsize 31, out_qsize 1
2026-03-26 11:57:26,771 - INFO - EPOCH 8 - PROGRESS: at 9.50% examples, 678409 words/s, in_qsize 32, out_qsize 2
2026-03-26 11:57:27,779 - INFO - EPOCH 8 - PROGRESS: at 9.65% examples, 678787 words/s, in_qsize 31, out_qsize 0
2026-03-26 11:57:28,804 - INFO - EPOCH 8 - PROGRESS: at 9.79% examples, 678744 words/s, in_qsize 31, out_qsize 1
2026-03-26 11:57:29,816 - INFO - EPOCH 8 - PROGRESS: at 9.93% examples, 678511 words/s, in_qsize 31, out_qsize 2
2026-03-26 11:57:30,845 - INFO - EPOCH 8 - PROGRESS: at 10.09% examples, 678545 words/s, in_qsize 29, out_qsize 2
2026-03-26 11:57:31,857 - INFO - EPOCH 8 - PROGRESS: at 10.23% examples, 678425 words/s, in_qsize 31, out_qsize 4
2026-03-26 11:57:32,910 - INFO - EPOCH 8 - PROGRESS: at 10.37% examples, 678549 words/s, in_qsize 29, out_qsize 2
2026-03-26 11:57:33,915 - INFO - EPOCH 8 - PROGRESS: at 10.52% examples, 678903 words/s, in_qsize 32, out_qsize 0
2026-03-26 11:57:34,916 - INFO - EPOCH 8 - PROGRESS: at 10.66% examples, 679060 words/s, in_qsize 31, out_qsize 0
2026-03-26 11:57:35,922 - INFO - EPOCH 8 - PROGRESS: at 10.84% examples, 678974 words/s, in_qsize 32, out_qsize 3
2026-03-26 11:57:36,925 - INFO - EPOCH 8 - PROGRESS: at 11.04% examples, 679508 words/s, in_qsize 31, out_qsize 0
2026-03-26 11:57:37,926 - INFO - EPOCH 8 - PROGRESS: at 11.22% examples, 679541 words/s, in_qsize 32, out_qsize 2
2026-03-26 11:57:38,926 - INFO - EPOCH 8 - PROGRESS: at 11.42% examples, 679879 words/s, in_qsize 31, out_qsize 0
2026-03-26 11:57:39,954 - INFO - EPOCH 8 - PROGRESS: at 11.59% examples, 679918 words/s, in_qsize 32, out_qsize 2
2026-03-26 11:57:40,974 - INFO - EPOCH 8 - PROGRESS: at 11.69% examples, 679717 words/s, in_qsize 28, out_qsize 3
2026-03-26 11:57:41,980 - INFO - EPOCH 8 - PROGRESS: at 11.87% examples, 680251 words/s, in_qsize 32, out_qsize 0
2026-03-26 11:57:43,047 - INFO - EPOCH 8 - PROGRESS: at 12.09% examples, 680291 words/s, in_qsize 31, out_qsize 0
2026-03-26 11:57:44,067 - INFO - EPOCH 8 - PROGRESS: at 12.31% examples, 680611 words/s, in_qsize 31, out_qsize 1
2026-03-26 11:57:45,072 - INFO - EPOCH 8 - PROGRESS: at 12.54% examples, 681207 words/s, in_qsize 32, out_qsize 0
2026-03-26 11:57:46,075 - INFO - EPOCH 8 - PROGRESS: at 12.76% examples, 681638 words/s, in_qsize 32, out_qsize 0
2026-03-26 11:57:47,090 - INFO - EPOCH 8 - PROGRESS: at 13.00% examples, 682301 words/s, in_qsize 32, out_qsize 0
2026-03-26 11:57:48,108 - INFO - EPOCH 8 - PROGRESS: at 13.22% examples, 682762 words/s, in_qsize 31, out_qsize 0
2026-03-26 11:57:49,112 - INFO - EPOCH 8 - PROGRESS: at 13.46% examples, 683485 words/s, in_qsize 31, out_qsize 0
2026-03-26 11:57:50,118 - INFO - EPOCH 8 - PROGRESS: at 13.67% examples, 683602 words/s, in_qsize 32, out_qsize 2
2026-03-26 11:57:51,128 - INFO - EPOCH 8 - PROGRESS: at 13.91% examples, 684334 words/s, in_qsize 31, out_qsize 0
2026-03-26 11:57:52,139 - INFO - EPOCH 8 - PROGRESS: at 14.11% examples, 684432 words/s, in_qsize 30, out_qsize 1
2026-03-26 11:57:53,150 - INFO - EPOCH 8 - PROGRESS: at 14.27% examples, 684340 words/s, in_qsize 29, out_qsize 2
2026-03-26 11:57:54,171 - INFO - EPOCH 8 - PROGRESS: at 14.45% examples, 684571 words/s, in_qsize 32, out_qsize 0
2026-03-26 11:57:55,175 - INFO - EPOCH 8 - PROGRESS: at 14.62% examples, 684610 words/s, in_qsize 31, out_qsize 0
2026-03-26 11:57:56,181 - INFO - EPOCH 8 - PROGRESS: at 14.79% examples, 684715 words/s, in_qsize 31, out_qsize 1
2026-03-26 11:57:57,183 - INFO - EPOCH 8 - PROGRESS: at 14.96% examples, 684690 words/s, in_qsize 32, out_qsize 0
2026-03-26 11:57:58,186 - INFO - EPOCH 8 - PROGRESS: at 15.12% examples, 684736 words/s, in_qsize 28, out_qsize 3
2026-03-26 11:57:59,191 - INFO - EPOCH 8 - PROGRESS: at 15.29% examples, 684760 words/s, in_qsize 30, out_qsize 1
2026-03-26 11:58:00,199 - INFO - EPOCH 8 - PROGRESS: at 15.45% examples, 685008 words/s, in_qsize 30, out_qsize 0
2026-03-26 11:58:01,228 - INFO - EPOCH 8 - PROGRESS: at 15.62% examples, 684653 words/s, in_qsize 31, out_qsize 4
2026-03-26 11:58:02,263 - INFO - EPOCH 8 - PROGRESS: at 15.79% examples, 684478 words/s, in_qsize 32, out_qsize 0
2026-03-26 11:58:03,268 - INFO - EPOCH 8 - PROGRESS: at 15.97% examples, 684933 words/s, in_qsize 31, out_qsize 0
2026-03-26 11:58:04,278 - INFO - EPOCH 8 - PROGRESS: at 16.13% examples, 684708 words/s, in_qsize 32, out_qsize 2
2026-03-26 11:58:05,302 - INFO - EPOCH 8 - PROGRESS: at 16.31% examples, 685097 words/s, in_qsize 32, out_qsize 0
2026-03-26 11:58:06,309 - INFO - EPOCH 8 - PROGRESS: at 16.49% examples, 685175 words/s, in_qsize 32, out_qsize 0
2026-03-26 11:58:07,315 - INFO - EPOCH 8 - PROGRESS: at 16.65% examples, 685053 words/s, in_qsize 31, out_qsize 1
2026-03-26 11:58:08,319 - INFO - EPOCH 8 - PROGRESS: at 16.82% examples, 685089 words/s, in_qsize 30, out_qsize 1
2026-03-26 11:58:09,321 - INFO - EPOCH 8 - PROGRESS: at 16.99% examples, 685131 words/s, in_qsize 31, out_qsize 0
2026-03-26 11:58:10,344 - INFO - EPOCH 8 - PROGRESS: at 17.18% examples, 685448 words/s, in_qsize 30, out_qsize 1
2026-03-26 11:58:11,351 - INFO - EPOCH 8 - PROGRESS: at 17.35% examples, 685521 words/s, in_qsize 31, out_qsize 1
2026-03-26 11:58:12,390 - INFO - EPOCH 8 - PROGRESS: at 17.53% examples, 685675 words/s, in_qsize 32, out_qsize 1
2026-03-26 11:58:13,413 - INFO - EPOCH 8 - PROGRESS: at 17.71% examples, 685689 words/s, in_qsize 32, out_qsize 0
2026-03-26 11:58:14,450 - INFO - EPOCH 8 - PROGRESS: at 17.88% examples, 685482 words/s, in_qsize 28, out_qsize 5
2026-03-26 11:58:15,452 - INFO - EPOCH 8 - PROGRESS: at 18.06% examples, 685883 words/s, in_qsize 31, out_qsize 0
2026-03-26 11:58:16,457 - INFO - EPOCH 8 - PROGRESS: at 18.23% examples, 685858 words/s, in_qsize 32, out_qsize 0
2026-03-26 11:58:17,460 - INFO - EPOCH 8 - PROGRESS: at 18.40% examples, 685910 words/s, in_qsize 31, out_qsize 0
2026-03-26 11:58:18,462 - INFO - EPOCH 8 - PROGRESS: at 18.57% examples, 686093 words/s, in_qsize 31, out_qsize 0
2026-03-26 11:58:19,480 - INFO - EPOCH 8 - PROGRESS: at 18.72% examples, 685856 words/s, in_qsize 31, out_qsize 0
2026-03-26 11:58:20,510 - INFO - EPOCH 8 - PROGRESS: at 18.83% examples, 685621 words/s, in_qsize 29, out_qsize 2
2026-03-26 11:58:21,524 - INFO - EPOCH 8 - PROGRESS: at 18.96% examples, 685754 words/s, in_qsize 30, out_qsize 1
2026-03-26 11:58:22,555 - INFO - EPOCH 8 - PROGRESS: at 19.10% examples, 685746 words/s, in_qsize 32, out_qsize 2
2026-03-26 11:58:23,571 - INFO - EPOCH 8 - PROGRESS: at 19.25% examples, 686014 words/s, in_qsize 30, out_qsize 1
2026-03-26 11:58:24,574 - INFO - EPOCH 8 - PROGRESS: at 19.41% examples, 685955 words/s, in_qsize 30, out_qsize 1
2026-03-26 11:58:25,581 - INFO - EPOCH 8 - PROGRESS: at 19.56% examples, 685966 words/s, in_qsize 31, out_qsize 0
2026-03-26 11:58:26,582 - INFO - EPOCH 8 - PROGRESS: at 19.69% examples, 685961 words/s, in_qsize 31, out_qsize 0
2026-03-26 11:58:27,594 - INFO - EPOCH 8 - PROGRESS: at 19.85% examples, 685750 words/s, in_qsize 26, out_qsize 5
2026-03-26 11:58:28,603 - INFO - EPOCH 8 - PROGRESS: at 20.02% examples, 686108 words/s, in_qsize 30, out_qsize 1
2026-03-26 11:58:29,616 - INFO - EPOCH 8 - PROGRESS: at 20.18% examples, 686030 words/s, in_qsize 32, out_qsize 0
2026-03-26 11:58:30,630 - INFO - EPOCH 8 - PROGRESS: at 20.30% examples, 685921 words/s, in_qsize 32, out_qsize 2
2026-03-26 11:58:31,637 - INFO - EPOCH 8 - PROGRESS: at 20.40% examples, 685921 words/s, in_qsize 31, out_qsize 0
2026-03-26 11:58:32,667 - INFO - EPOCH 8 - PROGRESS: at 20.51% examples, 685685 words/s, in_qsize 32, out_qsize 0
2026-03-26 11:58:33,669 - INFO - EPOCH 8 - PROGRESS: at 20.62% examples, 685598 words/s, in_qsize 31, out_qsize 1
2026-03-26 11:58:34,699 - INFO - EPOCH 8 - PROGRESS: at 20.72% examples, 685470 words/s, in_qsize 31, out_qsize 0
2026-03-26 11:58:35,700 - INFO - EPOCH 8 - PROGRESS: at 20.83% examples, 685469 words/s, in_qsize 29, out_qsize 2
2026-03-26 11:58:36,717 - INFO - EPOCH 8 - PROGRESS: at 20.99% examples, 685224 words/s, in_qsize 32, out_qsize 6
2026-03-26 11:58:37,730 - INFO - EPOCH 8 - PROGRESS: at 21.14% examples, 684853 words/s, in_qsize 31, out_qsize 0
2026-03-26 11:58:38,769 - INFO - EPOCH 8 - PROGRESS: at 21.30% examples, 683870 words/s, in_qsize 32, out_qsize 1
2026-03-26 11:58:39,781 - INFO - EPOCH 8 - PROGRESS: at 21.46% examples, 683689 words/s, in_qsize 32, out_qsize 0
2026-03-26 11:58:40,789 - INFO - EPOCH 8 - PROGRESS: at 21.57% examples, 683180 words/s, in_qsize 31, out_qsize 4
2026-03-26 11:58:41,818 - INFO - EPOCH 8 - PROGRESS: at 21.70% examples, 683258 words/s, in_qsize 31, out_qsize 2
2026-03-26 11:58:42,819 - INFO - EPOCH 8 - PROGRESS: at 21.83% examples, 683326 words/s, in_qsize 31, out_qsize 0
2026-03-26 11:58:43,823 - INFO - EPOCH 8 - PROGRESS: at 22.02% examples, 683521 words/s, in_qsize 32, out_qsize 0
2026-03-26 11:58:44,839 - INFO - EPOCH 8 - PROGRESS: at 22.16% examples, 683540 words/s, in_qsize 30, out_qsize 1
2026-03-26 11:58:45,839 - INFO - EPOCH 8 - PROGRESS: at 22.35% examples, 683615 words/s, in_qsize 32, out_qsize 1
2026-03-26 11:58:46,843 - INFO - EPOCH 8 - PROGRESS: at 22.62% examples, 684037 words/s, in_qsize 31, out_qsize 0
2026-03-26 11:58:47,845 - INFO - EPOCH 8 - PROGRESS: at 22.82% examples, 684153 words/s, in_qsize 31, out_qsize 1
2026-03-26 11:58:48,859 - INFO - EPOCH 8 - PROGRESS: at 22.99% examples, 684272 words/s, in_qsize 31, out_qsize 0
2026-03-26 11:58:49,867 - INFO - EPOCH 8 - PROGRESS: at 23.15% examples, 684178 words/s, in_qsize 32, out_qsize 2
2026-03-26 11:58:50,883 - INFO - EPOCH 8 - PROGRESS: at 23.33% examples, 684258 words/s, in_qsize 32, out_qsize 3
2026-03-26 11:58:51,936 - INFO - EPOCH 8 - PROGRESS: at 23.51% examples, 684168 words/s, in_qsize 32, out_qsize 5
2026-03-26 11:58:53,030 - INFO - EPOCH 8 - PROGRESS: at 23.70% examples, 684208 words/s, in_qsize 31, out_qsize 0
2026-03-26 11:58:54,063 - INFO - EPOCH 8 - PROGRESS: at 23.86% examples, 683962 words/s, in_qsize 32, out_qsize 1
2026-03-26 11:58:55,112 - INFO - EPOCH 8 - PROGRESS: at 24.03% examples, 683793 words/s, in_qsize 32, out_qsize 2
2026-03-26 11:58:56,123 - INFO - EPOCH 8 - PROGRESS: at 24.22% examples, 684145 words/s, in_qsize 31, out_qsize 0
2026-03-26 11:58:57,124 - INFO - EPOCH 8 - PROGRESS: at 24.35% examples, 683990 words/s, in_qsize 31, out_qsize 0
2026-03-26 11:58:58,132 - INFO - EPOCH 8 - PROGRESS: at 24.50% examples, 683887 words/s, in_qsize 31, out_qsize 0
2026-03-26 11:58:59,138 - INFO - EPOCH 8 - PROGRESS: at 24.62% examples, 683837 words/s, in_qsize 32, out_qsize 0
2026-03-26 11:59:00,153 - INFO - EPOCH 8 - PROGRESS: at 24.76% examples, 683963 words/s, in_qsize 31, out_qsize 0
2026-03-26 11:59:01,168 - INFO - EPOCH 8 - PROGRESS: at 24.90% examples, 683913 words/s, in_qsize 32, out_qsize 0
2026-03-26 11:59:02,177 - INFO - EPOCH 8 - PROGRESS: at 25.04% examples, 683877 words/s, in_qsize 31, out_qsize 0
2026-03-26 11:59:03,209 - INFO - EPOCH 8 - PROGRESS: at 25.17% examples, 683649 words/s, in_qsize 31, out_qsize 1
2026-03-26 11:59:04,219 - INFO - EPOCH 8 - PROGRESS: at 25.28% examples, 683681 words/s, in_qsize 31, out_qsize 0
2026-03-26 11:59:05,234 - INFO - EPOCH 8 - PROGRESS: at 25.40% examples, 683351 words/s, in_qsize 31, out_qsize 6
2026-03-26 11:59:06,235 - INFO - EPOCH 8 - PROGRESS: at 25.59% examples, 683796 words/s, in_qsize 31, out_qsize 0
2026-03-26 11:59:07,241 - INFO - EPOCH 8 - PROGRESS: at 25.75% examples, 683671 words/s, in_qsize 31, out_qsize 2
2026-03-26 11:59:08,242 - INFO - EPOCH 8 - PROGRESS: at 25.93% examples, 683807 words/s, in_qsize 31, out_qsize 0
2026-03-26 11:59:09,246 - INFO - EPOCH 8 - PROGRESS: at 26.07% examples, 683897 words/s, in_qsize 31, out_qsize 0
2026-03-26 11:59:10,266 - INFO - EPOCH 8 - PROGRESS: at 26.25% examples, 683868 words/s, in_qsize 30, out_qsize 1
2026-03-26 11:59:11,276 - INFO - EPOCH 8 - PROGRESS: at 26.42% examples, 683786 words/s, in_qsize 32, out_qsize 6
2026-03-26 11:59:12,316 - INFO - EPOCH 8 - PROGRESS: at 26.64% examples, 684095 words/s, in_qsize 30, out_qsize 1
2026-03-26 11:59:13,325 - INFO - EPOCH 8 - PROGRESS: at 26.81% examples, 684158 words/s, in_qsize 32, out_qsize 0
2026-03-26 11:59:14,374 - INFO - EPOCH 8 - PROGRESS: at 26.98% examples, 684199 words/s, in_qsize 29, out_qsize 2
2026-03-26 11:59:15,401 - INFO - EPOCH 8 - PROGRESS: at 27.16% examples, 684197 words/s, in_qsize 31, out_qsize 2
2026-03-26 11:59:16,412 - INFO - EPOCH 8 - PROGRESS: at 27.28% examples, 684184 words/s, in_qsize 31, out_qsize 0
2026-03-26 11:59:17,416 - INFO - EPOCH 8 - PROGRESS: at 27.38% examples, 684261 words/s, in_qsize 31, out_qsize 0
2026-03-26 11:59:18,422 - INFO - EPOCH 8 - PROGRESS: at 27.48% examples, 683793 words/s, in_qsize 31, out_qsize 0
2026-03-26 11:59:19,429 - INFO - EPOCH 8 - PROGRESS: at 27.62% examples, 683853 words/s, in_qsize 31, out_qsize 1
2026-03-26 11:59:20,445 - INFO - EPOCH 8 - PROGRESS: at 27.77% examples, 683797 words/s, in_qsize 31, out_qsize 2
2026-03-26 11:59:21,480 - INFO - EPOCH 8 - PROGRESS: at 27.93% examples, 683848 words/s, in_qsize 32, out_qsize 2
2026-03-26 11:59:22,509 - INFO - EPOCH 8 - PROGRESS: at 28.04% examples, 683839 words/s, in_qsize 30, out_qsize 1
2026-03-26 11:59:23,555 - INFO - EPOCH 8 - PROGRESS: at 28.11% examples, 683705 words/s, in_qsize 28, out_qsize 3
2026-03-26 11:59:24,565 - INFO - EPOCH 8 - PROGRESS: at 28.26% examples, 683816 words/s, in_qsize 31, out_qsize 0
2026-03-26 11:59:25,572 - INFO - EPOCH 8 - PROGRESS: at 28.40% examples, 683850 words/s, in_qsize 31, out_qsize 0
2026-03-26 11:59:26,573 - INFO - EPOCH 8 - PROGRESS: at 28.55% examples, 683860 words/s, in_qsize 31, out_qsize 2
2026-03-26 11:59:27,584 - INFO - EPOCH 8 - PROGRESS: at 28.71% examples, 683888 words/s, in_qsize 31, out_qsize 0
2026-03-26 11:59:28,586 - INFO - EPOCH 8 - PROGRESS: at 28.85% examples, 683789 words/s, in_qsize 32, out_qsize 2
2026-03-26 11:59:29,596 - INFO - EPOCH 8 - PROGRESS: at 29.00% examples, 683772 words/s, in_qsize 31, out_qsize 2
2026-03-26 11:59:30,599 - INFO - EPOCH 8 - PROGRESS: at 29.15% examples, 683869 words/s, in_qsize 32, out_qsize 0
2026-03-26 11:59:31,606 - INFO - EPOCH 8 - PROGRESS: at 29.30% examples, 683870 words/s, in_qsize 30, out_qsize 1
2026-03-26 11:59:32,608 - INFO - EPOCH 8 - PROGRESS: at 29.45% examples, 683767 words/s, in_qsize 31, out_qsize 2
2026-03-26 11:59:33,618 - INFO - EPOCH 8 - PROGRESS: at 29.60% examples, 683795 words/s, in_qsize 29, out_qsize 2
2026-03-26 11:59:34,627 - INFO - EPOCH 8 - PROGRESS: at 29.79% examples, 683913 words/s, in_qsize 32, out_qsize 1
2026-03-26 11:59:35,630 - INFO - EPOCH 8 - PROGRESS: at 29.92% examples, 683872 words/s, in_qsize 32, out_qsize 0
2026-03-26 11:59:36,648 - INFO - EPOCH 8 - PROGRESS: at 30.11% examples, 683966 words/s, in_qsize 31, out_qsize 2
2026-03-26 11:59:37,667 - INFO - EPOCH 8 - PROGRESS: at 30.23% examples, 683914 words/s, in_qsize 32, out_qsize 3
2026-03-26 11:59:38,688 - INFO - EPOCH 8 - PROGRESS: at 30.37% examples, 684049 words/s, in_qsize 31, out_qsize 1
2026-03-26 11:59:39,716 - INFO - EPOCH 8 - PROGRESS: at 30.52% examples, 684024 words/s, in_qsize 31, out_qsize 1
2026-03-26 11:59:40,717 - INFO - EPOCH 8 - PROGRESS: at 30.68% examples, 684179 words/s, in_qsize 31, out_qsize 0
2026-03-26 11:59:41,744 - INFO - EPOCH 8 - PROGRESS: at 30.80% examples, 684037 words/s, in_qsize 32, out_qsize 2
2026-03-26 11:59:42,768 - INFO - EPOCH 8 - PROGRESS: at 30.92% examples, 683941 words/s, in_qsize 31, out_qsize 2
2026-03-26 11:59:43,769 - INFO - EPOCH 8 - PROGRESS: at 31.05% examples, 683969 words/s, in_qsize 31, out_qsize 0
2026-03-26 11:59:44,770 - INFO - EPOCH 8 - PROGRESS: at 31.17% examples, 683920 words/s, in_qsize 31, out_qsize 0
2026-03-26 11:59:45,797 - INFO - EPOCH 8 - PROGRESS: at 31.29% examples, 683795 words/s, in_qsize 32, out_qsize 2
2026-03-26 11:59:46,818 - INFO - EPOCH 8 - PROGRESS: at 31.42% examples, 683755 words/s, in_qsize 31, out_qsize 2
2026-03-26 11:59:47,838 - INFO - EPOCH 8 - PROGRESS: at 31.54% examples, 683702 words/s, in_qsize 32, out_qsize 0
2026-03-26 11:59:48,842 - INFO - EPOCH 8 - PROGRESS: at 31.66% examples, 683554 words/s, in_qsize 32, out_qsize 4
2026-03-26 11:59:49,850 - INFO - EPOCH 8 - PROGRESS: at 31.77% examples, 683280 words/s, in_qsize 32, out_qsize 0
2026-03-26 11:59:50,859 - INFO - EPOCH 8 - PROGRESS: at 31.90% examples, 683194 words/s, in_qsize 32, out_qsize 4
2026-03-26 11:59:51,882 - INFO - EPOCH 8 - PROGRESS: at 32.03% examples, 683307 words/s, in_qsize 31, out_qsize 0
2026-03-26 11:59:52,902 - INFO - EPOCH 8 - PROGRESS: at 32.17% examples, 683289 words/s, in_qsize 32, out_qsize 1
2026-03-26 11:59:53,913 - INFO - EPOCH 8 - PROGRESS: at 32.30% examples, 683343 words/s, in_qsize 32, out_qsize 0
2026-03-26 11:59:54,919 - INFO - EPOCH 8 - PROGRESS: at 32.49% examples, 683331 words/s, in_qsize 31, out_qsize 0
2026-03-26 11:59:55,933 - INFO - EPOCH 8 - PROGRESS: at 32.69% examples, 683364 words/s, in_qsize 32, out_qsize 3
2026-03-26 11:59:56,941 - INFO - EPOCH 8 - PROGRESS: at 32.82% examples, 683328 words/s, in_qsize 31, out_qsize 4
2026-03-26 11:59:57,944 - INFO - EPOCH 8 - PROGRESS: at 32.99% examples, 683399 words/s, in_qsize 32, out_qsize 0
2026-03-26 11:59:58,984 - INFO - EPOCH 8 - PROGRESS: at 33.16% examples, 683430 words/s, in_qsize 32, out_qsize 1
2026-03-26 11:59:59,991 - INFO - EPOCH 8 - PROGRESS: at 33.33% examples, 683462 words/s, in_qsize 31, out_qsize 1
2026-03-26 12:00:00,994 - INFO - EPOCH 8 - PROGRESS: at 33.51% examples, 683609 words/s, in_qsize 31, out_qsize 0
2026-03-26 12:00:02,012 - INFO - EPOCH 8 - PROGRESS: at 33.68% examples, 683639 words/s, in_qsize 31, out_qsize 0
2026-03-26 12:00:03,025 - INFO - EPOCH 8 - PROGRESS: at 33.85% examples, 683646 words/s, in_qsize 30, out_qsize 1
2026-03-26 12:00:04,033 - INFO - EPOCH 8 - PROGRESS: at 34.02% examples, 683762 words/s, in_qsize 30, out_qsize 1
2026-03-26 12:00:05,045 - INFO - EPOCH 8 - PROGRESS: at 34.15% examples, 683652 words/s, in_qsize 31, out_qsize 1
2026-03-26 12:00:06,053 - INFO - EPOCH 8 - PROGRESS: at 34.24% examples, 683640 words/s, in_qsize 32, out_qsize 1
2026-03-26 12:00:07,064 - INFO - EPOCH 8 - PROGRESS: at 34.37% examples, 683655 words/s, in_qsize 31, out_qsize 0
2026-03-26 12:00:08,089 - INFO - EPOCH 8 - PROGRESS: at 34.50% examples, 683624 words/s, in_qsize 31, out_qsize 1
2026-03-26 12:00:09,107 - INFO - EPOCH 8 - PROGRESS: at 34.61% examples, 683585 words/s, in_qsize 31, out_qsize 0
2026-03-26 12:00:10,108 - INFO - EPOCH 8 - PROGRESS: at 34.72% examples, 683663 words/s, in_qsize 31, out_qsize 0
2026-03-26 12:00:11,119 - INFO - EPOCH 8 - PROGRESS: at 34.83% examples, 683534 words/s, in_qsize 31, out_qsize 0
2026-03-26 12:00:12,143 - INFO - EPOCH 8 - PROGRESS: at 34.96% examples, 683518 words/s, in_qsize 32, out_qsize 0
2026-03-26 12:00:13,161 - INFO - EPOCH 8 - PROGRESS: at 35.07% examples, 683517 words/s, in_qsize 31, out_qsize 0
2026-03-26 12:00:14,170 - INFO - EPOCH 8 - PROGRESS: at 35.21% examples, 683484 words/s, in_qsize 29, out_qsize 2
2026-03-26 12:00:15,173 - INFO - EPOCH 8 - PROGRESS: at 35.39% examples, 683474 words/s, in_qsize 32, out_qsize 0
2026-03-26 12:00:16,187 - INFO - EPOCH 8 - PROGRESS: at 35.56% examples, 683334 words/s, in_qsize 31, out_qsize 0
2026-03-26 12:00:17,189 - INFO - EPOCH 8 - PROGRESS: at 35.74% examples, 683391 words/s, in_qsize 31, out_qsize 0
2026-03-26 12:00:18,207 - INFO - EPOCH 8 - PROGRESS: at 35.87% examples, 683348 words/s, in_qsize 31, out_qsize 0
2026-03-26 12:00:19,217 - INFO - EPOCH 8 - PROGRESS: at 36.06% examples, 683467 words/s, in_qsize 31, out_qsize 2
2026-03-26 12:00:20,221 - INFO - EPOCH 8 - PROGRESS: at 36.19% examples, 683353 words/s, in_qsize 25, out_qsize 3
2026-03-26 12:00:21,223 - INFO - EPOCH 8 - PROGRESS: at 36.33% examples, 683375 words/s, in_qsize 31, out_qsize 2
2026-03-26 12:00:22,263 - INFO - EPOCH 8 - PROGRESS: at 36.47% examples, 683318 words/s, in_qsize 32, out_qsize 1
2026-03-26 12:00:23,266 - INFO - EPOCH 8 - PROGRESS: at 36.61% examples, 683268 words/s, in_qsize 32, out_qsize 2
2026-03-26 12:00:24,283 - INFO - EPOCH 8 - PROGRESS: at 36.74% examples, 683310 words/s, in_qsize 27, out_qsize 1
2026-03-26 12:00:25,290 - INFO - EPOCH 8 - PROGRESS: at 36.88% examples, 683321 words/s, in_qsize 32, out_qsize 0
2026-03-26 12:00:26,300 - INFO - EPOCH 8 - PROGRESS: at 37.02% examples, 683352 words/s, in_qsize 31, out_qsize 0
2026-03-26 12:00:27,303 - INFO - EPOCH 8 - PROGRESS: at 37.16% examples, 683343 words/s, in_qsize 31, out_qsize 0
2026-03-26 12:00:28,332 - INFO - EPOCH 8 - PROGRESS: at 37.28% examples, 683328 words/s, in_qsize 32, out_qsize 1
2026-03-26 12:00:29,334 - INFO - EPOCH 8 - PROGRESS: at 37.41% examples, 683400 words/s, in_qsize 31, out_qsize 0
2026-03-26 12:00:30,354 - INFO - EPOCH 8 - PROGRESS: at 37.52% examples, 683244 words/s, in_qsize 32, out_qsize 3
2026-03-26 12:00:31,355 - INFO - EPOCH 8 - PROGRESS: at 37.65% examples, 683396 words/s, in_qsize 31, out_qsize 0
2026-03-26 12:00:32,356 - INFO - EPOCH 8 - PROGRESS: at 37.77% examples, 683331 words/s, in_qsize 31, out_qsize 0
2026-03-26 12:00:33,359 - INFO - EPOCH 8 - PROGRESS: at 37.89% examples, 683328 words/s, in_qsize 31, out_qsize 0
2026-03-26 12:00:34,376 - INFO - EPOCH 8 - PROGRESS: at 38.02% examples, 683315 words/s, in_qsize 32, out_qsize 0
2026-03-26 12:00:35,384 - INFO - EPOCH 8 - PROGRESS: at 38.11% examples, 683191 words/s, in_qsize 31, out_qsize 1
2026-03-26 12:00:36,391 - INFO - EPOCH 8 - PROGRESS: at 38.22% examples, 683200 words/s, in_qsize 31, out_qsize 0
2026-03-26 12:00:37,411 - INFO - EPOCH 8 - PROGRESS: at 38.34% examples, 683177 words/s, in_qsize 32, out_qsize 0
2026-03-26 12:00:38,432 - INFO - EPOCH 8 - PROGRESS: at 38.45% examples, 683089 words/s, in_qsize 28, out_qsize 3
2026-03-26 12:00:39,466 - INFO - EPOCH 8 - PROGRESS: at 38.58% examples, 683174 words/s, in_qsize 31, out_qsize 0
2026-03-26 12:00:40,474 - INFO - EPOCH 8 - PROGRESS: at 38.76% examples, 683250 words/s, in_qsize 31, out_qsize 0
2026-03-26 12:00:41,492 - INFO - EPOCH 8 - PROGRESS: at 38.96% examples, 683178 words/s, in_qsize 31, out_qsize 5
2026-03-26 12:00:42,497 - INFO - EPOCH 8 - PROGRESS: at 39.12% examples, 683206 words/s, in_qsize 32, out_qsize 4
2026-03-26 12:00:43,498 - INFO - EPOCH 8 - PROGRESS: at 39.23% examples, 683309 words/s, in_qsize 32, out_qsize 0
2026-03-26 12:00:44,511 - INFO - EPOCH 8 - PROGRESS: at 39.34% examples, 683317 words/s, in_qsize 32, out_qsize 0
2026-03-26 12:00:45,547 - INFO - EPOCH 8 - PROGRESS: at 39.44% examples, 682972 words/s, in_qsize 32, out_qsize 0
2026-03-26 12:00:46,549 - INFO - EPOCH 8 - PROGRESS: at 39.58% examples, 683031 words/s, in_qsize 31, out_qsize 0
2026-03-26 12:00:47,554 - INFO - EPOCH 8 - PROGRESS: at 39.72% examples, 683054 words/s, in_qsize 32, out_qsize 0
2026-03-26 12:00:48,576 - INFO - EPOCH 8 - PROGRESS: at 39.85% examples, 683001 words/s, in_qsize 31, out_qsize 0
2026-03-26 12:00:49,576 - INFO - EPOCH 8 - PROGRESS: at 39.99% examples, 682994 words/s, in_qsize 30, out_qsize 1
2026-03-26 12:00:50,586 - INFO - EPOCH 8 - PROGRESS: at 40.12% examples, 683009 words/s, in_qsize 32, out_qsize 1
2026-03-26 12:00:51,610 - INFO - EPOCH 8 - PROGRESS: at 40.26% examples, 683053 words/s, in_qsize 31, out_qsize 0
2026-03-26 12:00:52,614 - INFO - EPOCH 8 - PROGRESS: at 40.37% examples, 682974 words/s, in_qsize 28, out_qsize 2
2026-03-26 12:00:53,624 - INFO - EPOCH 8 - PROGRESS: at 40.52% examples, 683036 words/s, in_qsize 32, out_qsize 1
2026-03-26 12:00:54,642 - INFO - EPOCH 8 - PROGRESS: at 40.67% examples, 682948 words/s, in_qsize 29, out_qsize 4
2026-03-26 12:00:55,676 - INFO - EPOCH 8 - PROGRESS: at 40.83% examples, 683011 words/s, in_qsize 32, out_qsize 1
2026-03-26 12:00:56,710 - INFO - EPOCH 8 - PROGRESS: at 41.00% examples, 683020 words/s, in_qsize 32, out_qsize 2
2026-03-26 12:00:57,714 - INFO - EPOCH 8 - PROGRESS: at 41.16% examples, 683074 words/s, in_qsize 31, out_qsize 1
2026-03-26 12:00:58,729 - INFO - EPOCH 8 - PROGRESS: at 41.31% examples, 683073 words/s, in_qsize 32, out_qsize 1
2026-03-26 12:00:59,783 - INFO - EPOCH 8 - PROGRESS: at 41.44% examples, 683028 words/s, in_qsize 32, out_qsize 1
2026-03-26 12:01:00,790 - INFO - EPOCH 8 - PROGRESS: at 41.56% examples, 683025 words/s, in_qsize 32, out_qsize 2
2026-03-26 12:01:01,822 - INFO - EPOCH 8 - PROGRESS: at 41.67% examples, 682980 words/s, in_qsize 32, out_qsize 2
2026-03-26 12:01:02,838 - INFO - EPOCH 8 - PROGRESS: at 41.78% examples, 682968 words/s, in_qsize 32, out_qsize 3
2026-03-26 12:01:03,844 - INFO - EPOCH 8 - PROGRESS: at 41.89% examples, 682996 words/s, in_qsize 31, out_qsize 1
2026-03-26 12:01:04,854 - INFO - EPOCH 8 - PROGRESS: at 41.99% examples, 682949 words/s, in_qsize 31, out_qsize 0
2026-03-26 12:01:05,915 - INFO - EPOCH 8 - PROGRESS: at 42.09% examples, 682840 words/s, in_qsize 30, out_qsize 4
2026-03-26 12:01:06,925 - INFO - EPOCH 8 - PROGRESS: at 42.19% examples, 682828 words/s, in_qsize 30, out_qsize 1
2026-03-26 12:01:07,935 - INFO - EPOCH 8 - PROGRESS: at 42.29% examples, 682740 words/s, in_qsize 32, out_qsize 0
2026-03-26 12:01:08,958 - INFO - EPOCH 8 - PROGRESS: at 42.50% examples, 682872 words/s, in_qsize 31, out_qsize 0
2026-03-26 12:01:09,967 - INFO - EPOCH 8 - PROGRESS: at 42.69% examples, 682912 words/s, in_qsize 30, out_qsize 1
2026-03-26 12:01:10,993 - INFO - EPOCH 8 - PROGRESS: at 42.79% examples, 682769 words/s, in_qsize 32, out_qsize 4
2026-03-26 12:01:11,997 - INFO - EPOCH 8 - PROGRESS: at 43.00% examples, 682972 words/s, in_qsize 31, out_qsize 0
2026-03-26 12:01:12,998 - INFO - EPOCH 8 - PROGRESS: at 43.19% examples, 682996 words/s, in_qsize 31, out_qsize 0
2026-03-26 12:01:13,999 - INFO - EPOCH 8 - PROGRESS: at 43.33% examples, 683024 words/s, in_qsize 32, out_qsize 1
2026-03-26 12:01:15,006 - INFO - EPOCH 8 - PROGRESS: at 43.44% examples, 682973 words/s, in_qsize 31, out_qsize 0
2026-03-26 12:01:16,009 - INFO - EPOCH 8 - PROGRESS: at 43.55% examples, 682901 words/s, in_qsize 31, out_qsize 0
2026-03-26 12:01:17,013 - INFO - EPOCH 8 - PROGRESS: at 43.66% examples, 682883 words/s, in_qsize 31, out_qsize 1
2026-03-26 12:01:18,089 - INFO - EPOCH 8 - PROGRESS: at 43.74% examples, 682600 words/s, in_qsize 29, out_qsize 3
2026-03-26 12:01:19,111 - INFO - EPOCH 8 - PROGRESS: at 43.85% examples, 682557 words/s, in_qsize 32, out_qsize 0
2026-03-26 12:01:20,123 - INFO - EPOCH 8 - PROGRESS: at 44.01% examples, 682633 words/s, in_qsize 31, out_qsize 0
2026-03-26 12:01:21,144 - INFO - EPOCH 8 - PROGRESS: at 44.24% examples, 682709 words/s, in_qsize 31, out_qsize 0
2026-03-26 12:01:22,146 - INFO - EPOCH 8 - PROGRESS: at 44.48% examples, 682878 words/s, in_qsize 31, out_qsize 0
2026-03-26 12:01:23,159 - INFO - EPOCH 8 - PROGRESS: at 44.68% examples, 682872 words/s, in_qsize 32, out_qsize 0
2026-03-26 12:01:24,190 - INFO - EPOCH 8 - PROGRESS: at 44.79% examples, 682821 words/s, in_qsize 30, out_qsize 2
2026-03-26 12:01:25,198 - INFO - EPOCH 8 - PROGRESS: at 44.91% examples, 682864 words/s, in_qsize 32, out_qsize 0
2026-03-26 12:01:26,293 - INFO - EPOCH 8 - PROGRESS: at 45.07% examples, 682681 words/s, in_qsize 30, out_qsize 6
2026-03-26 12:01:27,336 - INFO - EPOCH 8 - PROGRESS: at 45.21% examples, 682780 words/s, in_qsize 32, out_qsize 0
2026-03-26 12:01:28,346 - INFO - EPOCH 8 - PROGRESS: at 45.30% examples, 682738 words/s, in_qsize 29, out_qsize 2
2026-03-26 12:01:29,351 - INFO - EPOCH 8 - PROGRESS: at 45.41% examples, 682704 words/s, in_qsize 30, out_qsize 1
2026-03-26 12:01:30,354 - INFO - EPOCH 8 - PROGRESS: at 45.51% examples, 682669 words/s, in_qsize 31, out_qsize 0
2026-03-26 12:01:31,386 - INFO - EPOCH 8 - PROGRESS: at 45.61% examples, 682545 words/s, in_qsize 29, out_qsize 4
2026-03-26 12:01:32,441 - INFO - EPOCH 8 - PROGRESS: at 45.72% examples, 682550 words/s, in_qsize 32, out_qsize 4
2026-03-26 12:01:33,470 - INFO - EPOCH 8 - PROGRESS: at 45.83% examples, 682531 words/s, in_qsize 32, out_qsize 3
2026-03-26 12:01:34,471 - INFO - EPOCH 8 - PROGRESS: at 45.96% examples, 682530 words/s, in_qsize 29, out_qsize 2
2026-03-26 12:01:35,493 - INFO - EPOCH 8 - PROGRESS: at 46.08% examples, 682584 words/s, in_qsize 32, out_qsize 2
2026-03-26 12:01:36,503 - INFO - EPOCH 8 - PROGRESS: at 46.19% examples, 682618 words/s, in_qsize 30, out_qsize 0
2026-03-26 12:01:37,509 - INFO - EPOCH 8 - PROGRESS: at 46.31% examples, 682569 words/s, in_qsize 28, out_qsize 1
2026-03-26 12:01:38,512 - INFO - EPOCH 8 - PROGRESS: at 46.42% examples, 682528 words/s, in_qsize 32, out_qsize 0
2026-03-26 12:01:39,514 - INFO - EPOCH 8 - PROGRESS: at 46.53% examples, 682491 words/s, in_qsize 31, out_qsize 0
2026-03-26 12:01:40,524 - INFO - EPOCH 8 - PROGRESS: at 46.80% examples, 682551 words/s, in_qsize 32, out_qsize 0
2026-03-26 12:01:41,552 - INFO - EPOCH 8 - PROGRESS: at 47.07% examples, 682303 words/s, in_qsize 31, out_qsize 0
2026-03-26 12:01:42,558 - INFO - EPOCH 8 - PROGRESS: at 47.19% examples, 682208 words/s, in_qsize 32, out_qsize 0
2026-03-26 12:01:43,608 - INFO - EPOCH 8 - PROGRESS: at 47.31% examples, 682072 words/s, in_qsize 28, out_qsize 3
2026-03-26 12:01:44,609 - INFO - EPOCH 8 - PROGRESS: at 47.44% examples, 682088 words/s, in_qsize 30, out_qsize 1
2026-03-26 12:01:45,619 - INFO - EPOCH 8 - PROGRESS: at 47.57% examples, 682153 words/s, in_qsize 31, out_qsize 0
2026-03-26 12:01:46,621 - INFO - EPOCH 8 - PROGRESS: at 47.70% examples, 682046 words/s, in_qsize 30, out_qsize 1
2026-03-26 12:01:47,655 - INFO - EPOCH 8 - PROGRESS: at 47.82% examples, 681944 words/s, in_qsize 29, out_qsize 6
2026-03-26 12:01:48,661 - INFO - EPOCH 8 - PROGRESS: at 47.95% examples, 681991 words/s, in_qsize 32, out_qsize 1
2026-03-26 12:01:49,684 - INFO - EPOCH 8 - PROGRESS: at 48.08% examples, 682005 words/s, in_qsize 31, out_qsize 0
2026-03-26 12:01:50,695 - INFO - EPOCH 8 - PROGRESS: at 48.20% examples, 682001 words/s, in_qsize 31, out_qsize 0
2026-03-26 12:01:51,716 - INFO - EPOCH 8 - PROGRESS: at 48.33% examples, 682017 words/s, in_qsize 28, out_qsize 0
2026-03-26 12:01:52,721 - INFO - EPOCH 8 - PROGRESS: at 48.46% examples, 681978 words/s, in_qsize 32, out_qsize 0
2026-03-26 12:01:53,727 - INFO - EPOCH 8 - PROGRESS: at 48.58% examples, 681956 words/s, in_qsize 31, out_qsize 0
2026-03-26 12:01:54,750 - INFO - EPOCH 8 - PROGRESS: at 48.71% examples, 681925 words/s, in_qsize 30, out_qsize 3
2026-03-26 12:01:55,756 - INFO - EPOCH 8 - PROGRESS: at 48.84% examples, 681952 words/s, in_qsize 30, out_qsize 0
2026-03-26 12:01:56,771 - INFO - EPOCH 8 - PROGRESS: at 48.97% examples, 681917 words/s, in_qsize 28, out_qsize 2
2026-03-26 12:01:57,800 - INFO - EPOCH 8 - PROGRESS: at 49.10% examples, 681893 words/s, in_qsize 31, out_qsize 3
2026-03-26 12:01:58,831 - INFO - EPOCH 8 - PROGRESS: at 49.23% examples, 681920 words/s, in_qsize 32, out_qsize 0
2026-03-26 12:01:59,859 - INFO - EPOCH 8 - PROGRESS: at 49.36% examples, 681861 words/s, in_qsize 30, out_qsize 2
2026-03-26 12:02:00,874 - INFO - EPOCH 8 - PROGRESS: at 49.49% examples, 681934 words/s, in_qsize 32, out_qsize 0
2026-03-26 12:02:01,882 - INFO - EPOCH 8 - PROGRESS: at 49.62% examples, 681906 words/s, in_qsize 32, out_qsize 0
2026-03-26 12:02:02,895 - INFO - EPOCH 8 - PROGRESS: at 49.74% examples, 681894 words/s, in_qsize 31, out_qsize 0
2026-03-26 12:02:03,915 - INFO - EPOCH 8 - PROGRESS: at 49.86% examples, 681901 words/s, in_qsize 31, out_qsize 0
2026-03-26 12:02:04,955 - INFO - EPOCH 8 - PROGRESS: at 49.99% examples, 681864 words/s, in_qsize 32, out_qsize 0
2026-03-26 12:02:05,983 - INFO - EPOCH 8 - PROGRESS: at 50.10% examples, 681830 words/s, in_qsize 32, out_qsize 2
2026-03-26 12:02:06,984 - INFO - EPOCH 8 - PROGRESS: at 50.24% examples, 681895 words/s, in_qsize 30, out_qsize 1
2026-03-26 12:02:08,034 - INFO - EPOCH 8 - PROGRESS: at 50.40% examples, 681812 words/s, in_qsize 32, out_qsize 4
2026-03-26 12:02:09,058 - INFO - EPOCH 8 - PROGRESS: at 50.57% examples, 681876 words/s, in_qsize 31, out_qsize 3
2026-03-26 12:02:10,071 - INFO - EPOCH 8 - PROGRESS: at 50.74% examples, 681944 words/s, in_qsize 32, out_qsize 0
2026-03-26 12:02:11,080 - INFO - EPOCH 8 - PROGRESS: at 50.91% examples, 681972 words/s, in_qsize 31, out_qsize 0
2026-03-26 12:02:12,082 - INFO - EPOCH 8 - PROGRESS: at 51.06% examples, 681936 words/s, in_qsize 32, out_qsize 0
2026-03-26 12:02:13,090 - INFO - EPOCH 8 - PROGRESS: at 51.23% examples, 681950 words/s, in_qsize 32, out_qsize 0
2026-03-26 12:02:14,099 - INFO - EPOCH 8 - PROGRESS: at 51.41% examples, 681961 words/s, in_qsize 31, out_qsize 0
2026-03-26 12:02:15,101 - INFO - EPOCH 8 - PROGRESS: at 51.63% examples, 682101 words/s, in_qsize 32, out_qsize 0
2026-03-26 12:02:16,112 - INFO - EPOCH 8 - PROGRESS: at 51.83% examples, 682139 words/s, in_qsize 23, out_qsize 7
2026-03-26 12:02:17,131 - INFO - EPOCH 8 - PROGRESS: at 52.03% examples, 682074 words/s, in_qsize 31, out_qsize 0
2026-03-26 12:02:18,133 - INFO - EPOCH 8 - PROGRESS: at 52.25% examples, 682295 words/s, in_qsize 32, out_qsize 2
2026-03-26 12:02:19,138 - INFO - EPOCH 8 - PROGRESS: at 52.48% examples, 682532 words/s, in_qsize 31, out_qsize 0
2026-03-26 12:02:20,144 - INFO - EPOCH 8 - PROGRESS: at 52.71% examples, 682808 words/s, in_qsize 31, out_qsize 0
2026-03-26 12:02:21,159 - INFO - EPOCH 8 - PROGRESS: at 52.92% examples, 682918 words/s, in_qsize 31, out_qsize 1
2026-03-26 12:02:22,178 - INFO - EPOCH 8 - PROGRESS: at 53.15% examples, 683147 words/s, in_qsize 31, out_qsize 2
2026-03-26 12:02:23,214 - INFO - EPOCH 8 - PROGRESS: at 53.38% examples, 683405 words/s, in_qsize 30, out_qsize 1
2026-03-26 12:02:24,223 - INFO - EPOCH 8 - PROGRESS: at 53.61% examples, 683629 words/s, in_qsize 28, out_qsize 3
2026-03-26 12:02:25,224 - INFO - EPOCH 8 - PROGRESS: at 53.84% examples, 683928 words/s, in_qsize 31, out_qsize 1
2026-03-26 12:02:26,234 - INFO - EPOCH 8 - PROGRESS: at 54.06% examples, 684084 words/s, in_qsize 29, out_qsize 1
2026-03-26 12:02:27,236 - INFO - EPOCH 8 - PROGRESS: at 54.29% examples, 684339 words/s, in_qsize 31, out_qsize 0
2026-03-26 12:02:28,247 - INFO - EPOCH 8 - PROGRESS: at 54.47% examples, 684120 words/s, in_qsize 30, out_qsize 1
2026-03-26 12:02:29,266 - INFO - EPOCH 8 - PROGRESS: at 54.69% examples, 684298 words/s, in_qsize 31, out_qsize 1
2026-03-26 12:02:30,272 - INFO - EPOCH 8 - PROGRESS: at 54.92% examples, 684561 words/s, in_qsize 31, out_qsize 0
2026-03-26 12:02:31,281 - INFO - EPOCH 8 - PROGRESS: at 55.11% examples, 684615 words/s, in_qsize 29, out_qsize 1
2026-03-26 12:02:32,292 - INFO - EPOCH 8 - PROGRESS: at 55.25% examples, 684555 words/s, in_qsize 32, out_qsize 1
2026-03-26 12:02:33,329 - INFO - EPOCH 8 - PROGRESS: at 55.36% examples, 684508 words/s, in_qsize 30, out_qsize 3
2026-03-26 12:02:34,331 - INFO - EPOCH 8 - PROGRESS: at 55.50% examples, 684599 words/s, in_qsize 31, out_qsize 0
2026-03-26 12:02:35,331 - INFO - EPOCH 8 - PROGRESS: at 55.64% examples, 684541 words/s, in_qsize 32, out_qsize 0
2026-03-26 12:02:36,334 - INFO - EPOCH 8 - PROGRESS: at 55.87% examples, 684615 words/s, in_qsize 30, out_qsize 1
2026-03-26 12:02:37,337 - INFO - EPOCH 8 - PROGRESS: at 56.08% examples, 684747 words/s, in_qsize 31, out_qsize 0
2026-03-26 12:02:38,343 - INFO - EPOCH 8 - PROGRESS: at 56.19% examples, 684680 words/s, in_qsize 31, out_qsize 0
2026-03-26 12:02:39,355 - INFO - EPOCH 8 - PROGRESS: at 56.33% examples, 684686 words/s, in_qsize 29, out_qsize 2
2026-03-26 12:02:40,356 - INFO - EPOCH 8 - PROGRESS: at 56.45% examples, 684672 words/s, in_qsize 30, out_qsize 1
2026-03-26 12:02:41,370 - INFO - EPOCH 8 - PROGRESS: at 56.58% examples, 684689 words/s, in_qsize 31, out_qsize 0
2026-03-26 12:02:42,371 - INFO - EPOCH 8 - PROGRESS: at 56.68% examples, 684666 words/s, in_qsize 31, out_qsize 0
2026-03-26 12:02:43,371 - INFO - EPOCH 8 - PROGRESS: at 56.83% examples, 684651 words/s, in_qsize 27, out_qsize 1
2026-03-26 12:02:44,389 - INFO - EPOCH 8 - PROGRESS: at 57.01% examples, 684662 words/s, in_qsize 31, out_qsize 0
2026-03-26 12:02:45,411 - INFO - EPOCH 8 - PROGRESS: at 57.18% examples, 684648 words/s, in_qsize 31, out_qsize 2
2026-03-26 12:02:46,425 - INFO - EPOCH 8 - PROGRESS: at 57.37% examples, 684690 words/s, in_qsize 31, out_qsize 1
2026-03-26 12:02:47,441 - INFO - EPOCH 8 - PROGRESS: at 57.55% examples, 684706 words/s, in_qsize 32, out_qsize 1
2026-03-26 12:02:48,442 - INFO - EPOCH 8 - PROGRESS: at 57.70% examples, 684549 words/s, in_qsize 31, out_qsize 0
2026-03-26 12:02:49,480 - INFO - EPOCH 8 - PROGRESS: at 57.87% examples, 684449 words/s, in_qsize 32, out_qsize 1
2026-03-26 12:02:50,503 - INFO - EPOCH 8 - PROGRESS: at 58.05% examples, 684464 words/s, in_qsize 30, out_qsize 1
2026-03-26 12:02:51,547 - INFO - EPOCH 8 - PROGRESS: at 58.21% examples, 684256 words/s, in_qsize 32, out_qsize 0
2026-03-26 12:02:52,561 - INFO - EPOCH 8 - PROGRESS: at 58.37% examples, 684225 words/s, in_qsize 31, out_qsize 0
2026-03-26 12:02:53,582 - INFO - EPOCH 8 - PROGRESS: at 58.53% examples, 684003 words/s, in_qsize 32, out_qsize 0
2026-03-26 12:02:54,584 - INFO - EPOCH 8 - PROGRESS: at 58.70% examples, 684076 words/s, in_qsize 32, out_qsize 0
2026-03-26 12:02:55,604 - INFO - EPOCH 8 - PROGRESS: at 58.87% examples, 684080 words/s, in_qsize 31, out_qsize 0
2026-03-26 12:02:56,622 - INFO - EPOCH 8 - PROGRESS: at 59.05% examples, 684058 words/s, in_qsize 27, out_qsize 4
2026-03-26 12:02:57,627 - INFO - EPOCH 8 - PROGRESS: at 59.23% examples, 684118 words/s, in_qsize 31, out_qsize 0
2026-03-26 12:02:58,634 - INFO - EPOCH 8 - PROGRESS: at 59.38% examples, 684148 words/s, in_qsize 31, out_qsize 0
2026-03-26 12:02:59,669 - INFO - EPOCH 8 - PROGRESS: at 59.57% examples, 684131 words/s, in_qsize 31, out_qsize 1
2026-03-26 12:03:00,684 - INFO - EPOCH 8 - PROGRESS: at 59.74% examples, 684138 words/s, in_qsize 31, out_qsize 0
2026-03-26 12:03:01,692 - INFO - EPOCH 8 - PROGRESS: at 59.80% examples, 684053 words/s, in_qsize 28, out_qsize 0
2026-03-26 12:03:02,694 - INFO - EPOCH 8 - PROGRESS: at 59.92% examples, 684093 words/s, in_qsize 29, out_qsize 0
2026-03-26 12:03:03,712 - INFO - EPOCH 8 - PROGRESS: at 60.08% examples, 684050 words/s, in_qsize 32, out_qsize 2
2026-03-26 12:03:04,726 - INFO - EPOCH 8 - PROGRESS: at 60.25% examples, 684098 words/s, in_qsize 30, out_qsize 1
2026-03-26 12:03:05,728 - INFO - EPOCH 8 - PROGRESS: at 60.40% examples, 684092 words/s, in_qsize 31, out_qsize 2
2026-03-26 12:03:06,735 - INFO - EPOCH 8 - PROGRESS: at 60.57% examples, 684151 words/s, in_qsize 30, out_qsize 2
2026-03-26 12:03:07,741 - INFO - EPOCH 8 - PROGRESS: at 60.73% examples, 684116 words/s, in_qsize 30, out_qsize 4
2026-03-26 12:03:08,747 - INFO - EPOCH 8 - PROGRESS: at 60.88% examples, 684183 words/s, in_qsize 32, out_qsize 0
2026-03-26 12:03:09,751 - INFO - EPOCH 8 - PROGRESS: at 60.98% examples, 683986 words/s, in_qsize 32, out_qsize 1
2026-03-26 12:03:10,756 - INFO - EPOCH 8 - PROGRESS: at 61.12% examples, 683972 words/s, in_qsize 32, out_qsize 0
2026-03-26 12:03:11,788 - INFO - EPOCH 8 - PROGRESS: at 61.20% examples, 683851 words/s, in_qsize 31, out_qsize 1
2026-03-26 12:03:12,789 - INFO - EPOCH 8 - PROGRESS: at 61.26% examples, 683802 words/s, in_qsize 32, out_qsize 1
2026-03-26 12:03:13,798 - INFO - EPOCH 8 - PROGRESS: at 61.35% examples, 683721 words/s, in_qsize 29, out_qsize 1
2026-03-26 12:03:14,814 - INFO - EPOCH 8 - PROGRESS: at 61.49% examples, 683762 words/s, in_qsize 32, out_qsize 0
2026-03-26 12:03:15,827 - INFO - EPOCH 8 - PROGRESS: at 61.65% examples, 683783 words/s, in_qsize 30, out_qsize 1
2026-03-26 12:03:16,841 - INFO - EPOCH 8 - PROGRESS: at 61.75% examples, 683698 words/s, in_qsize 29, out_qsize 1
2026-03-26 12:03:17,854 - INFO - EPOCH 8 - PROGRESS: at 61.88% examples, 683707 words/s, in_qsize 32, out_qsize 0
2026-03-26 12:03:18,880 - INFO - EPOCH 8 - PROGRESS: at 62.04% examples, 683696 words/s, in_qsize 32, out_qsize 1
2026-03-26 12:03:19,889 - INFO - EPOCH 8 - PROGRESS: at 62.14% examples, 683716 words/s, in_qsize 30, out_qsize 1
2026-03-26 12:03:20,905 - INFO - EPOCH 8 - PROGRESS: at 62.23% examples, 683669 words/s, in_qsize 30, out_qsize 1
2026-03-26 12:03:21,927 - INFO - EPOCH 8 - PROGRESS: at 62.39% examples, 683682 words/s, in_qsize 30, out_qsize 1
2026-03-26 12:03:22,927 - INFO - EPOCH 8 - PROGRESS: at 62.52% examples, 683667 words/s, in_qsize 28, out_qsize 2
2026-03-26 12:03:23,936 - INFO - EPOCH 8 - PROGRESS: at 62.66% examples, 683693 words/s, in_qsize 31, out_qsize 0
2026-03-26 12:03:24,955 - INFO - EPOCH 8 - PROGRESS: at 62.79% examples, 683685 words/s, in_qsize 32, out_qsize 2
2026-03-26 12:03:25,957 - INFO - EPOCH 8 - PROGRESS: at 62.93% examples, 683700 words/s, in_qsize 32, out_qsize 1
2026-03-26 12:03:26,984 - INFO - EPOCH 8 - PROGRESS: at 63.09% examples, 683707 words/s, in_qsize 31, out_qsize 0
2026-03-26 12:03:28,007 - INFO - EPOCH 8 - PROGRESS: at 63.22% examples, 683715 words/s, in_qsize 31, out_qsize 0
2026-03-26 12:03:29,018 - INFO - EPOCH 8 - PROGRESS: at 63.33% examples, 683739 words/s, in_qsize 32, out_qsize 0
2026-03-26 12:03:30,018 - INFO - EPOCH 8 - PROGRESS: at 63.42% examples, 683701 words/s, in_qsize 29, out_qsize 2
2026-03-26 12:03:31,044 - INFO - EPOCH 8 - PROGRESS: at 63.58% examples, 683710 words/s, in_qsize 30, out_qsize 1
2026-03-26 12:03:32,046 - INFO - EPOCH 8 - PROGRESS: at 63.74% examples, 683734 words/s, in_qsize 31, out_qsize 0
2026-03-26 12:03:33,051 - INFO - EPOCH 8 - PROGRESS: at 63.93% examples, 683806 words/s, in_qsize 31, out_qsize 0
2026-03-26 12:03:34,130 - INFO - EPOCH 8 - PROGRESS: at 64.12% examples, 683686 words/s, in_qsize 30, out_qsize 5
2026-03-26 12:03:35,145 - INFO - EPOCH 8 - PROGRESS: at 64.24% examples, 683732 words/s, in_qsize 31, out_qsize 0
2026-03-26 12:03:36,173 - INFO - EPOCH 8 - PROGRESS: at 64.36% examples, 683747 words/s, in_qsize 31, out_qsize 1
2026-03-26 12:03:37,176 - INFO - EPOCH 8 - PROGRESS: at 64.48% examples, 683758 words/s, in_qsize 31, out_qsize 0
2026-03-26 12:03:38,197 - INFO - EPOCH 8 - PROGRESS: at 64.61% examples, 683747 words/s, in_qsize 31, out_qsize 0
2026-03-26 12:03:39,212 - INFO - EPOCH 8 - PROGRESS: at 64.74% examples, 683522 words/s, in_qsize 31, out_qsize 0
2026-03-26 12:03:40,250 - INFO - EPOCH 8 - PROGRESS: at 64.90% examples, 683498 words/s, in_qsize 30, out_qsize 1
2026-03-26 12:03:41,273 - INFO - EPOCH 8 - PROGRESS: at 65.05% examples, 683440 words/s, in_qsize 32, out_qsize 4
2026-03-26 12:03:42,280 - INFO - EPOCH 8 - PROGRESS: at 65.21% examples, 683510 words/s, in_qsize 31, out_qsize 0
2026-03-26 12:03:43,306 - INFO - EPOCH 8 - PROGRESS: at 65.37% examples, 683481 words/s, in_qsize 31, out_qsize 1
2026-03-26 12:03:44,334 - INFO - EPOCH 8 - PROGRESS: at 65.53% examples, 683451 words/s, in_qsize 32, out_qsize 2
2026-03-26 12:03:45,357 - INFO - EPOCH 8 - PROGRESS: at 65.70% examples, 683463 words/s, in_qsize 31, out_qsize 4
2026-03-26 12:03:46,404 - INFO - EPOCH 8 - PROGRESS: at 65.85% examples, 683498 words/s, in_qsize 32, out_qsize 0
2026-03-26 12:03:47,407 - INFO - EPOCH 8 - PROGRESS: at 65.99% examples, 683502 words/s, in_qsize 31, out_qsize 0
2026-03-26 12:03:48,415 - INFO - EPOCH 8 - PROGRESS: at 66.12% examples, 683509 words/s, in_qsize 30, out_qsize 1
2026-03-26 12:03:49,425 - INFO - EPOCH 8 - PROGRESS: at 66.25% examples, 683519 words/s, in_qsize 32, out_qsize 1
2026-03-26 12:03:50,439 - INFO - EPOCH 8 - PROGRESS: at 66.40% examples, 683524 words/s, in_qsize 31, out_qsize 0
2026-03-26 12:03:51,452 - INFO - EPOCH 8 - PROGRESS: at 66.49% examples, 683439 words/s, in_qsize 32, out_qsize 2
2026-03-26 12:03:52,503 - INFO - EPOCH 8 - PROGRESS: at 66.59% examples, 683407 words/s, in_qsize 30, out_qsize 3
2026-03-26 12:03:53,513 - INFO - EPOCH 8 - PROGRESS: at 66.66% examples, 683373 words/s, in_qsize 30, out_qsize 1
2026-03-26 12:03:54,534 - INFO - EPOCH 8 - PROGRESS: at 66.75% examples, 683354 words/s, in_qsize 32, out_qsize 0
2026-03-26 12:03:55,538 - INFO - EPOCH 8 - PROGRESS: at 66.84% examples, 683327 words/s, in_qsize 32, out_qsize 0
2026-03-26 12:03:56,577 - INFO - EPOCH 8 - PROGRESS: at 66.91% examples, 683251 words/s, in_qsize 32, out_qsize 0
2026-03-26 12:03:57,596 - INFO - EPOCH 8 - PROGRESS: at 67.00% examples, 683254 words/s, in_qsize 31, out_qsize 0
2026-03-26 12:03:58,604 - INFO - EPOCH 8 - PROGRESS: at 67.13% examples, 683229 words/s, in_qsize 30, out_qsize 1
2026-03-26 12:03:59,629 - INFO - EPOCH 8 - PROGRESS: at 67.29% examples, 683224 words/s, in_qsize 29, out_qsize 2
2026-03-26 12:04:00,648 - INFO - EPOCH 8 - PROGRESS: at 67.41% examples, 683215 words/s, in_qsize 31, out_qsize 1
2026-03-26 12:04:01,660 - INFO - EPOCH 8 - PROGRESS: at 67.54% examples, 683225 words/s, in_qsize 31, out_qsize 2
2026-03-26 12:04:02,680 - INFO - EPOCH 8 - PROGRESS: at 67.66% examples, 683206 words/s, in_qsize 31, out_qsize 1
2026-03-26 12:04:03,704 - INFO - EPOCH 8 - PROGRESS: at 67.79% examples, 683211 words/s, in_qsize 32, out_qsize 0
2026-03-26 12:04:04,716 - INFO - EPOCH 8 - PROGRESS: at 67.90% examples, 683187 words/s, in_qsize 31, out_qsize 0
2026-03-26 12:04:05,717 - INFO - EPOCH 8 - PROGRESS: at 68.01% examples, 683149 words/s, in_qsize 32, out_qsize 2
2026-03-26 12:04:06,732 - INFO - EPOCH 8 - PROGRESS: at 68.12% examples, 683101 words/s, in_qsize 32, out_qsize 3
2026-03-26 12:04:07,742 - INFO - EPOCH 8 - PROGRESS: at 68.21% examples, 683094 words/s, in_qsize 32, out_qsize 0
2026-03-26 12:04:08,746 - INFO - EPOCH 8 - PROGRESS: at 68.36% examples, 683120 words/s, in_qsize 32, out_qsize 0
2026-03-26 12:04:09,753 - INFO - EPOCH 8 - PROGRESS: at 68.49% examples, 683098 words/s, in_qsize 32, out_qsize 1
2026-03-26 12:04:10,763 - INFO - EPOCH 8 - PROGRESS: at 68.62% examples, 683095 words/s, in_qsize 29, out_qsize 2
2026-03-26 12:04:11,783 - INFO - EPOCH 8 - PROGRESS: at 68.75% examples, 683092 words/s, in_qsize 30, out_qsize 1
2026-03-26 12:04:12,809 - INFO - EPOCH 8 - PROGRESS: at 68.89% examples, 683099 words/s, in_qsize 31, out_qsize 0
2026-03-26 12:04:13,838 - INFO - EPOCH 8 - PROGRESS: at 69.02% examples, 683067 words/s, in_qsize 32, out_qsize 3
2026-03-26 12:04:14,884 - INFO - EPOCH 8 - PROGRESS: at 69.15% examples, 682946 words/s, in_qsize 32, out_qsize 0
2026-03-26 12:04:15,896 - INFO - EPOCH 8 - PROGRESS: at 69.36% examples, 682796 words/s, in_qsize 26, out_qsize 7
2026-03-26 12:04:16,964 - INFO - EPOCH 8 - PROGRESS: at 69.59% examples, 682683 words/s, in_qsize 32, out_qsize 0
2026-03-26 12:04:17,967 - INFO - EPOCH 8 - PROGRESS: at 69.79% examples, 682482 words/s, in_qsize 26, out_qsize 5
2026-03-26 12:04:18,979 - INFO - EPOCH 8 - PROGRESS: at 69.92% examples, 682380 words/s, in_qsize 32, out_qsize 0
2026-03-26 12:04:19,981 - INFO - EPOCH 8 - PROGRESS: at 70.04% examples, 682324 words/s, in_qsize 31, out_qsize 0
2026-03-26 12:04:21,000 - INFO - EPOCH 8 - PROGRESS: at 70.17% examples, 682262 words/s, in_qsize 32, out_qsize 3
2026-03-26 12:04:22,057 - INFO - EPOCH 8 - PROGRESS: at 70.31% examples, 682275 words/s, in_qsize 32, out_qsize 2
2026-03-26 12:04:23,066 - INFO - EPOCH 8 - PROGRESS: at 70.43% examples, 682276 words/s, in_qsize 30, out_qsize 1
2026-03-26 12:04:24,067 - INFO - EPOCH 8 - PROGRESS: at 70.56% examples, 682288 words/s, in_qsize 28, out_qsize 1
2026-03-26 12:04:25,084 - INFO - EPOCH 8 - PROGRESS: at 70.69% examples, 682260 words/s, in_qsize 32, out_qsize 2
2026-03-26 12:04:26,098 - INFO - EPOCH 8 - PROGRESS: at 70.82% examples, 682283 words/s, in_qsize 31, out_qsize 0
2026-03-26 12:04:27,098 - INFO - EPOCH 8 - PROGRESS: at 70.94% examples, 682243 words/s, in_qsize 31, out_qsize 0
2026-03-26 12:04:28,099 - INFO - EPOCH 8 - PROGRESS: at 71.05% examples, 682234 words/s, in_qsize 29, out_qsize 1
2026-03-26 12:04:29,108 - INFO - EPOCH 8 - PROGRESS: at 71.18% examples, 682214 words/s, in_qsize 32, out_qsize 0
2026-03-26 12:04:30,126 - INFO - EPOCH 8 - PROGRESS: at 71.33% examples, 682249 words/s, in_qsize 31, out_qsize 0
2026-03-26 12:04:31,145 - INFO - EPOCH 8 - PROGRESS: at 71.51% examples, 682253 words/s, in_qsize 32, out_qsize 2
2026-03-26 12:04:32,145 - INFO - EPOCH 8 - PROGRESS: at 71.69% examples, 682269 words/s, in_qsize 27, out_qsize 2
2026-03-26 12:04:33,150 - INFO - EPOCH 8 - PROGRESS: at 71.87% examples, 682297 words/s, in_qsize 32, out_qsize 0
2026-03-26 12:04:34,159 - INFO - EPOCH 8 - PROGRESS: at 71.97% examples, 682250 words/s, in_qsize 31, out_qsize 3
2026-03-26 12:04:35,170 - INFO - EPOCH 8 - PROGRESS: at 72.10% examples, 682314 words/s, in_qsize 31, out_qsize 0
2026-03-26 12:04:36,188 - INFO - EPOCH 8 - PROGRESS: at 72.27% examples, 682324 words/s, in_qsize 31, out_qsize 0
2026-03-26 12:04:37,190 - INFO - EPOCH 8 - PROGRESS: at 72.44% examples, 682303 words/s, in_qsize 29, out_qsize 0
2026-03-26 12:04:38,206 - INFO - EPOCH 8 - PROGRESS: at 72.59% examples, 682156 words/s, in_qsize 31, out_qsize 0
2026-03-26 12:04:39,218 - INFO - EPOCH 8 - PROGRESS: at 72.77% examples, 682121 words/s, in_qsize 30, out_qsize 2
2026-03-26 12:04:40,247 - INFO - EPOCH 8 - PROGRESS: at 72.95% examples, 682142 words/s, in_qsize 30, out_qsize 1
2026-03-26 12:04:41,271 - INFO - EPOCH 8 - PROGRESS: at 73.07% examples, 682107 words/s, in_qsize 30, out_qsize 2
2026-03-26 12:04:42,310 - INFO - EPOCH 8 - PROGRESS: at 73.18% examples, 682073 words/s, in_qsize 32, out_qsize 0
2026-03-26 12:04:43,313 - INFO - EPOCH 8 - PROGRESS: at 73.28% examples, 682132 words/s, in_qsize 31, out_qsize 0
2026-03-26 12:04:44,314 - INFO - EPOCH 8 - PROGRESS: at 73.38% examples, 682062 words/s, in_qsize 31, out_qsize 0
2026-03-26 12:04:45,317 - INFO - EPOCH 8 - PROGRESS: at 73.49% examples, 682024 words/s, in_qsize 32, out_qsize 0
2026-03-26 12:04:46,345 - INFO - EPOCH 8 - PROGRESS: at 73.57% examples, 681971 words/s, in_qsize 32, out_qsize 0
2026-03-26 12:04:47,367 - INFO - EPOCH 8 - PROGRESS: at 73.67% examples, 681938 words/s, in_qsize 32, out_qsize 1
2026-03-26 12:04:48,378 - INFO - EPOCH 8 - PROGRESS: at 73.83% examples, 681959 words/s, in_qsize 27, out_qsize 3
2026-03-26 12:04:49,382 - INFO - EPOCH 8 - PROGRESS: at 73.98% examples, 681943 words/s, in_qsize 32, out_qsize 2
2026-03-26 12:04:50,394 - INFO - EPOCH 8 - PROGRESS: at 74.17% examples, 682001 words/s, in_qsize 30, out_qsize 2
2026-03-26 12:04:51,423 - INFO - EPOCH 8 - PROGRESS: at 74.34% examples, 681968 words/s, in_qsize 31, out_qsize 1
2026-03-26 12:04:52,441 - INFO - EPOCH 8 - PROGRESS: at 74.50% examples, 682002 words/s, in_qsize 31, out_qsize 1
2026-03-26 12:04:53,443 - INFO - EPOCH 8 - PROGRESS: at 74.64% examples, 682033 words/s, in_qsize 31, out_qsize 0
2026-03-26 12:04:54,460 - INFO - EPOCH 8 - PROGRESS: at 74.76% examples, 681983 words/s, in_qsize 32, out_qsize 1
2026-03-26 12:04:55,463 - INFO - EPOCH 8 - PROGRESS: at 74.90% examples, 681999 words/s, in_qsize 32, out_qsize 1
2026-03-26 12:04:56,468 - INFO - EPOCH 8 - PROGRESS: at 75.06% examples, 682001 words/s, in_qsize 28, out_qsize 3
2026-03-26 12:04:57,492 - INFO - EPOCH 8 - PROGRESS: at 75.24% examples, 682034 words/s, in_qsize 31, out_qsize 1
2026-03-26 12:04:58,513 - INFO - EPOCH 8 - PROGRESS: at 75.41% examples, 682051 words/s, in_qsize 31, out_qsize 2
2026-03-26 12:04:59,523 - INFO - EPOCH 8 - PROGRESS: at 75.56% examples, 682063 words/s, in_qsize 28, out_qsize 1
2026-03-26 12:05:00,529 - INFO - EPOCH 8 - PROGRESS: at 75.71% examples, 682021 words/s, in_qsize 30, out_qsize 4
2026-03-26 12:05:01,545 - INFO - EPOCH 8 - PROGRESS: at 75.88% examples, 682087 words/s, in_qsize 32, out_qsize 1
2026-03-26 12:05:02,549 - INFO - EPOCH 8 - PROGRESS: at 76.03% examples, 682108 words/s, in_qsize 31, out_qsize 0
2026-03-26 12:05:03,560 - INFO - EPOCH 8 - PROGRESS: at 76.19% examples, 682089 words/s, in_qsize 32, out_qsize 0
2026-03-26 12:05:04,561 - INFO - EPOCH 8 - PROGRESS: at 76.34% examples, 682071 words/s, in_qsize 30, out_qsize 3
2026-03-26 12:05:05,562 - INFO - EPOCH 8 - PROGRESS: at 76.49% examples, 682088 words/s, in_qsize 31, out_qsize 1
2026-03-26 12:05:06,580 - INFO - EPOCH 8 - PROGRESS: at 76.66% examples, 682112 words/s, in_qsize 31, out_qsize 0
2026-03-26 12:05:07,603 - INFO - EPOCH 8 - PROGRESS: at 76.80% examples, 682112 words/s, in_qsize 32, out_qsize 1
2026-03-26 12:05:08,646 - INFO - EPOCH 8 - PROGRESS: at 76.95% examples, 682009 words/s, in_qsize 31, out_qsize 0
2026-03-26 12:05:09,654 - INFO - EPOCH 8 - PROGRESS: at 77.08% examples, 681832 words/s, in_qsize 29, out_qsize 2
2026-03-26 12:05:10,659 - INFO - EPOCH 8 - PROGRESS: at 77.23% examples, 681806 words/s, in_qsize 31, out_qsize 0
2026-03-26 12:05:11,668 - INFO - EPOCH 8 - PROGRESS: at 77.37% examples, 681661 words/s, in_qsize 30, out_qsize 4
2026-03-26 12:05:12,715 - INFO - EPOCH 8 - PROGRESS: at 77.52% examples, 681584 words/s, in_qsize 32, out_qsize 0
2026-03-26 12:05:13,753 - INFO - EPOCH 8 - PROGRESS: at 77.67% examples, 681520 words/s, in_qsize 31, out_qsize 2
2026-03-26 12:05:14,771 - INFO - EPOCH 8 - PROGRESS: at 77.83% examples, 681523 words/s, in_qsize 30, out_qsize 5
2026-03-26 12:05:15,810 - INFO - EPOCH 8 - PROGRESS: at 77.99% examples, 681558 words/s, in_qsize 31, out_qsize 2
2026-03-26 12:05:16,863 - INFO - EPOCH 8 - PROGRESS: at 78.14% examples, 681552 words/s, in_qsize 32, out_qsize 0
2026-03-26 12:05:17,871 - INFO - EPOCH 8 - PROGRESS: at 78.28% examples, 681597 words/s, in_qsize 31, out_qsize 0
2026-03-26 12:05:18,899 - INFO - EPOCH 8 - PROGRESS: at 78.43% examples, 681616 words/s, in_qsize 31, out_qsize 0
2026-03-26 12:05:19,917 - INFO - EPOCH 8 - PROGRESS: at 78.57% examples, 681632 words/s, in_qsize 32, out_qsize 2
2026-03-26 12:05:20,934 - INFO - EPOCH 8 - PROGRESS: at 78.72% examples, 681724 words/s, in_qsize 32, out_qsize 0
2026-03-26 12:05:21,965 - INFO - EPOCH 8 - PROGRESS: at 78.86% examples, 681782 words/s, in_qsize 31, out_qsize 3
2026-03-26 12:05:22,975 - INFO - EPOCH 8 - PROGRESS: at 79.01% examples, 681897 words/s, in_qsize 29, out_qsize 1
2026-03-26 12:05:23,978 - INFO - EPOCH 8 - PROGRESS: at 79.15% examples, 681947 words/s, in_qsize 31, out_qsize 1
2026-03-26 12:05:25,044 - INFO - EPOCH 8 - PROGRESS: at 79.30% examples, 681961 words/s, in_qsize 31, out_qsize 7
2026-03-26 12:05:26,055 - INFO - EPOCH 8 - PROGRESS: at 79.46% examples, 682133 words/s, in_qsize 32, out_qsize 1
2026-03-26 12:05:27,057 - INFO - EPOCH 8 - PROGRESS: at 79.60% examples, 682228 words/s, in_qsize 32, out_qsize 0
2026-03-26 12:05:28,068 - INFO - EPOCH 8 - PROGRESS: at 79.75% examples, 682326 words/s, in_qsize 31, out_qsize 0
2026-03-26 12:05:29,116 - INFO - EPOCH 8 - PROGRESS: at 79.90% examples, 682391 words/s, in_qsize 30, out_qsize 2
2026-03-26 12:05:30,141 - INFO - EPOCH 8 - PROGRESS: at 80.05% examples, 682457 words/s, in_qsize 31, out_qsize 5
2026-03-26 12:05:31,142 - INFO - EPOCH 8 - PROGRESS: at 80.20% examples, 682623 words/s, in_qsize 31, out_qsize 0
2026-03-26 12:05:32,144 - INFO - EPOCH 8 - PROGRESS: at 80.34% examples, 682651 words/s, in_qsize 32, out_qsize 0
2026-03-26 12:05:33,154 - INFO - EPOCH 8 - PROGRESS: at 80.47% examples, 682635 words/s, in_qsize 31, out_qsize 0
2026-03-26 12:05:34,156 - INFO - EPOCH 8 - PROGRESS: at 80.57% examples, 682610 words/s, in_qsize 32, out_qsize 1
2026-03-26 12:05:35,186 - INFO - EPOCH 8 - PROGRESS: at 80.66% examples, 682545 words/s, in_qsize 32, out_qsize 3
2026-03-26 12:05:36,193 - INFO - EPOCH 8 - PROGRESS: at 80.80% examples, 682606 words/s, in_qsize 31, out_qsize 0
2026-03-26 12:05:37,239 - INFO - EPOCH 8 - PROGRESS: at 80.92% examples, 682499 words/s, in_qsize 32, out_qsize 0
2026-03-26 12:05:38,245 - INFO - EPOCH 8 - PROGRESS: at 81.05% examples, 682457 words/s, in_qsize 32, out_qsize 1
2026-03-26 12:05:39,257 - INFO - EPOCH 8 - PROGRESS: at 81.19% examples, 682463 words/s, in_qsize 32, out_qsize 1
2026-03-26 12:05:40,263 - INFO - EPOCH 8 - PROGRESS: at 81.31% examples, 682434 words/s, in_qsize 32, out_qsize 0
2026-03-26 12:05:41,272 - INFO - EPOCH 8 - PROGRESS: at 81.44% examples, 682388 words/s, in_qsize 32, out_qsize 2
2026-03-26 12:05:42,302 - INFO - EPOCH 8 - PROGRESS: at 81.58% examples, 682399 words/s, in_qsize 32, out_qsize 2
2026-03-26 12:05:43,309 - INFO - EPOCH 8 - PROGRESS: at 81.69% examples, 682384 words/s, in_qsize 32, out_qsize 4
2026-03-26 12:05:44,358 - INFO - EPOCH 8 - PROGRESS: at 81.83% examples, 682338 words/s, in_qsize 28, out_qsize 3
2026-03-26 12:05:45,366 - INFO - EPOCH 8 - PROGRESS: at 81.97% examples, 682331 words/s, in_qsize 31, out_qsize 1
2026-03-26 12:05:46,413 - INFO - EPOCH 8 - PROGRESS: at 82.12% examples, 682328 words/s, in_qsize 31, out_qsize 3
2026-03-26 12:05:47,428 - INFO - EPOCH 8 - PROGRESS: at 82.27% examples, 682335 words/s, in_qsize 32, out_qsize 0
2026-03-26 12:05:48,435 - INFO - EPOCH 8 - PROGRESS: at 82.41% examples, 682363 words/s, in_qsize 31, out_qsize 0
2026-03-26 12:05:49,437 - INFO - EPOCH 8 - PROGRESS: at 82.55% examples, 682333 words/s, in_qsize 31, out_qsize 0
2026-03-26 12:05:50,448 - INFO - EPOCH 8 - PROGRESS: at 82.69% examples, 682252 words/s, in_qsize 28, out_qsize 6
2026-03-26 12:05:51,457 - INFO - EPOCH 8 - PROGRESS: at 82.81% examples, 682283 words/s, in_qsize 30, out_qsize 1
2026-03-26 12:05:52,459 - INFO - EPOCH 8 - PROGRESS: at 82.92% examples, 682293 words/s, in_qsize 31, out_qsize 0
2026-03-26 12:05:53,472 - INFO - EPOCH 8 - PROGRESS: at 83.04% examples, 682290 words/s, in_qsize 31, out_qsize 1
2026-03-26 12:05:54,498 - INFO - EPOCH 8 - PROGRESS: at 83.15% examples, 682259 words/s, in_qsize 32, out_qsize 4
2026-03-26 12:05:55,501 - INFO - EPOCH 8 - PROGRESS: at 83.26% examples, 682325 words/s, in_qsize 30, out_qsize 1
2026-03-26 12:05:56,515 - INFO - EPOCH 8 - PROGRESS: at 83.38% examples, 682319 words/s, in_qsize 30, out_qsize 1
2026-03-26 12:05:57,522 - INFO - EPOCH 8 - PROGRESS: at 83.51% examples, 682312 words/s, in_qsize 30, out_qsize 1
2026-03-26 12:05:58,524 - INFO - EPOCH 8 - PROGRESS: at 83.62% examples, 682273 words/s, in_qsize 32, out_qsize 4
2026-03-26 12:05:59,530 - INFO - EPOCH 8 - PROGRESS: at 83.78% examples, 682325 words/s, in_qsize 29, out_qsize 1
2026-03-26 12:06:00,546 - INFO - EPOCH 8 - PROGRESS: at 83.93% examples, 682299 words/s, in_qsize 32, out_qsize 0
2026-03-26 12:06:01,557 - INFO - EPOCH 8 - PROGRESS: at 84.09% examples, 682317 words/s, in_qsize 32, out_qsize 1
2026-03-26 12:06:02,569 - INFO - EPOCH 8 - PROGRESS: at 84.23% examples, 682317 words/s, in_qsize 32, out_qsize 1
2026-03-26 12:06:03,580 - INFO - EPOCH 8 - PROGRESS: at 84.34% examples, 682302 words/s, in_qsize 32, out_qsize 0
2026-03-26 12:06:04,588 - INFO - EPOCH 8 - PROGRESS: at 84.44% examples, 682308 words/s, in_qsize 32, out_qsize 0
2026-03-26 12:06:05,613 - INFO - EPOCH 8 - PROGRESS: at 84.54% examples, 682262 words/s, in_qsize 32, out_qsize 4
2026-03-26 12:06:06,615 - INFO - EPOCH 8 - PROGRESS: at 84.64% examples, 682299 words/s, in_qsize 32, out_qsize 0
2026-03-26 12:06:07,615 - INFO - EPOCH 8 - PROGRESS: at 84.70% examples, 682191 words/s, in_qsize 31, out_qsize 2
2026-03-26 12:06:08,616 - INFO - EPOCH 8 - PROGRESS: at 84.81% examples, 682219 words/s, in_qsize 30, out_qsize 1
2026-03-26 12:06:09,639 - INFO - EPOCH 8 - PROGRESS: at 84.99% examples, 682233 words/s, in_qsize 32, out_qsize 1
2026-03-26 12:06:10,642 - INFO - EPOCH 8 - PROGRESS: at 85.15% examples, 682281 words/s, in_qsize 31, out_qsize 0
2026-03-26 12:06:11,647 - INFO - EPOCH 8 - PROGRESS: at 85.29% examples, 682282 words/s, in_qsize 31, out_qsize 0
2026-03-26 12:06:12,648 - INFO - EPOCH 8 - PROGRESS: at 85.44% examples, 682285 words/s, in_qsize 31, out_qsize 0
2026-03-26 12:06:13,652 - INFO - EPOCH 8 - PROGRESS: at 85.59% examples, 682320 words/s, in_qsize 31, out_qsize 0
2026-03-26 12:06:14,665 - INFO - EPOCH 8 - PROGRESS: at 85.73% examples, 682234 words/s, in_qsize 31, out_qsize 1
2026-03-26 12:06:15,695 - INFO - EPOCH 8 - PROGRESS: at 85.87% examples, 682197 words/s, in_qsize 32, out_qsize 2
2026-03-26 12:06:16,714 - INFO - EPOCH 8 - PROGRESS: at 86.03% examples, 682267 words/s, in_qsize 31, out_qsize 0
2026-03-26 12:06:17,715 - INFO - EPOCH 8 - PROGRESS: at 86.17% examples, 682264 words/s, in_qsize 31, out_qsize 1
2026-03-26 12:06:18,723 - INFO - EPOCH 8 - PROGRESS: at 86.33% examples, 682304 words/s, in_qsize 32, out_qsize 1
2026-03-26 12:06:19,741 - INFO - EPOCH 8 - PROGRESS: at 86.45% examples, 682279 words/s, in_qsize 30, out_qsize 1
2026-03-26 12:06:20,770 - INFO - EPOCH 8 - PROGRESS: at 86.57% examples, 682213 words/s, in_qsize 32, out_qsize 5
2026-03-26 12:06:21,802 - INFO - EPOCH 8 - PROGRESS: at 86.70% examples, 682236 words/s, in_qsize 32, out_qsize 0
2026-03-26 12:06:22,818 - INFO - EPOCH 8 - PROGRESS: at 86.88% examples, 682266 words/s, in_qsize 32, out_qsize 0
2026-03-26 12:06:23,827 - INFO - EPOCH 8 - PROGRESS: at 87.05% examples, 682225 words/s, in_qsize 31, out_qsize 5
2026-03-26 12:06:24,852 - INFO - EPOCH 8 - PROGRESS: at 87.22% examples, 682328 words/s, in_qsize 32, out_qsize 1
2026-03-26 12:06:25,874 - INFO - EPOCH 8 - PROGRESS: at 87.38% examples, 682335 words/s, in_qsize 31, out_qsize 0
2026-03-26 12:06:26,916 - INFO - EPOCH 8 - PROGRESS: at 87.51% examples, 682258 words/s, in_qsize 31, out_qsize 7
2026-03-26 12:06:27,918 - INFO - EPOCH 8 - PROGRESS: at 87.65% examples, 682326 words/s, in_qsize 31, out_qsize 1
2026-03-26 12:06:28,927 - INFO - EPOCH 8 - PROGRESS: at 87.78% examples, 682333 words/s, in_qsize 31, out_qsize 0
2026-03-26 12:06:29,932 - INFO - EPOCH 8 - PROGRESS: at 87.91% examples, 682333 words/s, in_qsize 32, out_qsize 0
2026-03-26 12:06:30,952 - INFO - EPOCH 8 - PROGRESS: at 88.01% examples, 682264 words/s, in_qsize 32, out_qsize 4
2026-03-26 12:06:31,963 - INFO - EPOCH 8 - PROGRESS: at 88.13% examples, 682308 words/s, in_qsize 32, out_qsize 0
2026-03-26 12:06:32,963 - INFO - EPOCH 8 - PROGRESS: at 88.25% examples, 682262 words/s, in_qsize 32, out_qsize 1
2026-03-26 12:06:33,969 - INFO - EPOCH 8 - PROGRESS: at 88.40% examples, 682281 words/s, in_qsize 31, out_qsize 0
2026-03-26 12:06:34,972 - INFO - EPOCH 8 - PROGRESS: at 88.57% examples, 682295 words/s, in_qsize 32, out_qsize 3
2026-03-26 12:06:35,990 - INFO - EPOCH 8 - PROGRESS: at 88.72% examples, 682310 words/s, in_qsize 31, out_qsize 1
2026-03-26 12:06:37,002 - INFO - EPOCH 8 - PROGRESS: at 88.83% examples, 682308 words/s, in_qsize 30, out_qsize 1
2026-03-26 12:06:38,009 - INFO - EPOCH 8 - PROGRESS: at 88.93% examples, 682295 words/s, in_qsize 31, out_qsize 0
2026-03-26 12:06:39,010 - INFO - EPOCH 8 - PROGRESS: at 89.07% examples, 682322 words/s, in_qsize 30, out_qsize 1
2026-03-26 12:06:40,019 - INFO - EPOCH 8 - PROGRESS: at 89.23% examples, 682306 words/s, in_qsize 31, out_qsize 1
2026-03-26 12:06:41,027 - INFO - EPOCH 8 - PROGRESS: at 89.39% examples, 682315 words/s, in_qsize 32, out_qsize 1
2026-03-26 12:06:42,043 - INFO - EPOCH 8 - PROGRESS: at 89.56% examples, 682339 words/s, in_qsize 32, out_qsize 0
2026-03-26 12:06:43,059 - INFO - EPOCH 8 - PROGRESS: at 89.72% examples, 682360 words/s, in_qsize 29, out_qsize 2
2026-03-26 12:06:44,080 - INFO - EPOCH 8 - PROGRESS: at 89.90% examples, 682367 words/s, in_qsize 31, out_qsize 0
2026-03-26 12:06:45,110 - INFO - EPOCH 8 - PROGRESS: at 90.07% examples, 682354 words/s, in_qsize 29, out_qsize 3
2026-03-26 12:06:46,117 - INFO - EPOCH 8 - PROGRESS: at 90.24% examples, 682390 words/s, in_qsize 30, out_qsize 0
2026-03-26 12:06:47,120 - INFO - EPOCH 8 - PROGRESS: at 90.42% examples, 682442 words/s, in_qsize 31, out_qsize 0
2026-03-26 12:06:48,143 - INFO - EPOCH 8 - PROGRESS: at 90.59% examples, 682384 words/s, in_qsize 32, out_qsize 2
2026-03-26 12:06:49,167 - INFO - EPOCH 8 - PROGRESS: at 90.74% examples, 682291 words/s, in_qsize 30, out_qsize 1
2026-03-26 12:06:50,173 - INFO - EPOCH 8 - PROGRESS: at 90.92% examples, 682302 words/s, in_qsize 32, out_qsize 0
2026-03-26 12:06:51,175 - INFO - EPOCH 8 - PROGRESS: at 91.08% examples, 682293 words/s, in_qsize 30, out_qsize 0
2026-03-26 12:06:52,176 - INFO - EPOCH 8 - PROGRESS: at 91.26% examples, 682298 words/s, in_qsize 30, out_qsize 0
2026-03-26 12:06:53,228 - INFO - EPOCH 8 - PROGRESS: at 91.39% examples, 682255 words/s, in_qsize 32, out_qsize 1
2026-03-26 12:06:54,238 - INFO - EPOCH 8 - PROGRESS: at 91.48% examples, 682229 words/s, in_qsize 32, out_qsize 1
2026-03-26 12:06:55,261 - INFO - EPOCH 8 - PROGRESS: at 91.62% examples, 682228 words/s, in_qsize 31, out_qsize 3
2026-03-26 12:06:56,262 - INFO - EPOCH 8 - PROGRESS: at 91.77% examples, 682267 words/s, in_qsize 32, out_qsize 0
2026-03-26 12:06:57,269 - INFO - EPOCH 8 - PROGRESS: at 91.96% examples, 682259 words/s, in_qsize 32, out_qsize 0
2026-03-26 12:06:58,300 - INFO - EPOCH 8 - PROGRESS: at 92.15% examples, 682249 words/s, in_qsize 32, out_qsize 0
2026-03-26 12:06:59,302 - INFO - EPOCH 8 - PROGRESS: at 92.34% examples, 682270 words/s, in_qsize 31, out_qsize 0
2026-03-26 12:07:00,324 - INFO - EPOCH 8 - PROGRESS: at 92.52% examples, 682221 words/s, in_qsize 32, out_qsize 0
2026-03-26 12:07:01,346 - INFO - EPOCH 8 - PROGRESS: at 92.71% examples, 682220 words/s, in_qsize 31, out_qsize 2
2026-03-26 12:07:02,370 - INFO - EPOCH 8 - PROGRESS: at 92.91% examples, 682254 words/s, in_qsize 30, out_qsize 1
2026-03-26 12:07:03,372 - INFO - EPOCH 8 - PROGRESS: at 93.11% examples, 682332 words/s, in_qsize 32, out_qsize 1
2026-03-26 12:07:04,381 - INFO - EPOCH 8 - PROGRESS: at 93.29% examples, 682309 words/s, in_qsize 30, out_qsize 1
2026-03-26 12:07:05,402 - INFO - EPOCH 8 - PROGRESS: at 93.48% examples, 682320 words/s, in_qsize 31, out_qsize 1
2026-03-26 12:07:06,423 - INFO - EPOCH 8 - PROGRESS: at 93.67% examples, 682332 words/s, in_qsize 32, out_qsize 2
2026-03-26 12:07:07,449 - INFO - EPOCH 8 - PROGRESS: at 93.87% examples, 682373 words/s, in_qsize 31, out_qsize 0
2026-03-26 12:07:08,465 - INFO - EPOCH 8 - PROGRESS: at 94.07% examples, 682414 words/s, in_qsize 29, out_qsize 2
2026-03-26 12:07:09,493 - INFO - EPOCH 8 - PROGRESS: at 94.25% examples, 682335 words/s, in_qsize 31, out_qsize 0
2026-03-26 12:07:10,496 - INFO - EPOCH 8 - PROGRESS: at 94.39% examples, 682307 words/s, in_qsize 29, out_qsize 2
2026-03-26 12:07:11,498 - INFO - EPOCH 8 - PROGRESS: at 94.50% examples, 682322 words/s, in_qsize 31, out_qsize 0
2026-03-26 12:07:12,510 - INFO - EPOCH 8 - PROGRESS: at 94.60% examples, 682299 words/s, in_qsize 31, out_qsize 0
2026-03-26 12:07:13,537 - INFO - EPOCH 8 - PROGRESS: at 94.72% examples, 682267 words/s, in_qsize 32, out_qsize 3
2026-03-26 12:07:14,557 - INFO - EPOCH 8 - PROGRESS: at 94.85% examples, 682280 words/s, in_qsize 32, out_qsize 3
2026-03-26 12:07:15,626 - INFO - EPOCH 8 - PROGRESS: at 94.96% examples, 682221 words/s, in_qsize 31, out_qsize 5
2026-03-26 12:07:16,644 - INFO - EPOCH 8 - PROGRESS: at 95.07% examples, 682264 words/s, in_qsize 32, out_qsize 2
2026-03-26 12:07:17,650 - INFO - EPOCH 8 - PROGRESS: at 95.23% examples, 682302 words/s, in_qsize 32, out_qsize 1
2026-03-26 12:07:18,651 - INFO - EPOCH 8 - PROGRESS: at 95.29% examples, 682272 words/s, in_qsize 30, out_qsize 0
2026-03-26 12:07:19,658 - INFO - EPOCH 8 - PROGRESS: at 95.42% examples, 682302 words/s, in_qsize 31, out_qsize 0
2026-03-26 12:07:20,692 - INFO - EPOCH 8 - PROGRESS: at 95.57% examples, 682239 words/s, in_qsize 31, out_qsize 5
2026-03-26 12:07:21,709 - INFO - EPOCH 8 - PROGRESS: at 95.74% examples, 682293 words/s, in_qsize 30, out_qsize 2
2026-03-26 12:07:22,739 - INFO - EPOCH 8 - PROGRESS: at 95.83% examples, 682262 words/s, in_qsize 32, out_qsize 0
2026-03-26 12:07:23,752 - INFO - EPOCH 8 - PROGRESS: at 95.95% examples, 682253 words/s, in_qsize 32, out_qsize 2
2026-03-26 12:07:24,776 - INFO - EPOCH 8 - PROGRESS: at 96.02% examples, 682211 words/s, in_qsize 29, out_qsize 3
2026-03-26 12:07:25,797 - INFO - EPOCH 8 - PROGRESS: at 96.16% examples, 682228 words/s, in_qsize 32, out_qsize 0
2026-03-26 12:07:26,804 - INFO - EPOCH 8 - PROGRESS: at 96.30% examples, 682233 words/s, in_qsize 31, out_qsize 0
2026-03-26 12:07:27,808 - INFO - EPOCH 8 - PROGRESS: at 96.44% examples, 682241 words/s, in_qsize 32, out_qsize 0
2026-03-26 12:07:28,814 - INFO - EPOCH 8 - PROGRESS: at 96.57% examples, 682233 words/s, in_qsize 31, out_qsize 0
2026-03-26 12:07:29,838 - INFO - EPOCH 8 - PROGRESS: at 96.71% examples, 682223 words/s, in_qsize 32, out_qsize 1
2026-03-26 12:07:30,854 - INFO - EPOCH 8 - PROGRESS: at 96.90% examples, 682267 words/s, in_qsize 32, out_qsize 0
2026-03-26 12:07:31,883 - INFO - EPOCH 8 - PROGRESS: at 96.96% examples, 682208 words/s, in_qsize 30, out_qsize 1
2026-03-26 12:07:32,918 - INFO - EPOCH 8 - PROGRESS: at 97.06% examples, 682191 words/s, in_qsize 32, out_qsize 0
2026-03-26 12:07:33,939 - INFO - EPOCH 8 - PROGRESS: at 97.17% examples, 682171 words/s, in_qsize 29, out_qsize 2
2026-03-26 12:07:34,940 - INFO - EPOCH 8 - PROGRESS: at 97.33% examples, 682213 words/s, in_qsize 30, out_qsize 0
2026-03-26 12:07:35,945 - INFO - EPOCH 8 - PROGRESS: at 97.49% examples, 682201 words/s, in_qsize 31, out_qsize 1
2026-03-26 12:07:36,962 - INFO - EPOCH 8 - PROGRESS: at 97.58% examples, 682160 words/s, in_qsize 31, out_qsize 2
2026-03-26 12:07:37,973 - INFO - EPOCH 8 - PROGRESS: at 97.70% examples, 682174 words/s, in_qsize 29, out_qsize 2
2026-03-26 12:07:38,979 - INFO - EPOCH 8 - PROGRESS: at 97.83% examples, 682191 words/s, in_qsize 31, out_qsize 0
2026-03-26 12:07:40,044 - INFO - EPOCH 8 - PROGRESS: at 97.93% examples, 682070 words/s, in_qsize 30, out_qsize 6
2026-03-26 12:07:41,056 - INFO - EPOCH 8 - PROGRESS: at 98.05% examples, 682058 words/s, in_qsize 32, out_qsize 2
2026-03-26 12:07:42,059 - INFO - EPOCH 8 - PROGRESS: at 98.19% examples, 682070 words/s, in_qsize 31, out_qsize 3
2026-03-26 12:07:43,066 - INFO - EPOCH 8 - PROGRESS: at 98.32% examples, 682076 words/s, in_qsize 32, out_qsize 2
2026-03-26 12:07:44,077 - INFO - EPOCH 8 - PROGRESS: at 98.46% examples, 682115 words/s, in_qsize 31, out_qsize 0
2026-03-26 12:07:45,090 - INFO - EPOCH 8 - PROGRESS: at 98.55% examples, 682084 words/s, in_qsize 32, out_qsize 3
2026-03-26 12:07:46,100 - INFO - EPOCH 8 - PROGRESS: at 98.64% examples, 682074 words/s, in_qsize 32, out_qsize 0
2026-03-26 12:07:47,120 - INFO - EPOCH 8 - PROGRESS: at 98.74% examples, 682068 words/s, in_qsize 31, out_qsize 0
2026-03-26 12:07:48,127 - INFO - EPOCH 8 - PROGRESS: at 98.86% examples, 682059 words/s, in_qsize 32, out_qsize 1
2026-03-26 12:07:49,132 - INFO - EPOCH 8 - PROGRESS: at 99.02% examples, 682050 words/s, in_qsize 30, out_qsize 3
2026-03-26 12:07:50,139 - INFO - EPOCH 8 - PROGRESS: at 99.20% examples, 682113 words/s, in_qsize 31, out_qsize 1
2026-03-26 12:07:51,141 - INFO - EPOCH 8 - PROGRESS: at 99.34% examples, 682099 words/s, in_qsize 31, out_qsize 2
2026-03-26 12:07:52,171 - INFO - EPOCH 8 - PROGRESS: at 99.49% examples, 682112 words/s, in_qsize 31, out_qsize 0
2026-03-26 12:07:53,187 - INFO - EPOCH 8 - PROGRESS: at 99.63% examples, 682101 words/s, in_qsize 31, out_qsize 0
2026-03-26 12:07:54,192 - INFO - EPOCH 8 - PROGRESS: at 99.75% examples, 682109 words/s, in_qsize 30, out_qsize 0
2026-03-26 12:07:55,213 - INFO - EPOCH 8 - PROGRESS: at 99.89% examples, 682090 words/s, in_qsize 32, out_qsize 0
2026-03-26 12:07:56,172 - DEBUG - job loop exiting, total 60863 jobs
2026-03-26 12:07:56,216 - INFO - EPOCH 8 - PROGRESS: at 99.97% examples, 682073 words/s, in_qsize 29, out_qsize 0
2026-03-26 12:07:56,369 - DEBUG - worker exiting, processed 3793 jobs
2026-03-26 12:07:56,369 - DEBUG - worker thread finished; awaiting finish of 15 more threads
2026-03-26 12:07:56,370 - DEBUG - worker exiting, processed 3797 jobs
2026-03-26 12:07:56,370 - DEBUG - worker thread finished; awaiting finish of 14 more threads
2026-03-26 12:07:56,389 - DEBUG - worker exiting, processed 3819 jobs
2026-03-26 12:07:56,389 - DEBUG - worker thread finished; awaiting finish of 13 more threads
2026-03-26 12:07:56,400 - DEBUG - worker exiting, processed 3797 jobs
2026-03-26 12:07:56,401 - DEBUG - worker thread finished; awaiting finish of 12 more threads
2026-03-26 12:07:56,405 - DEBUG - worker exiting, processed 3801 jobs
2026-03-26 12:07:56,406 - DEBUG - worker thread finished; awaiting finish of 11 more threads
2026-03-26 12:07:56,420 - DEBUG - worker exiting, processed 3804 jobs
2026-03-26 12:07:56,420 - DEBUG - worker thread finished; awaiting finish of 10 more threads
2026-03-26 12:07:56,421 - DEBUG - worker exiting, processed 3810 jobs
2026-03-26 12:07:56,421 - DEBUG - worker thread finished; awaiting finish of 9 more threads
2026-03-26 12:07:56,431 - DEBUG - worker exiting, processed 3809 jobs
2026-03-26 12:07:56,431 - DEBUG - worker thread finished; awaiting finish of 8 more threads
2026-03-26 12:07:56,439 - DEBUG - worker exiting, processed 3799 jobs
2026-03-26 12:07:56,439 - DEBUG - worker thread finished; awaiting finish of 7 more threads
2026-03-26 12:07:56,454 - DEBUG - worker exiting, processed 3804 jobs
2026-03-26 12:07:56,454 - DEBUG - worker thread finished; awaiting finish of 6 more threads
2026-03-26 12:07:56,465 - DEBUG - worker exiting, processed 3804 jobs
2026-03-26 12:07:56,465 - DEBUG - worker thread finished; awaiting finish of 5 more threads
2026-03-26 12:07:56,474 - DEBUG - worker exiting, processed 3797 jobs
2026-03-26 12:07:56,474 - DEBUG - worker thread finished; awaiting finish of 4 more threads
2026-03-26 12:07:56,480 - DEBUG - worker exiting, processed 3807 jobs
2026-03-26 12:07:56,480 - DEBUG - worker thread finished; awaiting finish of 3 more threads
2026-03-26 12:07:56,486 - DEBUG - worker exiting, processed 3812 jobs
2026-03-26 12:07:56,486 - DEBUG - worker thread finished; awaiting finish of 2 more threads
2026-03-26 12:07:56,487 - DEBUG - worker exiting, processed 3810 jobs
2026-03-26 12:07:56,487 - DEBUG - worker thread finished; awaiting finish of 1 more threads
2026-03-26 12:07:56,492 - DEBUG - worker exiting, processed 3800 jobs
2026-03-26 12:07:56,492 - DEBUG - worker thread finished; awaiting finish of 0 more threads
2026-03-26 12:07:56,492 - INFO - EPOCH 8: training on 604933589 raw words (478047887 effective words) took 700.8s, 682120 effective words/s
2026-03-26 12:07:56,492 - INFO - Epoch 9 completed in 700.8s
2026-03-26 12:07:56,493 - INFO - Epoch 10 starting...
2026-03-26 12:07:57,518 - INFO - EPOCH 9 - PROGRESS: at 0.08% examples, 526225 words/s, in_qsize 32, out_qsize 0
2026-03-26 12:07:58,550 - INFO - EPOCH 9 - PROGRESS: at 0.21% examples, 590052 words/s, in_qsize 30, out_qsize 1
2026-03-26 12:07:59,552 - INFO - EPOCH 9 - PROGRESS: at 0.36% examples, 618220 words/s, in_qsize 30, out_qsize 1
2026-03-26 12:08:00,554 - INFO - EPOCH 9 - PROGRESS: at 0.51% examples, 628046 words/s, in_qsize 27, out_qsize 4
2026-03-26 12:08:01,556 - INFO - EPOCH 9 - PROGRESS: at 0.67% examples, 643534 words/s, in_qsize 32, out_qsize 0
2026-03-26 12:08:02,563 - INFO - EPOCH 9 - PROGRESS: at 0.83% examples, 652225 words/s, in_qsize 31, out_qsize 0
2026-03-26 12:08:03,563 - INFO - EPOCH 9 - PROGRESS: at 0.98% examples, 654545 words/s, in_qsize 30, out_qsize 1
2026-03-26 12:08:04,582 - INFO - EPOCH 9 - PROGRESS: at 1.13% examples, 658518 words/s, in_qsize 32, out_qsize 0
2026-03-26 12:08:05,586 - INFO - EPOCH 9 - PROGRESS: at 1.29% examples, 660181 words/s, in_qsize 32, out_qsize 0
2026-03-26 12:08:06,599 - INFO - EPOCH 9 - PROGRESS: at 1.41% examples, 662301 words/s, in_qsize 31, out_qsize 0
2026-03-26 12:08:07,639 - INFO - EPOCH 9 - PROGRESS: at 1.54% examples, 663884 words/s, in_qsize 31, out_qsize 1
2026-03-26 12:08:08,760 - INFO - EPOCH 9 - PROGRESS: at 1.67% examples, 660728 words/s, in_qsize 32, out_qsize 0
2026-03-26 12:08:09,763 - INFO - EPOCH 9 - PROGRESS: at 1.77% examples, 656249 words/s, in_qsize 25, out_qsize 6
2026-03-26 12:08:10,772 - INFO - EPOCH 9 - PROGRESS: at 1.89% examples, 654328 words/s, in_qsize 31, out_qsize 0
2026-03-26 12:08:11,774 - INFO - EPOCH 9 - PROGRESS: at 2.00% examples, 655748 words/s, in_qsize 31, out_qsize 0
2026-03-26 12:08:12,830 - INFO - EPOCH 9 - PROGRESS: at 2.12% examples, 655904 words/s, in_qsize 32, out_qsize 2
2026-03-26 12:08:13,835 - INFO - EPOCH 9 - PROGRESS: at 2.24% examples, 658479 words/s, in_qsize 32, out_qsize 0
2026-03-26 12:08:14,841 - INFO - EPOCH 9 - PROGRESS: at 2.35% examples, 658929 words/s, in_qsize 30, out_qsize 1
2026-03-26 12:08:15,847 - INFO - EPOCH 9 - PROGRESS: at 2.47% examples, 659788 words/s, in_qsize 32, out_qsize 0
2026-03-26 12:08:16,854 - INFO - EPOCH 9 - PROGRESS: at 2.59% examples, 662039 words/s, in_qsize 30, out_qsize 0
2026-03-26 12:08:17,884 - INFO - EPOCH 9 - PROGRESS: at 2.71% examples, 661637 words/s, in_qsize 32, out_qsize 2
2026-03-26 12:08:18,889 - INFO - EPOCH 9 - PROGRESS: at 2.83% examples, 662274 words/s, in_qsize 28, out_qsize 3
2026-03-26 12:08:19,908 - INFO - EPOCH 9 - PROGRESS: at 2.95% examples, 662125 words/s, in_qsize 31, out_qsize 3
2026-03-26 12:08:20,922 - INFO - EPOCH 9 - PROGRESS: at 3.07% examples, 663810 words/s, in_qsize 31, out_qsize 0
2026-03-26 12:08:21,959 - INFO - EPOCH 9 - PROGRESS: at 3.24% examples, 664280 words/s, in_qsize 32, out_qsize 0
2026-03-26 12:08:22,984 - INFO - EPOCH 9 - PROGRESS: at 3.39% examples, 665061 words/s, in_qsize 31, out_qsize 0
2026-03-26 12:08:24,004 - INFO - EPOCH 9 - PROGRESS: at 3.53% examples, 665414 words/s, in_qsize 32, out_qsize 0
2026-03-26 12:08:25,009 - INFO - EPOCH 9 - PROGRESS: at 3.67% examples, 665712 words/s, in_qsize 31, out_qsize 1
2026-03-26 12:08:26,016 - INFO - EPOCH 9 - PROGRESS: at 3.81% examples, 666283 words/s, in_qsize 29, out_qsize 2
2026-03-26 12:08:27,051 - INFO - EPOCH 9 - PROGRESS: at 3.96% examples, 666855 words/s, in_qsize 30, out_qsize 4
2026-03-26 12:08:28,060 - INFO - EPOCH 9 - PROGRESS: at 4.12% examples, 667942 words/s, in_qsize 31, out_qsize 0
2026-03-26 12:08:29,073 - INFO - EPOCH 9 - PROGRESS: at 4.27% examples, 668403 words/s, in_qsize 30, out_qsize 1
2026-03-26 12:08:30,074 - INFO - EPOCH 9 - PROGRESS: at 4.41% examples, 669595 words/s, in_qsize 30, out_qsize 0
2026-03-26 12:08:31,102 - INFO - EPOCH 9 - PROGRESS: at 4.54% examples, 669244 words/s, in_qsize 29, out_qsize 2
2026-03-26 12:08:32,117 - INFO - EPOCH 9 - PROGRESS: at 4.65% examples, 669278 words/s, in_qsize 30, out_qsize 3
2026-03-26 12:08:33,120 - INFO - EPOCH 9 - PROGRESS: at 4.75% examples, 669891 words/s, in_qsize 32, out_qsize 0
2026-03-26 12:08:34,146 - INFO - EPOCH 9 - PROGRESS: at 4.85% examples, 669593 words/s, in_qsize 30, out_qsize 1
2026-03-26 12:08:35,154 - INFO - EPOCH 9 - PROGRESS: at 4.95% examples, 669295 words/s, in_qsize 32, out_qsize 2
2026-03-26 12:08:36,167 - INFO - EPOCH 9 - PROGRESS: at 5.07% examples, 669865 words/s, in_qsize 32, out_qsize 1
2026-03-26 12:08:37,192 - INFO - EPOCH 9 - PROGRESS: at 5.23% examples, 670307 words/s, in_qsize 32, out_qsize 0
2026-03-26 12:08:38,207 - INFO - EPOCH 9 - PROGRESS: at 5.37% examples, 670288 words/s, in_qsize 32, out_qsize 0
2026-03-26 12:08:39,211 - INFO - EPOCH 9 - PROGRESS: at 5.52% examples, 670476 words/s, in_qsize 28, out_qsize 0
2026-03-26 12:08:40,230 - INFO - EPOCH 9 - PROGRESS: at 5.66% examples, 670408 words/s, in_qsize 30, out_qsize 3
2026-03-26 12:08:41,272 - INFO - EPOCH 9 - PROGRESS: at 5.77% examples, 670516 words/s, in_qsize 32, out_qsize 0
2026-03-26 12:08:42,290 - INFO - EPOCH 9 - PROGRESS: at 5.89% examples, 669654 words/s, in_qsize 32, out_qsize 8
2026-03-26 12:08:43,292 - INFO - EPOCH 9 - PROGRESS: at 6.06% examples, 671453 words/s, in_qsize 31, out_qsize 0
2026-03-26 12:08:44,328 - INFO - EPOCH 9 - PROGRESS: at 6.19% examples, 670746 words/s, in_qsize 32, out_qsize 0
2026-03-26 12:08:45,347 - INFO - EPOCH 9 - PROGRESS: at 6.39% examples, 670756 words/s, in_qsize 31, out_qsize 0
2026-03-26 12:08:46,366 - INFO - EPOCH 9 - PROGRESS: at 6.59% examples, 670620 words/s, in_qsize 30, out_qsize 1
2026-03-26 12:08:47,366 - INFO - EPOCH 9 - PROGRESS: at 6.80% examples, 671049 words/s, in_qsize 31, out_qsize 0
2026-03-26 12:08:48,380 - INFO - EPOCH 9 - PROGRESS: at 7.01% examples, 671600 words/s, in_qsize 31, out_qsize 4
2026-03-26 12:08:49,399 - INFO - EPOCH 9 - PROGRESS: at 7.17% examples, 672339 words/s, in_qsize 30, out_qsize 1
2026-03-26 12:08:50,402 - INFO - EPOCH 9 - PROGRESS: at 7.25% examples, 672314 words/s, in_qsize 31, out_qsize 0
2026-03-26 12:08:51,404 - INFO - EPOCH 9 - PROGRESS: at 7.43% examples, 672627 words/s, in_qsize 31, out_qsize 0
2026-03-26 12:08:52,404 - INFO - EPOCH 9 - PROGRESS: at 7.54% examples, 671950 words/s, in_qsize 31, out_qsize 5
2026-03-26 12:08:53,412 - INFO - EPOCH 9 - PROGRESS: at 7.66% examples, 672567 words/s, in_qsize 32, out_qsize 1
2026-03-26 12:08:54,435 - INFO - EPOCH 9 - PROGRESS: at 7.81% examples, 672705 words/s, in_qsize 32, out_qsize 2
2026-03-26 12:08:55,455 - INFO - EPOCH 9 - PROGRESS: at 7.94% examples, 672666 words/s, in_qsize 31, out_qsize 5
2026-03-26 12:08:56,488 - INFO - EPOCH 9 - PROGRESS: at 8.09% examples, 673543 words/s, in_qsize 31, out_qsize 0
2026-03-26 12:08:57,498 - INFO - EPOCH 9 - PROGRESS: at 8.21% examples, 673207 words/s, in_qsize 31, out_qsize 3
2026-03-26 12:08:58,514 - INFO - EPOCH 9 - PROGRESS: at 8.35% examples, 673472 words/s, in_qsize 29, out_qsize 4
2026-03-26 12:08:59,528 - INFO - EPOCH 9 - PROGRESS: at 8.47% examples, 674011 words/s, in_qsize 32, out_qsize 0
2026-03-26 12:09:00,540 - INFO - EPOCH 9 - PROGRESS: at 8.56% examples, 673834 words/s, in_qsize 31, out_qsize 0
2026-03-26 12:09:01,554 - INFO - EPOCH 9 - PROGRESS: at 8.68% examples, 673735 words/s, in_qsize 28, out_qsize 1
2026-03-26 12:09:02,555 - INFO - EPOCH 9 - PROGRESS: at 8.81% examples, 673900 words/s, in_qsize 31, out_qsize 0
2026-03-26 12:09:03,606 - INFO - EPOCH 9 - PROGRESS: at 8.97% examples, 673742 words/s, in_qsize 29, out_qsize 3
2026-03-26 12:09:04,635 - INFO - EPOCH 9 - PROGRESS: at 9.08% examples, 673867 words/s, in_qsize 29, out_qsize 2
2026-03-26 12:09:05,670 - INFO - EPOCH 9 - PROGRESS: at 9.22% examples, 674094 words/s, in_qsize 30, out_qsize 3
2026-03-26 12:09:06,685 - INFO - EPOCH 9 - PROGRESS: at 9.36% examples, 674462 words/s, in_qsize 32, out_qsize 0
2026-03-26 12:09:07,693 - INFO - EPOCH 9 - PROGRESS: at 9.47% examples, 674302 words/s, in_qsize 32, out_qsize 1
2026-03-26 12:09:08,704 - INFO - EPOCH 9 - PROGRESS: at 9.59% examples, 674470 words/s, in_qsize 31, out_qsize 2
2026-03-26 12:09:09,718 - INFO - EPOCH 9 - PROGRESS: at 9.72% examples, 673785 words/s, in_qsize 31, out_qsize 0
2026-03-26 12:09:10,724 - INFO - EPOCH 9 - PROGRESS: at 9.86% examples, 673690 words/s, in_qsize 31, out_qsize 0
2026-03-26 12:09:11,773 - INFO - EPOCH 9 - PROGRESS: at 9.99% examples, 672143 words/s, in_qsize 31, out_qsize 1
2026-03-26 12:09:12,818 - INFO - EPOCH 9 - PROGRESS: at 10.14% examples, 671813 words/s, in_qsize 32, out_qsize 0
2026-03-26 12:09:13,822 - INFO - EPOCH 9 - PROGRESS: at 10.26% examples, 670667 words/s, in_qsize 28, out_qsize 0
2026-03-26 12:09:14,866 - INFO - EPOCH 9 - PROGRESS: at 10.39% examples, 670179 words/s, in_qsize 31, out_qsize 1
2026-03-26 12:09:15,873 - INFO - EPOCH 9 - PROGRESS: at 10.53% examples, 670011 words/s, in_qsize 31, out_qsize 2
2026-03-26 12:09:16,880 - INFO - EPOCH 9 - PROGRESS: at 10.68% examples, 670419 words/s, in_qsize 30, out_qsize 1
2026-03-26 12:09:17,888 - INFO - EPOCH 9 - PROGRESS: at 10.86% examples, 670522 words/s, in_qsize 31, out_qsize 0
2026-03-26 12:09:18,909 - INFO - EPOCH 9 - PROGRESS: at 11.05% examples, 670607 words/s, in_qsize 32, out_qsize 0
2026-03-26 12:09:19,926 - INFO - EPOCH 9 - PROGRESS: at 11.24% examples, 670906 words/s, in_qsize 32, out_qsize 1
2026-03-26 12:09:20,931 - INFO - EPOCH 9 - PROGRESS: at 11.43% examples, 671118 words/s, in_qsize 31, out_qsize 0
2026-03-26 12:09:21,935 - INFO - EPOCH 9 - PROGRESS: at 11.60% examples, 671631 words/s, in_qsize 31, out_qsize 0
2026-03-26 12:09:22,955 - INFO - EPOCH 9 - PROGRESS: at 11.70% examples, 671533 words/s, in_qsize 31, out_qsize 0
2026-03-26 12:09:23,972 - INFO - EPOCH 9 - PROGRESS: at 11.88% examples, 671616 words/s, in_qsize 30, out_qsize 1
2026-03-26 12:09:24,989 - INFO - EPOCH 9 - PROGRESS: at 12.10% examples, 671963 words/s, in_qsize 29, out_qsize 2
2026-03-26 12:09:26,002 - INFO - EPOCH 9 - PROGRESS: at 12.33% examples, 672772 words/s, in_qsize 32, out_qsize 0
2026-03-26 12:09:27,014 - INFO - EPOCH 9 - PROGRESS: at 12.52% examples, 672203 words/s, in_qsize 31, out_qsize 0
2026-03-26 12:09:28,040 - INFO - EPOCH 9 - PROGRESS: at 12.73% examples, 672125 words/s, in_qsize 32, out_qsize 1
2026-03-26 12:09:29,055 - INFO - EPOCH 9 - PROGRESS: at 12.95% examples, 672559 words/s, in_qsize 30, out_qsize 5
2026-03-26 12:09:30,067 - INFO - EPOCH 9 - PROGRESS: at 13.19% examples, 673500 words/s, in_qsize 32, out_qsize 0
2026-03-26 12:09:31,070 - INFO - EPOCH 9 - PROGRESS: at 13.41% examples, 673735 words/s, in_qsize 31, out_qsize 3
2026-03-26 12:09:32,114 - INFO - EPOCH 9 - PROGRESS: at 13.65% examples, 674503 words/s, in_qsize 31, out_qsize 2
2026-03-26 12:09:33,119 - INFO - EPOCH 9 - PROGRESS: at 13.88% examples, 675271 words/s, in_qsize 31, out_qsize 0
2026-03-26 12:09:34,120 - INFO - EPOCH 9 - PROGRESS: at 14.10% examples, 675647 words/s, in_qsize 31, out_qsize 2
2026-03-26 12:09:35,143 - INFO - EPOCH 9 - PROGRESS: at 14.26% examples, 675760 words/s, in_qsize 31, out_qsize 0
2026-03-26 12:09:36,148 - INFO - EPOCH 9 - PROGRESS: at 14.42% examples, 675652 words/s, in_qsize 32, out_qsize 0
2026-03-26 12:09:37,166 - INFO - EPOCH 9 - PROGRESS: at 14.60% examples, 675993 words/s, in_qsize 32, out_qsize 1
2026-03-26 12:09:38,171 - INFO - EPOCH 9 - PROGRESS: at 14.77% examples, 676190 words/s, in_qsize 29, out_qsize 1
2026-03-26 12:09:39,183 - INFO - EPOCH 9 - PROGRESS: at 14.94% examples, 676179 words/s, in_qsize 31, out_qsize 0
2026-03-26 12:09:40,194 - INFO - EPOCH 9 - PROGRESS: at 15.10% examples, 676256 words/s, in_qsize 30, out_qsize 0
2026-03-26 12:09:41,199 - INFO - EPOCH 9 - PROGRESS: at 15.27% examples, 676290 words/s, in_qsize 31, out_qsize 0
2026-03-26 12:09:42,204 - INFO - EPOCH 9 - PROGRESS: at 15.42% examples, 676361 words/s, in_qsize 31, out_qsize 0
2026-03-26 12:09:43,219 - INFO - EPOCH 9 - PROGRESS: at 15.60% examples, 676478 words/s, in_qsize 30, out_qsize 1
2026-03-26 12:09:44,234 - INFO - EPOCH 9 - PROGRESS: at 15.76% examples, 676509 words/s, in_qsize 29, out_qsize 3
2026-03-26 12:09:45,240 - INFO - EPOCH 9 - PROGRESS: at 15.92% examples, 676115 words/s, in_qsize 32, out_qsize 0
2026-03-26 12:09:46,255 - INFO - EPOCH 9 - PROGRESS: at 16.09% examples, 676154 words/s, in_qsize 31, out_qsize 0
2026-03-26 12:09:47,298 - INFO - EPOCH 9 - PROGRESS: at 16.26% examples, 675815 words/s, in_qsize 30, out_qsize 1
2026-03-26 12:09:48,330 - INFO - EPOCH 9 - PROGRESS: at 16.43% examples, 675824 words/s, in_qsize 31, out_qsize 2
2026-03-26 12:09:49,343 - INFO - EPOCH 9 - PROGRESS: at 16.61% examples, 676223 words/s, in_qsize 30, out_qsize 1
2026-03-26 12:09:50,353 - INFO - EPOCH 9 - PROGRESS: at 16.78% examples, 676490 words/s, in_qsize 31, out_qsize 0
2026-03-26 12:09:51,356 - INFO - EPOCH 9 - PROGRESS: at 16.96% examples, 676738 words/s, in_qsize 32, out_qsize 0
2026-03-26 12:09:52,360 - INFO - EPOCH 9 - PROGRESS: at 17.13% examples, 676970 words/s, in_qsize 31, out_qsize 0
2026-03-26 12:09:53,382 - INFO - EPOCH 9 - PROGRESS: at 17.31% examples, 677162 words/s, in_qsize 30, out_qsize 1
2026-03-26 12:09:54,393 - INFO - EPOCH 9 - PROGRESS: at 17.49% examples, 677376 words/s, in_qsize 32, out_qsize 0
2026-03-26 12:09:55,403 - INFO - EPOCH 9 - PROGRESS: at 17.66% examples, 677595 words/s, in_qsize 31, out_qsize 0
2026-03-26 12:09:56,405 - INFO - EPOCH 9 - PROGRESS: at 17.83% examples, 677530 words/s, in_qsize 32, out_qsize 2
2026-03-26 12:09:57,411 - INFO - EPOCH 9 - PROGRESS: at 18.00% examples, 677577 words/s, in_qsize 28, out_qsize 5
2026-03-26 12:09:58,419 - INFO - EPOCH 9 - PROGRESS: at 18.18% examples, 677864 words/s, in_qsize 31, out_qsize 0
2026-03-26 12:09:59,422 - INFO - EPOCH 9 - PROGRESS: at 18.35% examples, 677923 words/s, in_qsize 31, out_qsize 0
2026-03-26 12:10:00,439 - INFO - EPOCH 9 - PROGRESS: at 18.51% examples, 677896 words/s, in_qsize 31, out_qsize 0
2026-03-26 12:10:01,473 - INFO - EPOCH 9 - PROGRESS: at 18.69% examples, 678098 words/s, in_qsize 31, out_qsize 0
2026-03-26 12:10:02,485 - INFO - EPOCH 9 - PROGRESS: at 18.80% examples, 678002 words/s, in_qsize 31, out_qsize 1
2026-03-26 12:10:03,493 - INFO - EPOCH 9 - PROGRESS: at 18.92% examples, 677920 words/s, in_qsize 32, out_qsize 1
2026-03-26 12:10:04,496 - INFO - EPOCH 9 - PROGRESS: at 19.06% examples, 678145 words/s, in_qsize 31, out_qsize 0
2026-03-26 12:10:05,502 - INFO - EPOCH 9 - PROGRESS: at 19.20% examples, 678208 words/s, in_qsize 31, out_qsize 0
2026-03-26 12:10:06,508 - INFO - EPOCH 9 - PROGRESS: at 19.34% examples, 678356 words/s, in_qsize 32, out_qsize 0
2026-03-26 12:10:07,510 - INFO - EPOCH 9 - PROGRESS: at 19.52% examples, 678412 words/s, in_qsize 30, out_qsize 1
2026-03-26 12:10:08,513 - INFO - EPOCH 9 - PROGRESS: at 19.64% examples, 678330 words/s, in_qsize 31, out_qsize 2
2026-03-26 12:10:09,613 - INFO - EPOCH 9 - PROGRESS: at 19.81% examples, 678155 words/s, in_qsize 32, out_qsize 0
2026-03-26 12:10:10,638 - INFO - EPOCH 9 - PROGRESS: at 19.96% examples, 678062 words/s, in_qsize 31, out_qsize 0
2026-03-26 12:10:11,643 - INFO - EPOCH 9 - PROGRESS: at 20.10% examples, 677501 words/s, in_qsize 32, out_qsize 0
2026-03-26 12:10:12,680 - INFO - EPOCH 9 - PROGRESS: at 20.24% examples, 677361 words/s, in_qsize 32, out_qsize 1
2026-03-26 12:10:13,691 - INFO - EPOCH 9 - PROGRESS: at 20.35% examples, 677231 words/s, in_qsize 32, out_qsize 1
2026-03-26 12:10:14,697 - INFO - EPOCH 9 - PROGRESS: at 20.46% examples, 677281 words/s, in_qsize 31, out_qsize 0
2026-03-26 12:10:15,699 - INFO - EPOCH 9 - PROGRESS: at 20.56% examples, 677252 words/s, in_qsize 30, out_qsize 1
2026-03-26 12:10:16,717 - INFO - EPOCH 9 - PROGRESS: at 20.67% examples, 677255 words/s, in_qsize 30, out_qsize 1
2026-03-26 12:10:17,718 - INFO - EPOCH 9 - PROGRESS: at 20.76% examples, 677166 words/s, in_qsize 31, out_qsize 0
2026-03-26 12:10:18,737 - INFO - EPOCH 9 - PROGRESS: at 20.91% examples, 677336 words/s, in_qsize 27, out_qsize 1
2026-03-26 12:10:19,739 - INFO - EPOCH 9 - PROGRESS: at 21.07% examples, 677345 words/s, in_qsize 31, out_qsize 0
2026-03-26 12:10:20,759 - INFO - EPOCH 9 - PROGRESS: at 21.26% examples, 677385 words/s, in_qsize 32, out_qsize 1
2026-03-26 12:10:21,769 - INFO - EPOCH 9 - PROGRESS: at 21.45% examples, 677630 words/s, in_qsize 31, out_qsize 0
2026-03-26 12:10:22,784 - INFO - EPOCH 9 - PROGRESS: at 21.56% examples, 677454 words/s, in_qsize 31, out_qsize 4
2026-03-26 12:10:23,810 - INFO - EPOCH 9 - PROGRESS: at 21.69% examples, 677530 words/s, in_qsize 30, out_qsize 2
2026-03-26 12:10:24,830 - INFO - EPOCH 9 - PROGRESS: at 21.82% examples, 677616 words/s, in_qsize 30, out_qsize 1
2026-03-26 12:10:25,882 - INFO - EPOCH 9 - PROGRESS: at 22.01% examples, 677723 words/s, in_qsize 30, out_qsize 2
2026-03-26 12:10:26,908 - INFO - EPOCH 9 - PROGRESS: at 22.16% examples, 677895 words/s, in_qsize 32, out_qsize 2
2026-03-26 12:10:27,925 - INFO - EPOCH 9 - PROGRESS: at 22.32% examples, 677454 words/s, in_qsize 31, out_qsize 0
2026-03-26 12:10:28,964 - INFO - EPOCH 9 - PROGRESS: at 22.53% examples, 676703 words/s, in_qsize 31, out_qsize 0
2026-03-26 12:10:29,994 - INFO - EPOCH 9 - PROGRESS: at 22.77% examples, 676755 words/s, in_qsize 32, out_qsize 1
2026-03-26 12:10:31,010 - INFO - EPOCH 9 - PROGRESS: at 22.91% examples, 676237 words/s, in_qsize 32, out_qsize 1
2026-03-26 12:10:32,026 - INFO - EPOCH 9 - PROGRESS: at 23.07% examples, 676305 words/s, in_qsize 31, out_qsize 0
2026-03-26 12:10:33,030 - INFO - EPOCH 9 - PROGRESS: at 23.24% examples, 676287 words/s, in_qsize 31, out_qsize 0
2026-03-26 12:10:34,031 - INFO - EPOCH 9 - PROGRESS: at 23.41% examples, 676228 words/s, in_qsize 30, out_qsize 1
2026-03-26 12:10:35,046 - INFO - EPOCH 9 - PROGRESS: at 23.58% examples, 676254 words/s, in_qsize 31, out_qsize 0
2026-03-26 12:10:36,050 - INFO - EPOCH 9 - PROGRESS: at 23.75% examples, 676333 words/s, in_qsize 32, out_qsize 0
2026-03-26 12:10:37,062 - INFO - EPOCH 9 - PROGRESS: at 23.93% examples, 676418 words/s, in_qsize 31, out_qsize 0
2026-03-26 12:10:38,154 - INFO - EPOCH 9 - PROGRESS: at 24.10% examples, 676177 words/s, in_qsize 31, out_qsize 8
2026-03-26 12:10:39,185 - INFO - EPOCH 9 - PROGRESS: at 24.29% examples, 676537 words/s, in_qsize 31, out_qsize 1
2026-03-26 12:10:40,198 - INFO - EPOCH 9 - PROGRESS: at 24.42% examples, 676611 words/s, in_qsize 32, out_qsize 0
2026-03-26 12:10:41,202 - INFO - EPOCH 9 - PROGRESS: at 24.56% examples, 676602 words/s, in_qsize 31, out_qsize 0
2026-03-26 12:10:42,234 - INFO - EPOCH 9 - PROGRESS: at 24.69% examples, 676566 words/s, in_qsize 29, out_qsize 3
2026-03-26 12:10:43,243 - INFO - EPOCH 9 - PROGRESS: at 24.83% examples, 676675 words/s, in_qsize 30, out_qsize 0
2026-03-26 12:10:44,261 - INFO - EPOCH 9 - PROGRESS: at 24.97% examples, 676604 words/s, in_qsize 31, out_qsize 2
2026-03-26 12:10:45,268 - INFO - EPOCH 9 - PROGRESS: at 25.10% examples, 676577 words/s, in_qsize 31, out_qsize 3
2026-03-26 12:10:46,275 - INFO - EPOCH 9 - PROGRESS: at 25.23% examples, 676649 words/s, in_qsize 32, out_qsize 0
2026-03-26 12:10:47,299 - INFO - EPOCH 9 - PROGRESS: at 25.35% examples, 676544 words/s, in_qsize 32, out_qsize 1
2026-03-26 12:10:48,324 - INFO - EPOCH 9 - PROGRESS: at 25.49% examples, 676390 words/s, in_qsize 32, out_qsize 8
2026-03-26 12:10:49,343 - INFO - EPOCH 9 - PROGRESS: at 25.67% examples, 676839 words/s, in_qsize 32, out_qsize 0
2026-03-26 12:10:50,399 - INFO - EPOCH 9 - PROGRESS: at 25.83% examples, 676479 words/s, in_qsize 31, out_qsize 0
2026-03-26 12:10:51,452 - INFO - EPOCH 9 - PROGRESS: at 25.98% examples, 676332 words/s, in_qsize 30, out_qsize 1
2026-03-26 12:10:52,466 - INFO - EPOCH 9 - PROGRESS: at 26.15% examples, 676360 words/s, in_qsize 31, out_qsize 0
2026-03-26 12:10:53,478 - INFO - EPOCH 9 - PROGRESS: at 26.32% examples, 676318 words/s, in_qsize 32, out_qsize 3
2026-03-26 12:10:54,482 - INFO - EPOCH 9 - PROGRESS: at 26.51% examples, 676521 words/s, in_qsize 31, out_qsize 2
2026-03-26 12:10:55,486 - INFO - EPOCH 9 - PROGRESS: at 26.70% examples, 676706 words/s, in_qsize 30, out_qsize 0
2026-03-26 12:10:56,491 - INFO - EPOCH 9 - PROGRESS: at 26.87% examples, 676653 words/s, in_qsize 30, out_qsize 3
2026-03-26 12:10:57,498 - INFO - EPOCH 9 - PROGRESS: at 27.04% examples, 676853 words/s, in_qsize 30, out_qsize 1
2026-03-26 12:10:58,509 - INFO - EPOCH 9 - PROGRESS: at 27.20% examples, 676969 words/s, in_qsize 31, out_qsize 0
2026-03-26 12:10:59,531 - INFO - EPOCH 9 - PROGRESS: at 27.31% examples, 676903 words/s, in_qsize 30, out_qsize 1
2026-03-26 12:11:00,540 - INFO - EPOCH 9 - PROGRESS: at 27.41% examples, 676923 words/s, in_qsize 32, out_qsize 1
2026-03-26 12:11:01,588 - INFO - EPOCH 9 - PROGRESS: at 27.53% examples, 676857 words/s, in_qsize 31, out_qsize 2
2026-03-26 12:11:02,625 - INFO - EPOCH 9 - PROGRESS: at 27.69% examples, 676765 words/s, in_qsize 31, out_qsize 4
2026-03-26 12:11:03,628 - INFO - EPOCH 9 - PROGRESS: at 27.84% examples, 676959 words/s, in_qsize 32, out_qsize 0
2026-03-26 12:11:04,676 - INFO - EPOCH 9 - PROGRESS: at 28.00% examples, 677029 words/s, in_qsize 30, out_qsize 1
2026-03-26 12:11:05,685 - INFO - EPOCH 9 - PROGRESS: at 28.06% examples, 677001 words/s, in_qsize 31, out_qsize 0
2026-03-26 12:11:06,695 - INFO - EPOCH 9 - PROGRESS: at 28.17% examples, 676989 words/s, in_qsize 32, out_qsize 1
2026-03-26 12:11:07,695 - INFO - EPOCH 9 - PROGRESS: at 28.32% examples, 677072 words/s, in_qsize 30, out_qsize 1
2026-03-26 12:11:08,699 - INFO - EPOCH 9 - PROGRESS: at 28.46% examples, 677148 words/s, in_qsize 30, out_qsize 1
2026-03-26 12:11:09,701 - INFO - EPOCH 9 - PROGRESS: at 28.61% examples, 677224 words/s, in_qsize 31, out_qsize 0
2026-03-26 12:11:10,717 - INFO - EPOCH 9 - PROGRESS: at 28.77% examples, 677231 words/s, in_qsize 32, out_qsize 0
2026-03-26 12:11:11,754 - INFO - EPOCH 9 - PROGRESS: at 28.92% examples, 677272 words/s, in_qsize 31, out_qsize 0
2026-03-26 12:11:12,776 - INFO - EPOCH 9 - PROGRESS: at 29.07% examples, 677177 words/s, in_qsize 31, out_qsize 1
2026-03-26 12:11:13,797 - INFO - EPOCH 9 - PROGRESS: at 29.22% examples, 677322 words/s, in_qsize 31, out_qsize 0
2026-03-26 12:11:14,838 - INFO - EPOCH 9 - PROGRESS: at 29.37% examples, 677280 words/s, in_qsize 32, out_qsize 0
2026-03-26 12:11:15,856 - INFO - EPOCH 9 - PROGRESS: at 29.52% examples, 677197 words/s, in_qsize 31, out_qsize 1
2026-03-26 12:11:16,912 - INFO - EPOCH 9 - PROGRESS: at 29.66% examples, 676941 words/s, in_qsize 32, out_qsize 0
2026-03-26 12:11:17,920 - INFO - EPOCH 9 - PROGRESS: at 29.84% examples, 676549 words/s, in_qsize 32, out_qsize 0
2026-03-26 12:11:18,973 - INFO - EPOCH 9 - PROGRESS: at 29.96% examples, 676361 words/s, in_qsize 32, out_qsize 3
2026-03-26 12:11:20,010 - INFO - EPOCH 9 - PROGRESS: at 30.14% examples, 676544 words/s, in_qsize 32, out_qsize 4
2026-03-26 12:11:21,031 - INFO - EPOCH 9 - PROGRESS: at 30.27% examples, 676676 words/s, in_qsize 31, out_qsize 0
2026-03-26 12:11:22,041 - INFO - EPOCH 9 - PROGRESS: at 30.42% examples, 676656 words/s, in_qsize 30, out_qsize 1
2026-03-26 12:11:23,060 - INFO - EPOCH 9 - PROGRESS: at 30.56% examples, 676816 words/s, in_qsize 32, out_qsize 1
2026-03-26 12:11:24,069 - INFO - EPOCH 9 - PROGRESS: at 30.71% examples, 676871 words/s, in_qsize 31, out_qsize 1
2026-03-26 12:11:25,095 - INFO - EPOCH 9 - PROGRESS: at 30.84% examples, 676838 words/s, in_qsize 31, out_qsize 0
2026-03-26 12:11:26,097 - INFO - EPOCH 9 - PROGRESS: at 30.96% examples, 676786 words/s, in_qsize 31, out_qsize 2
2026-03-26 12:11:27,102 - INFO - EPOCH 9 - PROGRESS: at 31.09% examples, 676868 words/s, in_qsize 31, out_qsize 0
2026-03-26 12:11:28,133 - INFO - EPOCH 9 - PROGRESS: at 31.21% examples, 676795 words/s, in_qsize 31, out_qsize 0
2026-03-26 12:11:29,142 - INFO - EPOCH 9 - PROGRESS: at 31.33% examples, 676832 words/s, in_qsize 31, out_qsize 0
2026-03-26 12:11:30,145 - INFO - EPOCH 9 - PROGRESS: at 31.46% examples, 676816 words/s, in_qsize 31, out_qsize 1
2026-03-26 12:11:31,176 - INFO - EPOCH 9 - PROGRESS: at 31.58% examples, 676766 words/s, in_qsize 29, out_qsize 2
2026-03-26 12:11:32,181 - INFO - EPOCH 9 - PROGRESS: at 31.71% examples, 676827 words/s, in_qsize 32, out_qsize 1
2026-03-26 12:11:33,182 - INFO - EPOCH 9 - PROGRESS: at 31.83% examples, 676905 words/s, in_qsize 32, out_qsize 0
2026-03-26 12:11:34,193 - INFO - EPOCH 9 - PROGRESS: at 31.95% examples, 676835 words/s, in_qsize 31, out_qsize 1
2026-03-26 12:11:35,215 - INFO - EPOCH 9 - PROGRESS: at 32.09% examples, 676877 words/s, in_qsize 30, out_qsize 1
2026-03-26 12:11:36,218 - INFO - EPOCH 9 - PROGRESS: at 32.20% examples, 676876 words/s, in_qsize 31, out_qsize 0
2026-03-26 12:11:37,233 - INFO - EPOCH 9 - PROGRESS: at 32.38% examples, 676989 words/s, in_qsize 32, out_qsize 0
2026-03-26 12:11:38,262 - INFO - EPOCH 9 - PROGRESS: at 32.59% examples, 677074 words/s, in_qsize 30, out_qsize 1
2026-03-26 12:11:39,268 - INFO - EPOCH 9 - PROGRESS: at 32.76% examples, 677164 words/s, in_qsize 31, out_qsize 0
2026-03-26 12:11:40,326 - INFO - EPOCH 9 - PROGRESS: at 32.89% examples, 676907 words/s, in_qsize 32, out_qsize 1
2026-03-26 12:11:41,334 - INFO - EPOCH 9 - PROGRESS: at 33.05% examples, 676821 words/s, in_qsize 31, out_qsize 0
2026-03-26 12:11:42,336 - INFO - EPOCH 9 - PROGRESS: at 33.21% examples, 676793 words/s, in_qsize 32, out_qsize 0
2026-03-26 12:11:43,338 - INFO - EPOCH 9 - PROGRESS: at 33.39% examples, 676936 words/s, in_qsize 31, out_qsize 0
2026-03-26 12:11:44,342 - INFO - EPOCH 9 - PROGRESS: at 33.55% examples, 676937 words/s, in_qsize 26, out_qsize 1
2026-03-26 12:11:45,346 - INFO - EPOCH 9 - PROGRESS: at 33.72% examples, 677004 words/s, in_qsize 32, out_qsize 0
2026-03-26 12:11:46,363 - INFO - EPOCH 9 - PROGRESS: at 33.89% examples, 676965 words/s, in_qsize 32, out_qsize 4
2026-03-26 12:11:47,364 - INFO - EPOCH 9 - PROGRESS: at 34.07% examples, 677201 words/s, in_qsize 32, out_qsize 0
2026-03-26 12:11:48,398 - INFO - EPOCH 9 - PROGRESS: at 34.17% examples, 677035 words/s, in_qsize 29, out_qsize 3
2026-03-26 12:11:49,411 - INFO - EPOCH 9 - PROGRESS: at 34.26% examples, 677133 words/s, in_qsize 31, out_qsize 0
2026-03-26 12:11:50,418 - INFO - EPOCH 9 - PROGRESS: at 34.42% examples, 677170 words/s, in_qsize 31, out_qsize 0
2026-03-26 12:11:51,424 - INFO - EPOCH 9 - PROGRESS: at 34.53% examples, 677149 words/s, in_qsize 30, out_qsize 3
2026-03-26 12:11:52,427 - INFO - EPOCH 9 - PROGRESS: at 34.64% examples, 677176 words/s, in_qsize 32, out_qsize 0
2026-03-26 12:11:53,467 - INFO - EPOCH 9 - PROGRESS: at 34.75% examples, 677101 words/s, in_qsize 29, out_qsize 2
2026-03-26 12:11:54,484 - INFO - EPOCH 9 - PROGRESS: at 34.86% examples, 677118 words/s, in_qsize 32, out_qsize 2
2026-03-26 12:11:55,487 - INFO - EPOCH 9 - PROGRESS: at 34.98% examples, 677188 words/s, in_qsize 32, out_qsize 2
2026-03-26 12:11:56,489 - INFO - EPOCH 9 - PROGRESS: at 35.12% examples, 677260 words/s, in_qsize 31, out_qsize 0
2026-03-26 12:11:57,520 - INFO - EPOCH 9 - PROGRESS: at 35.26% examples, 677191 words/s, in_qsize 28, out_qsize 3
2026-03-26 12:11:58,535 - INFO - EPOCH 9 - PROGRESS: at 35.45% examples, 677366 words/s, in_qsize 31, out_qsize 0
2026-03-26 12:11:59,543 - INFO - EPOCH 9 - PROGRESS: at 35.63% examples, 677332 words/s, in_qsize 29, out_qsize 2
2026-03-26 12:12:00,543 - INFO - EPOCH 9 - PROGRESS: at 35.79% examples, 677266 words/s, in_qsize 31, out_qsize 4
2026-03-26 12:12:01,581 - INFO - EPOCH 9 - PROGRESS: at 35.94% examples, 677412 words/s, in_qsize 27, out_qsize 4
2026-03-26 12:12:02,591 - INFO - EPOCH 9 - PROGRESS: at 36.12% examples, 677637 words/s, in_qsize 30, out_qsize 0
2026-03-26 12:12:03,612 - INFO - EPOCH 9 - PROGRESS: at 36.25% examples, 677532 words/s, in_qsize 29, out_qsize 2
2026-03-26 12:12:04,638 - INFO - EPOCH 9 - PROGRESS: at 36.40% examples, 677573 words/s, in_qsize 31, out_qsize 0
2026-03-26 12:12:05,646 - INFO - EPOCH 9 - PROGRESS: at 36.54% examples, 677595 words/s, in_qsize 32, out_qsize 0
2026-03-26 12:12:06,659 - INFO - EPOCH 9 - PROGRESS: at 36.67% examples, 677540 words/s, in_qsize 30, out_qsize 0
2026-03-26 12:12:07,661 - INFO - EPOCH 9 - PROGRESS: at 36.79% examples, 677555 words/s, in_qsize 31, out_qsize 0
2026-03-26 12:12:08,664 - INFO - EPOCH 9 - PROGRESS: at 36.94% examples, 677617 words/s, in_qsize 29, out_qsize 0
2026-03-26 12:12:09,709 - INFO - EPOCH 9 - PROGRESS: at 37.08% examples, 677452 words/s, in_qsize 32, out_qsize 7
2026-03-26 12:12:10,734 - INFO - EPOCH 9 - PROGRESS: at 37.20% examples, 677283 words/s, in_qsize 31, out_qsize 1
2026-03-26 12:12:11,745 - INFO - EPOCH 9 - PROGRESS: at 37.30% examples, 676911 words/s, in_qsize 31, out_qsize 0
2026-03-26 12:12:12,763 - INFO - EPOCH 9 - PROGRESS: at 37.43% examples, 676815 words/s, in_qsize 32, out_qsize 1
2026-03-26 12:12:13,786 - INFO - EPOCH 9 - PROGRESS: at 37.53% examples, 676773 words/s, in_qsize 32, out_qsize 1
2026-03-26 12:12:14,792 - INFO - EPOCH 9 - PROGRESS: at 37.67% examples, 676810 words/s, in_qsize 32, out_qsize 1
2026-03-26 12:12:15,804 - INFO - EPOCH 9 - PROGRESS: at 37.78% examples, 676835 words/s, in_qsize 32, out_qsize 0
2026-03-26 12:12:16,818 - INFO - EPOCH 9 - PROGRESS: at 37.91% examples, 676868 words/s, in_qsize 32, out_qsize 2
2026-03-26 12:12:17,863 - INFO - EPOCH 9 - PROGRESS: at 38.04% examples, 676830 words/s, in_qsize 31, out_qsize 3
2026-03-26 12:12:18,869 - INFO - EPOCH 9 - PROGRESS: at 38.13% examples, 676862 words/s, in_qsize 31, out_qsize 1
2026-03-26 12:12:19,888 - INFO - EPOCH 9 - PROGRESS: at 38.25% examples, 676900 words/s, in_qsize 31, out_qsize 0
2026-03-26 12:12:20,892 - INFO - EPOCH 9 - PROGRESS: at 38.36% examples, 676913 words/s, in_qsize 32, out_qsize 1
2026-03-26 12:12:21,944 - INFO - EPOCH 9 - PROGRESS: at 38.48% examples, 676836 words/s, in_qsize 32, out_qsize 3
2026-03-26 12:12:22,945 - INFO - EPOCH 9 - PROGRESS: at 38.60% examples, 676934 words/s, in_qsize 32, out_qsize 1
2026-03-26 12:12:23,972 - INFO - EPOCH 9 - PROGRESS: at 38.80% examples, 677012 words/s, in_qsize 31, out_qsize 1
2026-03-26 12:12:24,979 - INFO - EPOCH 9 - PROGRESS: at 39.02% examples, 677141 words/s, in_qsize 32, out_qsize 1
2026-03-26 12:12:26,003 - INFO - EPOCH 9 - PROGRESS: at 39.14% examples, 677099 words/s, in_qsize 30, out_qsize 3
2026-03-26 12:12:27,016 - INFO - EPOCH 9 - PROGRESS: at 39.26% examples, 677159 words/s, in_qsize 29, out_qsize 2
2026-03-26 12:12:28,033 - INFO - EPOCH 9 - PROGRESS: at 39.37% examples, 677147 words/s, in_qsize 30, out_qsize 2
2026-03-26 12:12:29,045 - INFO - EPOCH 9 - PROGRESS: at 39.49% examples, 677286 words/s, in_qsize 30, out_qsize 1
2026-03-26 12:12:30,067 - INFO - EPOCH 9 - PROGRESS: at 39.62% examples, 677172 words/s, in_qsize 31, out_qsize 2
2026-03-26 12:12:31,096 - INFO - EPOCH 9 - PROGRESS: at 39.76% examples, 677156 words/s, in_qsize 28, out_qsize 3
2026-03-26 12:12:32,102 - INFO - EPOCH 9 - PROGRESS: at 39.90% examples, 677173 words/s, in_qsize 27, out_qsize 4
2026-03-26 12:12:33,117 - INFO - EPOCH 9 - PROGRESS: at 40.03% examples, 677230 words/s, in_qsize 31, out_qsize 0
2026-03-26 12:12:34,121 - INFO - EPOCH 9 - PROGRESS: at 40.16% examples, 677223 words/s, in_qsize 30, out_qsize 1
2026-03-26 12:12:35,125 - INFO - EPOCH 9 - PROGRESS: at 40.28% examples, 677004 words/s, in_qsize 31, out_qsize 0
2026-03-26 12:12:36,142 - INFO - EPOCH 9 - PROGRESS: at 40.40% examples, 676940 words/s, in_qsize 31, out_qsize 0
2026-03-26 12:12:37,180 - INFO - EPOCH 9 - PROGRESS: at 40.52% examples, 676559 words/s, in_qsize 31, out_qsize 0
2026-03-26 12:12:38,189 - INFO - EPOCH 9 - PROGRESS: at 40.68% examples, 676542 words/s, in_qsize 31, out_qsize 0
2026-03-26 12:12:39,210 - INFO - EPOCH 9 - PROGRESS: at 40.83% examples, 676465 words/s, in_qsize 31, out_qsize 0
2026-03-26 12:12:40,277 - INFO - EPOCH 9 - PROGRESS: at 40.98% examples, 676201 words/s, in_qsize 32, out_qsize 0
2026-03-26 12:12:41,296 - INFO - EPOCH 9 - PROGRESS: at 41.13% examples, 676135 words/s, in_qsize 31, out_qsize 0
2026-03-26 12:12:42,306 - INFO - EPOCH 9 - PROGRESS: at 41.27% examples, 675925 words/s, in_qsize 31, out_qsize 1
2026-03-26 12:12:43,335 - INFO - EPOCH 9 - PROGRESS: at 41.41% examples, 675951 words/s, in_qsize 31, out_qsize 0
2026-03-26 12:12:44,347 - INFO - EPOCH 9 - PROGRESS: at 41.53% examples, 675941 words/s, in_qsize 32, out_qsize 2
2026-03-26 12:12:45,363 - INFO - EPOCH 9 - PROGRESS: at 41.64% examples, 675921 words/s, in_qsize 28, out_qsize 4
2026-03-26 12:12:46,370 - INFO - EPOCH 9 - PROGRESS: at 41.75% examples, 676010 words/s, in_qsize 32, out_qsize 0
2026-03-26 12:12:47,375 - INFO - EPOCH 9 - PROGRESS: at 41.86% examples, 676010 words/s, in_qsize 30, out_qsize 1
2026-03-26 12:12:48,381 - INFO - EPOCH 9 - PROGRESS: at 41.95% examples, 675950 words/s, in_qsize 31, out_qsize 0
2026-03-26 12:12:49,418 - INFO - EPOCH 9 - PROGRESS: at 42.05% examples, 675898 words/s, in_qsize 30, out_qsize 2
2026-03-26 12:12:50,428 - INFO - EPOCH 9 - PROGRESS: at 42.15% examples, 675905 words/s, in_qsize 30, out_qsize 1
2026-03-26 12:12:51,461 - INFO - EPOCH 9 - PROGRESS: at 42.25% examples, 675825 words/s, in_qsize 31, out_qsize 1
2026-03-26 12:12:52,463 - INFO - EPOCH 9 - PROGRESS: at 42.44% examples, 675966 words/s, in_qsize 31, out_qsize 0
2026-03-26 12:12:53,483 - INFO - EPOCH 9 - PROGRESS: at 42.63% examples, 676023 words/s, in_qsize 32, out_qsize 0
2026-03-26 12:12:54,508 - INFO - EPOCH 9 - PROGRESS: at 42.77% examples, 676034 words/s, in_qsize 32, out_qsize 2
2026-03-26 12:12:55,528 - INFO - EPOCH 9 - PROGRESS: at 42.94% examples, 676122 words/s, in_qsize 31, out_qsize 0
2026-03-26 12:12:56,566 - INFO - EPOCH 9 - PROGRESS: at 43.14% examples, 676193 words/s, in_qsize 31, out_qsize 0
2026-03-26 12:12:57,568 - INFO - EPOCH 9 - PROGRESS: at 43.30% examples, 676289 words/s, in_qsize 31, out_qsize 0
2026-03-26 12:12:58,576 - INFO - EPOCH 9 - PROGRESS: at 43.41% examples, 676255 words/s, in_qsize 32, out_qsize 0
2026-03-26 12:12:59,585 - INFO - EPOCH 9 - PROGRESS: at 43.52% examples, 676170 words/s, in_qsize 31, out_qsize 0
2026-03-26 12:13:00,596 - INFO - EPOCH 9 - PROGRESS: at 43.62% examples, 676133 words/s, in_qsize 29, out_qsize 2
2026-03-26 12:13:01,606 - INFO - EPOCH 9 - PROGRESS: at 43.73% examples, 676021 words/s, in_qsize 30, out_qsize 3
2026-03-26 12:13:02,612 - INFO - EPOCH 9 - PROGRESS: at 43.82% examples, 676056 words/s, in_qsize 31, out_qsize 0
2026-03-26 12:13:03,624 - INFO - EPOCH 9 - PROGRESS: at 43.94% examples, 676041 words/s, in_qsize 30, out_qsize 0
2026-03-26 12:13:04,633 - INFO - EPOCH 9 - PROGRESS: at 44.16% examples, 676088 words/s, in_qsize 31, out_qsize 2
2026-03-26 12:13:05,654 - INFO - EPOCH 9 - PROGRESS: at 44.38% examples, 676004 words/s, in_qsize 24, out_qsize 9
2026-03-26 12:13:06,682 - INFO - EPOCH 9 - PROGRESS: at 44.60% examples, 676011 words/s, in_qsize 32, out_qsize 0
2026-03-26 12:13:07,692 - INFO - EPOCH 9 - PROGRESS: at 44.73% examples, 675787 words/s, in_qsize 30, out_qsize 1
2026-03-26 12:13:08,715 - INFO - EPOCH 9 - PROGRESS: at 44.83% examples, 675671 words/s, in_qsize 32, out_qsize 1
2026-03-26 12:13:09,727 - INFO - EPOCH 9 - PROGRESS: at 44.96% examples, 675746 words/s, in_qsize 31, out_qsize 0
2026-03-26 12:13:10,748 - INFO - EPOCH 9 - PROGRESS: at 45.12% examples, 675788 words/s, in_qsize 32, out_qsize 0
2026-03-26 12:13:11,769 - INFO - EPOCH 9 - PROGRESS: at 45.23% examples, 675721 words/s, in_qsize 32, out_qsize 0
2026-03-26 12:13:12,798 - INFO - EPOCH 9 - PROGRESS: at 45.34% examples, 675688 words/s, in_qsize 31, out_qsize 4
2026-03-26 12:13:13,803 - INFO - EPOCH 9 - PROGRESS: at 45.44% examples, 675723 words/s, in_qsize 32, out_qsize 1
2026-03-26 12:13:14,807 - INFO - EPOCH 9 - PROGRESS: at 45.55% examples, 675781 words/s, in_qsize 31, out_qsize 0
2026-03-26 12:13:15,829 - INFO - EPOCH 9 - PROGRESS: at 45.65% examples, 675678 words/s, in_qsize 30, out_qsize 3
2026-03-26 12:13:16,843 - INFO - EPOCH 9 - PROGRESS: at 45.76% examples, 675718 words/s, in_qsize 32, out_qsize 0
2026-03-26 12:13:17,848 - INFO - EPOCH 9 - PROGRESS: at 45.86% examples, 675652 words/s, in_qsize 28, out_qsize 3
2026-03-26 12:13:18,873 - INFO - EPOCH 9 - PROGRESS: at 46.00% examples, 675757 words/s, in_qsize 32, out_qsize 1
2026-03-26 12:13:19,891 - INFO - EPOCH 9 - PROGRESS: at 46.11% examples, 675785 words/s, in_qsize 32, out_qsize 0
2026-03-26 12:13:20,893 - INFO - EPOCH 9 - PROGRESS: at 46.22% examples, 675769 words/s, in_qsize 32, out_qsize 0
2026-03-26 12:13:21,900 - INFO - EPOCH 9 - PROGRESS: at 46.34% examples, 675786 words/s, in_qsize 31, out_qsize 0
2026-03-26 12:13:22,913 - INFO - EPOCH 9 - PROGRESS: at 46.45% examples, 675722 words/s, in_qsize 29, out_qsize 2
2026-03-26 12:13:23,956 - INFO - EPOCH 9 - PROGRESS: at 46.59% examples, 675691 words/s, in_qsize 32, out_qsize 3
2026-03-26 12:13:24,962 - INFO - EPOCH 9 - PROGRESS: at 46.89% examples, 675713 words/s, in_qsize 32, out_qsize 2
2026-03-26 12:13:25,963 - INFO - EPOCH 9 - PROGRESS: at 47.13% examples, 675843 words/s, in_qsize 32, out_qsize 0
2026-03-26 12:13:26,971 - INFO - EPOCH 9 - PROGRESS: at 47.25% examples, 675849 words/s, in_qsize 25, out_qsize 0
2026-03-26 12:13:27,973 - INFO - EPOCH 9 - PROGRESS: at 47.37% examples, 675809 words/s, in_qsize 31, out_qsize 0
2026-03-26 12:13:28,977 - INFO - EPOCH 9 - PROGRESS: at 47.50% examples, 675910 words/s, in_qsize 31, out_qsize 0
2026-03-26 12:13:29,986 - INFO - EPOCH 9 - PROGRESS: at 47.63% examples, 675880 words/s, in_qsize 31, out_qsize 1
2026-03-26 12:13:31,004 - INFO - EPOCH 9 - PROGRESS: at 47.75% examples, 675800 words/s, in_qsize 29, out_qsize 2
2026-03-26 12:13:32,010 - INFO - EPOCH 9 - PROGRESS: at 47.89% examples, 675896 words/s, in_qsize 31, out_qsize 0
2026-03-26 12:13:33,029 - INFO - EPOCH 9 - PROGRESS: at 48.01% examples, 675842 words/s, in_qsize 32, out_qsize 2
2026-03-26 12:13:34,036 - INFO - EPOCH 9 - PROGRESS: at 48.14% examples, 675884 words/s, in_qsize 31, out_qsize 0
2026-03-26 12:13:35,049 - INFO - EPOCH 9 - PROGRESS: at 48.26% examples, 675820 words/s, in_qsize 28, out_qsize 3
2026-03-26 12:13:36,062 - INFO - EPOCH 9 - PROGRESS: at 48.39% examples, 675870 words/s, in_qsize 31, out_qsize 0
2026-03-26 12:13:37,065 - INFO - EPOCH 9 - PROGRESS: at 48.52% examples, 675900 words/s, in_qsize 31, out_qsize 1
2026-03-26 12:13:38,092 - INFO - EPOCH 9 - PROGRESS: at 48.65% examples, 675902 words/s, in_qsize 30, out_qsize 1
2026-03-26 12:13:39,150 - INFO - EPOCH 9 - PROGRESS: at 48.76% examples, 675546 words/s, in_qsize 32, out_qsize 0
2026-03-26 12:13:40,157 - INFO - EPOCH 9 - PROGRESS: at 48.86% examples, 675229 words/s, in_qsize 30, out_qsize 2
2026-03-26 12:13:41,181 - INFO - EPOCH 9 - PROGRESS: at 48.99% examples, 675170 words/s, in_qsize 31, out_qsize 0
2026-03-26 12:13:42,190 - INFO - EPOCH 9 - PROGRESS: at 49.11% examples, 675165 words/s, in_qsize 31, out_qsize 0
2026-03-26 12:13:43,195 - INFO - EPOCH 9 - PROGRESS: at 49.24% examples, 675192 words/s, in_qsize 31, out_qsize 0
2026-03-26 12:13:44,206 - INFO - EPOCH 9 - PROGRESS: at 49.36% examples, 675118 words/s, in_qsize 32, out_qsize 2
2026-03-26 12:13:45,229 - INFO - EPOCH 9 - PROGRESS: at 49.50% examples, 675173 words/s, in_qsize 32, out_qsize 1
2026-03-26 12:13:46,231 - INFO - EPOCH 9 - PROGRESS: at 49.62% examples, 675156 words/s, in_qsize 32, out_qsize 0
2026-03-26 12:13:47,237 - INFO - EPOCH 9 - PROGRESS: at 49.75% examples, 675199 words/s, in_qsize 31, out_qsize 0
2026-03-26 12:13:48,255 - INFO - EPOCH 9 - PROGRESS: at 49.86% examples, 675072 words/s, in_qsize 32, out_qsize 6
2026-03-26 12:13:49,274 - INFO - EPOCH 9 - PROGRESS: at 49.99% examples, 675205 words/s, in_qsize 32, out_qsize 0
2026-03-26 12:13:50,301 - INFO - EPOCH 9 - PROGRESS: at 50.10% examples, 675149 words/s, in_qsize 31, out_qsize 0
2026-03-26 12:13:51,354 - INFO - EPOCH 9 - PROGRESS: at 50.24% examples, 675133 words/s, in_qsize 31, out_qsize 1
2026-03-26 12:13:52,362 - INFO - EPOCH 9 - PROGRESS: at 50.40% examples, 675194 words/s, in_qsize 32, out_qsize 1
2026-03-26 12:13:53,374 - INFO - EPOCH 9 - PROGRESS: at 50.56% examples, 675168 words/s, in_qsize 31, out_qsize 3
2026-03-26 12:13:54,393 - INFO - EPOCH 9 - PROGRESS: at 50.73% examples, 675265 words/s, in_qsize 31, out_qsize 0
2026-03-26 12:13:55,399 - INFO - EPOCH 9 - PROGRESS: at 50.90% examples, 675339 words/s, in_qsize 31, out_qsize 0
2026-03-26 12:13:56,406 - INFO - EPOCH 9 - PROGRESS: at 51.04% examples, 675202 words/s, in_qsize 30, out_qsize 2
2026-03-26 12:13:57,414 - INFO - EPOCH 9 - PROGRESS: at 51.22% examples, 675347 words/s, in_qsize 30, out_qsize 0
2026-03-26 12:13:58,435 - INFO - EPOCH 9 - PROGRESS: at 51.40% examples, 675291 words/s, in_qsize 29, out_qsize 4
2026-03-26 12:13:59,446 - INFO - EPOCH 9 - PROGRESS: at 51.61% examples, 675325 words/s, in_qsize 30, out_qsize 3
2026-03-26 12:14:00,451 - INFO - EPOCH 9 - PROGRESS: at 51.83% examples, 675559 words/s, in_qsize 31, out_qsize 0
2026-03-26 12:14:01,464 - INFO - EPOCH 9 - PROGRESS: at 52.03% examples, 675568 words/s, in_qsize 32, out_qsize 1
2026-03-26 12:14:02,470 - INFO - EPOCH 9 - PROGRESS: at 52.24% examples, 675694 words/s, in_qsize 31, out_qsize 2
2026-03-26 12:14:03,476 - INFO - EPOCH 9 - PROGRESS: at 52.44% examples, 675673 words/s, in_qsize 32, out_qsize 2
2026-03-26 12:14:04,485 - INFO - EPOCH 9 - PROGRESS: at 52.64% examples, 675751 words/s, in_qsize 30, out_qsize 1
2026-03-26 12:14:05,502 - INFO - EPOCH 9 - PROGRESS: at 52.85% examples, 675752 words/s, in_qsize 31, out_qsize 0
2026-03-26 12:14:06,505 - INFO - EPOCH 9 - PROGRESS: at 53.05% examples, 675821 words/s, in_qsize 31, out_qsize 0
2026-03-26 12:14:07,543 - INFO - EPOCH 9 - PROGRESS: at 53.28% examples, 676031 words/s, in_qsize 32, out_qsize 2
2026-03-26 12:14:08,558 - INFO - EPOCH 9 - PROGRESS: at 53.50% examples, 676200 words/s, in_qsize 31, out_qsize 2
2026-03-26 12:14:09,563 - INFO - EPOCH 9 - PROGRESS: at 53.73% examples, 676506 words/s, in_qsize 31, out_qsize 0
2026-03-26 12:14:10,575 - INFO - EPOCH 9 - PROGRESS: at 53.96% examples, 676761 words/s, in_qsize 31, out_qsize 1
2026-03-26 12:14:11,583 - INFO - EPOCH 9 - PROGRESS: at 54.17% examples, 676856 words/s, in_qsize 30, out_qsize 3
2026-03-26 12:14:12,588 - INFO - EPOCH 9 - PROGRESS: at 54.40% examples, 677176 words/s, in_qsize 32, out_qsize 0
2026-03-26 12:14:13,607 - INFO - EPOCH 9 - PROGRESS: at 54.61% examples, 677252 words/s, in_qsize 28, out_qsize 3
2026-03-26 12:14:14,613 - INFO - EPOCH 9 - PROGRESS: at 54.84% examples, 677551 words/s, in_qsize 32, out_qsize 2
2026-03-26 12:14:15,616 - INFO - EPOCH 9 - PROGRESS: at 55.06% examples, 677786 words/s, in_qsize 31, out_qsize 0
2026-03-26 12:14:16,621 - INFO - EPOCH 9 - PROGRESS: at 55.21% examples, 677710 words/s, in_qsize 29, out_qsize 4
2026-03-26 12:14:17,676 - INFO - EPOCH 9 - PROGRESS: at 55.33% examples, 677678 words/s, in_qsize 32, out_qsize 2
2026-03-26 12:14:18,682 - INFO - EPOCH 9 - PROGRESS: at 55.45% examples, 677716 words/s, in_qsize 32, out_qsize 0
2026-03-26 12:14:19,713 - INFO - EPOCH 9 - PROGRESS: at 55.58% examples, 677655 words/s, in_qsize 30, out_qsize 1
2026-03-26 12:14:20,723 - INFO - EPOCH 9 - PROGRESS: at 55.77% examples, 677714 words/s, in_qsize 31, out_qsize 0
2026-03-26 12:14:21,723 - INFO - EPOCH 9 - PROGRESS: at 55.99% examples, 677779 words/s, in_qsize 29, out_qsize 1
2026-03-26 12:14:22,737 - INFO - EPOCH 9 - PROGRESS: at 56.15% examples, 677843 words/s, in_qsize 32, out_qsize 1
2026-03-26 12:14:23,741 - INFO - EPOCH 9 - PROGRESS: at 56.29% examples, 677897 words/s, in_qsize 29, out_qsize 0
2026-03-26 12:14:24,777 - INFO - EPOCH 9 - PROGRESS: at 56.41% examples, 677800 words/s, in_qsize 31, out_qsize 2
2026-03-26 12:14:25,786 - INFO - EPOCH 9 - PROGRESS: at 56.53% examples, 677765 words/s, in_qsize 29, out_qsize 6
2026-03-26 12:14:26,818 - INFO - EPOCH 9 - PROGRESS: at 56.66% examples, 677827 words/s, in_qsize 32, out_qsize 2
2026-03-26 12:14:27,862 - INFO - EPOCH 9 - PROGRESS: at 56.78% examples, 677828 words/s, in_qsize 32, out_qsize 3
2026-03-26 12:14:28,868 - INFO - EPOCH 9 - PROGRESS: at 56.96% examples, 677899 words/s, in_qsize 31, out_qsize 0
2026-03-26 12:14:29,876 - INFO - EPOCH 9 - PROGRESS: at 57.13% examples, 677868 words/s, in_qsize 28, out_qsize 3
2026-03-26 12:14:30,880 - INFO - EPOCH 9 - PROGRESS: at 57.32% examples, 678004 words/s, in_qsize 32, out_qsize 0
2026-03-26 12:14:31,953 - INFO - EPOCH 9 - PROGRESS: at 57.50% examples, 677858 words/s, in_qsize 32, out_qsize 0
2026-03-26 12:14:32,955 - INFO - EPOCH 9 - PROGRESS: at 57.67% examples, 677859 words/s, in_qsize 31, out_qsize 0
2026-03-26 12:14:33,969 - INFO - EPOCH 9 - PROGRESS: at 57.82% examples, 677597 words/s, in_qsize 32, out_qsize 0
2026-03-26 12:14:34,985 - INFO - EPOCH 9 - PROGRESS: at 57.96% examples, 677337 words/s, in_qsize 30, out_qsize 1
2026-03-26 12:14:36,016 - INFO - EPOCH 9 - PROGRESS: at 58.13% examples, 677296 words/s, in_qsize 30, out_qsize 1
2026-03-26 12:14:37,031 - INFO - EPOCH 9 - PROGRESS: at 58.28% examples, 677084 words/s, in_qsize 30, out_qsize 0
2026-03-26 12:14:38,038 - INFO - EPOCH 9 - PROGRESS: at 58.45% examples, 677041 words/s, in_qsize 32, out_qsize 0
2026-03-26 12:14:39,070 - INFO - EPOCH 9 - PROGRESS: at 58.61% examples, 676882 words/s, in_qsize 31, out_qsize 0
2026-03-26 12:14:40,097 - INFO - EPOCH 9 - PROGRESS: at 58.77% examples, 676868 words/s, in_qsize 31, out_qsize 0
2026-03-26 12:14:41,116 - INFO - EPOCH 9 - PROGRESS: at 58.94% examples, 676867 words/s, in_qsize 31, out_qsize 0
2026-03-26 12:14:42,118 - INFO - EPOCH 9 - PROGRESS: at 59.09% examples, 676601 words/s, in_qsize 32, out_qsize 0
2026-03-26 12:14:43,150 - INFO - EPOCH 9 - PROGRESS: at 59.25% examples, 676384 words/s, in_qsize 31, out_qsize 1
2026-03-26 12:14:44,158 - INFO - EPOCH 9 - PROGRESS: at 59.39% examples, 676392 words/s, in_qsize 31, out_qsize 0
2026-03-26 12:14:45,193 - INFO - EPOCH 9 - PROGRESS: at 59.58% examples, 676414 words/s, in_qsize 30, out_qsize 1
2026-03-26 12:14:46,201 - INFO - EPOCH 9 - PROGRESS: at 59.75% examples, 676475 words/s, in_qsize 31, out_qsize 0
2026-03-26 12:14:47,256 - INFO - EPOCH 9 - PROGRESS: at 59.81% examples, 676310 words/s, in_qsize 32, out_qsize 1
2026-03-26 12:14:48,260 - INFO - EPOCH 9 - PROGRESS: at 59.93% examples, 676369 words/s, in_qsize 30, out_qsize 0
2026-03-26 12:14:49,262 - INFO - EPOCH 9 - PROGRESS: at 60.10% examples, 676421 words/s, in_qsize 32, out_qsize 0
2026-03-26 12:14:50,278 - INFO - EPOCH 9 - PROGRESS: at 60.25% examples, 676375 words/s, in_qsize 32, out_qsize 0
2026-03-26 12:14:51,286 - INFO - EPOCH 9 - PROGRESS: at 60.41% examples, 676412 words/s, in_qsize 32, out_qsize 1
2026-03-26 12:14:52,287 - INFO - EPOCH 9 - PROGRESS: at 60.58% examples, 676462 words/s, in_qsize 29, out_qsize 0
2026-03-26 12:14:53,305 - INFO - EPOCH 9 - PROGRESS: at 60.74% examples, 676485 words/s, in_qsize 29, out_qsize 1
2026-03-26 12:14:54,319 - INFO - EPOCH 9 - PROGRESS: at 60.89% examples, 676500 words/s, in_qsize 32, out_qsize 2
2026-03-26 12:14:55,342 - INFO - EPOCH 9 - PROGRESS: at 61.00% examples, 676446 words/s, in_qsize 31, out_qsize 4
2026-03-26 12:14:56,357 - INFO - EPOCH 9 - PROGRESS: at 61.14% examples, 676501 words/s, in_qsize 32, out_qsize 0
2026-03-26 12:14:57,387 - INFO - EPOCH 9 - PROGRESS: at 61.22% examples, 676463 words/s, in_qsize 30, out_qsize 1
2026-03-26 12:14:58,390 - INFO - EPOCH 9 - PROGRESS: at 61.28% examples, 676465 words/s, in_qsize 31, out_qsize 0
2026-03-26 12:14:59,410 - INFO - EPOCH 9 - PROGRESS: at 61.38% examples, 676426 words/s, in_qsize 32, out_qsize 1
2026-03-26 12:15:00,413 - INFO - EPOCH 9 - PROGRESS: at 61.53% examples, 676475 words/s, in_qsize 30, out_qsize 0
2026-03-26 12:15:01,439 - INFO - EPOCH 9 - PROGRESS: at 61.69% examples, 676522 words/s, in_qsize 28, out_qsize 3
2026-03-26 12:15:02,451 - INFO - EPOCH 9 - PROGRESS: at 61.77% examples, 676441 words/s, in_qsize 31, out_qsize 1
2026-03-26 12:15:03,464 - INFO - EPOCH 9 - PROGRESS: at 61.92% examples, 676524 words/s, in_qsize 29, out_qsize 0
2026-03-26 12:15:04,465 - INFO - EPOCH 9 - PROGRESS: at 62.08% examples, 676553 words/s, in_qsize 31, out_qsize 0
2026-03-26 12:15:05,474 - INFO - EPOCH 9 - PROGRESS: at 62.16% examples, 676515 words/s, in_qsize 32, out_qsize 0
2026-03-26 12:15:06,493 - INFO - EPOCH 9 - PROGRESS: at 62.28% examples, 676541 words/s, in_qsize 32, out_qsize 3
2026-03-26 12:15:07,518 - INFO - EPOCH 9 - PROGRESS: at 62.42% examples, 676523 words/s, in_qsize 31, out_qsize 4
2026-03-26 12:15:08,530 - INFO - EPOCH 9 - PROGRESS: at 62.56% examples, 676577 words/s, in_qsize 32, out_qsize 0
2026-03-26 12:15:09,544 - INFO - EPOCH 9 - PROGRESS: at 62.69% examples, 676555 words/s, in_qsize 32, out_qsize 0
2026-03-26 12:15:10,580 - INFO - EPOCH 9 - PROGRESS: at 62.83% examples, 676608 words/s, in_qsize 30, out_qsize 1
2026-03-26 12:15:11,598 - INFO - EPOCH 9 - PROGRESS: at 62.98% examples, 676614 words/s, in_qsize 32, out_qsize 0
2026-03-26 12:15:12,628 - INFO - EPOCH 9 - PROGRESS: at 63.12% examples, 676633 words/s, in_qsize 31, out_qsize 1
2026-03-26 12:15:13,634 - INFO - EPOCH 9 - PROGRESS: at 63.26% examples, 676655 words/s, in_qsize 30, out_qsize 1
2026-03-26 12:15:14,655 - INFO - EPOCH 9 - PROGRESS: at 63.35% examples, 676634 words/s, in_qsize 31, out_qsize 2
2026-03-26 12:15:15,677 - INFO - EPOCH 9 - PROGRESS: at 63.47% examples, 676670 words/s, in_qsize 31, out_qsize 0
2026-03-26 12:15:16,680 - INFO - EPOCH 9 - PROGRESS: at 63.63% examples, 676727 words/s, in_qsize 32, out_qsize 0
2026-03-26 12:15:17,705 - INFO - EPOCH 9 - PROGRESS: at 63.78% examples, 676628 words/s, in_qsize 31, out_qsize 0
2026-03-26 12:15:18,724 - INFO - EPOCH 9 - PROGRESS: at 63.95% examples, 676444 words/s, in_qsize 31, out_qsize 0
2026-03-26 12:15:19,734 - INFO - EPOCH 9 - PROGRESS: at 64.12% examples, 676398 words/s, in_qsize 31, out_qsize 1
2026-03-26 12:15:20,740 - INFO - EPOCH 9 - PROGRESS: at 64.23% examples, 676331 words/s, in_qsize 31, out_qsize 0
2026-03-26 12:15:21,745 - INFO - EPOCH 9 - PROGRESS: at 64.35% examples, 676326 words/s, in_qsize 31, out_qsize 0
2026-03-26 12:15:22,751 - INFO - EPOCH 9 - PROGRESS: at 64.47% examples, 676350 words/s, in_qsize 31, out_qsize 0
2026-03-26 12:15:23,770 - INFO - EPOCH 9 - PROGRESS: at 64.59% examples, 676358 words/s, in_qsize 31, out_qsize 0
2026-03-26 12:15:24,800 - INFO - EPOCH 9 - PROGRESS: at 64.75% examples, 676394 words/s, in_qsize 31, out_qsize 0
2026-03-26 12:15:25,820 - INFO - EPOCH 9 - PROGRESS: at 64.91% examples, 676394 words/s, in_qsize 31, out_qsize 0
2026-03-26 12:15:26,838 - INFO - EPOCH 9 - PROGRESS: at 65.06% examples, 676414 words/s, in_qsize 31, out_qsize 0
2026-03-26 12:15:27,855 - INFO - EPOCH 9 - PROGRESS: at 65.22% examples, 676466 words/s, in_qsize 32, out_qsize 0
2026-03-26 12:15:28,859 - INFO - EPOCH 9 - PROGRESS: at 65.38% examples, 676453 words/s, in_qsize 32, out_qsize 1
2026-03-26 12:15:29,870 - INFO - EPOCH 9 - PROGRESS: at 65.54% examples, 676498 words/s, in_qsize 31, out_qsize 1
2026-03-26 12:15:30,894 - INFO - EPOCH 9 - PROGRESS: at 65.69% examples, 676319 words/s, in_qsize 29, out_qsize 2
2026-03-26 12:15:31,906 - INFO - EPOCH 9 - PROGRESS: at 65.81% examples, 676265 words/s, in_qsize 31, out_qsize 6
2026-03-26 12:15:32,917 - INFO - EPOCH 9 - PROGRESS: at 65.98% examples, 676377 words/s, in_qsize 31, out_qsize 0
2026-03-26 12:15:33,927 - INFO - EPOCH 9 - PROGRESS: at 66.11% examples, 676411 words/s, in_qsize 32, out_qsize 1
2026-03-26 12:15:34,933 - INFO - EPOCH 9 - PROGRESS: at 66.24% examples, 676411 words/s, in_qsize 30, out_qsize 1
2026-03-26 12:15:35,934 - INFO - EPOCH 9 - PROGRESS: at 66.39% examples, 676469 words/s, in_qsize 31, out_qsize 0
2026-03-26 12:15:36,935 - INFO - EPOCH 9 - PROGRESS: at 66.48% examples, 676414 words/s, in_qsize 30, out_qsize 1
2026-03-26 12:15:37,939 - INFO - EPOCH 9 - PROGRESS: at 66.58% examples, 676409 words/s, in_qsize 30, out_qsize 1
2026-03-26 12:15:38,973 - INFO - EPOCH 9 - PROGRESS: at 66.65% examples, 676341 words/s, in_qsize 32, out_qsize 2
2026-03-26 12:15:40,006 - INFO - EPOCH 9 - PROGRESS: at 66.72% examples, 676324 words/s, in_qsize 32, out_qsize 0
2026-03-26 12:15:41,027 - INFO - EPOCH 9 - PROGRESS: at 66.83% examples, 676329 words/s, in_qsize 29, out_qsize 2
2026-03-26 12:15:42,034 - INFO - EPOCH 9 - PROGRESS: at 66.90% examples, 676348 words/s, in_qsize 32, out_qsize 0
2026-03-26 12:15:43,038 - INFO - EPOCH 9 - PROGRESS: at 66.97% examples, 676258 words/s, in_qsize 30, out_qsize 1
2026-03-26 12:15:44,041 - INFO - EPOCH 9 - PROGRESS: at 67.10% examples, 676235 words/s, in_qsize 31, out_qsize 3
2026-03-26 12:15:45,041 - INFO - EPOCH 9 - PROGRESS: at 67.26% examples, 676316 words/s, in_qsize 32, out_qsize 1
2026-03-26 12:15:46,064 - INFO - EPOCH 9 - PROGRESS: at 67.39% examples, 676312 words/s, in_qsize 32, out_qsize 0
2026-03-26 12:15:47,065 - INFO - EPOCH 9 - PROGRESS: at 67.52% examples, 676307 words/s, in_qsize 30, out_qsize 1
2026-03-26 12:15:48,073 - INFO - EPOCH 9 - PROGRESS: at 67.63% examples, 676335 words/s, in_qsize 31, out_qsize 0
2026-03-26 12:15:49,074 - INFO - EPOCH 9 - PROGRESS: at 67.75% examples, 676235 words/s, in_qsize 30, out_qsize 1
2026-03-26 12:15:50,084 - INFO - EPOCH 9 - PROGRESS: at 67.87% examples, 676236 words/s, in_qsize 31, out_qsize 0
2026-03-26 12:15:51,089 - INFO - EPOCH 9 - PROGRESS: at 67.97% examples, 676190 words/s, in_qsize 31, out_qsize 0
2026-03-26 12:15:52,099 - INFO - EPOCH 9 - PROGRESS: at 68.09% examples, 676164 words/s, in_qsize 32, out_qsize 0
2026-03-26 12:15:53,142 - INFO - EPOCH 9 - PROGRESS: at 68.18% examples, 676136 words/s, in_qsize 30, out_qsize 3
2026-03-26 12:15:54,159 - INFO - EPOCH 9 - PROGRESS: at 68.32% examples, 676192 words/s, in_qsize 30, out_qsize 1
2026-03-26 12:15:55,178 - INFO - EPOCH 9 - PROGRESS: at 68.46% examples, 676223 words/s, in_qsize 32, out_qsize 0
2026-03-26 12:15:56,182 - INFO - EPOCH 9 - PROGRESS: at 68.59% examples, 676192 words/s, in_qsize 32, out_qsize 3
2026-03-26 12:15:57,191 - INFO - EPOCH 9 - PROGRESS: at 68.72% examples, 676235 words/s, in_qsize 30, out_qsize 1
2026-03-26 12:15:58,204 - INFO - EPOCH 9 - PROGRESS: at 68.85% examples, 676226 words/s, in_qsize 32, out_qsize 0
2026-03-26 12:15:59,230 - INFO - EPOCH 9 - PROGRESS: at 68.98% examples, 676214 words/s, in_qsize 32, out_qsize 1
2026-03-26 12:16:00,230 - INFO - EPOCH 9 - PROGRESS: at 69.11% examples, 676222 words/s, in_qsize 29, out_qsize 2
2026-03-26 12:16:01,241 - INFO - EPOCH 9 - PROGRESS: at 69.34% examples, 676361 words/s, in_qsize 31, out_qsize 0
2026-03-26 12:16:02,279 - INFO - EPOCH 9 - PROGRESS: at 69.59% examples, 676402 words/s, in_qsize 30, out_qsize 1
2026-03-26 12:16:03,289 - INFO - EPOCH 9 - PROGRESS: at 69.82% examples, 676430 words/s, in_qsize 31, out_qsize 0
2026-03-26 12:16:04,303 - INFO - EPOCH 9 - PROGRESS: at 69.95% examples, 676382 words/s, in_qsize 31, out_qsize 0
2026-03-26 12:16:05,309 - INFO - EPOCH 9 - PROGRESS: at 70.07% examples, 676382 words/s, in_qsize 30, out_qsize 1
2026-03-26 12:16:06,315 - INFO - EPOCH 9 - PROGRESS: at 70.20% examples, 676367 words/s, in_qsize 32, out_qsize 2
2026-03-26 12:16:07,332 - INFO - EPOCH 9 - PROGRESS: at 70.33% examples, 676368 words/s, in_qsize 32, out_qsize 2
2026-03-26 12:16:08,333 - INFO - EPOCH 9 - PROGRESS: at 70.46% examples, 676373 words/s, in_qsize 32, out_qsize 0
2026-03-26 12:16:09,338 - INFO - EPOCH 9 - PROGRESS: at 70.58% examples, 676377 words/s, in_qsize 32, out_qsize 1
2026-03-26 12:16:10,345 - INFO - EPOCH 9 - PROGRESS: at 70.71% examples, 676406 words/s, in_qsize 32, out_qsize 0
2026-03-26 12:16:11,346 - INFO - EPOCH 9 - PROGRESS: at 70.83% examples, 676385 words/s, in_qsize 31, out_qsize 0
2026-03-26 12:16:12,348 - INFO - EPOCH 9 - PROGRESS: at 70.95% examples, 676372 words/s, in_qsize 31, out_qsize 0
2026-03-26 12:16:13,349 - INFO - EPOCH 9 - PROGRESS: at 71.07% examples, 676372 words/s, in_qsize 30, out_qsize 0
2026-03-26 12:16:14,389 - INFO - EPOCH 9 - PROGRESS: at 71.20% examples, 676357 words/s, in_qsize 31, out_qsize 1
2026-03-26 12:16:15,393 - INFO - EPOCH 9 - PROGRESS: at 71.36% examples, 676451 words/s, in_qsize 31, out_qsize 0
2026-03-26 12:16:16,427 - INFO - EPOCH 9 - PROGRESS: at 71.54% examples, 676415 words/s, in_qsize 32, out_qsize 1
2026-03-26 12:16:17,428 - INFO - EPOCH 9 - PROGRESS: at 71.73% examples, 676488 words/s, in_qsize 30, out_qsize 0
2026-03-26 12:16:18,442 - INFO - EPOCH 9 - PROGRESS: at 71.89% examples, 676498 words/s, in_qsize 29, out_qsize 2
2026-03-26 12:16:19,469 - INFO - EPOCH 9 - PROGRESS: at 72.00% examples, 676458 words/s, in_qsize 30, out_qsize 1
2026-03-26 12:16:20,513 - INFO - EPOCH 9 - PROGRESS: at 72.12% examples, 676478 words/s, in_qsize 32, out_qsize 1
2026-03-26 12:16:21,523 - INFO - EPOCH 9 - PROGRESS: at 72.30% examples, 676552 words/s, in_qsize 31, out_qsize 0
2026-03-26 12:16:22,565 - INFO - EPOCH 9 - PROGRESS: at 72.45% examples, 676333 words/s, in_qsize 31, out_qsize 0
2026-03-26 12:16:23,571 - INFO - EPOCH 9 - PROGRESS: at 72.63% examples, 676322 words/s, in_qsize 31, out_qsize 0
2026-03-26 12:16:24,575 - INFO - EPOCH 9 - PROGRESS: at 72.77% examples, 676109 words/s, in_qsize 31, out_qsize 1
2026-03-26 12:16:25,608 - INFO - EPOCH 9 - PROGRESS: at 72.92% examples, 675876 words/s, in_qsize 31, out_qsize 1
2026-03-26 12:16:26,674 - INFO - EPOCH 9 - PROGRESS: at 73.05% examples, 675814 words/s, in_qsize 32, out_qsize 0
2026-03-26 12:16:27,697 - INFO - EPOCH 9 - PROGRESS: at 73.15% examples, 675748 words/s, in_qsize 32, out_qsize 4
2026-03-26 12:16:28,715 - INFO - EPOCH 9 - PROGRESS: at 73.26% examples, 675755 words/s, in_qsize 30, out_qsize 1
2026-03-26 12:16:29,730 - INFO - EPOCH 9 - PROGRESS: at 73.36% examples, 675715 words/s, in_qsize 32, out_qsize 0
2026-03-26 12:16:30,769 - INFO - EPOCH 9 - PROGRESS: at 73.46% examples, 675657 words/s, in_qsize 27, out_qsize 4
2026-03-26 12:16:31,776 - INFO - EPOCH 9 - PROGRESS: at 73.55% examples, 675659 words/s, in_qsize 31, out_qsize 0
2026-03-26 12:16:32,792 - INFO - EPOCH 9 - PROGRESS: at 73.65% examples, 675643 words/s, in_qsize 29, out_qsize 2
2026-03-26 12:16:33,825 - INFO - EPOCH 9 - PROGRESS: at 73.80% examples, 675621 words/s, in_qsize 32, out_qsize 4
2026-03-26 12:16:34,846 - INFO - EPOCH 9 - PROGRESS: at 73.96% examples, 675696 words/s, in_qsize 32, out_qsize 0
2026-03-26 12:16:35,849 - INFO - EPOCH 9 - PROGRESS: at 74.14% examples, 675700 words/s, in_qsize 28, out_qsize 4
2026-03-26 12:16:36,855 - INFO - EPOCH 9 - PROGRESS: at 74.32% examples, 675753 words/s, in_qsize 31, out_qsize 0
2026-03-26 12:16:37,875 - INFO - EPOCH 9 - PROGRESS: at 74.47% examples, 675759 words/s, in_qsize 31, out_qsize 0
2026-03-26 12:16:38,914 - INFO - EPOCH 9 - PROGRESS: at 74.61% examples, 675736 words/s, in_qsize 32, out_qsize 1
2026-03-26 12:16:39,921 - INFO - EPOCH 9 - PROGRESS: at 74.74% examples, 675726 words/s, in_qsize 31, out_qsize 5
2026-03-26 12:16:40,933 - INFO - EPOCH 9 - PROGRESS: at 74.88% examples, 675802 words/s, in_qsize 32, out_qsize 0
2026-03-26 12:16:41,945 - INFO - EPOCH 9 - PROGRESS: at 75.03% examples, 675825 words/s, in_qsize 32, out_qsize 1
2026-03-26 12:16:42,949 - INFO - EPOCH 9 - PROGRESS: at 75.21% examples, 675864 words/s, in_qsize 31, out_qsize 0
2026-03-26 12:16:43,963 - INFO - EPOCH 9 - PROGRESS: at 75.38% examples, 675859 words/s, in_qsize 32, out_qsize 1
2026-03-26 12:16:44,967 - INFO - EPOCH 9 - PROGRESS: at 75.52% examples, 675742 words/s, in_qsize 27, out_qsize 9
2026-03-26 12:16:45,976 - INFO - EPOCH 9 - PROGRESS: at 75.67% examples, 675710 words/s, in_qsize 31, out_qsize 0
2026-03-26 12:16:46,986 - INFO - EPOCH 9 - PROGRESS: at 75.80% examples, 675544 words/s, in_qsize 31, out_qsize 0
2026-03-26 12:16:47,993 - INFO - EPOCH 9 - PROGRESS: at 75.95% examples, 675542 words/s, in_qsize 30, out_qsize 1
2026-03-26 12:16:49,023 - INFO - EPOCH 9 - PROGRESS: at 76.09% examples, 675366 words/s, in_qsize 30, out_qsize 1
2026-03-26 12:16:50,055 - INFO - EPOCH 9 - PROGRESS: at 76.24% examples, 675306 words/s, in_qsize 32, out_qsize 0
2026-03-26 12:16:51,101 - INFO - EPOCH 9 - PROGRESS: at 76.37% examples, 675082 words/s, in_qsize 32, out_qsize 1
2026-03-26 12:16:52,102 - INFO - EPOCH 9 - PROGRESS: at 76.55% examples, 675086 words/s, in_qsize 30, out_qsize 1
2026-03-26 12:16:53,103 - INFO - EPOCH 9 - PROGRESS: at 76.69% examples, 675117 words/s, in_qsize 30, out_qsize 1
2026-03-26 12:16:54,120 - INFO - EPOCH 9 - PROGRESS: at 76.82% examples, 675030 words/s, in_qsize 32, out_qsize 0
2026-03-26 12:16:55,137 - INFO - EPOCH 9 - PROGRESS: at 76.97% examples, 675076 words/s, in_qsize 31, out_qsize 0
2026-03-26 12:16:56,145 - INFO - EPOCH 9 - PROGRESS: at 77.13% examples, 675058 words/s, in_qsize 31, out_qsize 2
2026-03-26 12:16:57,146 - INFO - EPOCH 9 - PROGRESS: at 77.28% examples, 675093 words/s, in_qsize 29, out_qsize 0
2026-03-26 12:16:58,153 - INFO - EPOCH 9 - PROGRESS: at 77.44% examples, 675095 words/s, in_qsize 27, out_qsize 2
2026-03-26 12:16:59,158 - INFO - EPOCH 9 - PROGRESS: at 77.60% examples, 675144 words/s, in_qsize 30, out_qsize 1
2026-03-26 12:17:00,165 - INFO - EPOCH 9 - PROGRESS: at 77.75% examples, 675159 words/s, in_qsize 32, out_qsize 1
2026-03-26 12:17:01,174 - INFO - EPOCH 9 - PROGRESS: at 77.90% examples, 675157 words/s, in_qsize 31, out_qsize 0
2026-03-26 12:17:02,176 - INFO - EPOCH 9 - PROGRESS: at 78.06% examples, 675222 words/s, in_qsize 32, out_qsize 0
2026-03-26 12:17:03,217 - INFO - EPOCH 9 - PROGRESS: at 78.20% examples, 675180 words/s, in_qsize 30, out_qsize 2
2026-03-26 12:17:04,227 - INFO - EPOCH 9 - PROGRESS: at 78.33% examples, 675191 words/s, in_qsize 32, out_qsize 2
2026-03-26 12:17:05,245 - INFO - EPOCH 9 - PROGRESS: at 78.47% examples, 675218 words/s, in_qsize 30, out_qsize 1
2026-03-26 12:17:06,256 - INFO - EPOCH 9 - PROGRESS: at 78.62% examples, 675269 words/s, in_qsize 31, out_qsize 0
2026-03-26 12:17:07,292 - INFO - EPOCH 9 - PROGRESS: at 78.76% examples, 675278 words/s, in_qsize 32, out_qsize 2
2026-03-26 12:17:08,323 - INFO - EPOCH 9 - PROGRESS: at 78.90% examples, 675303 words/s, in_qsize 32, out_qsize 0
2026-03-26 12:17:09,370 - INFO - EPOCH 9 - PROGRESS: at 79.04% examples, 675282 words/s, in_qsize 32, out_qsize 0
2026-03-26 12:17:10,400 - INFO - EPOCH 9 - PROGRESS: at 79.18% examples, 675269 words/s, in_qsize 29, out_qsize 3
2026-03-26 12:17:11,407 - INFO - EPOCH 9 - PROGRESS: at 79.32% examples, 675324 words/s, in_qsize 31, out_qsize 0
2026-03-26 12:17:12,407 - INFO - EPOCH 9 - PROGRESS: at 79.45% examples, 675289 words/s, in_qsize 31, out_qsize 0
2026-03-26 12:17:13,418 - INFO - EPOCH 9 - PROGRESS: at 79.59% examples, 675326 words/s, in_qsize 31, out_qsize 0
2026-03-26 12:17:14,439 - INFO - EPOCH 9 - PROGRESS: at 79.73% examples, 675394 words/s, in_qsize 31, out_qsize 2
2026-03-26 12:17:15,467 - INFO - EPOCH 9 - PROGRESS: at 79.88% examples, 675439 words/s, in_qsize 31, out_qsize 1
2026-03-26 12:17:16,485 - INFO - EPOCH 9 - PROGRESS: at 80.02% examples, 675495 words/s, in_qsize 31, out_qsize 0
2026-03-26 12:17:17,495 - INFO - EPOCH 9 - PROGRESS: at 80.16% examples, 675535 words/s, in_qsize 31, out_qsize 0
2026-03-26 12:17:18,510 - INFO - EPOCH 9 - PROGRESS: at 80.31% examples, 675592 words/s, in_qsize 31, out_qsize 0
2026-03-26 12:17:19,520 - INFO - EPOCH 9 - PROGRESS: at 80.43% examples, 675613 words/s, in_qsize 32, out_qsize 2
2026-03-26 12:17:20,530 - INFO - EPOCH 9 - PROGRESS: at 80.54% examples, 675597 words/s, in_qsize 29, out_qsize 2
2026-03-26 12:17:21,530 - INFO - EPOCH 9 - PROGRESS: at 80.64% examples, 675636 words/s, in_qsize 31, out_qsize 0
2026-03-26 12:17:22,559 - INFO - EPOCH 9 - PROGRESS: at 80.76% examples, 675604 words/s, in_qsize 32, out_qsize 0
2026-03-26 12:17:23,588 - INFO - EPOCH 9 - PROGRESS: at 80.89% examples, 675586 words/s, in_qsize 32, out_qsize 2
2026-03-26 12:17:24,605 - INFO - EPOCH 9 - PROGRESS: at 81.03% examples, 675613 words/s, in_qsize 31, out_qsize 2
2026-03-26 12:17:25,617 - INFO - EPOCH 9 - PROGRESS: at 81.16% examples, 675603 words/s, in_qsize 31, out_qsize 3
2026-03-26 12:17:26,682 - INFO - EPOCH 9 - PROGRESS: at 81.30% examples, 675599 words/s, in_qsize 31, out_qsize 4
2026-03-26 12:17:27,683 - INFO - EPOCH 9 - PROGRESS: at 81.43% examples, 675672 words/s, in_qsize 31, out_qsize 0
2026-03-26 12:17:28,717 - INFO - EPOCH 9 - PROGRESS: at 81.56% examples, 675635 words/s, in_qsize 32, out_qsize 2
2026-03-26 12:17:29,753 - INFO - EPOCH 9 - PROGRESS: at 81.68% examples, 675598 words/s, in_qsize 31, out_qsize 2
2026-03-26 12:17:30,756 - INFO - EPOCH 9 - PROGRESS: at 81.82% examples, 675606 words/s, in_qsize 31, out_qsize 4
2026-03-26 12:17:31,766 - INFO - EPOCH 9 - PROGRESS: at 81.96% examples, 675622 words/s, in_qsize 32, out_qsize 3
2026-03-26 12:17:32,772 - INFO - EPOCH 9 - PROGRESS: at 82.10% examples, 675652 words/s, in_qsize 31, out_qsize 0
2026-03-26 12:17:33,775 - INFO - EPOCH 9 - PROGRESS: at 82.24% examples, 675646 words/s, in_qsize 29, out_qsize 2
2026-03-26 12:17:34,785 - INFO - EPOCH 9 - PROGRESS: at 82.39% examples, 675669 words/s, in_qsize 32, out_qsize 1
2026-03-26 12:17:35,794 - INFO - EPOCH 9 - PROGRESS: at 82.53% examples, 675666 words/s, in_qsize 32, out_qsize 0
2026-03-26 12:17:36,796 - INFO - EPOCH 9 - PROGRESS: at 82.67% examples, 675688 words/s, in_qsize 32, out_qsize 0
2026-03-26 12:17:37,823 - INFO - EPOCH 9 - PROGRESS: at 82.80% examples, 675677 words/s, in_qsize 31, out_qsize 3
2026-03-26 12:17:38,828 - INFO - EPOCH 9 - PROGRESS: at 82.91% examples, 675709 words/s, in_qsize 32, out_qsize 1
2026-03-26 12:17:39,846 - INFO - EPOCH 9 - PROGRESS: at 83.03% examples, 675740 words/s, in_qsize 31, out_qsize 0
2026-03-26 12:17:40,867 - INFO - EPOCH 9 - PROGRESS: at 83.14% examples, 675754 words/s, in_qsize 30, out_qsize 1
2026-03-26 12:17:41,894 - INFO - EPOCH 9 - PROGRESS: at 83.26% examples, 675761 words/s, in_qsize 27, out_qsize 4
2026-03-26 12:17:42,898 - INFO - EPOCH 9 - PROGRESS: at 83.38% examples, 675807 words/s, in_qsize 28, out_qsize 1
2026-03-26 12:17:43,916 - INFO - EPOCH 9 - PROGRESS: at 83.50% examples, 675813 words/s, in_qsize 26, out_qsize 2
2026-03-26 12:17:44,928 - INFO - EPOCH 9 - PROGRESS: at 83.62% examples, 675815 words/s, in_qsize 29, out_qsize 2
2026-03-26 12:17:45,958 - INFO - EPOCH 9 - PROGRESS: at 83.77% examples, 675784 words/s, in_qsize 30, out_qsize 5
2026-03-26 12:17:46,985 - INFO - EPOCH 9 - PROGRESS: at 83.94% examples, 675847 words/s, in_qsize 30, out_qsize 1
2026-03-26 12:17:47,988 - INFO - EPOCH 9 - PROGRESS: at 84.09% examples, 675858 words/s, in_qsize 32, out_qsize 2
2026-03-26 12:17:48,988 - INFO - EPOCH 9 - PROGRESS: at 84.23% examples, 675856 words/s, in_qsize 30, out_qsize 1
2026-03-26 12:17:50,039 - INFO - EPOCH 9 - PROGRESS: at 84.33% examples, 675753 words/s, in_qsize 32, out_qsize 0
2026-03-26 12:17:51,096 - INFO - EPOCH 9 - PROGRESS: at 84.44% examples, 675727 words/s, in_qsize 32, out_qsize 0
2026-03-26 12:17:52,151 - INFO - EPOCH 9 - PROGRESS: at 84.53% examples, 675699 words/s, in_qsize 32, out_qsize 5
2026-03-26 12:17:53,171 - INFO - EPOCH 9 - PROGRESS: at 84.63% examples, 675714 words/s, in_qsize 31, out_qsize 2
2026-03-26 12:17:54,185 - INFO - EPOCH 9 - PROGRESS: at 84.70% examples, 675680 words/s, in_qsize 32, out_qsize 1
2026-03-26 12:17:55,188 - INFO - EPOCH 9 - PROGRESS: at 84.81% examples, 675678 words/s, in_qsize 31, out_qsize 2
2026-03-26 12:17:56,209 - INFO - EPOCH 9 - PROGRESS: at 84.99% examples, 675717 words/s, in_qsize 30, out_qsize 1
2026-03-26 12:17:57,213 - INFO - EPOCH 9 - PROGRESS: at 85.15% examples, 675774 words/s, in_qsize 31, out_qsize 0
2026-03-26 12:17:58,225 - INFO - EPOCH 9 - PROGRESS: at 85.29% examples, 675765 words/s, in_qsize 30, out_qsize 1
2026-03-26 12:17:59,244 - INFO - EPOCH 9 - PROGRESS: at 85.44% examples, 675799 words/s, in_qsize 32, out_qsize 0
2026-03-26 12:18:00,254 - INFO - EPOCH 9 - PROGRESS: at 85.58% examples, 675784 words/s, in_qsize 30, out_qsize 3
2026-03-26 12:18:01,263 - INFO - EPOCH 9 - PROGRESS: at 85.74% examples, 675844 words/s, in_qsize 31, out_qsize 0
2026-03-26 12:18:02,265 - INFO - EPOCH 9 - PROGRESS: at 85.89% examples, 675888 words/s, in_qsize 31, out_qsize 0
2026-03-26 12:18:03,269 - INFO - EPOCH 9 - PROGRESS: at 86.04% examples, 675894 words/s, in_qsize 29, out_qsize 1
2026-03-26 12:18:04,287 - INFO - EPOCH 9 - PROGRESS: at 86.18% examples, 675908 words/s, in_qsize 29, out_qsize 2
2026-03-26 12:18:05,290 - INFO - EPOCH 9 - PROGRESS: at 86.33% examples, 675950 words/s, in_qsize 30, out_qsize 1
2026-03-26 12:18:06,321 - INFO - EPOCH 9 - PROGRESS: at 86.46% examples, 675946 words/s, in_qsize 32, out_qsize 1
2026-03-26 12:18:07,337 - INFO - EPOCH 9 - PROGRESS: at 86.59% examples, 675945 words/s, in_qsize 30, out_qsize 1
2026-03-26 12:18:08,347 - INFO - EPOCH 9 - PROGRESS: at 86.71% examples, 675940 words/s, in_qsize 32, out_qsize 0
2026-03-26 12:18:09,349 - INFO - EPOCH 9 - PROGRESS: at 86.89% examples, 675971 words/s, in_qsize 32, out_qsize 0
2026-03-26 12:18:10,369 - INFO - EPOCH 9 - PROGRESS: at 87.06% examples, 675968 words/s, in_qsize 31, out_qsize 3
2026-03-26 12:18:11,409 - INFO - EPOCH 9 - PROGRESS: at 87.23% examples, 676024 words/s, in_qsize 30, out_qsize 1
2026-03-26 12:18:12,438 - INFO - EPOCH 9 - PROGRESS: at 87.38% examples, 676008 words/s, in_qsize 29, out_qsize 5
2026-03-26 12:18:13,443 - INFO - EPOCH 9 - PROGRESS: at 87.51% examples, 675995 words/s, in_qsize 31, out_qsize 0
2026-03-26 12:18:14,451 - INFO - EPOCH 9 - PROGRESS: at 87.64% examples, 675977 words/s, in_qsize 31, out_qsize 0
2026-03-26 12:18:15,471 - INFO - EPOCH 9 - PROGRESS: at 87.76% examples, 675879 words/s, in_qsize 29, out_qsize 3
2026-03-26 12:18:16,479 - INFO - EPOCH 9 - PROGRESS: at 87.89% examples, 675937 words/s, in_qsize 31, out_qsize 0
2026-03-26 12:18:17,497 - INFO - EPOCH 9 - PROGRESS: at 88.01% examples, 675912 words/s, in_qsize 32, out_qsize 1
2026-03-26 12:18:18,500 - INFO - EPOCH 9 - PROGRESS: at 88.11% examples, 675895 words/s, in_qsize 32, out_qsize 0
2026-03-26 12:18:19,516 - INFO - EPOCH 9 - PROGRESS: at 88.24% examples, 675929 words/s, in_qsize 31, out_qsize 0
2026-03-26 12:18:20,548 - INFO - EPOCH 9 - PROGRESS: at 88.39% examples, 675929 words/s, in_qsize 32, out_qsize 2
2026-03-26 12:18:21,559 - INFO - EPOCH 9 - PROGRESS: at 88.57% examples, 675981 words/s, in_qsize 31, out_qsize 0
2026-03-26 12:18:22,583 - INFO - EPOCH 9 - PROGRESS: at 88.71% examples, 676011 words/s, in_qsize 32, out_qsize 0
2026-03-26 12:18:23,624 - INFO - EPOCH 9 - PROGRESS: at 88.81% examples, 675840 words/s, in_qsize 29, out_qsize 2
2026-03-26 12:18:24,625 - INFO - EPOCH 9 - PROGRESS: at 88.91% examples, 675794 words/s, in_qsize 31, out_qsize 0
2026-03-26 12:18:25,667 - INFO - EPOCH 9 - PROGRESS: at 89.04% examples, 675774 words/s, in_qsize 32, out_qsize 2
2026-03-26 12:18:26,683 - INFO - EPOCH 9 - PROGRESS: at 89.20% examples, 675797 words/s, in_qsize 32, out_qsize 1
2026-03-26 12:18:27,685 - INFO - EPOCH 9 - PROGRESS: at 89.36% examples, 675823 words/s, in_qsize 31, out_qsize 0
2026-03-26 12:18:28,699 - INFO - EPOCH 9 - PROGRESS: at 89.52% examples, 675822 words/s, in_qsize 30, out_qsize 1
2026-03-26 12:18:29,712 - INFO - EPOCH 9 - PROGRESS: at 89.69% examples, 675846 words/s, in_qsize 29, out_qsize 2
2026-03-26 12:18:30,717 - INFO - EPOCH 9 - PROGRESS: at 89.86% examples, 675883 words/s, in_qsize 31, out_qsize 0
2026-03-26 12:18:31,733 - INFO - EPOCH 9 - PROGRESS: at 90.03% examples, 675894 words/s, in_qsize 31, out_qsize 0
2026-03-26 12:18:32,776 - INFO - EPOCH 9 - PROGRESS: at 90.20% examples, 675865 words/s, in_qsize 28, out_qsize 4
2026-03-26 12:18:33,778 - INFO - EPOCH 9 - PROGRESS: at 90.37% examples, 675902 words/s, in_qsize 30, out_qsize 1
2026-03-26 12:18:34,788 - INFO - EPOCH 9 - PROGRESS: at 90.55% examples, 675919 words/s, in_qsize 32, out_qsize 0
2026-03-26 12:18:35,792 - INFO - EPOCH 9 - PROGRESS: at 90.71% examples, 675919 words/s, in_qsize 32, out_qsize 1
2026-03-26 12:18:36,794 - INFO - EPOCH 9 - PROGRESS: at 90.88% examples, 675945 words/s, in_qsize 31, out_qsize 0
2026-03-26 12:18:37,799 - INFO - EPOCH 9 - PROGRESS: at 91.05% examples, 675918 words/s, in_qsize 31, out_qsize 2
2026-03-26 12:18:38,817 - INFO - EPOCH 9 - PROGRESS: at 91.22% examples, 675928 words/s, in_qsize 32, out_qsize 0
2026-03-26 12:18:39,826 - INFO - EPOCH 9 - PROGRESS: at 91.37% examples, 675930 words/s, in_qsize 32, out_qsize 0
2026-03-26 12:18:40,848 - INFO - EPOCH 9 - PROGRESS: at 91.46% examples, 675859 words/s, in_qsize 32, out_qsize 4
2026-03-26 12:18:41,861 - INFO - EPOCH 9 - PROGRESS: at 91.59% examples, 675894 words/s, in_qsize 31, out_qsize 0
2026-03-26 12:18:42,867 - INFO - EPOCH 9 - PROGRESS: at 91.72% examples, 675932 words/s, in_qsize 31, out_qsize 0
2026-03-26 12:18:43,874 - INFO - EPOCH 9 - PROGRESS: at 91.91% examples, 675923 words/s, in_qsize 31, out_qsize 1
2026-03-26 12:18:44,882 - INFO - EPOCH 9 - PROGRESS: at 92.10% examples, 675922 words/s, in_qsize 31, out_qsize 0
2026-03-26 12:18:45,897 - INFO - EPOCH 9 - PROGRESS: at 92.29% examples, 675940 words/s, in_qsize 31, out_qsize 0
2026-03-26 12:18:46,914 - INFO - EPOCH 9 - PROGRESS: at 92.48% examples, 675954 words/s, in_qsize 30, out_qsize 1
2026-03-26 12:18:47,915 - INFO - EPOCH 9 - PROGRESS: at 92.66% examples, 675950 words/s, in_qsize 31, out_qsize 0
2026-03-26 12:18:48,935 - INFO - EPOCH 9 - PROGRESS: at 92.82% examples, 675797 words/s, in_qsize 29, out_qsize 2
2026-03-26 12:18:49,947 - INFO - EPOCH 9 - PROGRESS: at 93.01% examples, 675804 words/s, in_qsize 31, out_qsize 0
2026-03-26 12:18:50,966 - INFO - EPOCH 9 - PROGRESS: at 93.20% examples, 675806 words/s, in_qsize 31, out_qsize 1
2026-03-26 12:18:51,986 - INFO - EPOCH 9 - PROGRESS: at 93.38% examples, 675794 words/s, in_qsize 32, out_qsize 0
2026-03-26 12:18:52,986 - INFO - EPOCH 9 - PROGRESS: at 93.57% examples, 675802 words/s, in_qsize 31, out_qsize 0
2026-03-26 12:18:53,989 - INFO - EPOCH 9 - PROGRESS: at 93.76% examples, 675855 words/s, in_qsize 32, out_qsize 0
2026-03-26 12:18:55,003 - INFO - EPOCH 9 - PROGRESS: at 93.96% examples, 675883 words/s, in_qsize 31, out_qsize 0
2026-03-26 12:18:56,024 - INFO - EPOCH 9 - PROGRESS: at 94.15% examples, 675926 words/s, in_qsize 32, out_qsize 0
2026-03-26 12:18:57,043 - INFO - EPOCH 9 - PROGRESS: at 94.35% examples, 675963 words/s, in_qsize 32, out_qsize 0
2026-03-26 12:18:58,050 - INFO - EPOCH 9 - PROGRESS: at 94.45% examples, 675933 words/s, in_qsize 30, out_qsize 1
2026-03-26 12:18:59,065 - INFO - EPOCH 9 - PROGRESS: at 94.55% examples, 675931 words/s, in_qsize 30, out_qsize 1
2026-03-26 12:19:00,129 - INFO - EPOCH 9 - PROGRESS: at 94.67% examples, 675895 words/s, in_qsize 30, out_qsize 5
2026-03-26 12:19:01,138 - INFO - EPOCH 9 - PROGRESS: at 94.80% examples, 675942 words/s, in_qsize 32, out_qsize 1
2026-03-26 12:19:02,151 - INFO - EPOCH 9 - PROGRESS: at 94.91% examples, 675955 words/s, in_qsize 31, out_qsize 0
2026-03-26 12:19:03,171 - INFO - EPOCH 9 - PROGRESS: at 95.01% examples, 675922 words/s, in_qsize 30, out_qsize 3
2026-03-26 12:19:04,177 - INFO - EPOCH 9 - PROGRESS: at 95.15% examples, 675933 words/s, in_qsize 31, out_qsize 0
2026-03-26 12:19:05,183 - INFO - EPOCH 9 - PROGRESS: at 95.26% examples, 675958 words/s, in_qsize 31, out_qsize 0
2026-03-26 12:19:06,192 - INFO - EPOCH 9 - PROGRESS: at 95.35% examples, 675946 words/s, in_qsize 29, out_qsize 1
2026-03-26 12:19:07,194 - INFO - EPOCH 9 - PROGRESS: at 95.50% examples, 675978 words/s, in_qsize 31, out_qsize 0
2026-03-26 12:19:08,223 - INFO - EPOCH 9 - PROGRESS: at 95.65% examples, 675952 words/s, in_qsize 29, out_qsize 2
2026-03-26 12:19:09,226 - INFO - EPOCH 9 - PROGRESS: at 95.78% examples, 675990 words/s, in_qsize 30, out_qsize 2
2026-03-26 12:19:10,242 - INFO - EPOCH 9 - PROGRESS: at 95.87% examples, 675958 words/s, in_qsize 31, out_qsize 0
2026-03-26 12:19:11,257 - INFO - EPOCH 9 - PROGRESS: at 95.98% examples, 675949 words/s, in_qsize 31, out_qsize 0
2026-03-26 12:19:12,273 - INFO - EPOCH 9 - PROGRESS: at 96.07% examples, 675899 words/s, in_qsize 31, out_qsize 0
2026-03-26 12:19:13,289 - INFO - EPOCH 9 - PROGRESS: at 96.19% examples, 675745 words/s, in_qsize 32, out_qsize 2
2026-03-26 12:19:14,299 - INFO - EPOCH 9 - PROGRESS: at 96.33% examples, 675781 words/s, in_qsize 31, out_qsize 0
2026-03-26 12:19:15,312 - INFO - EPOCH 9 - PROGRESS: at 96.47% examples, 675788 words/s, in_qsize 32, out_qsize 0
2026-03-26 12:19:16,320 - INFO - EPOCH 9 - PROGRESS: at 96.61% examples, 675801 words/s, in_qsize 31, out_qsize 1
2026-03-26 12:19:17,339 - INFO - EPOCH 9 - PROGRESS: at 96.75% examples, 675797 words/s, in_qsize 30, out_qsize 1
2026-03-26 12:19:18,346 - INFO - EPOCH 9 - PROGRESS: at 96.91% examples, 675803 words/s, in_qsize 31, out_qsize 1
2026-03-26 12:19:19,347 - INFO - EPOCH 9 - PROGRESS: at 96.97% examples, 675771 words/s, in_qsize 31, out_qsize 0
2026-03-26 12:19:20,350 - INFO - EPOCH 9 - PROGRESS: at 97.08% examples, 675734 words/s, in_qsize 29, out_qsize 1
2026-03-26 12:19:21,351 - INFO - EPOCH 9 - PROGRESS: at 97.19% examples, 675769 words/s, in_qsize 31, out_qsize 0
2026-03-26 12:19:22,358 - INFO - EPOCH 9 - PROGRESS: at 97.33% examples, 675720 words/s, in_qsize 32, out_qsize 0
2026-03-26 12:19:23,381 - INFO - EPOCH 9 - PROGRESS: at 97.49% examples, 675687 words/s, in_qsize 31, out_qsize 3
2026-03-26 12:19:24,392 - INFO - EPOCH 9 - PROGRESS: at 97.59% examples, 675717 words/s, in_qsize 32, out_qsize 0
2026-03-26 12:19:25,396 - INFO - EPOCH 9 - PROGRESS: at 97.71% examples, 675713 words/s, in_qsize 26, out_qsize 1
2026-03-26 12:19:26,414 - INFO - EPOCH 9 - PROGRESS: at 97.84% examples, 675705 words/s, in_qsize 31, out_qsize 0
2026-03-26 12:19:27,432 - INFO - EPOCH 9 - PROGRESS: at 97.94% examples, 675710 words/s, in_qsize 31, out_qsize 1
2026-03-26 12:19:28,435 - INFO - EPOCH 9 - PROGRESS: at 98.07% examples, 675706 words/s, in_qsize 30, out_qsize 2
2026-03-26 12:19:29,480 - INFO - EPOCH 9 - PROGRESS: at 98.20% examples, 675719 words/s, in_qsize 32, out_qsize 2
2026-03-26 12:19:30,490 - INFO - EPOCH 9 - PROGRESS: at 98.34% examples, 675768 words/s, in_qsize 31, out_qsize 0
2026-03-26 12:19:31,497 - INFO - EPOCH 9 - PROGRESS: at 98.47% examples, 675773 words/s, in_qsize 32, out_qsize 0
2026-03-26 12:19:32,502 - INFO - EPOCH 9 - PROGRESS: at 98.56% examples, 675749 words/s, in_qsize 30, out_qsize 1
2026-03-26 12:19:33,512 - INFO - EPOCH 9 - PROGRESS: at 98.65% examples, 675763 words/s, in_qsize 31, out_qsize 0
2026-03-26 12:19:34,516 - INFO - EPOCH 9 - PROGRESS: at 98.75% examples, 675766 words/s, in_qsize 31, out_qsize 0
2026-03-26 12:19:35,525 - INFO - EPOCH 9 - PROGRESS: at 98.88% examples, 675749 words/s, in_qsize 32, out_qsize 1
2026-03-26 12:19:36,554 - INFO - EPOCH 9 - PROGRESS: at 99.05% examples, 675775 words/s, in_qsize 31, out_qsize 0
2026-03-26 12:19:37,562 - INFO - EPOCH 9 - PROGRESS: at 99.22% examples, 675811 words/s, in_qsize 32, out_qsize 0
2026-03-26 12:19:38,570 - INFO - EPOCH 9 - PROGRESS: at 99.36% examples, 675844 words/s, in_qsize 31, out_qsize 0
2026-03-26 12:19:39,577 - INFO - EPOCH 9 - PROGRESS: at 99.50% examples, 675845 words/s, in_qsize 32, out_qsize 0
2026-03-26 12:19:40,642 - INFO - EPOCH 9 - PROGRESS: at 99.65% examples, 675837 words/s, in_qsize 32, out_qsize 2
2026-03-26 12:19:41,644 - INFO - EPOCH 9 - PROGRESS: at 99.77% examples, 675852 words/s, in_qsize 32, out_qsize 1
2026-03-26 12:19:42,649 - INFO - EPOCH 9 - PROGRESS: at 99.90% examples, 675855 words/s, in_qsize 31, out_qsize 1
2026-03-26 12:19:43,457 - DEBUG - job loop exiting, total 60863 jobs
2026-03-26 12:19:43,653 - INFO - EPOCH 9 - PROGRESS: at 99.98% examples, 675810 words/s, in_qsize 18, out_qsize 2
2026-03-26 12:19:43,663 - DEBUG - worker exiting, processed 3799 jobs
2026-03-26 12:19:43,664 - DEBUG - worker thread finished; awaiting finish of 15 more threads
2026-03-26 12:19:43,664 - DEBUG - worker exiting, processed 3791 jobs
2026-03-26 12:19:43,665 - DEBUG - worker thread finished; awaiting finish of 14 more threads
2026-03-26 12:19:43,666 - DEBUG - worker exiting, processed 3812 jobs
2026-03-26 12:19:43,669 - DEBUG - worker thread finished; awaiting finish of 13 more threads
2026-03-26 12:19:43,724 - DEBUG - worker exiting, processed 3802 jobs
2026-03-26 12:19:43,724 - DEBUG - worker thread finished; awaiting finish of 12 more threads
2026-03-26 12:19:43,730 - DEBUG - worker exiting, processed 3794 jobs
2026-03-26 12:19:43,730 - DEBUG - worker thread finished; awaiting finish of 11 more threads
2026-03-26 12:19:43,751 - DEBUG - worker exiting, processed 3825 jobs
2026-03-26 12:19:43,751 - DEBUG - worker thread finished; awaiting finish of 10 more threads
2026-03-26 12:19:43,764 - DEBUG - worker exiting, processed 3798 jobs
2026-03-26 12:19:43,764 - DEBUG - worker thread finished; awaiting finish of 9 more threads
2026-03-26 12:19:43,786 - DEBUG - worker exiting, processed 3805 jobs
2026-03-26 12:19:43,786 - DEBUG - worker thread finished; awaiting finish of 8 more threads
2026-03-26 12:19:43,790 - DEBUG - worker exiting, processed 3793 jobs
2026-03-26 12:19:43,790 - DEBUG - worker thread finished; awaiting finish of 7 more threads
2026-03-26 12:19:43,809 - DEBUG - worker exiting, processed 3808 jobs
2026-03-26 12:19:43,809 - DEBUG - worker thread finished; awaiting finish of 6 more threads
2026-03-26 12:19:43,813 - DEBUG - worker exiting, processed 3810 jobs
2026-03-26 12:19:43,813 - DEBUG - worker thread finished; awaiting finish of 5 more threads
2026-03-26 12:19:43,820 - DEBUG - worker exiting, processed 3807 jobs
2026-03-26 12:19:43,820 - DEBUG - worker thread finished; awaiting finish of 4 more threads
2026-03-26 12:19:43,821 - DEBUG - worker exiting, processed 3797 jobs
2026-03-26 12:19:43,821 - DEBUG - worker thread finished; awaiting finish of 3 more threads
2026-03-26 12:19:43,825 - DEBUG - worker exiting, processed 3815 jobs
2026-03-26 12:19:43,825 - DEBUG - worker thread finished; awaiting finish of 2 more threads
2026-03-26 12:19:43,827 - DEBUG - worker exiting, processed 3802 jobs
2026-03-26 12:19:43,827 - DEBUG - worker thread finished; awaiting finish of 1 more threads
2026-03-26 12:19:43,831 - DEBUG - worker exiting, processed 3805 jobs
2026-03-26 12:19:43,831 - DEBUG - worker thread finished; awaiting finish of 0 more threads
2026-03-26 12:19:43,831 - INFO - EPOCH 9: training on 604933589 raw words (478049753 effective words) took 707.3s, 675853 effective words/s
2026-03-26 12:19:43,831 - INFO - Epoch 10 completed in 707.3s
2026-03-26 12:19:43,831 - INFO - Word2Vec lifecycle event {'msg': 'training on 6049335890 raw words (4780490352 effective words) took 7039.1s, 679133 effective words/s', 'datetime': '2026-03-26T12:19:43.831665', 'gensim': '4.4.0', 'python': '3.10.19 | packaged by conda-forge | (main, Jan 26 2026, 23:45:08) [GCC 14.3.0]', 'platform': 'Linux-4.18.0-305.3.1.el8.x86_64-x86_64-with-glibc2.28', 'event': 'train'}
2026-03-26 12:19:43,831 - INFO - Training completed.
2026-03-26 12:19:43,831 - INFO - Word2Vec lifecycle event {'params': 'Word2Vec<vocab=177584, vector_size=300, alpha=0.025>', 'datetime': '2026-03-26T12:19:43.831781', 'gensim': '4.4.0', 'python': '3.10.19 | packaged by conda-forge | (main, Jan 26 2026, 23:45:08) [GCC 14.3.0]', 'platform': 'Linux-4.18.0-305.3.1.el8.x86_64-x86_64-with-glibc2.28', 'event': 'created'}
2026-03-26 12:19:43,831 - INFO - Vocabulary size: 177,584 words
2026-03-26 12:19:43,833 - INFO - Word2Vec lifecycle event {'fname_or_handle': '/project/ssd-stu-research/ploertscher/thesis_code/w2v/models/2_w2v_min10/2_w2v_min10.model', 'separately': 'None', 'sep_limit': 10485760, 'ignore': frozenset(), 'datetime': '2026-03-26T12:19:43.833783', 'gensim': '4.4.0', 'python': '3.10.19 | packaged by conda-forge | (main, Jan 26 2026, 23:45:08) [GCC 14.3.0]', 'platform': 'Linux-4.18.0-305.3.1.el8.x86_64-x86_64-with-glibc2.28', 'event': 'saving'}
2026-03-26 12:19:43,851 - INFO - storing np array 'vectors' to /project/ssd-stu-research/ploertscher/thesis_code/w2v/models/2_w2v_min10/2_w2v_min10.model.wv.vectors.npy
2026-03-26 12:19:43,911 - INFO - storing np array 'syn1neg' to /project/ssd-stu-research/ploertscher/thesis_code/w2v/models/2_w2v_min10/2_w2v_min10.model.syn1neg.npy
2026-03-26 12:19:43,970 - INFO - not storing attribute cum_table
2026-03-26 12:19:43,970 - DEBUG - {'uri': '/project/ssd-stu-research/ploertscher/thesis_code/w2v/models/2_w2v_min10/2_w2v_min10.model', 'mode': 'wb', 'buffering': -1, 'encoding': None, 'errors': None, 'newline': None, 'closefd': True, 'opener': None, 'compression': 'infer_from_extension', 'transport_params': None}
2026-03-26 12:19:44,032 - INFO - saved /project/ssd-stu-research/ploertscher/thesis_code/w2v/models/2_w2v_min10/2_w2v_min10.model
2026-03-26 12:19:44,032 - INFO - Saved gensim model to: /project/ssd-stu-research/ploertscher/thesis_code/w2v/models/2_w2v_min10/2_w2v_min10.model
2026-03-26 12:19:44,145 - INFO - storing 177584x300 projection weights into /project/ssd-stu-research/ploertscher/thesis_code/w2v/models/2_w2v_min10/2_w2v_min10.vec
2026-03-26 12:19:44,145 - DEBUG - {'uri': '/project/ssd-stu-research/ploertscher/thesis_code/w2v/models/2_w2v_min10/2_w2v_min10.vec', 'mode': 'wb', 'buffering': -1, 'encoding': None, 'errors': None, 'newline': None, 'closefd': True, 'opener': None, 'compression': 'infer_from_extension', 'transport_params': None}
2026-03-26 12:20:23,409 - INFO - Saved word vectors (text format) to: /project/ssd-stu-research/ploertscher/thesis_code/w2v/models/2_w2v_min10/2_w2v_min10.vec
2026-03-26 12:20:23,529 - INFO - storing 177584x300 projection weights into /project/ssd-stu-research/ploertscher/thesis_code/w2v/models/2_w2v_min10/2_w2v_min10.bin
2026-03-26 12:20:23,529 - DEBUG - {'uri': '/project/ssd-stu-research/ploertscher/thesis_code/w2v/models/2_w2v_min10/2_w2v_min10.bin', 'mode': 'wb', 'buffering': -1, 'encoding': None, 'errors': None, 'newline': None, 'closefd': True, 'opener': None, 'compression': 'infer_from_extension', 'transport_params': None}
2026-03-26 12:20:23,999 - INFO - Saved word vectors (binary format) to: /project/ssd-stu-research/ploertscher/thesis_code/w2v/models/2_w2v_min10/2_w2v_min10.bin
2026-03-26 12:20:23,999 - INFO - ============================================================
2026-03-26 12:20:23,999 - INFO - TRAINING SUMMARY
2026-03-26 12:20:23,999 - INFO - ============================================================
2026-03-26 12:20:23,999 - INFO - Vocabulary size: 177,584 words
2026-03-26 12:20:23,999 - INFO - Vector dimensions: 300
2026-03-26 12:20:23,999 - INFO - Total parameters: 53,275,200
2026-03-26 12:20:24,000 - INFO - Total training time: 7039.1s
2026-03-26 12:20:24,000 - INFO - Average time per epoch: 703.9s
2026-03-26 12:20:24,000 - INFO - Initial loss (epoch 1): 0
2026-03-26 12:20:24,000 - INFO - Final loss (epoch 10): 0
Traceback (most recent call last):
  File "/project/ssd-stu-research/ploertscher/thesis_code/w2v/training/train_w2v_cpu.py", line 691, in <module>
    main()
  File "/project/ssd-stu-research/ploertscher/thesis_code/w2v/training/train_w2v_cpu.py", line 676, in main
    print_training_summary(model, training_metrics, logger)
  File "/project/ssd-stu-research/ploertscher/thesis_code/w2v/training/train_w2v_cpu.py", line 479, in print_training_summary
    reduction = (per_epoch_losses[0] - per_epoch_losses[-1]) / per_epoch_losses[0] * 100
ZeroDivisionError: float division by zero
