2026-02-02 15:41:58,161 - INFO - Loading data from: /project/ssd-stu-research/ploertscher/thesis_code/w2v/data/clean_final_en.csv
2026-02-02 15:43:38,154 - INFO - Loaded 11,909,955 rows
2026-02-02 15:43:38,154 - INFO - Starting Word2Vec training...
2026-02-02 15:43:38,154 - INFO - Training parameters:
2026-02-02 15:43:38,154 - INFO -   - Architecture: Skip-gram (sg=1)
2026-02-02 15:43:38,154 - INFO -   - Vector size: 300
2026-02-02 15:43:38,154 - INFO -   - Window size: 5
2026-02-02 15:43:38,154 - INFO -   - Min count: 5
2026-02-02 15:43:38,154 - INFO -   - Epochs: 10
2026-02-02 15:43:38,154 - INFO -   - Negative samples: 5
2026-02-02 15:43:38,154 - INFO -   - Workers: 14
2026-02-02 15:43:38,154 - INFO -   - Random seed: 42
2026-02-02 15:43:38,155 - INFO - collecting all words and their counts
2026-02-02 15:43:38,155 - INFO - PROGRESS: at sentence #0, processed 0 words, keeping 0 word types
2026-02-02 15:43:38,293 - INFO - PROGRESS: at sentence #10000, processed 696043 words, keeping 26478 word types
2026-02-02 15:43:38,407 - INFO - PROGRESS: at sentence #20000, processed 1273825 words, keeping 37343 word types
2026-02-02 15:43:38,504 - INFO - PROGRESS: at sentence #30000, processed 1756922 words, keeping 42216 word types
2026-02-02 15:43:38,603 - INFO - PROGRESS: at sentence #40000, processed 2236057 words, keeping 46141 word types
2026-02-02 15:43:38,699 - INFO - PROGRESS: at sentence #50000, processed 2718514 words, keeping 49276 word types
2026-02-02 15:43:38,793 - INFO - PROGRESS: at sentence #60000, processed 3192182 words, keeping 52086 word types
2026-02-02 15:43:38,890 - INFO - PROGRESS: at sentence #70000, processed 3677591 words, keeping 54615 word types
2026-02-02 15:43:38,988 - INFO - PROGRESS: at sentence #80000, processed 4161041 words, keeping 57196 word types
2026-02-02 15:43:39,082 - INFO - PROGRESS: at sentence #90000, processed 4629240 words, keeping 59265 word types
2026-02-02 15:43:39,177 - INFO - PROGRESS: at sentence #100000, processed 5107198 words, keeping 61309 word types
2026-02-02 15:43:39,273 - INFO - PROGRESS: at sentence #110000, processed 5583929 words, keeping 63269 word types
2026-02-02 15:43:39,369 - INFO - PROGRESS: at sentence #120000, processed 6067604 words, keeping 65234 word types
2026-02-02 15:43:39,464 - INFO - PROGRESS: at sentence #130000, processed 6547972 words, keeping 67026 word types
2026-02-02 15:43:39,560 - INFO - PROGRESS: at sentence #140000, processed 7028793 words, keeping 68782 word types
2026-02-02 15:43:39,654 - INFO - PROGRESS: at sentence #150000, processed 7500752 words, keeping 70420 word types
2026-02-02 15:43:39,766 - INFO - PROGRESS: at sentence #160000, processed 8063384 words, keeping 74730 word types
2026-02-02 15:43:39,883 - INFO - PROGRESS: at sentence #170000, processed 8652980 words, keeping 79227 word types
2026-02-02 15:43:40,000 - INFO - PROGRESS: at sentence #180000, processed 9241041 words, keeping 83237 word types
2026-02-02 15:43:40,116 - INFO - PROGRESS: at sentence #190000, processed 9825596 words, keeping 86803 word types
2026-02-02 15:43:40,234 - INFO - PROGRESS: at sentence #200000, processed 10413065 words, keeping 90145 word types
2026-02-02 15:43:40,350 - INFO - PROGRESS: at sentence #210000, processed 10998901 words, keeping 93372 word types
2026-02-02 15:43:40,465 - INFO - PROGRESS: at sentence #220000, processed 11579903 words, keeping 96260 word types
2026-02-02 15:43:40,591 - INFO - PROGRESS: at sentence #230000, processed 12209206 words, keeping 101098 word types
2026-02-02 15:43:40,719 - INFO - PROGRESS: at sentence #240000, processed 12840104 words, keeping 105476 word types
2026-02-02 15:43:40,846 - INFO - PROGRESS: at sentence #250000, processed 13462719 words, keeping 110589 word types
2026-02-02 15:43:40,972 - INFO - PROGRESS: at sentence #260000, processed 14091960 words, keeping 115590 word types
2026-02-02 15:43:41,101 - INFO - PROGRESS: at sentence #270000, processed 14725910 words, keeping 120172 word types
2026-02-02 15:43:41,230 - INFO - PROGRESS: at sentence #280000, processed 15352692 words, keeping 124664 word types
2026-02-02 15:43:41,354 - INFO - PROGRESS: at sentence #290000, processed 15960512 words, keeping 128311 word types
2026-02-02 15:43:41,482 - INFO - PROGRESS: at sentence #300000, processed 16586477 words, keeping 131856 word types
2026-02-02 15:43:41,610 - INFO - PROGRESS: at sentence #310000, processed 17203886 words, keeping 135516 word types
2026-02-02 15:43:41,739 - INFO - PROGRESS: at sentence #320000, processed 17822431 words, keeping 138809 word types
2026-02-02 15:43:41,863 - INFO - PROGRESS: at sentence #330000, processed 18431634 words, keeping 141818 word types
2026-02-02 15:43:41,987 - INFO - PROGRESS: at sentence #340000, processed 19033252 words, keeping 144725 word types
2026-02-02 15:43:42,113 - INFO - PROGRESS: at sentence #350000, processed 19644019 words, keeping 147811 word types
2026-02-02 15:43:42,239 - INFO - PROGRESS: at sentence #360000, processed 20262550 words, keeping 150813 word types
2026-02-02 15:43:42,364 - INFO - PROGRESS: at sentence #370000, processed 20873236 words, keeping 153461 word types
2026-02-02 15:43:42,455 - INFO - PROGRESS: at sentence #380000, processed 21302735 words, keeping 156293 word types
2026-02-02 15:43:42,544 - INFO - PROGRESS: at sentence #390000, processed 21716215 words, keeping 160584 word types
2026-02-02 15:43:42,635 - INFO - PROGRESS: at sentence #400000, processed 22145998 words, keeping 163545 word types
2026-02-02 15:43:42,748 - INFO - PROGRESS: at sentence #410000, processed 22695575 words, keeping 166391 word types
2026-02-02 15:43:42,860 - INFO - PROGRESS: at sentence #420000, processed 23241980 words, keeping 168807 word types
2026-02-02 15:43:42,972 - INFO - PROGRESS: at sentence #430000, processed 23782548 words, keeping 171067 word types
2026-02-02 15:43:43,059 - INFO - PROGRESS: at sentence #440000, processed 24191679 words, keeping 173514 word types
2026-02-02 15:43:43,170 - INFO - PROGRESS: at sentence #450000, processed 24695199 words, keeping 176198 word types
2026-02-02 15:43:43,286 - INFO - PROGRESS: at sentence #460000, processed 25250397 words, keeping 178881 word types
2026-02-02 15:43:43,390 - INFO - PROGRESS: at sentence #470000, processed 25745032 words, keeping 180987 word types
2026-02-02 15:43:43,492 - INFO - PROGRESS: at sentence #480000, processed 26234028 words, keeping 182958 word types
2026-02-02 15:43:43,593 - INFO - PROGRESS: at sentence #490000, processed 26714834 words, keeping 184884 word types
2026-02-02 15:43:43,694 - INFO - PROGRESS: at sentence #500000, processed 27196025 words, keeping 186715 word types
2026-02-02 15:43:43,801 - INFO - PROGRESS: at sentence #510000, processed 27707156 words, keeping 188573 word types
2026-02-02 15:43:43,911 - INFO - PROGRESS: at sentence #520000, processed 28231172 words, keeping 190565 word types
2026-02-02 15:43:44,017 - INFO - PROGRESS: at sentence #530000, processed 28735352 words, keeping 192279 word types
2026-02-02 15:43:44,139 - INFO - PROGRESS: at sentence #540000, processed 29328238 words, keeping 195411 word types
2026-02-02 15:43:44,276 - INFO - PROGRESS: at sentence #550000, processed 29993836 words, keeping 199155 word types
2026-02-02 15:43:44,410 - INFO - PROGRESS: at sentence #560000, processed 30654603 words, keeping 201975 word types
2026-02-02 15:43:44,554 - INFO - PROGRESS: at sentence #570000, processed 31363924 words, keeping 203097 word types
2026-02-02 15:43:44,698 - INFO - PROGRESS: at sentence #580000, processed 32081067 words, keeping 203924 word types
2026-02-02 15:43:44,853 - INFO - PROGRESS: at sentence #590000, processed 32845048 words, keeping 205593 word types
2026-02-02 15:43:44,977 - INFO - PROGRESS: at sentence #600000, processed 33445415 words, keeping 207508 word types
2026-02-02 15:43:45,082 - INFO - PROGRESS: at sentence #610000, processed 33941433 words, keeping 209371 word types
2026-02-02 15:43:45,185 - INFO - PROGRESS: at sentence #620000, processed 34433307 words, keeping 211078 word types
2026-02-02 15:43:45,290 - INFO - PROGRESS: at sentence #630000, processed 34932047 words, keeping 212891 word types
2026-02-02 15:43:45,395 - INFO - PROGRESS: at sentence #640000, processed 35432482 words, keeping 214658 word types
2026-02-02 15:43:45,502 - INFO - PROGRESS: at sentence #650000, processed 35943686 words, keeping 216337 word types
2026-02-02 15:43:45,605 - INFO - PROGRESS: at sentence #660000, processed 36433312 words, keeping 217736 word types
2026-02-02 15:43:45,714 - INFO - PROGRESS: at sentence #670000, processed 36953728 words, keeping 218855 word types
2026-02-02 15:43:45,838 - INFO - PROGRESS: at sentence #680000, processed 37557812 words, keeping 219757 word types
2026-02-02 15:43:45,971 - INFO - PROGRESS: at sentence #690000, processed 38205313 words, keeping 220877 word types
2026-02-02 15:43:46,083 - INFO - PROGRESS: at sentence #700000, processed 38751436 words, keeping 222341 word types
2026-02-02 15:43:46,188 - INFO - PROGRESS: at sentence #710000, processed 39254216 words, keeping 223916 word types
2026-02-02 15:43:46,293 - INFO - PROGRESS: at sentence #720000, processed 39750076 words, keeping 226226 word types
2026-02-02 15:43:46,388 - INFO - PROGRESS: at sentence #730000, processed 40199574 words, keeping 228203 word types
2026-02-02 15:43:46,500 - INFO - PROGRESS: at sentence #740000, processed 40728183 words, keeping 230871 word types
2026-02-02 15:43:46,578 - INFO - PROGRESS: at sentence #750000, processed 41094295 words, keeping 231988 word types
2026-02-02 15:43:46,656 - INFO - PROGRESS: at sentence #760000, processed 41456422 words, keeping 233061 word types
2026-02-02 15:43:46,734 - INFO - PROGRESS: at sentence #770000, processed 41817774 words, keeping 234031 word types
2026-02-02 15:43:46,812 - INFO - PROGRESS: at sentence #780000, processed 42183310 words, keeping 234958 word types
2026-02-02 15:43:46,889 - INFO - PROGRESS: at sentence #790000, processed 42539500 words, keeping 235826 word types
2026-02-02 15:43:46,968 - INFO - PROGRESS: at sentence #800000, processed 42904257 words, keeping 236742 word types
2026-02-02 15:43:47,045 - INFO - PROGRESS: at sentence #810000, processed 43262325 words, keeping 237648 word types
2026-02-02 15:43:47,123 - INFO - PROGRESS: at sentence #820000, processed 43623620 words, keeping 238578 word types
2026-02-02 15:43:47,201 - INFO - PROGRESS: at sentence #830000, processed 43982878 words, keeping 239397 word types
2026-02-02 15:43:47,281 - INFO - PROGRESS: at sentence #840000, processed 44342688 words, keeping 240234 word types
2026-02-02 15:43:47,374 - INFO - PROGRESS: at sentence #850000, processed 44767658 words, keeping 241563 word types
2026-02-02 15:43:47,531 - INFO - PROGRESS: at sentence #860000, processed 45548069 words, keeping 243313 word types
2026-02-02 15:43:47,672 - INFO - PROGRESS: at sentence #870000, processed 46257041 words, keeping 244112 word types
2026-02-02 15:43:47,740 - INFO - PROGRESS: at sentence #880000, processed 46557594 words, keeping 245109 word types
2026-02-02 15:43:47,853 - INFO - PROGRESS: at sentence #890000, processed 47095080 words, keeping 246160 word types
2026-02-02 15:43:47,977 - INFO - PROGRESS: at sentence #900000, processed 47682764 words, keeping 247056 word types
2026-02-02 15:43:48,101 - INFO - PROGRESS: at sentence #910000, processed 48279171 words, keeping 247900 word types
2026-02-02 15:43:48,215 - INFO - PROGRESS: at sentence #920000, processed 48819921 words, keeping 248796 word types
2026-02-02 15:43:48,322 - INFO - PROGRESS: at sentence #930000, processed 49318886 words, keeping 251033 word types
2026-02-02 15:43:48,435 - INFO - PROGRESS: at sentence #940000, processed 49847226 words, keeping 252640 word types
2026-02-02 15:43:48,551 - INFO - PROGRESS: at sentence #950000, processed 50396828 words, keeping 254363 word types
2026-02-02 15:43:48,661 - INFO - PROGRESS: at sentence #960000, processed 50921605 words, keeping 255879 word types
2026-02-02 15:43:48,782 - INFO - PROGRESS: at sentence #970000, processed 51483469 words, keeping 258530 word types
2026-02-02 15:43:48,902 - INFO - PROGRESS: at sentence #980000, processed 52042716 words, keeping 260301 word types
2026-02-02 15:43:49,021 - INFO - PROGRESS: at sentence #990000, processed 52600283 words, keeping 261918 word types
2026-02-02 15:43:49,133 - INFO - PROGRESS: at sentence #1000000, processed 53119792 words, keeping 263486 word types
2026-02-02 15:43:49,281 - INFO - PROGRESS: at sentence #1010000, processed 53838277 words, keeping 265342 word types
2026-02-02 15:43:49,447 - INFO - PROGRESS: at sentence #1020000, processed 54650456 words, keeping 266930 word types
2026-02-02 15:43:49,575 - INFO - PROGRESS: at sentence #1030000, processed 55262323 words, keeping 269122 word types
2026-02-02 15:43:49,690 - INFO - PROGRESS: at sentence #1040000, processed 55804401 words, keeping 271111 word types
2026-02-02 15:43:49,804 - INFO - PROGRESS: at sentence #1050000, processed 56342083 words, keeping 272987 word types
2026-02-02 15:43:49,915 - INFO - PROGRESS: at sentence #1060000, processed 56872327 words, keeping 274595 word types
2026-02-02 15:43:50,007 - INFO - PROGRESS: at sentence #1070000, processed 57290670 words, keeping 275676 word types
2026-02-02 15:43:50,156 - INFO - PROGRESS: at sentence #1080000, processed 58013915 words, keeping 277370 word types
2026-02-02 15:43:50,262 - INFO - PROGRESS: at sentence #1090000, processed 58496465 words, keeping 279946 word types
2026-02-02 15:43:50,376 - INFO - PROGRESS: at sentence #1100000, processed 59034907 words, keeping 280996 word types
2026-02-02 15:43:50,491 - INFO - PROGRESS: at sentence #1110000, processed 59576523 words, keeping 281956 word types
2026-02-02 15:43:50,625 - INFO - PROGRESS: at sentence #1120000, processed 60200275 words, keeping 285606 word types
2026-02-02 15:43:50,769 - INFO - PROGRESS: at sentence #1130000, processed 60880642 words, keeping 287227 word types
2026-02-02 15:43:50,890 - INFO - PROGRESS: at sentence #1140000, processed 61448060 words, keeping 289048 word types
2026-02-02 15:43:50,994 - INFO - PROGRESS: at sentence #1150000, processed 61932226 words, keeping 291171 word types
2026-02-02 15:43:51,114 - INFO - PROGRESS: at sentence #1160000, processed 62508469 words, keeping 293484 word types
2026-02-02 15:43:51,217 - INFO - PROGRESS: at sentence #1170000, processed 63001681 words, keeping 295000 word types
2026-02-02 15:43:51,322 - INFO - PROGRESS: at sentence #1180000, processed 63498319 words, keeping 296537 word types
2026-02-02 15:43:51,423 - INFO - PROGRESS: at sentence #1190000, processed 63980201 words, keeping 297875 word types
2026-02-02 15:43:51,525 - INFO - PROGRESS: at sentence #1200000, processed 64465410 words, keeping 299195 word types
2026-02-02 15:43:51,631 - INFO - PROGRESS: at sentence #1210000, processed 64969389 words, keeping 300581 word types
2026-02-02 15:43:51,740 - INFO - PROGRESS: at sentence #1220000, processed 65488071 words, keeping 301946 word types
2026-02-02 15:43:51,860 - INFO - PROGRESS: at sentence #1230000, processed 66056332 words, keeping 303525 word types
2026-02-02 15:43:51,968 - INFO - PROGRESS: at sentence #1240000, processed 66564774 words, keeping 305003 word types
2026-02-02 15:43:52,077 - INFO - PROGRESS: at sentence #1250000, processed 67081333 words, keeping 306429 word types
2026-02-02 15:43:52,189 - INFO - PROGRESS: at sentence #1260000, processed 67597901 words, keeping 307836 word types
2026-02-02 15:43:52,295 - INFO - PROGRESS: at sentence #1270000, processed 68095899 words, keeping 309071 word types
2026-02-02 15:43:52,380 - INFO - PROGRESS: at sentence #1280000, processed 68483891 words, keeping 310674 word types
2026-02-02 15:43:52,464 - INFO - PROGRESS: at sentence #1290000, processed 68873648 words, keeping 311953 word types
2026-02-02 15:43:52,550 - INFO - PROGRESS: at sentence #1300000, processed 69267418 words, keeping 313367 word types
2026-02-02 15:43:52,635 - INFO - PROGRESS: at sentence #1310000, processed 69660867 words, keeping 314653 word types
2026-02-02 15:43:52,719 - INFO - PROGRESS: at sentence #1320000, processed 70050736 words, keeping 315831 word types
2026-02-02 15:43:52,805 - INFO - PROGRESS: at sentence #1330000, processed 70442697 words, keeping 317326 word types
2026-02-02 15:43:52,891 - INFO - PROGRESS: at sentence #1340000, processed 70835871 words, keeping 318408 word types
2026-02-02 15:43:52,975 - INFO - PROGRESS: at sentence #1350000, processed 71225402 words, keeping 319584 word types
2026-02-02 15:43:53,059 - INFO - PROGRESS: at sentence #1360000, processed 71611081 words, keeping 320655 word types
2026-02-02 15:43:53,144 - INFO - PROGRESS: at sentence #1370000, processed 72000378 words, keeping 321810 word types
2026-02-02 15:43:53,248 - INFO - PROGRESS: at sentence #1380000, processed 72486983 words, keeping 323045 word types
2026-02-02 15:43:53,395 - INFO - PROGRESS: at sentence #1390000, processed 73193800 words, keeping 325063 word types
2026-02-02 15:43:53,522 - INFO - PROGRESS: at sentence #1400000, processed 73804331 words, keeping 326659 word types
2026-02-02 15:43:53,596 - INFO - PROGRESS: at sentence #1410000, processed 74160108 words, keeping 326869 word types
2026-02-02 15:43:53,669 - INFO - PROGRESS: at sentence #1420000, processed 74514699 words, keeping 326958 word types
2026-02-02 15:43:53,742 - INFO - PROGRESS: at sentence #1430000, processed 74862203 words, keeping 327063 word types
2026-02-02 15:43:53,815 - INFO - PROGRESS: at sentence #1440000, processed 75216049 words, keeping 327188 word types
2026-02-02 15:43:53,888 - INFO - PROGRESS: at sentence #1450000, processed 75565025 words, keeping 327293 word types
2026-02-02 15:43:53,960 - INFO - PROGRESS: at sentence #1460000, processed 75915266 words, keeping 327431 word types
2026-02-02 15:43:54,033 - INFO - PROGRESS: at sentence #1470000, processed 76269192 words, keeping 327547 word types
2026-02-02 15:43:54,107 - INFO - PROGRESS: at sentence #1480000, processed 76619550 words, keeping 327645 word types
2026-02-02 15:43:54,179 - INFO - PROGRESS: at sentence #1490000, processed 76966726 words, keeping 327749 word types
2026-02-02 15:43:54,253 - INFO - PROGRESS: at sentence #1500000, processed 77321545 words, keeping 327862 word types
2026-02-02 15:43:54,326 - INFO - PROGRESS: at sentence #1510000, processed 77673312 words, keeping 327992 word types
2026-02-02 15:43:54,398 - INFO - PROGRESS: at sentence #1520000, processed 78020667 words, keeping 328124 word types
2026-02-02 15:43:54,469 - INFO - PROGRESS: at sentence #1530000, processed 78367075 words, keeping 328215 word types
2026-02-02 15:43:54,541 - INFO - PROGRESS: at sentence #1540000, processed 78715724 words, keeping 328312 word types
2026-02-02 15:43:54,614 - INFO - PROGRESS: at sentence #1550000, processed 79067322 words, keeping 328423 word types
2026-02-02 15:43:54,691 - INFO - PROGRESS: at sentence #1560000, processed 79413016 words, keeping 328499 word types
2026-02-02 15:43:54,765 - INFO - PROGRESS: at sentence #1570000, processed 79762526 words, keeping 328594 word types
2026-02-02 15:43:54,838 - INFO - PROGRESS: at sentence #1580000, processed 80111959 words, keeping 328686 word types
2026-02-02 15:43:54,910 - INFO - PROGRESS: at sentence #1590000, processed 80458270 words, keeping 328798 word types
2026-02-02 15:43:54,983 - INFO - PROGRESS: at sentence #1600000, processed 80808803 words, keeping 328906 word types
2026-02-02 15:43:55,055 - INFO - PROGRESS: at sentence #1610000, processed 81154080 words, keeping 328985 word types
2026-02-02 15:43:55,128 - INFO - PROGRESS: at sentence #1620000, processed 81501441 words, keeping 329051 word types
2026-02-02 15:43:55,201 - INFO - PROGRESS: at sentence #1630000, processed 81852873 words, keeping 329180 word types
2026-02-02 15:43:55,275 - INFO - PROGRESS: at sentence #1640000, processed 82197638 words, keeping 329263 word types
2026-02-02 15:43:55,355 - INFO - PROGRESS: at sentence #1650000, processed 82549122 words, keeping 329381 word types
2026-02-02 15:43:55,428 - INFO - PROGRESS: at sentence #1660000, processed 82896024 words, keeping 329535 word types
2026-02-02 15:43:55,499 - INFO - PROGRESS: at sentence #1670000, processed 83242824 words, keeping 329609 word types
2026-02-02 15:43:55,581 - INFO - PROGRESS: at sentence #1680000, processed 83644399 words, keeping 329753 word types
2026-02-02 15:43:55,675 - INFO - PROGRESS: at sentence #1690000, processed 84094378 words, keeping 330740 word types
2026-02-02 15:43:55,773 - INFO - PROGRESS: at sentence #1700000, processed 84548462 words, keeping 331492 word types
2026-02-02 15:43:55,866 - INFO - PROGRESS: at sentence #1710000, processed 84987408 words, keeping 332301 word types
2026-02-02 15:43:55,959 - INFO - PROGRESS: at sentence #1720000, processed 85427967 words, keeping 333045 word types
2026-02-02 15:43:56,051 - INFO - PROGRESS: at sentence #1730000, processed 85867028 words, keeping 333855 word types
2026-02-02 15:43:56,143 - INFO - PROGRESS: at sentence #1740000, processed 86297445 words, keeping 334675 word types
2026-02-02 15:43:56,235 - INFO - PROGRESS: at sentence #1750000, processed 86735772 words, keeping 335397 word types
2026-02-02 15:43:56,327 - INFO - PROGRESS: at sentence #1760000, processed 87168704 words, keeping 336075 word types
2026-02-02 15:43:56,420 - INFO - PROGRESS: at sentence #1770000, processed 87608993 words, keeping 336863 word types
2026-02-02 15:43:56,513 - INFO - PROGRESS: at sentence #1780000, processed 88045636 words, keeping 337587 word types
2026-02-02 15:43:56,607 - INFO - PROGRESS: at sentence #1790000, processed 88491583 words, keeping 338314 word types
2026-02-02 15:43:56,699 - INFO - PROGRESS: at sentence #1800000, processed 88924735 words, keeping 338923 word types
2026-02-02 15:43:56,792 - INFO - PROGRESS: at sentence #1810000, processed 89365713 words, keeping 339604 word types
2026-02-02 15:43:56,884 - INFO - PROGRESS: at sentence #1820000, processed 89801200 words, keeping 340273 word types
2026-02-02 15:43:56,976 - INFO - PROGRESS: at sentence #1830000, processed 90226527 words, keeping 341472 word types
2026-02-02 15:43:57,083 - INFO - PROGRESS: at sentence #1840000, processed 90748776 words, keeping 343185 word types
2026-02-02 15:43:57,171 - INFO - PROGRESS: at sentence #1850000, processed 91191410 words, keeping 343397 word types
2026-02-02 15:43:57,260 - INFO - PROGRESS: at sentence #1860000, processed 91634970 words, keeping 343562 word types
2026-02-02 15:43:57,350 - INFO - PROGRESS: at sentence #1870000, processed 92081252 words, keeping 343754 word types
2026-02-02 15:43:57,439 - INFO - PROGRESS: at sentence #1880000, processed 92524440 words, keeping 343882 word types
2026-02-02 15:43:57,528 - INFO - PROGRESS: at sentence #1890000, processed 92965301 words, keeping 343993 word types
2026-02-02 15:43:57,621 - INFO - PROGRESS: at sentence #1900000, processed 93407916 words, keeping 344130 word types
2026-02-02 15:43:57,710 - INFO - PROGRESS: at sentence #1910000, processed 93855962 words, keeping 344256 word types
2026-02-02 15:43:57,798 - INFO - PROGRESS: at sentence #1920000, processed 94297384 words, keeping 344311 word types
2026-02-02 15:43:57,886 - INFO - PROGRESS: at sentence #1930000, processed 94737483 words, keeping 344402 word types
2026-02-02 15:43:57,976 - INFO - PROGRESS: at sentence #1940000, processed 95186492 words, keeping 344473 word types
2026-02-02 15:43:58,065 - INFO - PROGRESS: at sentence #1950000, processed 95627193 words, keeping 344593 word types
2026-02-02 15:43:58,153 - INFO - PROGRESS: at sentence #1960000, processed 96070324 words, keeping 344694 word types
2026-02-02 15:43:58,242 - INFO - PROGRESS: at sentence #1970000, processed 96508544 words, keeping 344795 word types
2026-02-02 15:43:58,333 - INFO - PROGRESS: at sentence #1980000, processed 96954684 words, keeping 344897 word types
2026-02-02 15:43:58,421 - INFO - PROGRESS: at sentence #1990000, processed 97395180 words, keeping 344979 word types
2026-02-02 15:43:58,510 - INFO - PROGRESS: at sentence #2000000, processed 97836138 words, keeping 345056 word types
2026-02-02 15:43:58,600 - INFO - PROGRESS: at sentence #2010000, processed 98283088 words, keeping 345142 word types
2026-02-02 15:43:58,690 - INFO - PROGRESS: at sentence #2020000, processed 98728732 words, keeping 345225 word types
2026-02-02 15:43:58,778 - INFO - PROGRESS: at sentence #2030000, processed 99168836 words, keeping 345295 word types
2026-02-02 15:43:58,866 - INFO - PROGRESS: at sentence #2040000, processed 99612169 words, keeping 345377 word types
2026-02-02 15:43:58,954 - INFO - PROGRESS: at sentence #2050000, processed 100053286 words, keeping 345452 word types
2026-02-02 15:43:59,042 - INFO - PROGRESS: at sentence #2060000, processed 100494342 words, keeping 345545 word types
2026-02-02 15:43:59,131 - INFO - PROGRESS: at sentence #2070000, processed 100936448 words, keeping 345599 word types
2026-02-02 15:43:59,220 - INFO - PROGRESS: at sentence #2080000, processed 101358713 words, keeping 346435 word types
2026-02-02 15:43:59,310 - INFO - PROGRESS: at sentence #2090000, processed 101779877 words, keeping 347250 word types
2026-02-02 15:43:59,400 - INFO - PROGRESS: at sentence #2100000, processed 102205929 words, keeping 348101 word types
2026-02-02 15:43:59,492 - INFO - PROGRESS: at sentence #2110000, processed 102635422 words, keeping 348914 word types
2026-02-02 15:43:59,593 - INFO - PROGRESS: at sentence #2120000, processed 103060681 words, keeping 349751 word types
2026-02-02 15:43:59,684 - INFO - PROGRESS: at sentence #2130000, processed 103488365 words, keeping 350532 word types
2026-02-02 15:43:59,774 - INFO - PROGRESS: at sentence #2140000, processed 103909681 words, keeping 351301 word types
2026-02-02 15:43:59,866 - INFO - PROGRESS: at sentence #2150000, processed 104339863 words, keeping 352049 word types
2026-02-02 15:43:59,957 - INFO - PROGRESS: at sentence #2160000, processed 104769468 words, keeping 352866 word types
2026-02-02 15:44:00,049 - INFO - PROGRESS: at sentence #2170000, processed 105205349 words, keeping 353630 word types
2026-02-02 15:44:00,140 - INFO - PROGRESS: at sentence #2180000, processed 105631284 words, keeping 354400 word types
2026-02-02 15:44:00,232 - INFO - PROGRESS: at sentence #2190000, processed 106062448 words, keeping 355188 word types
2026-02-02 15:44:00,324 - INFO - PROGRESS: at sentence #2200000, processed 106493792 words, keeping 355959 word types
2026-02-02 15:44:00,415 - INFO - PROGRESS: at sentence #2210000, processed 106919872 words, keeping 356693 word types
2026-02-02 15:44:00,505 - INFO - PROGRESS: at sentence #2220000, processed 107345574 words, keeping 357549 word types
2026-02-02 15:44:00,622 - INFO - PROGRESS: at sentence #2230000, processed 107902002 words, keeping 358296 word types
2026-02-02 15:44:00,760 - INFO - PROGRESS: at sentence #2240000, processed 108557468 words, keeping 358878 word types
2026-02-02 15:44:00,885 - INFO - PROGRESS: at sentence #2250000, processed 109143104 words, keeping 359367 word types
2026-02-02 15:44:01,002 - INFO - PROGRESS: at sentence #2260000, processed 109687682 words, keeping 360526 word types
2026-02-02 15:44:01,113 - INFO - PROGRESS: at sentence #2270000, processed 110193032 words, keeping 362644 word types
2026-02-02 15:44:01,222 - INFO - PROGRESS: at sentence #2280000, processed 110697110 words, keeping 364664 word types
2026-02-02 15:44:01,330 - INFO - PROGRESS: at sentence #2290000, processed 111196080 words, keeping 366543 word types
2026-02-02 15:44:01,438 - INFO - PROGRESS: at sentence #2300000, processed 111699037 words, keeping 368342 word types
2026-02-02 15:44:01,534 - INFO - PROGRESS: at sentence #2310000, processed 112139426 words, keeping 369109 word types
2026-02-02 15:44:01,628 - INFO - PROGRESS: at sentence #2320000, processed 112573005 words, keeping 369847 word types
2026-02-02 15:44:01,732 - INFO - PROGRESS: at sentence #2330000, processed 113065969 words, keeping 370675 word types
2026-02-02 15:44:01,851 - INFO - PROGRESS: at sentence #2340000, processed 113635092 words, keeping 371469 word types
2026-02-02 15:44:01,947 - INFO - PROGRESS: at sentence #2350000, processed 114084567 words, keeping 372063 word types
2026-02-02 15:44:02,048 - INFO - PROGRESS: at sentence #2360000, processed 114556358 words, keeping 372689 word types
2026-02-02 15:44:02,147 - INFO - PROGRESS: at sentence #2370000, processed 115017398 words, keeping 373261 word types
2026-02-02 15:44:02,245 - INFO - PROGRESS: at sentence #2380000, processed 115479483 words, keeping 373908 word types
2026-02-02 15:44:02,344 - INFO - PROGRESS: at sentence #2390000, processed 115942109 words, keeping 374456 word types
2026-02-02 15:44:02,442 - INFO - PROGRESS: at sentence #2400000, processed 116395230 words, keeping 375006 word types
2026-02-02 15:44:02,555 - INFO - PROGRESS: at sentence #2410000, processed 116929346 words, keeping 376211 word types
2026-02-02 15:44:02,696 - INFO - PROGRESS: at sentence #2420000, processed 117605052 words, keeping 377799 word types
2026-02-02 15:44:02,837 - INFO - PROGRESS: at sentence #2430000, processed 118278734 words, keeping 379212 word types
2026-02-02 15:44:02,977 - INFO - PROGRESS: at sentence #2440000, processed 118953946 words, keeping 380473 word types
2026-02-02 15:44:03,118 - INFO - PROGRESS: at sentence #2450000, processed 119637854 words, keeping 381675 word types
2026-02-02 15:44:03,255 - INFO - PROGRESS: at sentence #2460000, processed 120305409 words, keeping 382749 word types
2026-02-02 15:44:03,408 - INFO - PROGRESS: at sentence #2470000, processed 121048452 words, keeping 383650 word types
2026-02-02 15:44:03,529 - INFO - PROGRESS: at sentence #2480000, processed 121637700 words, keeping 384686 word types
2026-02-02 15:44:03,637 - INFO - PROGRESS: at sentence #2490000, processed 122155137 words, keeping 385313 word types
2026-02-02 15:44:03,728 - INFO - PROGRESS: at sentence #2500000, processed 122586372 words, keeping 385826 word types
2026-02-02 15:44:03,826 - INFO - PROGRESS: at sentence #2510000, processed 123049081 words, keeping 386693 word types
2026-02-02 15:44:03,911 - INFO - PROGRESS: at sentence #2520000, processed 123445502 words, keeping 387628 word types
2026-02-02 15:44:03,994 - INFO - PROGRESS: at sentence #2530000, processed 123835399 words, keeping 388444 word types
2026-02-02 15:44:04,078 - INFO - PROGRESS: at sentence #2540000, processed 124228735 words, keeping 389242 word types
2026-02-02 15:44:04,160 - INFO - PROGRESS: at sentence #2550000, processed 124614119 words, keeping 390022 word types
2026-02-02 15:44:04,287 - INFO - PROGRESS: at sentence #2560000, processed 125234167 words, keeping 390639 word types
2026-02-02 15:44:04,409 - INFO - PROGRESS: at sentence #2570000, processed 125798602 words, keeping 391266 word types
2026-02-02 15:44:04,526 - INFO - PROGRESS: at sentence #2580000, processed 126352890 words, keeping 391572 word types
2026-02-02 15:44:04,640 - INFO - PROGRESS: at sentence #2590000, processed 126891704 words, keeping 392284 word types
2026-02-02 15:44:04,767 - INFO - PROGRESS: at sentence #2600000, processed 127509169 words, keeping 393537 word types
2026-02-02 15:44:04,875 - INFO - PROGRESS: at sentence #2610000, processed 128013466 words, keeping 395255 word types
2026-02-02 15:44:04,940 - INFO - PROGRESS: at sentence #2620000, processed 128301039 words, keeping 396172 word types
2026-02-02 15:44:05,004 - INFO - PROGRESS: at sentence #2630000, processed 128586242 words, keeping 397012 word types
2026-02-02 15:44:05,150 - INFO - PROGRESS: at sentence #2640000, processed 129303524 words, keeping 397984 word types
2026-02-02 15:44:05,248 - INFO - PROGRESS: at sentence #2650000, processed 129762074 words, keeping 398731 word types
2026-02-02 15:44:05,312 - INFO - PROGRESS: at sentence #2660000, processed 130051702 words, keeping 399135 word types
2026-02-02 15:44:05,377 - INFO - PROGRESS: at sentence #2670000, processed 130340855 words, keeping 399497 word types
2026-02-02 15:44:05,441 - INFO - PROGRESS: at sentence #2680000, processed 130628879 words, keeping 399833 word types
2026-02-02 15:44:05,506 - INFO - PROGRESS: at sentence #2690000, processed 130916174 words, keeping 400154 word types
2026-02-02 15:44:05,570 - INFO - PROGRESS: at sentence #2700000, processed 131202906 words, keeping 400510 word types
2026-02-02 15:44:05,641 - INFO - PROGRESS: at sentence #2710000, processed 131524295 words, keeping 400996 word types
2026-02-02 15:44:05,742 - INFO - PROGRESS: at sentence #2720000, processed 131993589 words, keeping 401932 word types
2026-02-02 15:44:05,841 - INFO - PROGRESS: at sentence #2730000, processed 132451270 words, keeping 402687 word types
2026-02-02 15:44:05,938 - INFO - PROGRESS: at sentence #2740000, processed 132901195 words, keeping 403337 word types
2026-02-02 15:44:06,028 - INFO - PROGRESS: at sentence #2750000, processed 133323909 words, keeping 404088 word types
2026-02-02 15:44:06,119 - INFO - PROGRESS: at sentence #2760000, processed 133754680 words, keeping 404794 word types
2026-02-02 15:44:06,209 - INFO - PROGRESS: at sentence #2770000, processed 134176521 words, keeping 405500 word types
2026-02-02 15:44:06,300 - INFO - PROGRESS: at sentence #2780000, processed 134606624 words, keeping 406212 word types
2026-02-02 15:44:06,391 - INFO - PROGRESS: at sentence #2790000, processed 135034015 words, keeping 406870 word types
2026-02-02 15:44:06,483 - INFO - PROGRESS: at sentence #2800000, processed 135467238 words, keeping 407598 word types
2026-02-02 15:44:06,572 - INFO - PROGRESS: at sentence #2810000, processed 135888021 words, keeping 408251 word types
2026-02-02 15:44:06,662 - INFO - PROGRESS: at sentence #2820000, processed 136310426 words, keeping 408972 word types
2026-02-02 15:44:06,753 - INFO - PROGRESS: at sentence #2830000, processed 136737603 words, keeping 409661 word types
2026-02-02 15:44:06,844 - INFO - PROGRESS: at sentence #2840000, processed 137164709 words, keeping 410393 word types
2026-02-02 15:44:06,936 - INFO - PROGRESS: at sentence #2850000, processed 137599582 words, keeping 411095 word types
2026-02-02 15:44:07,028 - INFO - PROGRESS: at sentence #2860000, processed 138027688 words, keeping 411814 word types
2026-02-02 15:44:07,118 - INFO - PROGRESS: at sentence #2870000, processed 138452442 words, keeping 412445 word types
2026-02-02 15:44:07,207 - INFO - PROGRESS: at sentence #2880000, processed 138877331 words, keeping 413089 word types
2026-02-02 15:44:07,298 - INFO - PROGRESS: at sentence #2890000, processed 139311068 words, keeping 413759 word types
2026-02-02 15:44:07,413 - INFO - PROGRESS: at sentence #2900000, processed 139871284 words, keeping 414495 word types
2026-02-02 15:44:07,516 - INFO - PROGRESS: at sentence #2910000, processed 140372349 words, keeping 415237 word types
2026-02-02 15:44:07,618 - INFO - PROGRESS: at sentence #2920000, processed 140865166 words, keeping 415903 word types
2026-02-02 15:44:07,744 - INFO - PROGRESS: at sentence #2930000, processed 141476819 words, keeping 416733 word types
2026-02-02 15:44:07,856 - INFO - PROGRESS: at sentence #2940000, processed 142013794 words, keeping 417895 word types
2026-02-02 15:44:07,966 - INFO - PROGRESS: at sentence #2950000, processed 142543423 words, keeping 418926 word types
2026-02-02 15:44:08,073 - INFO - PROGRESS: at sentence #2960000, processed 143062009 words, keeping 419951 word types
2026-02-02 15:44:08,185 - INFO - PROGRESS: at sentence #2970000, processed 143595154 words, keeping 420966 word types
2026-02-02 15:44:08,294 - INFO - PROGRESS: at sentence #2980000, processed 144122412 words, keeping 422012 word types
2026-02-02 15:44:08,406 - INFO - PROGRESS: at sentence #2990000, processed 144658854 words, keeping 423025 word types
2026-02-02 15:44:08,518 - INFO - PROGRESS: at sentence #3000000, processed 145196107 words, keeping 423877 word types
2026-02-02 15:44:08,664 - INFO - PROGRESS: at sentence #3010000, processed 145907926 words, keeping 425056 word types
2026-02-02 15:44:08,771 - INFO - PROGRESS: at sentence #3020000, processed 146417512 words, keeping 425608 word types
2026-02-02 15:44:08,885 - INFO - PROGRESS: at sentence #3030000, processed 146963800 words, keeping 427009 word types
2026-02-02 15:44:08,977 - INFO - PROGRESS: at sentence #3040000, processed 147396738 words, keeping 428574 word types
2026-02-02 15:44:09,072 - INFO - PROGRESS: at sentence #3050000, processed 147845215 words, keeping 430191 word types
2026-02-02 15:44:09,165 - INFO - PROGRESS: at sentence #3060000, processed 148285664 words, keeping 431602 word types
2026-02-02 15:44:09,259 - INFO - PROGRESS: at sentence #3070000, processed 148731377 words, keeping 433010 word types
2026-02-02 15:44:09,350 - INFO - PROGRESS: at sentence #3080000, processed 149147042 words, keeping 433702 word types
2026-02-02 15:44:09,453 - INFO - PROGRESS: at sentence #3090000, processed 149641589 words, keeping 434315 word types
2026-02-02 15:44:09,565 - INFO - PROGRESS: at sentence #3100000, processed 150180902 words, keeping 434985 word types
2026-02-02 15:44:09,651 - INFO - PROGRESS: at sentence #3110000, processed 150584698 words, keeping 435682 word types
2026-02-02 15:44:09,737 - INFO - PROGRESS: at sentence #3120000, processed 150986919 words, keeping 436383 word types
2026-02-02 15:44:09,823 - INFO - PROGRESS: at sentence #3130000, processed 151388285 words, keeping 437078 word types
2026-02-02 15:44:09,910 - INFO - PROGRESS: at sentence #3140000, processed 151794403 words, keeping 437707 word types
2026-02-02 15:44:09,997 - INFO - PROGRESS: at sentence #3150000, processed 152202070 words, keeping 438309 word types
2026-02-02 15:44:10,083 - INFO - PROGRESS: at sentence #3160000, processed 152607739 words, keeping 438903 word types
2026-02-02 15:44:10,157 - INFO - PROGRESS: at sentence #3170000, processed 152945840 words, keeping 439352 word types
2026-02-02 15:44:10,247 - INFO - PROGRESS: at sentence #3180000, processed 153367533 words, keeping 440486 word types
2026-02-02 15:44:10,339 - INFO - PROGRESS: at sentence #3190000, processed 153806077 words, keeping 441625 word types
2026-02-02 15:44:10,432 - INFO - PROGRESS: at sentence #3200000, processed 154242842 words, keeping 442834 word types
2026-02-02 15:44:10,525 - INFO - PROGRESS: at sentence #3210000, processed 154686702 words, keeping 444075 word types
2026-02-02 15:44:10,617 - INFO - PROGRESS: at sentence #3220000, processed 155125116 words, keeping 445261 word types
2026-02-02 15:44:10,708 - INFO - PROGRESS: at sentence #3230000, processed 155558340 words, keeping 446270 word types
2026-02-02 15:44:10,812 - INFO - PROGRESS: at sentence #3240000, processed 156053478 words, keeping 446917 word types
2026-02-02 15:44:10,937 - INFO - PROGRESS: at sentence #3250000, processed 156662537 words, keeping 447080 word types
2026-02-02 15:44:11,099 - INFO - PROGRESS: at sentence #3260000, processed 157436897 words, keeping 447394 word types
2026-02-02 15:44:11,239 - INFO - PROGRESS: at sentence #3270000, processed 158116655 words, keeping 448531 word types
2026-02-02 15:44:11,355 - INFO - PROGRESS: at sentence #3280000, processed 158673905 words, keeping 449690 word types
2026-02-02 15:44:11,453 - INFO - PROGRESS: at sentence #3290000, processed 159142569 words, keeping 450632 word types
2026-02-02 15:44:11,554 - INFO - PROGRESS: at sentence #3300000, processed 159625682 words, keeping 451252 word types
2026-02-02 15:44:11,656 - INFO - PROGRESS: at sentence #3310000, processed 160114301 words, keeping 451945 word types
2026-02-02 15:44:11,759 - INFO - PROGRESS: at sentence #3320000, processed 160606754 words, keeping 452578 word types
2026-02-02 15:44:11,862 - INFO - PROGRESS: at sentence #3330000, processed 161102943 words, keeping 453227 word types
2026-02-02 15:44:12,029 - INFO - PROGRESS: at sentence #3340000, processed 161901858 words, keeping 456993 word types
2026-02-02 15:44:12,218 - INFO - PROGRESS: at sentence #3350000, processed 162811575 words, keeping 459448 word types
2026-02-02 15:44:12,320 - INFO - PROGRESS: at sentence #3360000, processed 163293509 words, keeping 460052 word types
2026-02-02 15:44:12,417 - INFO - PROGRESS: at sentence #3370000, processed 163744033 words, keeping 461503 word types
2026-02-02 15:44:12,533 - INFO - PROGRESS: at sentence #3380000, processed 164286950 words, keeping 463857 word types
2026-02-02 15:44:12,645 - INFO - PROGRESS: at sentence #3390000, processed 164806229 words, keeping 465830 word types
2026-02-02 15:44:12,741 - INFO - PROGRESS: at sentence #3400000, processed 165258182 words, keeping 466660 word types
2026-02-02 15:44:12,843 - INFO - PROGRESS: at sentence #3410000, processed 165745563 words, keeping 467567 word types
2026-02-02 15:44:12,943 - INFO - PROGRESS: at sentence #3420000, processed 166229928 words, keeping 468496 word types
2026-02-02 15:44:13,046 - INFO - PROGRESS: at sentence #3430000, processed 166726022 words, keeping 469357 word types
2026-02-02 15:44:13,148 - INFO - PROGRESS: at sentence #3440000, processed 167212795 words, keeping 470270 word types
2026-02-02 15:44:13,250 - INFO - PROGRESS: at sentence #3450000, processed 167704217 words, keeping 471131 word types
2026-02-02 15:44:13,352 - INFO - PROGRESS: at sentence #3460000, processed 168196351 words, keeping 471881 word types
2026-02-02 15:44:13,455 - INFO - PROGRESS: at sentence #3470000, processed 168692398 words, keeping 472797 word types
2026-02-02 15:44:13,556 - INFO - PROGRESS: at sentence #3480000, processed 169182221 words, keeping 473498 word types
2026-02-02 15:44:13,658 - INFO - PROGRESS: at sentence #3490000, processed 169676439 words, keeping 474314 word types
2026-02-02 15:44:13,760 - INFO - PROGRESS: at sentence #3500000, processed 170168752 words, keeping 475050 word types
2026-02-02 15:44:13,863 - INFO - PROGRESS: at sentence #3510000, processed 170668598 words, keeping 475815 word types
2026-02-02 15:44:13,966 - INFO - PROGRESS: at sentence #3520000, processed 171165600 words, keeping 476606 word types
2026-02-02 15:44:14,068 - INFO - PROGRESS: at sentence #3530000, processed 171661926 words, keeping 477345 word types
2026-02-02 15:44:14,162 - INFO - PROGRESS: at sentence #3540000, processed 172109819 words, keeping 477995 word types
2026-02-02 15:44:14,212 - INFO - PROGRESS: at sentence #3550000, processed 172317855 words, keeping 478056 word types
2026-02-02 15:44:14,335 - INFO - PROGRESS: at sentence #3560000, processed 172919626 words, keeping 478629 word types
2026-02-02 15:44:14,437 - INFO - PROGRESS: at sentence #3570000, processed 173405781 words, keeping 479414 word types
2026-02-02 15:44:14,505 - INFO - PROGRESS: at sentence #3580000, processed 173711484 words, keeping 479752 word types
2026-02-02 15:44:14,634 - INFO - PROGRESS: at sentence #3590000, processed 174326468 words, keeping 480351 word types
2026-02-02 15:44:14,749 - INFO - PROGRESS: at sentence #3600000, processed 174870743 words, keeping 481817 word types
2026-02-02 15:44:14,868 - INFO - PROGRESS: at sentence #3610000, processed 175442792 words, keeping 482866 word types
2026-02-02 15:44:14,967 - INFO - PROGRESS: at sentence #3620000, processed 175900015 words, keeping 483529 word types
2026-02-02 15:44:15,075 - INFO - PROGRESS: at sentence #3630000, processed 176411456 words, keeping 484170 word types
2026-02-02 15:44:15,189 - INFO - PROGRESS: at sentence #3640000, processed 176939177 words, keeping 485009 word types
2026-02-02 15:44:15,282 - INFO - PROGRESS: at sentence #3650000, processed 177377031 words, keeping 485675 word types
2026-02-02 15:44:15,398 - INFO - PROGRESS: at sentence #3660000, processed 177942810 words, keeping 486670 word types
2026-02-02 15:44:15,521 - INFO - PROGRESS: at sentence #3670000, processed 178540361 words, keeping 487658 word types
2026-02-02 15:44:15,642 - INFO - PROGRESS: at sentence #3680000, processed 179126651 words, keeping 488639 word types
2026-02-02 15:44:15,763 - INFO - PROGRESS: at sentence #3690000, processed 179714753 words, keeping 489619 word types
2026-02-02 15:44:15,886 - INFO - PROGRESS: at sentence #3700000, processed 180308497 words, keeping 490552 word types
2026-02-02 15:44:16,008 - INFO - PROGRESS: at sentence #3710000, processed 180905312 words, keeping 491462 word types
2026-02-02 15:44:16,131 - INFO - PROGRESS: at sentence #3720000, processed 181501162 words, keeping 492429 word types
2026-02-02 15:44:16,253 - INFO - PROGRESS: at sentence #3730000, processed 182089562 words, keeping 493402 word types
2026-02-02 15:44:16,377 - INFO - PROGRESS: at sentence #3740000, processed 182693260 words, keeping 494324 word types
2026-02-02 15:44:16,503 - INFO - PROGRESS: at sentence #3750000, processed 183301278 words, keeping 495159 word types
2026-02-02 15:44:16,624 - INFO - PROGRESS: at sentence #3760000, processed 183879912 words, keeping 496146 word types
2026-02-02 15:44:16,747 - INFO - PROGRESS: at sentence #3770000, processed 184472237 words, keeping 496993 word types
2026-02-02 15:44:16,868 - INFO - PROGRESS: at sentence #3780000, processed 185056858 words, keeping 497844 word types
2026-02-02 15:44:16,987 - INFO - PROGRESS: at sentence #3790000, processed 185628712 words, keeping 498575 word types
2026-02-02 15:44:17,113 - INFO - PROGRESS: at sentence #3800000, processed 186234017 words, keeping 499460 word types
2026-02-02 15:44:17,238 - INFO - PROGRESS: at sentence #3810000, processed 186835106 words, keeping 500184 word types
2026-02-02 15:44:17,348 - INFO - PROGRESS: at sentence #3820000, processed 187334038 words, keeping 500897 word types
2026-02-02 15:44:17,450 - INFO - PROGRESS: at sentence #3830000, processed 187812006 words, keeping 501436 word types
2026-02-02 15:44:17,616 - INFO - PROGRESS: at sentence #3840000, processed 188617521 words, keeping 502861 word types
2026-02-02 15:44:17,689 - INFO - PROGRESS: at sentence #3850000, processed 188949371 words, keeping 503096 word types
2026-02-02 15:44:17,770 - INFO - PROGRESS: at sentence #3860000, processed 189321307 words, keeping 503621 word types
2026-02-02 15:44:17,849 - INFO - PROGRESS: at sentence #3870000, processed 189693617 words, keeping 504082 word types
2026-02-02 15:44:17,928 - INFO - PROGRESS: at sentence #3880000, processed 190067873 words, keeping 504575 word types
2026-02-02 15:44:18,008 - INFO - PROGRESS: at sentence #3890000, processed 190441905 words, keeping 505024 word types
2026-02-02 15:44:18,105 - INFO - PROGRESS: at sentence #3900000, processed 190903461 words, keeping 505437 word types
2026-02-02 15:44:18,228 - INFO - PROGRESS: at sentence #3910000, processed 191498959 words, keeping 505676 word types
2026-02-02 15:44:18,322 - INFO - PROGRESS: at sentence #3920000, processed 191955537 words, keeping 506230 word types
2026-02-02 15:44:18,411 - INFO - PROGRESS: at sentence #3930000, processed 192395362 words, keeping 506631 word types
2026-02-02 15:44:18,501 - INFO - PROGRESS: at sentence #3940000, processed 192840075 words, keeping 506941 word types
2026-02-02 15:44:18,591 - INFO - PROGRESS: at sentence #3950000, processed 193286371 words, keeping 507286 word types
2026-02-02 15:44:18,681 - INFO - PROGRESS: at sentence #3960000, processed 193729445 words, keeping 507625 word types
2026-02-02 15:44:18,769 - INFO - PROGRESS: at sentence #3970000, processed 194164462 words, keeping 507954 word types
2026-02-02 15:44:18,859 - INFO - PROGRESS: at sentence #3980000, processed 194608361 words, keeping 508323 word types
2026-02-02 15:44:18,949 - INFO - PROGRESS: at sentence #3990000, processed 195056988 words, keeping 508622 word types
2026-02-02 15:44:19,039 - INFO - PROGRESS: at sentence #4000000, processed 195498624 words, keeping 508929 word types
2026-02-02 15:44:19,128 - INFO - PROGRESS: at sentence #4010000, processed 195940771 words, keeping 509268 word types
2026-02-02 15:44:19,217 - INFO - PROGRESS: at sentence #4020000, processed 196382196 words, keeping 509651 word types
2026-02-02 15:44:19,305 - INFO - PROGRESS: at sentence #4030000, processed 196817865 words, keeping 509987 word types
2026-02-02 15:44:19,396 - INFO - PROGRESS: at sentence #4040000, processed 197266473 words, keeping 510344 word types
2026-02-02 15:44:19,487 - INFO - PROGRESS: at sentence #4050000, processed 197713861 words, keeping 510716 word types
2026-02-02 15:44:19,577 - INFO - PROGRESS: at sentence #4060000, processed 198156417 words, keeping 511071 word types
2026-02-02 15:44:19,732 - INFO - PROGRESS: at sentence #4070000, processed 198916137 words, keeping 511549 word types
2026-02-02 15:44:19,894 - INFO - PROGRESS: at sentence #4080000, processed 199710219 words, keeping 512543 word types
2026-02-02 15:44:20,010 - INFO - PROGRESS: at sentence #4090000, processed 200266743 words, keeping 513194 word types
2026-02-02 15:44:20,101 - INFO - PROGRESS: at sentence #4100000, processed 200685847 words, keeping 513527 word types
2026-02-02 15:44:20,234 - INFO - PROGRESS: at sentence #4110000, processed 201331085 words, keeping 514304 word types
2026-02-02 15:44:20,372 - INFO - PROGRESS: at sentence #4120000, processed 201993433 words, keeping 514940 word types
2026-02-02 15:44:20,508 - INFO - PROGRESS: at sentence #4130000, processed 202653206 words, keeping 515577 word types
2026-02-02 15:44:20,652 - INFO - PROGRESS: at sentence #4140000, processed 203322394 words, keeping 516214 word types
2026-02-02 15:44:20,787 - INFO - PROGRESS: at sentence #4150000, processed 203977353 words, keeping 516842 word types
2026-02-02 15:44:20,907 - INFO - PROGRESS: at sentence #4160000, processed 204547663 words, keeping 517481 word types
2026-02-02 15:44:21,053 - INFO - PROGRESS: at sentence #4170000, processed 205266289 words, keeping 518501 word types
2026-02-02 15:44:21,148 - INFO - PROGRESS: at sentence #4180000, processed 205700508 words, keeping 519175 word types
2026-02-02 15:44:21,260 - INFO - PROGRESS: at sentence #4190000, processed 206236130 words, keeping 520447 word types
2026-02-02 15:44:21,362 - INFO - PROGRESS: at sentence #4200000, processed 206720569 words, keeping 521320 word types
2026-02-02 15:44:21,448 - INFO - PROGRESS: at sentence #4210000, processed 207124587 words, keeping 522071 word types
2026-02-02 15:44:21,534 - INFO - PROGRESS: at sentence #4220000, processed 207530193 words, keeping 522808 word types
2026-02-02 15:44:21,621 - INFO - PROGRESS: at sentence #4230000, processed 207939244 words, keeping 523538 word types
2026-02-02 15:44:21,709 - INFO - PROGRESS: at sentence #4240000, processed 208351974 words, keeping 524227 word types
2026-02-02 15:44:21,796 - INFO - PROGRESS: at sentence #4250000, processed 208759184 words, keeping 524900 word types
2026-02-02 15:44:21,884 - INFO - PROGRESS: at sentence #4260000, processed 209175573 words, keeping 525578 word types
2026-02-02 15:44:22,002 - INFO - PROGRESS: at sentence #4270000, processed 209729046 words, keeping 525981 word types
2026-02-02 15:44:22,100 - INFO - PROGRESS: at sentence #4280000, processed 210189588 words, keeping 526320 word types
2026-02-02 15:44:22,184 - INFO - PROGRESS: at sentence #4290000, processed 210570355 words, keeping 526610 word types
2026-02-02 15:44:22,289 - INFO - PROGRESS: at sentence #4300000, processed 211066008 words, keeping 527230 word types
2026-02-02 15:44:22,398 - INFO - PROGRESS: at sentence #4310000, processed 211601297 words, keeping 528473 word types
2026-02-02 15:44:22,506 - INFO - PROGRESS: at sentence #4320000, processed 212128888 words, keeping 529459 word types
2026-02-02 15:44:22,615 - INFO - PROGRESS: at sentence #4330000, processed 212662960 words, keeping 530358 word types
2026-02-02 15:44:22,725 - INFO - PROGRESS: at sentence #4340000, processed 213194750 words, keeping 531214 word types
2026-02-02 15:44:22,834 - INFO - PROGRESS: at sentence #4350000, processed 213723923 words, keeping 532003 word types
2026-02-02 15:44:22,946 - INFO - PROGRESS: at sentence #4360000, processed 214267545 words, keeping 532711 word types
2026-02-02 15:44:23,063 - INFO - PROGRESS: at sentence #4370000, processed 214823936 words, keeping 533465 word types
2026-02-02 15:44:23,189 - INFO - PROGRESS: at sentence #4380000, processed 215424700 words, keeping 533515 word types
2026-02-02 15:44:23,293 - INFO - PROGRESS: at sentence #4390000, processed 215910022 words, keeping 534011 word types
2026-02-02 15:44:23,410 - INFO - PROGRESS: at sentence #4400000, processed 216444775 words, keeping 534907 word types
2026-02-02 15:44:23,518 - INFO - PROGRESS: at sentence #4410000, processed 216951041 words, keeping 535632 word types
2026-02-02 15:44:23,614 - INFO - PROGRESS: at sentence #4420000, processed 217394389 words, keeping 536220 word types
2026-02-02 15:44:23,745 - INFO - PROGRESS: at sentence #4430000, processed 218011765 words, keeping 537340 word types
2026-02-02 15:44:23,878 - INFO - PROGRESS: at sentence #4440000, processed 218636063 words, keeping 537967 word types
2026-02-02 15:44:24,003 - INFO - PROGRESS: at sentence #4450000, processed 219220459 words, keeping 538664 word types
2026-02-02 15:44:24,135 - INFO - PROGRESS: at sentence #4460000, processed 219832316 words, keeping 539954 word types
2026-02-02 15:44:24,274 - INFO - PROGRESS: at sentence #4470000, processed 220486631 words, keeping 541169 word types
2026-02-02 15:44:24,405 - INFO - PROGRESS: at sentence #4480000, processed 221110833 words, keeping 541871 word types
2026-02-02 15:44:24,509 - INFO - PROGRESS: at sentence #4490000, processed 221605977 words, keeping 542345 word types
2026-02-02 15:44:24,637 - INFO - PROGRESS: at sentence #4500000, processed 222221899 words, keeping 542908 word types
2026-02-02 15:44:24,759 - INFO - PROGRESS: at sentence #4510000, processed 222802494 words, keeping 543025 word types
2026-02-02 15:44:24,878 - INFO - PROGRESS: at sentence #4520000, processed 223368256 words, keeping 543151 word types
2026-02-02 15:44:24,996 - INFO - PROGRESS: at sentence #4530000, processed 223924158 words, keeping 544089 word types
2026-02-02 15:44:25,172 - INFO - PROGRESS: at sentence #4540000, processed 224741094 words, keeping 546208 word types
2026-02-02 15:44:25,307 - INFO - PROGRESS: at sentence #4550000, processed 225358966 words, keeping 546856 word types
2026-02-02 15:44:25,441 - INFO - PROGRESS: at sentence #4560000, processed 225989142 words, keeping 547557 word types
2026-02-02 15:44:25,576 - INFO - PROGRESS: at sentence #4570000, processed 226635398 words, keeping 548132 word types
2026-02-02 15:44:25,710 - INFO - PROGRESS: at sentence #4580000, processed 227267839 words, keeping 548756 word types
2026-02-02 15:44:25,842 - INFO - PROGRESS: at sentence #4590000, processed 227887480 words, keeping 549752 word types
2026-02-02 15:44:25,958 - INFO - PROGRESS: at sentence #4600000, processed 228422109 words, keeping 550244 word types
2026-02-02 15:44:26,041 - INFO - PROGRESS: at sentence #4610000, processed 228802279 words, keeping 550762 word types
2026-02-02 15:44:26,119 - INFO - PROGRESS: at sentence #4620000, processed 229158588 words, keeping 551182 word types
2026-02-02 15:44:26,198 - INFO - PROGRESS: at sentence #4630000, processed 229511053 words, keeping 551603 word types
2026-02-02 15:44:26,276 - INFO - PROGRESS: at sentence #4640000, processed 229866076 words, keeping 552030 word types
2026-02-02 15:44:26,353 - INFO - PROGRESS: at sentence #4650000, processed 230220324 words, keeping 552408 word types
2026-02-02 15:44:26,481 - INFO - PROGRESS: at sentence #4660000, processed 230822199 words, keeping 552772 word types
2026-02-02 15:44:26,620 - INFO - PROGRESS: at sentence #4670000, processed 231462670 words, keeping 552968 word types
2026-02-02 15:44:26,764 - INFO - PROGRESS: at sentence #4680000, processed 232129555 words, keeping 553049 word types
2026-02-02 15:44:26,905 - INFO - PROGRESS: at sentence #4690000, processed 232784457 words, keeping 553083 word types
2026-02-02 15:44:27,045 - INFO - PROGRESS: at sentence #4700000, processed 233429553 words, keeping 553176 word types
2026-02-02 15:44:27,160 - INFO - PROGRESS: at sentence #4710000, processed 233957227 words, keeping 553804 word types
2026-02-02 15:44:27,275 - INFO - PROGRESS: at sentence #4720000, processed 234481234 words, keeping 554375 word types
2026-02-02 15:44:27,388 - INFO - PROGRESS: at sentence #4730000, processed 235000161 words, keeping 554956 word types
2026-02-02 15:44:27,509 - INFO - PROGRESS: at sentence #4740000, processed 235558595 words, keeping 555608 word types
2026-02-02 15:44:27,620 - INFO - PROGRESS: at sentence #4750000, processed 236076005 words, keeping 556284 word types
2026-02-02 15:44:27,735 - INFO - PROGRESS: at sentence #4760000, processed 236612714 words, keeping 556825 word types
2026-02-02 15:44:27,855 - INFO - PROGRESS: at sentence #4770000, processed 237180488 words, keeping 557388 word types
2026-02-02 15:44:27,967 - INFO - PROGRESS: at sentence #4780000, processed 237709361 words, keeping 558155 word types
2026-02-02 15:44:28,082 - INFO - PROGRESS: at sentence #4790000, processed 238253737 words, keeping 558748 word types
2026-02-02 15:44:28,210 - INFO - PROGRESS: at sentence #4800000, processed 238841728 words, keeping 559310 word types
2026-02-02 15:44:28,338 - INFO - PROGRESS: at sentence #4810000, processed 239437834 words, keeping 560650 word types
2026-02-02 15:44:28,440 - INFO - PROGRESS: at sentence #4820000, processed 239914299 words, keeping 561293 word types
2026-02-02 15:44:28,549 - INFO - PROGRESS: at sentence #4830000, processed 240435136 words, keeping 562011 word types
2026-02-02 15:44:28,649 - INFO - PROGRESS: at sentence #4840000, processed 240907485 words, keeping 563024 word types
2026-02-02 15:44:28,748 - INFO - PROGRESS: at sentence #4850000, processed 241381023 words, keeping 563945 word types
2026-02-02 15:44:28,847 - INFO - PROGRESS: at sentence #4860000, processed 241855816 words, keeping 564913 word types
2026-02-02 15:44:28,947 - INFO - PROGRESS: at sentence #4870000, processed 242322476 words, keeping 565807 word types
2026-02-02 15:44:29,046 - INFO - PROGRESS: at sentence #4880000, processed 242794062 words, keeping 566771 word types
2026-02-02 15:44:29,145 - INFO - PROGRESS: at sentence #4890000, processed 243261027 words, keeping 567689 word types
2026-02-02 15:44:29,243 - INFO - PROGRESS: at sentence #4900000, processed 243729510 words, keeping 568597 word types
2026-02-02 15:44:29,344 - INFO - PROGRESS: at sentence #4910000, processed 244210372 words, keeping 569444 word types
2026-02-02 15:44:29,443 - INFO - PROGRESS: at sentence #4920000, processed 244681733 words, keeping 570308 word types
2026-02-02 15:44:29,551 - INFO - PROGRESS: at sentence #4930000, processed 245199556 words, keeping 570981 word types
2026-02-02 15:44:29,687 - INFO - PROGRESS: at sentence #4940000, processed 245851722 words, keeping 571572 word types
2026-02-02 15:44:29,814 - INFO - PROGRESS: at sentence #4950000, processed 246456231 words, keeping 572486 word types
2026-02-02 15:44:29,946 - INFO - PROGRESS: at sentence #4960000, processed 247083955 words, keeping 573123 word types
2026-02-02 15:44:30,091 - INFO - PROGRESS: at sentence #4970000, processed 247772445 words, keeping 573722 word types
2026-02-02 15:44:30,234 - INFO - PROGRESS: at sentence #4980000, processed 248464455 words, keeping 574106 word types
2026-02-02 15:44:30,371 - INFO - PROGRESS: at sentence #4990000, processed 249126230 words, keeping 574688 word types
2026-02-02 15:44:30,519 - INFO - PROGRESS: at sentence #5000000, processed 249867466 words, keeping 575410 word types
2026-02-02 15:44:30,667 - INFO - PROGRESS: at sentence #5010000, processed 250607691 words, keeping 575957 word types
2026-02-02 15:44:30,814 - INFO - PROGRESS: at sentence #5020000, processed 251347248 words, keeping 576450 word types
2026-02-02 15:44:30,962 - INFO - PROGRESS: at sentence #5030000, processed 252081110 words, keeping 577088 word types
2026-02-02 15:44:31,084 - INFO - PROGRESS: at sentence #5040000, processed 252663406 words, keeping 577936 word types
2026-02-02 15:44:31,157 - INFO - PROGRESS: at sentence #5050000, processed 253003624 words, keeping 578546 word types
2026-02-02 15:44:31,230 - INFO - PROGRESS: at sentence #5060000, processed 253344155 words, keeping 578990 word types
2026-02-02 15:44:31,319 - INFO - PROGRESS: at sentence #5070000, processed 253760697 words, keeping 579102 word types
2026-02-02 15:44:31,401 - INFO - PROGRESS: at sentence #5080000, processed 254132717 words, keeping 579258 word types
2026-02-02 15:44:31,503 - INFO - PROGRESS: at sentence #5090000, processed 254616757 words, keeping 579397 word types
2026-02-02 15:44:31,642 - INFO - PROGRESS: at sentence #5100000, processed 255285283 words, keeping 581899 word types
2026-02-02 15:44:31,727 - INFO - PROGRESS: at sentence #5110000, processed 255678881 words, keeping 582500 word types
2026-02-02 15:44:31,810 - INFO - PROGRESS: at sentence #5120000, processed 256071645 words, keeping 583087 word types
2026-02-02 15:44:31,892 - INFO - PROGRESS: at sentence #5130000, processed 256463193 words, keeping 583652 word types
2026-02-02 15:44:31,973 - INFO - PROGRESS: at sentence #5140000, processed 256851062 words, keeping 584232 word types
2026-02-02 15:44:32,056 - INFO - PROGRESS: at sentence #5150000, processed 257243944 words, keeping 584761 word types
2026-02-02 15:44:32,173 - INFO - PROGRESS: at sentence #5160000, processed 257818273 words, keeping 585539 word types
2026-02-02 15:44:32,307 - INFO - PROGRESS: at sentence #5170000, processed 258485637 words, keeping 586278 word types
2026-02-02 15:44:32,440 - INFO - PROGRESS: at sentence #5180000, processed 259148890 words, keeping 586976 word types
2026-02-02 15:44:32,575 - INFO - PROGRESS: at sentence #5190000, processed 259819852 words, keeping 587660 word types
2026-02-02 15:44:32,709 - INFO - PROGRESS: at sentence #5200000, processed 260486772 words, keeping 588408 word types
2026-02-02 15:44:32,874 - INFO - PROGRESS: at sentence #5210000, processed 261304145 words, keeping 588963 word types
2026-02-02 15:44:33,014 - INFO - PROGRESS: at sentence #5220000, processed 261967138 words, keeping 589443 word types
2026-02-02 15:44:33,139 - INFO - PROGRESS: at sentence #5230000, processed 262558502 words, keeping 589828 word types
2026-02-02 15:44:33,229 - INFO - PROGRESS: at sentence #5240000, processed 262970599 words, keeping 590482 word types
2026-02-02 15:44:33,300 - INFO - PROGRESS: at sentence #5250000, processed 263297030 words, keeping 590897 word types
2026-02-02 15:44:33,372 - INFO - PROGRESS: at sentence #5260000, processed 263620379 words, keeping 591283 word types
2026-02-02 15:44:33,443 - INFO - PROGRESS: at sentence #5270000, processed 263942113 words, keeping 591634 word types
2026-02-02 15:44:33,513 - INFO - PROGRESS: at sentence #5280000, processed 264262490 words, keeping 592037 word types
2026-02-02 15:44:33,584 - INFO - PROGRESS: at sentence #5290000, processed 264584182 words, keeping 592420 word types
2026-02-02 15:44:33,655 - INFO - PROGRESS: at sentence #5300000, processed 264906038 words, keeping 592787 word types
2026-02-02 15:44:33,730 - INFO - PROGRESS: at sentence #5310000, processed 265242051 words, keeping 593300 word types
2026-02-02 15:44:33,810 - INFO - PROGRESS: at sentence #5320000, processed 265606101 words, keeping 594098 word types
2026-02-02 15:44:33,948 - INFO - PROGRESS: at sentence #5330000, processed 266266936 words, keeping 595058 word types
2026-02-02 15:44:34,087 - INFO - PROGRESS: at sentence #5340000, processed 266919316 words, keeping 596898 word types
2026-02-02 15:44:34,216 - INFO - PROGRESS: at sentence #5350000, processed 267527198 words, keeping 597631 word types
2026-02-02 15:44:34,319 - INFO - PROGRESS: at sentence #5360000, processed 268015212 words, keeping 598003 word types
2026-02-02 15:44:34,412 - INFO - PROGRESS: at sentence #5370000, processed 268447222 words, keeping 598482 word types
2026-02-02 15:44:34,537 - INFO - PROGRESS: at sentence #5380000, processed 269031000 words, keeping 599219 word types
2026-02-02 15:44:34,681 - INFO - PROGRESS: at sentence #5390000, processed 269725800 words, keeping 599835 word types
2026-02-02 15:44:34,827 - INFO - PROGRESS: at sentence #5400000, processed 270423062 words, keeping 600544 word types
2026-02-02 15:44:34,971 - INFO - PROGRESS: at sentence #5410000, processed 271116625 words, keeping 601386 word types
2026-02-02 15:44:35,112 - INFO - PROGRESS: at sentence #5420000, processed 271802768 words, keeping 602169 word types
2026-02-02 15:44:35,257 - INFO - PROGRESS: at sentence #5430000, processed 272505727 words, keeping 602868 word types
2026-02-02 15:44:35,400 - INFO - PROGRESS: at sentence #5440000, processed 273199668 words, keeping 603597 word types
2026-02-02 15:44:35,545 - INFO - PROGRESS: at sentence #5450000, processed 273909325 words, keeping 604218 word types
2026-02-02 15:44:35,689 - INFO - PROGRESS: at sentence #5460000, processed 274607594 words, keeping 604898 word types
2026-02-02 15:44:35,807 - INFO - PROGRESS: at sentence #5470000, processed 275165013 words, keeping 605217 word types
2026-02-02 15:44:35,920 - INFO - PROGRESS: at sentence #5480000, processed 275694311 words, keeping 605403 word types
2026-02-02 15:44:36,058 - INFO - PROGRESS: at sentence #5490000, processed 276357574 words, keeping 605873 word types
2026-02-02 15:44:36,192 - INFO - PROGRESS: at sentence #5500000, processed 277008339 words, keeping 606621 word types
2026-02-02 15:44:36,325 - INFO - PROGRESS: at sentence #5510000, processed 277649632 words, keeping 607543 word types
2026-02-02 15:44:36,457 - INFO - PROGRESS: at sentence #5520000, processed 278290066 words, keeping 608347 word types
2026-02-02 15:44:36,586 - INFO - PROGRESS: at sentence #5530000, processed 278911656 words, keeping 609135 word types
2026-02-02 15:44:36,718 - INFO - PROGRESS: at sentence #5540000, processed 279555768 words, keeping 609943 word types
2026-02-02 15:44:36,817 - INFO - PROGRESS: at sentence #5550000, processed 280015070 words, keeping 610617 word types
2026-02-02 15:44:36,869 - INFO - PROGRESS: at sentence #5560000, processed 280239044 words, keeping 610667 word types
2026-02-02 15:44:36,922 - INFO - PROGRESS: at sentence #5570000, processed 280462859 words, keeping 610715 word types
2026-02-02 15:44:36,974 - INFO - PROGRESS: at sentence #5580000, processed 280686412 words, keeping 610758 word types
2026-02-02 15:44:37,027 - INFO - PROGRESS: at sentence #5590000, processed 280912430 words, keeping 610790 word types
2026-02-02 15:44:37,079 - INFO - PROGRESS: at sentence #5600000, processed 281134964 words, keeping 610829 word types
2026-02-02 15:44:37,158 - INFO - PROGRESS: at sentence #5610000, processed 281496285 words, keeping 611137 word types
2026-02-02 15:44:37,282 - INFO - PROGRESS: at sentence #5620000, processed 282102392 words, keeping 611683 word types
2026-02-02 15:44:37,406 - INFO - PROGRESS: at sentence #5630000, processed 282688346 words, keeping 612578 word types
2026-02-02 15:44:37,529 - INFO - PROGRESS: at sentence #5640000, processed 283276552 words, keeping 613460 word types
2026-02-02 15:44:37,646 - INFO - PROGRESS: at sentence #5650000, processed 283835019 words, keeping 614334 word types
2026-02-02 15:44:37,767 - INFO - PROGRESS: at sentence #5660000, processed 284414851 words, keeping 615179 word types
2026-02-02 15:44:37,886 - INFO - PROGRESS: at sentence #5670000, processed 284977220 words, keeping 616070 word types
2026-02-02 15:44:38,003 - INFO - PROGRESS: at sentence #5680000, processed 285538957 words, keeping 616960 word types
2026-02-02 15:44:38,124 - INFO - PROGRESS: at sentence #5690000, processed 286112640 words, keeping 617865 word types
2026-02-02 15:44:38,245 - INFO - PROGRESS: at sentence #5700000, processed 286687606 words, keeping 618714 word types
2026-02-02 15:44:38,363 - INFO - PROGRESS: at sentence #5710000, processed 287253807 words, keeping 619542 word types
2026-02-02 15:44:38,486 - INFO - PROGRESS: at sentence #5720000, processed 287844704 words, keeping 620416 word types
2026-02-02 15:44:38,609 - INFO - PROGRESS: at sentence #5730000, processed 288429260 words, keeping 621215 word types
2026-02-02 15:44:38,731 - INFO - PROGRESS: at sentence #5740000, processed 289014001 words, keeping 622043 word types
2026-02-02 15:44:38,852 - INFO - PROGRESS: at sentence #5750000, processed 289587633 words, keeping 622852 word types
2026-02-02 15:44:38,974 - INFO - PROGRESS: at sentence #5760000, processed 290171137 words, keeping 623719 word types
2026-02-02 15:44:39,095 - INFO - PROGRESS: at sentence #5770000, processed 290747724 words, keeping 624546 word types
2026-02-02 15:44:39,216 - INFO - PROGRESS: at sentence #5780000, processed 291327818 words, keeping 625432 word types
2026-02-02 15:44:39,337 - INFO - PROGRESS: at sentence #5790000, processed 291901072 words, keeping 626257 word types
2026-02-02 15:44:39,457 - INFO - PROGRESS: at sentence #5800000, processed 292477811 words, keeping 627047 word types
2026-02-02 15:44:39,577 - INFO - PROGRESS: at sentence #5810000, processed 293048662 words, keeping 627763 word types
2026-02-02 15:44:39,699 - INFO - PROGRESS: at sentence #5820000, processed 293624114 words, keeping 628496 word types
2026-02-02 15:44:39,821 - INFO - PROGRESS: at sentence #5830000, processed 294200387 words, keeping 629266 word types
2026-02-02 15:44:39,943 - INFO - PROGRESS: at sentence #5840000, processed 294775800 words, keeping 630142 word types
2026-02-02 15:44:40,063 - INFO - PROGRESS: at sentence #5850000, processed 295341953 words, keeping 630972 word types
2026-02-02 15:44:40,190 - INFO - PROGRESS: at sentence #5860000, processed 295922158 words, keeping 631699 word types
2026-02-02 15:44:40,311 - INFO - PROGRESS: at sentence #5870000, processed 296492833 words, keeping 632540 word types
2026-02-02 15:44:40,433 - INFO - PROGRESS: at sentence #5880000, processed 297065962 words, keeping 633318 word types
2026-02-02 15:44:40,553 - INFO - PROGRESS: at sentence #5890000, processed 297631858 words, keeping 634127 word types
2026-02-02 15:44:40,676 - INFO - PROGRESS: at sentence #5900000, processed 298213429 words, keeping 634967 word types
2026-02-02 15:44:40,798 - INFO - PROGRESS: at sentence #5910000, processed 298793092 words, keeping 635714 word types
2026-02-02 15:44:40,920 - INFO - PROGRESS: at sentence #5920000, processed 299367629 words, keeping 636428 word types
2026-02-02 15:44:41,048 - INFO - PROGRESS: at sentence #5930000, processed 299972523 words, keeping 637154 word types
2026-02-02 15:44:41,176 - INFO - PROGRESS: at sentence #5940000, processed 300572951 words, keeping 637930 word types
2026-02-02 15:44:41,294 - INFO - PROGRESS: at sentence #5950000, processed 301129732 words, keeping 638093 word types
2026-02-02 15:44:41,428 - INFO - PROGRESS: at sentence #5960000, processed 301762414 words, keeping 638428 word types
2026-02-02 15:44:41,578 - INFO - PROGRESS: at sentence #5970000, processed 302480412 words, keeping 639315 word types
2026-02-02 15:44:41,683 - INFO - PROGRESS: at sentence #5980000, processed 302965698 words, keeping 639658 word types
2026-02-02 15:44:41,777 - INFO - PROGRESS: at sentence #5990000, processed 303390086 words, keeping 640235 word types
2026-02-02 15:44:41,884 - INFO - PROGRESS: at sentence #6000000, processed 303888309 words, keeping 641081 word types
2026-02-02 15:44:41,980 - INFO - PROGRESS: at sentence #6010000, processed 304329448 words, keeping 641965 word types
2026-02-02 15:44:42,076 - INFO - PROGRESS: at sentence #6020000, processed 304778083 words, keeping 642945 word types
2026-02-02 15:44:42,174 - INFO - PROGRESS: at sentence #6030000, processed 305228804 words, keeping 643800 word types
2026-02-02 15:44:42,270 - INFO - PROGRESS: at sentence #6040000, processed 305674059 words, keeping 644585 word types
2026-02-02 15:44:42,366 - INFO - PROGRESS: at sentence #6050000, processed 306119807 words, keeping 645387 word types
2026-02-02 15:44:42,463 - INFO - PROGRESS: at sentence #6060000, processed 306562624 words, keeping 646214 word types
2026-02-02 15:44:42,557 - INFO - PROGRESS: at sentence #6070000, processed 306998956 words, keeping 646906 word types
2026-02-02 15:44:42,666 - INFO - PROGRESS: at sentence #6080000, processed 307511917 words, keeping 647575 word types
2026-02-02 15:44:42,758 - INFO - PROGRESS: at sentence #6090000, processed 307947748 words, keeping 648226 word types
2026-02-02 15:44:42,847 - INFO - PROGRESS: at sentence #6100000, processed 308369681 words, keeping 648795 word types
2026-02-02 15:44:42,936 - INFO - PROGRESS: at sentence #6110000, processed 308792151 words, keeping 649399 word types
2026-02-02 15:44:43,019 - INFO - PROGRESS: at sentence #6120000, processed 309177393 words, keeping 649578 word types
2026-02-02 15:44:43,094 - INFO - PROGRESS: at sentence #6130000, processed 309550078 words, keeping 649609 word types
2026-02-02 15:44:43,169 - INFO - PROGRESS: at sentence #6140000, processed 309925213 words, keeping 649636 word types
2026-02-02 15:44:43,245 - INFO - PROGRESS: at sentence #6150000, processed 310301981 words, keeping 649651 word types
2026-02-02 15:44:43,319 - INFO - PROGRESS: at sentence #6160000, processed 310678234 words, keeping 649668 word types
2026-02-02 15:44:43,395 - INFO - PROGRESS: at sentence #6170000, processed 311056020 words, keeping 649677 word types
2026-02-02 15:44:43,472 - INFO - PROGRESS: at sentence #6180000, processed 311433717 words, keeping 649700 word types
2026-02-02 15:44:43,549 - INFO - PROGRESS: at sentence #6190000, processed 311807709 words, keeping 649712 word types
2026-02-02 15:44:43,625 - INFO - PROGRESS: at sentence #6200000, processed 312184878 words, keeping 649733 word types
2026-02-02 15:44:43,701 - INFO - PROGRESS: at sentence #6210000, processed 312561897 words, keeping 649739 word types
2026-02-02 15:44:43,776 - INFO - PROGRESS: at sentence #6220000, processed 312935162 words, keeping 649750 word types
2026-02-02 15:44:43,852 - INFO - PROGRESS: at sentence #6230000, processed 313314433 words, keeping 649779 word types
2026-02-02 15:44:43,928 - INFO - PROGRESS: at sentence #6240000, processed 313689149 words, keeping 649797 word types
2026-02-02 15:44:44,003 - INFO - PROGRESS: at sentence #6250000, processed 314063374 words, keeping 649808 word types
2026-02-02 15:44:44,079 - INFO - PROGRESS: at sentence #6260000, processed 314439852 words, keeping 649828 word types
2026-02-02 15:44:44,154 - INFO - PROGRESS: at sentence #6270000, processed 314815396 words, keeping 649838 word types
2026-02-02 15:44:44,230 - INFO - PROGRESS: at sentence #6280000, processed 315193241 words, keeping 649850 word types
2026-02-02 15:44:44,306 - INFO - PROGRESS: at sentence #6290000, processed 315567849 words, keeping 649857 word types
2026-02-02 15:44:44,381 - INFO - PROGRESS: at sentence #6300000, processed 315943733 words, keeping 649865 word types
2026-02-02 15:44:44,456 - INFO - PROGRESS: at sentence #6310000, processed 316320484 words, keeping 649867 word types
2026-02-02 15:44:44,532 - INFO - PROGRESS: at sentence #6320000, processed 316695693 words, keeping 649873 word types
2026-02-02 15:44:44,608 - INFO - PROGRESS: at sentence #6330000, processed 317072488 words, keeping 649893 word types
2026-02-02 15:44:44,684 - INFO - PROGRESS: at sentence #6340000, processed 317449020 words, keeping 649899 word types
2026-02-02 15:44:44,760 - INFO - PROGRESS: at sentence #6350000, processed 317825437 words, keeping 649914 word types
2026-02-02 15:44:44,836 - INFO - PROGRESS: at sentence #6360000, processed 318201199 words, keeping 649926 word types
2026-02-02 15:44:44,911 - INFO - PROGRESS: at sentence #6370000, processed 318576480 words, keeping 649930 word types
2026-02-02 15:44:44,987 - INFO - PROGRESS: at sentence #6380000, processed 318950915 words, keeping 649940 word types
2026-02-02 15:44:45,062 - INFO - PROGRESS: at sentence #6390000, processed 319324462 words, keeping 649947 word types
2026-02-02 15:44:45,137 - INFO - PROGRESS: at sentence #6400000, processed 319697831 words, keeping 649954 word types
2026-02-02 15:44:45,213 - INFO - PROGRESS: at sentence #6410000, processed 320073254 words, keeping 649958 word types
2026-02-02 15:44:45,288 - INFO - PROGRESS: at sentence #6420000, processed 320447941 words, keeping 649965 word types
2026-02-02 15:44:45,363 - INFO - PROGRESS: at sentence #6430000, processed 320824328 words, keeping 649972 word types
2026-02-02 15:44:45,438 - INFO - PROGRESS: at sentence #6440000, processed 321200448 words, keeping 649980 word types
2026-02-02 15:44:45,512 - INFO - PROGRESS: at sentence #6450000, processed 321574950 words, keeping 649983 word types
2026-02-02 15:44:45,586 - INFO - PROGRESS: at sentence #6460000, processed 321948785 words, keeping 649991 word types
2026-02-02 15:44:45,660 - INFO - PROGRESS: at sentence #6470000, processed 322322096 words, keeping 649996 word types
2026-02-02 15:44:45,734 - INFO - PROGRESS: at sentence #6480000, processed 322696666 words, keeping 650009 word types
2026-02-02 15:44:45,812 - INFO - PROGRESS: at sentence #6490000, processed 323073472 words, keeping 650021 word types
2026-02-02 15:44:45,887 - INFO - PROGRESS: at sentence #6500000, processed 323448260 words, keeping 650025 word types
2026-02-02 15:44:45,964 - INFO - PROGRESS: at sentence #6510000, processed 323824139 words, keeping 650029 word types
2026-02-02 15:44:46,039 - INFO - PROGRESS: at sentence #6520000, processed 324195851 words, keeping 650034 word types
2026-02-02 15:44:46,116 - INFO - PROGRESS: at sentence #6530000, processed 324572660 words, keeping 650036 word types
2026-02-02 15:44:46,192 - INFO - PROGRESS: at sentence #6540000, processed 324949925 words, keeping 650041 word types
2026-02-02 15:44:46,267 - INFO - PROGRESS: at sentence #6550000, processed 325324731 words, keeping 650046 word types
2026-02-02 15:44:46,357 - INFO - PROGRESS: at sentence #6560000, processed 325743359 words, keeping 650650 word types
2026-02-02 15:44:46,460 - INFO - PROGRESS: at sentence #6570000, processed 326215011 words, keeping 651578 word types
2026-02-02 15:44:46,576 - INFO - PROGRESS: at sentence #6580000, processed 326756115 words, keeping 652418 word types
2026-02-02 15:44:46,715 - INFO - PROGRESS: at sentence #6590000, processed 327408593 words, keeping 652866 word types
2026-02-02 15:44:46,840 - INFO - PROGRESS: at sentence #6600000, processed 327992787 words, keeping 653224 word types
2026-02-02 15:44:46,951 - INFO - PROGRESS: at sentence #6610000, processed 328495042 words, keeping 653949 word types
2026-02-02 15:44:47,077 - INFO - PROGRESS: at sentence #6620000, processed 329082935 words, keeping 654510 word types
2026-02-02 15:44:47,168 - INFO - PROGRESS: at sentence #6630000, processed 329505693 words, keeping 655040 word types
2026-02-02 15:44:47,255 - INFO - PROGRESS: at sentence #6640000, processed 329902996 words, keeping 655656 word types
2026-02-02 15:44:47,310 - INFO - PROGRESS: at sentence #6650000, processed 330133295 words, keeping 656442 word types
2026-02-02 15:44:47,385 - INFO - PROGRESS: at sentence #6660000, processed 330468357 words, keeping 657147 word types
2026-02-02 15:44:47,468 - INFO - PROGRESS: at sentence #6670000, processed 330847449 words, keeping 657605 word types
2026-02-02 15:44:47,535 - INFO - PROGRESS: at sentence #6680000, processed 331143342 words, keeping 658000 word types
2026-02-02 15:44:47,671 - INFO - PROGRESS: at sentence #6690000, processed 331802935 words, keeping 658535 word types
2026-02-02 15:44:47,784 - INFO - PROGRESS: at sentence #6700000, processed 332346739 words, keeping 658731 word types
2026-02-02 15:44:47,899 - INFO - PROGRESS: at sentence #6710000, processed 332898175 words, keeping 658915 word types
2026-02-02 15:44:48,019 - INFO - PROGRESS: at sentence #6720000, processed 333477819 words, keeping 659333 word types
2026-02-02 15:44:48,145 - INFO - PROGRESS: at sentence #6730000, processed 334072771 words, keeping 660167 word types
2026-02-02 15:44:48,270 - INFO - PROGRESS: at sentence #6740000, processed 334663700 words, keeping 660921 word types
2026-02-02 15:44:48,420 - INFO - PROGRESS: at sentence #6750000, processed 335390856 words, keeping 661818 word types
2026-02-02 15:44:48,536 - INFO - PROGRESS: at sentence #6760000, processed 335935646 words, keeping 662139 word types
2026-02-02 15:44:48,624 - INFO - PROGRESS: at sentence #6770000, processed 336353045 words, keeping 662520 word types
2026-02-02 15:44:48,711 - INFO - PROGRESS: at sentence #6780000, processed 336767248 words, keeping 662893 word types
2026-02-02 15:44:48,799 - INFO - PROGRESS: at sentence #6790000, processed 337184504 words, keeping 663293 word types
2026-02-02 15:44:48,888 - INFO - PROGRESS: at sentence #6800000, processed 337604708 words, keeping 663644 word types
2026-02-02 15:44:48,974 - INFO - PROGRESS: at sentence #6810000, processed 338013315 words, keeping 663995 word types
2026-02-02 15:44:49,061 - INFO - PROGRESS: at sentence #6820000, processed 338427752 words, keeping 664349 word types
2026-02-02 15:44:49,146 - INFO - PROGRESS: at sentence #6830000, processed 338834741 words, keeping 664710 word types
2026-02-02 15:44:49,234 - INFO - PROGRESS: at sentence #6840000, processed 339253321 words, keeping 665073 word types
2026-02-02 15:44:49,320 - INFO - PROGRESS: at sentence #6850000, processed 339661749 words, keeping 665426 word types
2026-02-02 15:44:49,408 - INFO - PROGRESS: at sentence #6860000, processed 340081873 words, keeping 665801 word types
2026-02-02 15:44:49,496 - INFO - PROGRESS: at sentence #6870000, processed 340497159 words, keeping 666114 word types
2026-02-02 15:44:49,582 - INFO - PROGRESS: at sentence #6880000, processed 340904534 words, keeping 666433 word types
2026-02-02 15:44:49,670 - INFO - PROGRESS: at sentence #6890000, processed 341322319 words, keeping 666757 word types
2026-02-02 15:44:49,762 - INFO - PROGRESS: at sentence #6900000, processed 341750764 words, keeping 667287 word types
2026-02-02 15:44:49,854 - INFO - PROGRESS: at sentence #6910000, processed 342176504 words, keeping 667705 word types
2026-02-02 15:44:49,951 - INFO - PROGRESS: at sentence #6920000, processed 342608220 words, keeping 668143 word types
2026-02-02 15:44:50,044 - INFO - PROGRESS: at sentence #6930000, processed 343033988 words, keeping 668608 word types
2026-02-02 15:44:50,136 - INFO - PROGRESS: at sentence #6940000, processed 343457102 words, keeping 669005 word types
2026-02-02 15:44:50,229 - INFO - PROGRESS: at sentence #6950000, processed 343881750 words, keeping 669420 word types
2026-02-02 15:44:50,320 - INFO - PROGRESS: at sentence #6960000, processed 344298624 words, keeping 669805 word types
2026-02-02 15:44:50,413 - INFO - PROGRESS: at sentence #6970000, processed 344724432 words, keeping 670216 word types
2026-02-02 15:44:50,504 - INFO - PROGRESS: at sentence #6980000, processed 345140548 words, keeping 670601 word types
2026-02-02 15:44:50,597 - INFO - PROGRESS: at sentence #6990000, processed 345568581 words, keeping 670994 word types
2026-02-02 15:44:50,702 - INFO - PROGRESS: at sentence #7000000, processed 346054972 words, keeping 671818 word types
2026-02-02 15:44:50,792 - INFO - PROGRESS: at sentence #7010000, processed 346471842 words, keeping 672262 word types
2026-02-02 15:44:50,882 - INFO - PROGRESS: at sentence #7020000, processed 346888644 words, keeping 672677 word types
2026-02-02 15:44:50,971 - INFO - PROGRESS: at sentence #7030000, processed 347305196 words, keeping 673108 word types
2026-02-02 15:44:51,061 - INFO - PROGRESS: at sentence #7040000, processed 347721706 words, keeping 673491 word types
2026-02-02 15:44:51,151 - INFO - PROGRESS: at sentence #7050000, processed 348140378 words, keeping 673896 word types
2026-02-02 15:44:51,240 - INFO - PROGRESS: at sentence #7060000, processed 348555202 words, keeping 674235 word types
2026-02-02 15:44:51,355 - INFO - PROGRESS: at sentence #7070000, processed 349083573 words, keeping 674675 word types
2026-02-02 15:44:51,459 - INFO - PROGRESS: at sentence #7080000, processed 349565064 words, keeping 675094 word types
2026-02-02 15:44:51,542 - INFO - PROGRESS: at sentence #7090000, processed 349952220 words, keeping 675588 word types
2026-02-02 15:44:51,624 - INFO - PROGRESS: at sentence #7100000, processed 350332172 words, keeping 676051 word types
2026-02-02 15:44:51,708 - INFO - PROGRESS: at sentence #7110000, processed 350718454 words, keeping 676563 word types
2026-02-02 15:44:51,870 - INFO - PROGRESS: at sentence #7120000, processed 351504974 words, keeping 677049 word types
2026-02-02 15:44:52,027 - INFO - PROGRESS: at sentence #7130000, processed 352265692 words, keeping 677488 word types
2026-02-02 15:44:52,156 - INFO - PROGRESS: at sentence #7140000, processed 352885992 words, keeping 677961 word types
2026-02-02 15:44:52,252 - INFO - PROGRESS: at sentence #7150000, processed 353330324 words, keeping 678756 word types
2026-02-02 15:44:52,350 - INFO - PROGRESS: at sentence #7160000, processed 353784904 words, keeping 679552 word types
2026-02-02 15:44:52,450 - INFO - PROGRESS: at sentence #7170000, processed 354248362 words, keeping 680334 word types
2026-02-02 15:44:52,549 - INFO - PROGRESS: at sentence #7180000, processed 354713081 words, keeping 681116 word types
2026-02-02 15:44:52,647 - INFO - PROGRESS: at sentence #7190000, processed 355167512 words, keeping 681934 word types
2026-02-02 15:44:52,748 - INFO - PROGRESS: at sentence #7200000, processed 355612765 words, keeping 682969 word types
2026-02-02 15:44:52,849 - INFO - PROGRESS: at sentence #7210000, processed 356074132 words, keeping 683551 word types
2026-02-02 15:44:52,950 - INFO - PROGRESS: at sentence #7220000, processed 356537181 words, keeping 684127 word types
2026-02-02 15:44:53,049 - INFO - PROGRESS: at sentence #7230000, processed 356989074 words, keeping 684737 word types
2026-02-02 15:44:53,150 - INFO - PROGRESS: at sentence #7240000, processed 357450799 words, keeping 685383 word types
2026-02-02 15:44:53,256 - INFO - PROGRESS: at sentence #7250000, processed 357937717 words, keeping 686082 word types
2026-02-02 15:44:53,407 - INFO - PROGRESS: at sentence #7260000, processed 358660940 words, keeping 687163 word types
2026-02-02 15:44:53,515 - INFO - PROGRESS: at sentence #7270000, processed 359175849 words, keeping 687749 word types
2026-02-02 15:44:53,627 - INFO - PROGRESS: at sentence #7280000, processed 359707795 words, keeping 688330 word types
2026-02-02 15:44:53,812 - INFO - PROGRESS: at sentence #7290000, processed 360611790 words, keeping 688881 word types
2026-02-02 15:44:54,042 - INFO - PROGRESS: at sentence #7300000, processed 361738242 words, keeping 689023 word types
2026-02-02 15:44:54,180 - INFO - PROGRESS: at sentence #7310000, processed 362386892 words, keeping 689517 word types
2026-02-02 15:44:54,289 - INFO - PROGRESS: at sentence #7320000, processed 362885865 words, keeping 690746 word types
2026-02-02 15:44:54,394 - INFO - PROGRESS: at sentence #7330000, processed 363364023 words, keeping 691809 word types
2026-02-02 15:44:54,495 - INFO - PROGRESS: at sentence #7340000, processed 363829226 words, keeping 692836 word types
2026-02-02 15:44:54,602 - INFO - PROGRESS: at sentence #7350000, processed 364331708 words, keeping 693898 word types
2026-02-02 15:44:54,782 - INFO - PROGRESS: at sentence #7360000, processed 365215343 words, keeping 694418 word types
2026-02-02 15:44:54,885 - INFO - PROGRESS: at sentence #7370000, processed 365686026 words, keeping 695063 word types
2026-02-02 15:44:54,985 - INFO - PROGRESS: at sentence #7380000, processed 366146077 words, keeping 695580 word types
2026-02-02 15:44:55,083 - INFO - PROGRESS: at sentence #7390000, processed 366598424 words, keeping 696054 word types
2026-02-02 15:44:55,234 - INFO - PROGRESS: at sentence #7400000, processed 367319887 words, keeping 697379 word types
2026-02-02 15:44:55,411 - INFO - PROGRESS: at sentence #7410000, processed 368180744 words, keeping 698701 word types
2026-02-02 15:44:55,503 - INFO - PROGRESS: at sentence #7420000, processed 368596658 words, keeping 698851 word types
2026-02-02 15:44:55,638 - INFO - PROGRESS: at sentence #7430000, processed 369139911 words, keeping 699373 word types
2026-02-02 15:44:55,749 - INFO - PROGRESS: at sentence #7440000, processed 369672147 words, keeping 699840 word types
2026-02-02 15:44:55,860 - INFO - PROGRESS: at sentence #7450000, processed 370206125 words, keeping 700364 word types
2026-02-02 15:44:55,973 - INFO - PROGRESS: at sentence #7460000, processed 370750846 words, keeping 700818 word types
2026-02-02 15:44:56,087 - INFO - PROGRESS: at sentence #7470000, processed 371302562 words, keeping 701317 word types
2026-02-02 15:44:56,197 - INFO - PROGRESS: at sentence #7480000, processed 371836226 words, keeping 701824 word types
2026-02-02 15:44:56,310 - INFO - PROGRESS: at sentence #7490000, processed 372380218 words, keeping 702415 word types
2026-02-02 15:44:56,412 - INFO - PROGRESS: at sentence #7500000, processed 372866081 words, keeping 702890 word types
2026-02-02 15:44:56,500 - INFO - PROGRESS: at sentence #7510000, processed 373280732 words, keeping 703322 word types
2026-02-02 15:44:56,627 - INFO - PROGRESS: at sentence #7520000, processed 373895159 words, keeping 703915 word types
2026-02-02 15:44:56,732 - INFO - PROGRESS: at sentence #7530000, processed 374404596 words, keeping 704258 word types
2026-02-02 15:44:56,869 - INFO - PROGRESS: at sentence #7540000, processed 375068645 words, keeping 704661 word types
2026-02-02 15:44:57,022 - INFO - PROGRESS: at sentence #7550000, processed 375815868 words, keeping 705255 word types
2026-02-02 15:44:57,144 - INFO - PROGRESS: at sentence #7560000, processed 376394205 words, keeping 706236 word types
2026-02-02 15:44:57,240 - INFO - PROGRESS: at sentence #7570000, processed 376854439 words, keeping 706678 word types
2026-02-02 15:44:57,336 - INFO - PROGRESS: at sentence #7580000, processed 377311295 words, keeping 707068 word types
2026-02-02 15:44:57,437 - INFO - PROGRESS: at sentence #7590000, processed 377797968 words, keeping 707650 word types
2026-02-02 15:44:57,521 - INFO - PROGRESS: at sentence #7600000, processed 378189360 words, keeping 708012 word types
2026-02-02 15:44:57,605 - INFO - PROGRESS: at sentence #7610000, processed 378584200 words, keeping 708350 word types
2026-02-02 15:44:57,687 - INFO - PROGRESS: at sentence #7620000, processed 378970280 words, keeping 708698 word types
2026-02-02 15:44:57,771 - INFO - PROGRESS: at sentence #7630000, processed 379367375 words, keeping 709042 word types
2026-02-02 15:44:57,879 - INFO - PROGRESS: at sentence #7640000, processed 379894676 words, keeping 709417 word types
2026-02-02 15:44:57,998 - INFO - PROGRESS: at sentence #7650000, processed 380469330 words, keeping 710052 word types
2026-02-02 15:44:58,127 - INFO - PROGRESS: at sentence #7660000, processed 381082204 words, keeping 710778 word types
2026-02-02 15:44:58,256 - INFO - PROGRESS: at sentence #7670000, processed 381687056 words, keeping 711390 word types
2026-02-02 15:44:58,391 - INFO - PROGRESS: at sentence #7680000, processed 382338372 words, keeping 711843 word types
2026-02-02 15:44:58,513 - INFO - PROGRESS: at sentence #7690000, processed 382924003 words, keeping 712257 word types
2026-02-02 15:44:58,614 - INFO - PROGRESS: at sentence #7700000, processed 383400391 words, keeping 712825 word types
2026-02-02 15:44:58,714 - INFO - PROGRESS: at sentence #7710000, processed 383872014 words, keeping 713394 word types
2026-02-02 15:44:58,813 - INFO - PROGRESS: at sentence #7720000, processed 384343462 words, keeping 713971 word types
2026-02-02 15:44:58,914 - INFO - PROGRESS: at sentence #7730000, processed 384822538 words, keeping 714474 word types
2026-02-02 15:44:59,015 - INFO - PROGRESS: at sentence #7740000, processed 385299347 words, keeping 715020 word types
2026-02-02 15:44:59,117 - INFO - PROGRESS: at sentence #7750000, processed 385783471 words, keeping 715486 word types
2026-02-02 15:44:59,215 - INFO - PROGRESS: at sentence #7760000, processed 386248817 words, keeping 716154 word types
2026-02-02 15:44:59,313 - INFO - PROGRESS: at sentence #7770000, processed 386718727 words, keeping 716856 word types
2026-02-02 15:44:59,412 - INFO - PROGRESS: at sentence #7780000, processed 387192656 words, keeping 717531 word types
2026-02-02 15:44:59,509 - INFO - PROGRESS: at sentence #7790000, processed 387656023 words, keeping 718131 word types
2026-02-02 15:44:59,609 - INFO - PROGRESS: at sentence #7800000, processed 388121202 words, keeping 718716 word types
2026-02-02 15:44:59,702 - INFO - PROGRESS: at sentence #7810000, processed 388567619 words, keeping 719313 word types
2026-02-02 15:44:59,791 - INFO - PROGRESS: at sentence #7820000, processed 388984803 words, keeping 719786 word types
2026-02-02 15:44:59,911 - INFO - PROGRESS: at sentence #7830000, processed 389584345 words, keeping 720201 word types
2026-02-02 15:45:00,004 - INFO - PROGRESS: at sentence #7840000, processed 390021764 words, keeping 720366 word types
2026-02-02 15:45:00,088 - INFO - PROGRESS: at sentence #7850000, processed 390414492 words, keeping 720481 word types
2026-02-02 15:45:00,207 - INFO - PROGRESS: at sentence #7860000, processed 390987582 words, keeping 720612 word types
2026-02-02 15:45:00,320 - INFO - PROGRESS: at sentence #7870000, processed 391528139 words, keeping 721005 word types
2026-02-02 15:45:00,436 - INFO - PROGRESS: at sentence #7880000, processed 392081801 words, keeping 721079 word types
2026-02-02 15:45:00,550 - INFO - PROGRESS: at sentence #7890000, processed 392625825 words, keeping 721370 word types
2026-02-02 15:45:00,659 - INFO - PROGRESS: at sentence #7900000, processed 393149844 words, keeping 721753 word types
2026-02-02 15:45:00,760 - INFO - PROGRESS: at sentence #7910000, processed 393637538 words, keeping 722158 word types
2026-02-02 15:45:00,937 - INFO - PROGRESS: at sentence #7920000, processed 394505920 words, keeping 724524 word types
2026-02-02 15:45:01,089 - INFO - PROGRESS: at sentence #7930000, processed 395241073 words, keeping 725221 word types
2026-02-02 15:45:01,291 - INFO - PROGRESS: at sentence #7940000, processed 396254669 words, keeping 725743 word types
2026-02-02 15:45:01,444 - INFO - PROGRESS: at sentence #7950000, processed 397010060 words, keeping 726228 word types
2026-02-02 15:45:01,608 - INFO - PROGRESS: at sentence #7960000, processed 397815621 words, keeping 726913 word types
2026-02-02 15:45:01,807 - INFO - PROGRESS: at sentence #7970000, processed 398811510 words, keeping 727233 word types
2026-02-02 15:45:01,971 - INFO - PROGRESS: at sentence #7980000, processed 399627044 words, keeping 727580 word types
2026-02-02 15:45:02,088 - INFO - PROGRESS: at sentence #7990000, processed 400191620 words, keeping 728617 word types
2026-02-02 15:45:02,186 - INFO - PROGRESS: at sentence #8000000, processed 400659480 words, keeping 729384 word types
2026-02-02 15:45:02,284 - INFO - PROGRESS: at sentence #8010000, processed 401123106 words, keeping 730054 word types
2026-02-02 15:45:02,403 - INFO - PROGRESS: at sentence #8020000, processed 401690670 words, keeping 730244 word types
2026-02-02 15:45:02,524 - INFO - PROGRESS: at sentence #8030000, processed 402274313 words, keeping 730301 word types
2026-02-02 15:45:02,641 - INFO - PROGRESS: at sentence #8040000, processed 402833159 words, keeping 731005 word types
2026-02-02 15:45:02,768 - INFO - PROGRESS: at sentence #8050000, processed 403450609 words, keeping 731440 word types
2026-02-02 15:45:02,894 - INFO - PROGRESS: at sentence #8060000, processed 404052111 words, keeping 731892 word types
2026-02-02 15:45:03,013 - INFO - PROGRESS: at sentence #8070000, processed 404611562 words, keeping 732434 word types
2026-02-02 15:45:03,141 - INFO - PROGRESS: at sentence #8080000, processed 405214297 words, keeping 733073 word types
2026-02-02 15:45:03,290 - INFO - PROGRESS: at sentence #8090000, processed 405931535 words, keeping 733306 word types
2026-02-02 15:45:03,415 - INFO - PROGRESS: at sentence #8100000, processed 406540959 words, keeping 733791 word types
2026-02-02 15:45:03,547 - INFO - PROGRESS: at sentence #8110000, processed 407183132 words, keeping 734305 word types
2026-02-02 15:45:03,719 - INFO - PROGRESS: at sentence #8120000, processed 408026760 words, keeping 734741 word types
2026-02-02 15:45:03,830 - INFO - PROGRESS: at sentence #8130000, processed 408548637 words, keeping 734874 word types
2026-02-02 15:45:03,929 - INFO - PROGRESS: at sentence #8140000, processed 409006268 words, keeping 735873 word types
2026-02-02 15:45:04,042 - INFO - PROGRESS: at sentence #8150000, processed 409535237 words, keeping 736289 word types
2026-02-02 15:45:04,163 - INFO - PROGRESS: at sentence #8160000, processed 410111693 words, keeping 736774 word types
2026-02-02 15:45:04,282 - INFO - PROGRESS: at sentence #8170000, processed 410680490 words, keeping 737442 word types
2026-02-02 15:45:04,403 - INFO - PROGRESS: at sentence #8180000, processed 411253676 words, keeping 737928 word types
2026-02-02 15:45:04,521 - INFO - PROGRESS: at sentence #8190000, processed 411812772 words, keeping 738460 word types
2026-02-02 15:45:04,638 - INFO - PROGRESS: at sentence #8200000, processed 412366450 words, keeping 738908 word types
2026-02-02 15:45:04,756 - INFO - PROGRESS: at sentence #8210000, processed 412928852 words, keeping 739428 word types
2026-02-02 15:45:04,874 - INFO - PROGRESS: at sentence #8220000, processed 413493128 words, keeping 739889 word types
2026-02-02 15:45:04,991 - INFO - PROGRESS: at sentence #8230000, processed 414049000 words, keeping 740378 word types
2026-02-02 15:45:05,083 - INFO - PROGRESS: at sentence #8240000, processed 414473373 words, keeping 740765 word types
2026-02-02 15:45:05,151 - INFO - PROGRESS: at sentence #8250000, processed 414784122 words, keeping 740992 word types
2026-02-02 15:45:05,220 - INFO - PROGRESS: at sentence #8260000, processed 415091759 words, keeping 741261 word types
2026-02-02 15:45:05,289 - INFO - PROGRESS: at sentence #8270000, processed 415400817 words, keeping 741508 word types
2026-02-02 15:45:05,357 - INFO - PROGRESS: at sentence #8280000, processed 415710199 words, keeping 741743 word types
2026-02-02 15:45:05,426 - INFO - PROGRESS: at sentence #8290000, processed 416020677 words, keeping 741978 word types
2026-02-02 15:45:05,494 - INFO - PROGRESS: at sentence #8300000, processed 416327087 words, keeping 742245 word types
2026-02-02 15:45:05,562 - INFO - PROGRESS: at sentence #8310000, processed 416633427 words, keeping 742518 word types
2026-02-02 15:45:05,657 - INFO - PROGRESS: at sentence #8320000, processed 417089646 words, keeping 742825 word types
2026-02-02 15:45:05,773 - INFO - PROGRESS: at sentence #8330000, processed 417659021 words, keeping 743189 word types
2026-02-02 15:45:05,889 - INFO - PROGRESS: at sentence #8340000, processed 418226927 words, keeping 743522 word types
2026-02-02 15:45:06,006 - INFO - PROGRESS: at sentence #8350000, processed 418801066 words, keeping 743875 word types
2026-02-02 15:45:06,122 - INFO - PROGRESS: at sentence #8360000, processed 419374374 words, keeping 744193 word types
2026-02-02 15:45:06,240 - INFO - PROGRESS: at sentence #8370000, processed 419952664 words, keeping 744527 word types
2026-02-02 15:45:06,355 - INFO - PROGRESS: at sentence #8380000, processed 420521890 words, keeping 744862 word types
2026-02-02 15:45:06,476 - INFO - PROGRESS: at sentence #8390000, processed 421109016 words, keeping 745211 word types
2026-02-02 15:45:06,591 - INFO - PROGRESS: at sentence #8400000, processed 421677261 words, keeping 745492 word types
2026-02-02 15:45:06,710 - INFO - PROGRESS: at sentence #8410000, processed 422257557 words, keeping 745790 word types
2026-02-02 15:45:06,826 - INFO - PROGRESS: at sentence #8420000, processed 422829504 words, keeping 746093 word types
2026-02-02 15:45:06,943 - INFO - PROGRESS: at sentence #8430000, processed 423401905 words, keeping 746448 word types
2026-02-02 15:45:07,071 - INFO - PROGRESS: at sentence #8440000, processed 424010332 words, keeping 747137 word types
2026-02-02 15:45:07,196 - INFO - PROGRESS: at sentence #8450000, processed 424607846 words, keeping 747781 word types
2026-02-02 15:45:07,323 - INFO - PROGRESS: at sentence #8460000, processed 425214378 words, keeping 748359 word types
2026-02-02 15:45:07,450 - INFO - PROGRESS: at sentence #8470000, processed 425815124 words, keeping 749033 word types
2026-02-02 15:45:07,572 - INFO - PROGRESS: at sentence #8480000, processed 426392048 words, keeping 749439 word types
2026-02-02 15:45:07,679 - INFO - PROGRESS: at sentence #8490000, processed 426887263 words, keeping 750097 word types
2026-02-02 15:45:07,766 - INFO - PROGRESS: at sentence #8500000, processed 427295156 words, keeping 750505 word types
2026-02-02 15:45:07,856 - INFO - PROGRESS: at sentence #8510000, processed 427708061 words, keeping 750953 word types
2026-02-02 15:45:07,946 - INFO - PROGRESS: at sentence #8520000, processed 428125873 words, keeping 751351 word types
2026-02-02 15:45:08,034 - INFO - PROGRESS: at sentence #8530000, processed 428534290 words, keeping 751764 word types
2026-02-02 15:45:08,123 - INFO - PROGRESS: at sentence #8540000, processed 428947781 words, keeping 752170 word types
2026-02-02 15:45:08,211 - INFO - PROGRESS: at sentence #8550000, processed 429359997 words, keeping 752551 word types
2026-02-02 15:45:08,303 - INFO - PROGRESS: at sentence #8560000, processed 429787040 words, keeping 752905 word types
2026-02-02 15:45:08,443 - INFO - PROGRESS: at sentence #8570000, processed 430459838 words, keeping 753337 word types
2026-02-02 15:45:08,562 - INFO - PROGRESS: at sentence #8580000, processed 431025930 words, keeping 753930 word types
2026-02-02 15:45:08,702 - INFO - PROGRESS: at sentence #8590000, processed 431688369 words, keeping 754958 word types
2026-02-02 15:45:08,791 - INFO - PROGRESS: at sentence #8600000, processed 432104877 words, keeping 755426 word types
2026-02-02 15:45:08,880 - INFO - PROGRESS: at sentence #8610000, processed 432527058 words, keeping 755891 word types
2026-02-02 15:45:08,969 - INFO - PROGRESS: at sentence #8620000, processed 432947739 words, keeping 756357 word types
2026-02-02 15:45:09,058 - INFO - PROGRESS: at sentence #8630000, processed 433365760 words, keeping 756752 word types
2026-02-02 15:45:09,147 - INFO - PROGRESS: at sentence #8640000, processed 433786519 words, keeping 757189 word types
2026-02-02 15:45:09,237 - INFO - PROGRESS: at sentence #8650000, processed 434203018 words, keeping 757636 word types
2026-02-02 15:45:09,324 - INFO - PROGRESS: at sentence #8660000, processed 434614388 words, keeping 758087 word types
2026-02-02 15:45:09,412 - INFO - PROGRESS: at sentence #8670000, processed 435032810 words, keeping 758509 word types
2026-02-02 15:45:09,499 - INFO - PROGRESS: at sentence #8680000, processed 435448239 words, keeping 758948 word types
2026-02-02 15:45:09,587 - INFO - PROGRESS: at sentence #8690000, processed 435865716 words, keeping 759377 word types
2026-02-02 15:45:09,714 - INFO - PROGRESS: at sentence #8700000, processed 436488335 words, keeping 759723 word types
2026-02-02 15:45:09,856 - INFO - PROGRESS: at sentence #8710000, processed 437170357 words, keeping 760186 word types
2026-02-02 15:45:09,997 - INFO - PROGRESS: at sentence #8720000, processed 437866414 words, keeping 760316 word types
2026-02-02 15:45:10,139 - INFO - PROGRESS: at sentence #8730000, processed 438561795 words, keeping 760632 word types
2026-02-02 15:45:10,281 - INFO - PROGRESS: at sentence #8740000, processed 439254116 words, keeping 761174 word types
2026-02-02 15:45:10,422 - INFO - PROGRESS: at sentence #8750000, processed 439948204 words, keeping 761666 word types
2026-02-02 15:45:10,587 - INFO - PROGRESS: at sentence #8760000, processed 440761094 words, keeping 762027 word types
2026-02-02 15:45:10,745 - INFO - PROGRESS: at sentence #8770000, processed 441543760 words, keeping 762322 word types
2026-02-02 15:45:10,861 - INFO - PROGRESS: at sentence #8780000, processed 442093023 words, keeping 762450 word types
2026-02-02 15:45:10,956 - INFO - PROGRESS: at sentence #8790000, processed 442538937 words, keeping 763279 word types
2026-02-02 15:45:11,059 - INFO - PROGRESS: at sentence #8800000, processed 443024912 words, keeping 763983 word types
2026-02-02 15:45:11,158 - INFO - PROGRESS: at sentence #8810000, processed 443491380 words, keeping 764345 word types
2026-02-02 15:45:11,232 - INFO - PROGRESS: at sentence #8820000, processed 443829041 words, keeping 764388 word types
2026-02-02 15:45:11,324 - INFO - PROGRESS: at sentence #8830000, processed 444276181 words, keeping 764545 word types
2026-02-02 15:45:11,416 - INFO - PROGRESS: at sentence #8840000, processed 444727090 words, keeping 764689 word types
2026-02-02 15:45:11,506 - INFO - PROGRESS: at sentence #8850000, processed 445176927 words, keeping 764793 word types
2026-02-02 15:45:11,598 - INFO - PROGRESS: at sentence #8860000, processed 445629800 words, keeping 764914 word types
2026-02-02 15:45:11,701 - INFO - PROGRESS: at sentence #8870000, processed 446122144 words, keeping 765426 word types
2026-02-02 15:45:11,814 - INFO - PROGRESS: at sentence #8880000, processed 446653613 words, keeping 765899 word types
2026-02-02 15:45:11,931 - INFO - PROGRESS: at sentence #8890000, processed 447206629 words, keeping 767122 word types
2026-02-02 15:45:12,046 - INFO - PROGRESS: at sentence #8900000, processed 447752541 words, keeping 768374 word types
2026-02-02 15:45:12,160 - INFO - PROGRESS: at sentence #8910000, processed 448294189 words, keeping 769580 word types
2026-02-02 15:45:12,273 - INFO - PROGRESS: at sentence #8920000, processed 448832500 words, keeping 770771 word types
2026-02-02 15:45:12,381 - INFO - PROGRESS: at sentence #8930000, processed 449349129 words, keeping 771586 word types
2026-02-02 15:45:12,465 - INFO - PROGRESS: at sentence #8940000, processed 449755787 words, keeping 771810 word types
2026-02-02 15:45:12,551 - INFO - PROGRESS: at sentence #8950000, processed 450174260 words, keeping 772070 word types
2026-02-02 15:45:12,633 - INFO - PROGRESS: at sentence #8960000, processed 450577586 words, keeping 772230 word types
2026-02-02 15:45:12,719 - INFO - PROGRESS: at sentence #8970000, processed 450999576 words, keeping 772517 word types
2026-02-02 15:45:12,819 - INFO - PROGRESS: at sentence #8980000, processed 451474587 words, keeping 773248 word types
2026-02-02 15:45:12,918 - INFO - PROGRESS: at sentence #8990000, processed 451950644 words, keeping 773902 word types
2026-02-02 15:45:13,016 - INFO - PROGRESS: at sentence #9000000, processed 452420714 words, keeping 774650 word types
2026-02-02 15:45:13,114 - INFO - PROGRESS: at sentence #9010000, processed 452891803 words, keeping 775274 word types
2026-02-02 15:45:13,214 - INFO - PROGRESS: at sentence #9020000, processed 453367176 words, keeping 775949 word types
2026-02-02 15:45:13,314 - INFO - PROGRESS: at sentence #9030000, processed 453840857 words, keeping 776630 word types
2026-02-02 15:45:13,414 - INFO - PROGRESS: at sentence #9040000, processed 454315760 words, keeping 777330 word types
2026-02-02 15:45:13,515 - INFO - PROGRESS: at sentence #9050000, processed 454800720 words, keeping 777976 word types
2026-02-02 15:45:13,615 - INFO - PROGRESS: at sentence #9060000, processed 455278891 words, keeping 778564 word types
2026-02-02 15:45:13,714 - INFO - PROGRESS: at sentence #9070000, processed 455751424 words, keeping 779176 word types
2026-02-02 15:45:13,813 - INFO - PROGRESS: at sentence #9080000, processed 456224343 words, keeping 779806 word types
2026-02-02 15:45:13,912 - INFO - PROGRESS: at sentence #9090000, processed 456692894 words, keeping 780428 word types
2026-02-02 15:45:14,013 - INFO - PROGRESS: at sentence #9100000, processed 457178248 words, keeping 781062 word types
2026-02-02 15:45:14,111 - INFO - PROGRESS: at sentence #9110000, processed 457644071 words, keeping 781884 word types
2026-02-02 15:45:14,186 - INFO - PROGRESS: at sentence #9120000, processed 457987339 words, keeping 782509 word types
2026-02-02 15:45:14,294 - INFO - PROGRESS: at sentence #9130000, processed 458498050 words, keeping 782806 word types
2026-02-02 15:45:14,405 - INFO - PROGRESS: at sentence #9140000, processed 459022925 words, keeping 783032 word types
2026-02-02 15:45:14,512 - INFO - PROGRESS: at sentence #9150000, processed 459538407 words, keeping 783614 word types
2026-02-02 15:45:14,612 - INFO - PROGRESS: at sentence #9160000, processed 460011036 words, keeping 784300 word types
2026-02-02 15:45:14,716 - INFO - PROGRESS: at sentence #9170000, processed 460503708 words, keeping 784938 word types
2026-02-02 15:45:14,816 - INFO - PROGRESS: at sentence #9180000, processed 460976387 words, keeping 785683 word types
2026-02-02 15:45:14,916 - INFO - PROGRESS: at sentence #9190000, processed 461449672 words, keeping 786381 word types
2026-02-02 15:45:15,016 - INFO - PROGRESS: at sentence #9200000, processed 461927203 words, keeping 787099 word types
2026-02-02 15:45:15,117 - INFO - PROGRESS: at sentence #9210000, processed 462403657 words, keeping 787757 word types
2026-02-02 15:45:15,217 - INFO - PROGRESS: at sentence #9220000, processed 462879342 words, keeping 788406 word types
2026-02-02 15:45:15,315 - INFO - PROGRESS: at sentence #9230000, processed 463345506 words, keeping 789042 word types
2026-02-02 15:45:15,415 - INFO - PROGRESS: at sentence #9240000, processed 463818260 words, keeping 789755 word types
2026-02-02 15:45:15,514 - INFO - PROGRESS: at sentence #9250000, processed 464290136 words, keeping 790381 word types
2026-02-02 15:45:15,614 - INFO - PROGRESS: at sentence #9260000, processed 464766651 words, keeping 791024 word types
2026-02-02 15:45:15,713 - INFO - PROGRESS: at sentence #9270000, processed 465237153 words, keeping 791652 word types
2026-02-02 15:45:15,813 - INFO - PROGRESS: at sentence #9280000, processed 465712389 words, keeping 792270 word types
2026-02-02 15:45:15,914 - INFO - PROGRESS: at sentence #9290000, processed 466194148 words, keeping 792903 word types
2026-02-02 15:45:16,013 - INFO - PROGRESS: at sentence #9300000, processed 466664207 words, keeping 793524 word types
2026-02-02 15:45:16,127 - INFO - PROGRESS: at sentence #9310000, processed 467224025 words, keeping 793886 word types
2026-02-02 15:45:16,230 - INFO - PROGRESS: at sentence #9320000, processed 467749213 words, keeping 793939 word types
2026-02-02 15:45:16,332 - INFO - PROGRESS: at sentence #9330000, processed 468271952 words, keeping 793991 word types
2026-02-02 15:45:16,435 - INFO - PROGRESS: at sentence #9340000, processed 468795994 words, keeping 794027 word types
2026-02-02 15:45:16,537 - INFO - PROGRESS: at sentence #9350000, processed 469318001 words, keeping 794071 word types
2026-02-02 15:45:16,639 - INFO - PROGRESS: at sentence #9360000, processed 469843526 words, keeping 794113 word types
2026-02-02 15:45:16,742 - INFO - PROGRESS: at sentence #9370000, processed 470371137 words, keeping 794148 word types
2026-02-02 15:45:16,844 - INFO - PROGRESS: at sentence #9380000, processed 470896391 words, keeping 794203 word types
2026-02-02 15:45:16,946 - INFO - PROGRESS: at sentence #9390000, processed 471419813 words, keeping 794240 word types
2026-02-02 15:45:17,048 - INFO - PROGRESS: at sentence #9400000, processed 471942424 words, keeping 794279 word types
2026-02-02 15:45:17,150 - INFO - PROGRESS: at sentence #9410000, processed 472467371 words, keeping 794321 word types
2026-02-02 15:45:17,252 - INFO - PROGRESS: at sentence #9420000, processed 472993727 words, keeping 794359 word types
2026-02-02 15:45:17,355 - INFO - PROGRESS: at sentence #9430000, processed 473515153 words, keeping 794403 word types
2026-02-02 15:45:17,457 - INFO - PROGRESS: at sentence #9440000, processed 474041225 words, keeping 794441 word types
2026-02-02 15:45:17,559 - INFO - PROGRESS: at sentence #9450000, processed 474560966 words, keeping 794482 word types
2026-02-02 15:45:17,664 - INFO - PROGRESS: at sentence #9460000, processed 475090314 words, keeping 794526 word types
2026-02-02 15:45:17,765 - INFO - PROGRESS: at sentence #9470000, processed 475611656 words, keeping 794572 word types
2026-02-02 15:45:17,868 - INFO - PROGRESS: at sentence #9480000, processed 476140005 words, keeping 794604 word types
2026-02-02 15:45:17,970 - INFO - PROGRESS: at sentence #9490000, processed 476662443 words, keeping 794638 word types
2026-02-02 15:45:18,072 - INFO - PROGRESS: at sentence #9500000, processed 477184352 words, keeping 794671 word types
2026-02-02 15:45:18,174 - INFO - PROGRESS: at sentence #9510000, processed 477705072 words, keeping 794707 word types
2026-02-02 15:45:18,277 - INFO - PROGRESS: at sentence #9520000, processed 478233417 words, keeping 794745 word types
2026-02-02 15:45:18,381 - INFO - PROGRESS: at sentence #9530000, processed 478760687 words, keeping 794787 word types
2026-02-02 15:45:18,485 - INFO - PROGRESS: at sentence #9540000, processed 479287665 words, keeping 794831 word types
2026-02-02 15:45:18,587 - INFO - PROGRESS: at sentence #9550000, processed 479809701 words, keeping 794869 word types
2026-02-02 15:45:18,689 - INFO - PROGRESS: at sentence #9560000, processed 480332717 words, keeping 794900 word types
2026-02-02 15:45:18,804 - INFO - PROGRESS: at sentence #9570000, processed 480892004 words, keeping 795037 word types
2026-02-02 15:45:18,924 - INFO - PROGRESS: at sentence #9580000, processed 481466724 words, keeping 795179 word types
2026-02-02 15:45:19,039 - INFO - PROGRESS: at sentence #9590000, processed 482015748 words, keeping 795421 word types
2026-02-02 15:45:19,213 - INFO - PROGRESS: at sentence #9600000, processed 482865605 words, keeping 795674 word types
2026-02-02 15:45:19,353 - INFO - PROGRESS: at sentence #9610000, processed 483539917 words, keeping 795798 word types
2026-02-02 15:45:19,471 - INFO - PROGRESS: at sentence #9620000, processed 484113738 words, keeping 796193 word types
2026-02-02 15:45:19,587 - INFO - PROGRESS: at sentence #9630000, processed 484672140 words, keeping 796699 word types
2026-02-02 15:45:19,703 - INFO - PROGRESS: at sentence #9640000, processed 485230550 words, keeping 797217 word types
2026-02-02 15:45:19,815 - INFO - PROGRESS: at sentence #9650000, processed 485762978 words, keeping 797695 word types
2026-02-02 15:45:19,931 - INFO - PROGRESS: at sentence #9660000, processed 486325379 words, keeping 798146 word types
2026-02-02 15:45:20,045 - INFO - PROGRESS: at sentence #9670000, processed 486872609 words, keeping 798711 word types
2026-02-02 15:45:20,162 - INFO - PROGRESS: at sentence #9680000, processed 487429766 words, keeping 799177 word types
2026-02-02 15:45:20,277 - INFO - PROGRESS: at sentence #9690000, processed 487988725 words, keeping 799612 word types
2026-02-02 15:45:20,395 - INFO - PROGRESS: at sentence #9700000, processed 488557256 words, keeping 800109 word types
2026-02-02 15:45:20,508 - INFO - PROGRESS: at sentence #9710000, processed 489101627 words, keeping 800561 word types
2026-02-02 15:45:20,622 - INFO - PROGRESS: at sentence #9720000, processed 489650054 words, keeping 800976 word types
2026-02-02 15:45:20,760 - INFO - PROGRESS: at sentence #9730000, processed 490319253 words, keeping 801450 word types
2026-02-02 15:45:20,871 - INFO - PROGRESS: at sentence #9740000, processed 490841764 words, keeping 801888 word types
2026-02-02 15:45:20,980 - INFO - PROGRESS: at sentence #9750000, processed 491362252 words, keeping 802418 word types
2026-02-02 15:45:21,088 - INFO - PROGRESS: at sentence #9760000, processed 491876861 words, keeping 802947 word types
2026-02-02 15:45:21,196 - INFO - PROGRESS: at sentence #9770000, processed 492393993 words, keeping 803414 word types
2026-02-02 15:45:21,306 - INFO - PROGRESS: at sentence #9780000, processed 492916634 words, keeping 804000 word types
2026-02-02 15:45:21,413 - INFO - PROGRESS: at sentence #9790000, processed 493426287 words, keeping 804549 word types
2026-02-02 15:45:21,520 - INFO - PROGRESS: at sentence #9800000, processed 493943059 words, keeping 805101 word types
2026-02-02 15:45:21,629 - INFO - PROGRESS: at sentence #9810000, processed 494463593 words, keeping 805697 word types
2026-02-02 15:45:21,738 - INFO - PROGRESS: at sentence #9820000, processed 494983967 words, keeping 806206 word types
2026-02-02 15:45:21,846 - INFO - PROGRESS: at sentence #9830000, processed 495503971 words, keeping 806663 word types
2026-02-02 15:45:21,954 - INFO - PROGRESS: at sentence #9840000, processed 496021958 words, keeping 807202 word types
2026-02-02 15:45:22,061 - INFO - PROGRESS: at sentence #9850000, processed 496531666 words, keeping 807741 word types
2026-02-02 15:45:22,183 - INFO - PROGRESS: at sentence #9860000, processed 497107602 words, keeping 809378 word types
2026-02-02 15:45:22,317 - INFO - PROGRESS: at sentence #9870000, processed 497734181 words, keeping 811534 word types
2026-02-02 15:45:22,451 - INFO - PROGRESS: at sentence #9880000, processed 498363095 words, keeping 813392 word types
2026-02-02 15:45:22,584 - INFO - PROGRESS: at sentence #9890000, processed 498990700 words, keeping 815215 word types
2026-02-02 15:45:22,717 - INFO - PROGRESS: at sentence #9900000, processed 499617964 words, keeping 816803 word types
2026-02-02 15:45:22,851 - INFO - PROGRESS: at sentence #9910000, processed 500246640 words, keeping 818341 word types
2026-02-02 15:45:22,986 - INFO - PROGRESS: at sentence #9920000, processed 500883618 words, keeping 819754 word types
2026-02-02 15:45:23,111 - INFO - PROGRESS: at sentence #9930000, processed 501473571 words, keeping 820005 word types
2026-02-02 15:45:23,233 - INFO - PROGRESS: at sentence #9940000, processed 502042507 words, keeping 820282 word types
2026-02-02 15:45:23,356 - INFO - PROGRESS: at sentence #9950000, processed 502628888 words, keeping 820687 word types
2026-02-02 15:45:23,482 - INFO - PROGRESS: at sentence #9960000, processed 503236520 words, keeping 821016 word types
2026-02-02 15:45:23,584 - INFO - PROGRESS: at sentence #9970000, processed 503719184 words, keeping 821867 word types
2026-02-02 15:45:23,685 - INFO - PROGRESS: at sentence #9980000, processed 504200045 words, keeping 822604 word types
2026-02-02 15:45:23,786 - INFO - PROGRESS: at sentence #9990000, processed 504680487 words, keeping 823358 word types
2026-02-02 15:45:23,888 - INFO - PROGRESS: at sentence #10000000, processed 505167844 words, keeping 824131 word types
2026-02-02 15:45:23,987 - INFO - PROGRESS: at sentence #10010000, processed 505639778 words, keeping 824911 word types
2026-02-02 15:45:24,087 - INFO - PROGRESS: at sentence #10020000, processed 506117595 words, keeping 825604 word types
2026-02-02 15:45:24,202 - INFO - PROGRESS: at sentence #10030000, processed 506666761 words, keeping 826100 word types
2026-02-02 15:45:24,336 - INFO - PROGRESS: at sentence #10040000, processed 507311285 words, keeping 826936 word types
2026-02-02 15:45:24,477 - INFO - PROGRESS: at sentence #10050000, processed 507986417 words, keeping 827637 word types
2026-02-02 15:45:24,615 - INFO - PROGRESS: at sentence #10060000, processed 508652823 words, keeping 828059 word types
2026-02-02 15:45:24,765 - INFO - PROGRESS: at sentence #10070000, processed 509378658 words, keeping 829097 word types
2026-02-02 15:45:24,921 - INFO - PROGRESS: at sentence #10080000, processed 510149487 words, keeping 830169 word types
2026-02-02 15:45:25,130 - INFO - PROGRESS: at sentence #10090000, processed 511213402 words, keeping 830246 word types
2026-02-02 15:45:25,255 - INFO - PROGRESS: at sentence #10100000, processed 511804591 words, keeping 830557 word types
2026-02-02 15:45:25,340 - INFO - PROGRESS: at sentence #10110000, processed 512190267 words, keeping 831872 word types
2026-02-02 15:45:25,441 - INFO - PROGRESS: at sentence #10120000, processed 512662450 words, keeping 832752 word types
2026-02-02 15:45:25,539 - INFO - PROGRESS: at sentence #10130000, processed 513132021 words, keeping 833298 word types
2026-02-02 15:45:25,636 - INFO - PROGRESS: at sentence #10140000, processed 513593448 words, keeping 833759 word types
2026-02-02 15:45:25,743 - INFO - PROGRESS: at sentence #10150000, processed 514103692 words, keeping 834080 word types
2026-02-02 15:45:25,852 - INFO - PROGRESS: at sentence #10160000, processed 514631210 words, keeping 834489 word types
2026-02-02 15:45:25,959 - INFO - PROGRESS: at sentence #10170000, processed 515137137 words, keeping 835140 word types
2026-02-02 15:45:26,063 - INFO - PROGRESS: at sentence #10180000, processed 515619720 words, keeping 836375 word types
2026-02-02 15:45:26,169 - INFO - PROGRESS: at sentence #10190000, processed 516113460 words, keeping 837510 word types
2026-02-02 15:45:26,275 - INFO - PROGRESS: at sentence #10200000, processed 516609703 words, keeping 838739 word types
2026-02-02 15:45:26,380 - INFO - PROGRESS: at sentence #10210000, processed 517095827 words, keeping 839905 word types
2026-02-02 15:45:26,484 - INFO - PROGRESS: at sentence #10220000, processed 517582176 words, keeping 840843 word types
2026-02-02 15:45:26,591 - INFO - PROGRESS: at sentence #10230000, processed 518074978 words, keeping 841836 word types
2026-02-02 15:45:26,698 - INFO - PROGRESS: at sentence #10240000, processed 518572474 words, keeping 842899 word types
2026-02-02 15:45:26,804 - INFO - PROGRESS: at sentence #10250000, processed 519067976 words, keeping 843933 word types
2026-02-02 15:45:26,909 - INFO - PROGRESS: at sentence #10260000, processed 519558716 words, keeping 844913 word types
2026-02-02 15:45:27,016 - INFO - PROGRESS: at sentence #10270000, processed 520056917 words, keeping 846104 word types
2026-02-02 15:45:27,123 - INFO - PROGRESS: at sentence #10280000, processed 520558216 words, keeping 846966 word types
2026-02-02 15:45:27,236 - INFO - PROGRESS: at sentence #10290000, processed 521100906 words, keeping 847496 word types
2026-02-02 15:45:27,357 - INFO - PROGRESS: at sentence #10300000, processed 521689975 words, keeping 847754 word types
2026-02-02 15:45:27,480 - INFO - PROGRESS: at sentence #10310000, processed 522286330 words, keeping 847976 word types
2026-02-02 15:45:27,601 - INFO - PROGRESS: at sentence #10320000, processed 522877087 words, keeping 848229 word types
2026-02-02 15:45:27,709 - INFO - PROGRESS: at sentence #10330000, processed 523393423 words, keeping 848509 word types
2026-02-02 15:45:27,799 - INFO - PROGRESS: at sentence #10340000, processed 523812415 words, keeping 848882 word types
2026-02-02 15:45:27,889 - INFO - PROGRESS: at sentence #10350000, processed 524234146 words, keeping 849224 word types
2026-02-02 15:45:27,978 - INFO - PROGRESS: at sentence #10360000, processed 524646615 words, keeping 849543 word types
2026-02-02 15:45:28,067 - INFO - PROGRESS: at sentence #10370000, processed 525060251 words, keeping 849878 word types
2026-02-02 15:45:28,167 - INFO - PROGRESS: at sentence #10380000, processed 525522771 words, keeping 850122 word types
2026-02-02 15:45:28,270 - INFO - PROGRESS: at sentence #10390000, processed 526002033 words, keeping 850300 word types
2026-02-02 15:45:28,371 - INFO - PROGRESS: at sentence #10400000, processed 526474265 words, keeping 850476 word types
2026-02-02 15:45:28,471 - INFO - PROGRESS: at sentence #10410000, processed 526942270 words, keeping 850611 word types
2026-02-02 15:45:28,582 - INFO - PROGRESS: at sentence #10420000, processed 527472637 words, keeping 850849 word types
2026-02-02 15:45:28,698 - INFO - PROGRESS: at sentence #10430000, processed 528028760 words, keeping 851153 word types
2026-02-02 15:45:28,815 - INFO - PROGRESS: at sentence #10440000, processed 528591250 words, keeping 851503 word types
2026-02-02 15:45:28,933 - INFO - PROGRESS: at sentence #10450000, processed 529162534 words, keeping 851797 word types
2026-02-02 15:45:29,048 - INFO - PROGRESS: at sentence #10460000, processed 529713775 words, keeping 852039 word types
2026-02-02 15:45:29,164 - INFO - PROGRESS: at sentence #10470000, processed 530277326 words, keeping 852355 word types
2026-02-02 15:45:29,280 - INFO - PROGRESS: at sentence #10480000, processed 530829341 words, keeping 852573 word types
2026-02-02 15:45:29,437 - INFO - PROGRESS: at sentence #10490000, processed 531600856 words, keeping 853061 word types
2026-02-02 15:45:29,576 - INFO - PROGRESS: at sentence #10500000, processed 532270275 words, keeping 853706 word types
2026-02-02 15:45:29,686 - INFO - PROGRESS: at sentence #10510000, processed 532786934 words, keeping 854269 word types
2026-02-02 15:45:29,793 - INFO - PROGRESS: at sentence #10520000, processed 533297096 words, keeping 854517 word types
2026-02-02 15:45:29,902 - INFO - PROGRESS: at sentence #10530000, processed 533812540 words, keeping 854743 word types
2026-02-02 15:45:29,992 - INFO - PROGRESS: at sentence #10540000, processed 534224075 words, keeping 855398 word types
2026-02-02 15:45:30,076 - INFO - PROGRESS: at sentence #10550000, processed 534610744 words, keeping 856201 word types
2026-02-02 15:45:30,185 - INFO - PROGRESS: at sentence #10560000, processed 535132171 words, keeping 856668 word types
2026-02-02 15:45:30,300 - INFO - PROGRESS: at sentence #10570000, processed 535683093 words, keeping 857011 word types
2026-02-02 15:45:30,442 - INFO - PROGRESS: at sentence #10580000, processed 536369206 words, keeping 857060 word types
2026-02-02 15:45:30,592 - INFO - PROGRESS: at sentence #10590000, processed 537098647 words, keeping 857092 word types
2026-02-02 15:45:30,717 - INFO - PROGRESS: at sentence #10600000, processed 537702006 words, keeping 857355 word types
2026-02-02 15:45:30,814 - INFO - PROGRESS: at sentence #10610000, processed 538156586 words, keeping 857705 word types
2026-02-02 15:45:30,909 - INFO - PROGRESS: at sentence #10620000, processed 538606894 words, keeping 858052 word types
2026-02-02 15:45:31,005 - INFO - PROGRESS: at sentence #10630000, processed 539064533 words, keeping 858402 word types
2026-02-02 15:45:31,101 - INFO - PROGRESS: at sentence #10640000, processed 539523250 words, keeping 858718 word types
2026-02-02 15:45:31,196 - INFO - PROGRESS: at sentence #10650000, processed 539972799 words, keeping 859026 word types
2026-02-02 15:45:31,292 - INFO - PROGRESS: at sentence #10660000, processed 540430413 words, keeping 859396 word types
2026-02-02 15:45:31,386 - INFO - PROGRESS: at sentence #10670000, processed 540878127 words, keeping 859708 word types
2026-02-02 15:45:31,482 - INFO - PROGRESS: at sentence #10680000, processed 541332291 words, keeping 860020 word types
2026-02-02 15:45:31,574 - INFO - PROGRESS: at sentence #10690000, processed 541776144 words, keeping 860350 word types
2026-02-02 15:45:31,663 - INFO - PROGRESS: at sentence #10700000, processed 542209633 words, keeping 860529 word types
2026-02-02 15:45:31,752 - INFO - PROGRESS: at sentence #10710000, processed 542640455 words, keeping 860675 word types
2026-02-02 15:45:31,840 - INFO - PROGRESS: at sentence #10720000, processed 543069392 words, keeping 860834 word types
2026-02-02 15:45:31,929 - INFO - PROGRESS: at sentence #10730000, processed 543502695 words, keeping 860977 word types
2026-02-02 15:45:32,018 - INFO - PROGRESS: at sentence #10740000, processed 543939171 words, keeping 861110 word types
2026-02-02 15:45:32,107 - INFO - PROGRESS: at sentence #10750000, processed 544374441 words, keeping 861245 word types
2026-02-02 15:45:32,197 - INFO - PROGRESS: at sentence #10760000, processed 544805697 words, keeping 861394 word types
2026-02-02 15:45:32,286 - INFO - PROGRESS: at sentence #10770000, processed 545236579 words, keeping 861518 word types
2026-02-02 15:45:32,374 - INFO - PROGRESS: at sentence #10780000, processed 545672090 words, keeping 861666 word types
2026-02-02 15:45:32,463 - INFO - PROGRESS: at sentence #10790000, processed 546106144 words, keeping 861803 word types
2026-02-02 15:45:32,552 - INFO - PROGRESS: at sentence #10800000, processed 546541120 words, keeping 861956 word types
2026-02-02 15:45:32,640 - INFO - PROGRESS: at sentence #10810000, processed 546973649 words, keeping 862083 word types
2026-02-02 15:45:32,729 - INFO - PROGRESS: at sentence #10820000, processed 547409065 words, keeping 862211 word types
2026-02-02 15:45:32,819 - INFO - PROGRESS: at sentence #10830000, processed 547846693 words, keeping 862396 word types
2026-02-02 15:45:32,908 - INFO - PROGRESS: at sentence #10840000, processed 548279880 words, keeping 862525 word types
2026-02-02 15:45:32,995 - INFO - PROGRESS: at sentence #10850000, processed 548705918 words, keeping 862646 word types
2026-02-02 15:45:33,083 - INFO - PROGRESS: at sentence #10860000, processed 549135809 words, keeping 862746 word types
2026-02-02 15:45:33,173 - INFO - PROGRESS: at sentence #10870000, processed 549573483 words, keeping 862886 word types
2026-02-02 15:45:33,262 - INFO - PROGRESS: at sentence #10880000, processed 549997030 words, keeping 863014 word types
2026-02-02 15:45:33,424 - INFO - PROGRESS: at sentence #10890000, processed 550796096 words, keeping 863193 word types
2026-02-02 15:45:33,558 - INFO - PROGRESS: at sentence #10900000, processed 551437997 words, keeping 863225 word types
2026-02-02 15:45:33,676 - INFO - PROGRESS: at sentence #10910000, processed 552006963 words, keeping 863235 word types
2026-02-02 15:45:33,795 - INFO - PROGRESS: at sentence #10920000, processed 552575936 words, keeping 863374 word types
2026-02-02 15:45:33,883 - INFO - PROGRESS: at sentence #10930000, processed 553008080 words, keeping 863553 word types
2026-02-02 15:45:33,963 - INFO - PROGRESS: at sentence #10940000, processed 553403562 words, keeping 863591 word types
2026-02-02 15:45:34,041 - INFO - PROGRESS: at sentence #10950000, processed 553799104 words, keeping 863641 word types
2026-02-02 15:45:34,122 - INFO - PROGRESS: at sentence #10960000, processed 554196523 words, keeping 863697 word types
2026-02-02 15:45:34,203 - INFO - PROGRESS: at sentence #10970000, processed 554596811 words, keeping 863744 word types
2026-02-02 15:45:34,283 - INFO - PROGRESS: at sentence #10980000, processed 554997238 words, keeping 863785 word types
2026-02-02 15:45:34,362 - INFO - PROGRESS: at sentence #10990000, processed 555393172 words, keeping 863825 word types
2026-02-02 15:45:34,444 - INFO - PROGRESS: at sentence #11000000, processed 555797162 words, keeping 863848 word types
2026-02-02 15:45:34,524 - INFO - PROGRESS: at sentence #11010000, processed 556194468 words, keeping 863892 word types
2026-02-02 15:45:34,606 - INFO - PROGRESS: at sentence #11020000, processed 556604245 words, keeping 863918 word types
2026-02-02 15:45:34,686 - INFO - PROGRESS: at sentence #11030000, processed 557002069 words, keeping 863978 word types
2026-02-02 15:45:34,766 - INFO - PROGRESS: at sentence #11040000, processed 557404287 words, keeping 864012 word types
2026-02-02 15:45:34,845 - INFO - PROGRESS: at sentence #11050000, processed 557801239 words, keeping 864069 word types
2026-02-02 15:45:34,927 - INFO - PROGRESS: at sentence #11060000, processed 558200802 words, keeping 864100 word types
2026-02-02 15:45:35,008 - INFO - PROGRESS: at sentence #11070000, processed 558605802 words, keeping 864139 word types
2026-02-02 15:45:35,089 - INFO - PROGRESS: at sentence #11080000, processed 559005904 words, keeping 864191 word types
2026-02-02 15:45:35,169 - INFO - PROGRESS: at sentence #11090000, processed 559407021 words, keeping 864220 word types
2026-02-02 15:45:35,249 - INFO - PROGRESS: at sentence #11100000, processed 559805578 words, keeping 864278 word types
2026-02-02 15:45:35,330 - INFO - PROGRESS: at sentence #11110000, processed 560213167 words, keeping 864303 word types
2026-02-02 15:45:35,410 - INFO - PROGRESS: at sentence #11120000, processed 560610882 words, keeping 864324 word types
2026-02-02 15:45:35,490 - INFO - PROGRESS: at sentence #11130000, processed 561014638 words, keeping 864354 word types
2026-02-02 15:45:35,570 - INFO - PROGRESS: at sentence #11140000, processed 561413201 words, keeping 864378 word types
2026-02-02 15:45:35,650 - INFO - PROGRESS: at sentence #11150000, processed 561813873 words, keeping 864419 word types
2026-02-02 15:45:35,730 - INFO - PROGRESS: at sentence #11160000, processed 562217731 words, keeping 864471 word types
2026-02-02 15:45:35,809 - INFO - PROGRESS: at sentence #11170000, processed 562613081 words, keeping 864499 word types
2026-02-02 15:45:35,889 - INFO - PROGRESS: at sentence #11180000, processed 563009379 words, keeping 864528 word types
2026-02-02 15:45:35,969 - INFO - PROGRESS: at sentence #11190000, processed 563409520 words, keeping 864583 word types
2026-02-02 15:45:36,050 - INFO - PROGRESS: at sentence #11200000, processed 563816949 words, keeping 864634 word types
2026-02-02 15:45:36,130 - INFO - PROGRESS: at sentence #11210000, processed 564211293 words, keeping 864668 word types
2026-02-02 15:45:36,210 - INFO - PROGRESS: at sentence #11220000, processed 564610489 words, keeping 864694 word types
2026-02-02 15:45:36,292 - INFO - PROGRESS: at sentence #11230000, processed 565015483 words, keeping 864717 word types
2026-02-02 15:45:36,389 - INFO - PROGRESS: at sentence #11240000, processed 565492420 words, keeping 864852 word types
2026-02-02 15:45:36,539 - INFO - PROGRESS: at sentence #11250000, processed 566210915 words, keeping 865154 word types
2026-02-02 15:45:36,685 - INFO - PROGRESS: at sentence #11260000, processed 566916056 words, keeping 865410 word types
2026-02-02 15:45:36,825 - INFO - PROGRESS: at sentence #11270000, processed 567579549 words, keeping 866676 word types
2026-02-02 15:45:36,945 - INFO - PROGRESS: at sentence #11280000, processed 568154956 words, keeping 867282 word types
2026-02-02 15:45:37,068 - INFO - PROGRESS: at sentence #11290000, processed 568737236 words, keeping 867759 word types
2026-02-02 15:45:37,196 - INFO - PROGRESS: at sentence #11300000, processed 569346822 words, keeping 868253 word types
2026-02-02 15:45:37,344 - INFO - PROGRESS: at sentence #11310000, processed 570068784 words, keeping 868420 word types
2026-02-02 15:45:37,492 - INFO - PROGRESS: at sentence #11320000, processed 570794871 words, keeping 868539 word types
2026-02-02 15:45:37,584 - INFO - PROGRESS: at sentence #11330000, processed 571223851 words, keeping 868665 word types
2026-02-02 15:45:37,689 - INFO - PROGRESS: at sentence #11340000, processed 571721209 words, keeping 869184 word types
2026-02-02 15:45:37,886 - INFO - PROGRESS: at sentence #11350000, processed 572689680 words, keeping 869325 word types
2026-02-02 15:45:38,012 - INFO - PROGRESS: at sentence #11360000, processed 573283696 words, keeping 869605 word types
2026-02-02 15:45:38,111 - INFO - PROGRESS: at sentence #11370000, processed 573750067 words, keeping 869975 word types
2026-02-02 15:45:38,203 - INFO - PROGRESS: at sentence #11380000, processed 574177061 words, keeping 870140 word types
2026-02-02 15:45:38,313 - INFO - PROGRESS: at sentence #11390000, processed 574702737 words, keeping 870585 word types
2026-02-02 15:45:38,396 - INFO - PROGRESS: at sentence #11400000, processed 575090883 words, keeping 871157 word types
2026-02-02 15:45:38,557 - INFO - PROGRESS: at sentence #11410000, processed 575879112 words, keeping 871653 word types
2026-02-02 15:45:38,714 - INFO - PROGRESS: at sentence #11420000, processed 576642775 words, keeping 871882 word types
2026-02-02 15:45:38,832 - INFO - PROGRESS: at sentence #11430000, processed 577209130 words, keeping 871993 word types
2026-02-02 15:45:39,002 - INFO - PROGRESS: at sentence #11440000, processed 578050370 words, keeping 872241 word types
2026-02-02 15:45:39,111 - INFO - PROGRESS: at sentence #11450000, processed 578568851 words, keeping 872832 word types
2026-02-02 15:45:39,220 - INFO - PROGRESS: at sentence #11460000, processed 579088539 words, keeping 873418 word types
2026-02-02 15:45:39,332 - INFO - PROGRESS: at sentence #11470000, processed 579627336 words, keeping 873937 word types
2026-02-02 15:45:39,443 - INFO - PROGRESS: at sentence #11480000, processed 580160126 words, keeping 874507 word types
2026-02-02 15:45:39,553 - INFO - PROGRESS: at sentence #11490000, processed 580692640 words, keeping 875060 word types
2026-02-02 15:45:39,665 - INFO - PROGRESS: at sentence #11500000, processed 581232185 words, keeping 875567 word types
2026-02-02 15:45:39,776 - INFO - PROGRESS: at sentence #11510000, processed 581765170 words, keeping 876114 word types
2026-02-02 15:45:39,887 - INFO - PROGRESS: at sentence #11520000, processed 582296493 words, keeping 876596 word types
2026-02-02 15:45:39,959 - INFO - PROGRESS: at sentence #11530000, processed 582634187 words, keeping 876698 word types
2026-02-02 15:45:40,031 - INFO - PROGRESS: at sentence #11540000, processed 582967688 words, keeping 876739 word types
2026-02-02 15:45:40,267 - INFO - PROGRESS: at sentence #11550000, processed 584219123 words, keeping 876744 word types
2026-02-02 15:45:40,392 - INFO - PROGRESS: at sentence #11560000, processed 584833888 words, keeping 876982 word types
2026-02-02 15:45:40,525 - INFO - PROGRESS: at sentence #11570000, processed 585467598 words, keeping 877098 word types
2026-02-02 15:45:40,652 - INFO - PROGRESS: at sentence #11580000, processed 586059951 words, keeping 877140 word types
2026-02-02 15:45:40,747 - INFO - PROGRESS: at sentence #11590000, processed 586492274 words, keeping 878002 word types
2026-02-02 15:45:40,834 - INFO - PROGRESS: at sentence #11600000, processed 586903233 words, keeping 878839 word types
2026-02-02 15:45:40,935 - INFO - PROGRESS: at sentence #11610000, processed 587382942 words, keeping 879128 word types
2026-02-02 15:45:41,095 - INFO - PROGRESS: at sentence #11620000, processed 588170342 words, keeping 879457 word types
2026-02-02 15:45:41,218 - INFO - PROGRESS: at sentence #11630000, processed 588758166 words, keeping 879728 word types
2026-02-02 15:45:41,337 - INFO - PROGRESS: at sentence #11640000, processed 589333488 words, keeping 879998 word types
2026-02-02 15:45:41,459 - INFO - PROGRESS: at sentence #11650000, processed 589917319 words, keeping 880381 word types
2026-02-02 15:45:41,586 - INFO - PROGRESS: at sentence #11660000, processed 590529475 words, keeping 880649 word types
2026-02-02 15:45:41,734 - INFO - PROGRESS: at sentence #11670000, processed 591243316 words, keeping 880697 word types
2026-02-02 15:45:41,849 - INFO - PROGRESS: at sentence #11680000, processed 591777893 words, keeping 880752 word types
2026-02-02 15:45:41,967 - INFO - PROGRESS: at sentence #11690000, processed 592328485 words, keeping 880804 word types
2026-02-02 15:45:42,084 - INFO - PROGRESS: at sentence #11700000, processed 592874003 words, keeping 880842 word types
2026-02-02 15:45:42,199 - INFO - PROGRESS: at sentence #11710000, processed 593405753 words, keeping 880918 word types
2026-02-02 15:45:42,315 - INFO - PROGRESS: at sentence #11720000, processed 593946095 words, keeping 880953 word types
2026-02-02 15:45:42,432 - INFO - PROGRESS: at sentence #11730000, processed 594493483 words, keeping 880992 word types
2026-02-02 15:45:42,593 - INFO - PROGRESS: at sentence #11740000, processed 595277734 words, keeping 881180 word types
2026-02-02 15:45:42,779 - INFO - PROGRESS: at sentence #11750000, processed 596180273 words, keeping 881454 word types
2026-02-02 15:45:42,918 - INFO - PROGRESS: at sentence #11760000, processed 596847059 words, keeping 881502 word types
2026-02-02 15:45:43,048 - INFO - PROGRESS: at sentence #11770000, processed 597466940 words, keeping 882273 word types
2026-02-02 15:45:43,155 - INFO - PROGRESS: at sentence #11780000, processed 597965691 words, keeping 882902 word types
2026-02-02 15:45:43,250 - INFO - PROGRESS: at sentence #11790000, processed 598406142 words, keeping 883453 word types
2026-02-02 15:45:43,345 - INFO - PROGRESS: at sentence #11800000, processed 598838276 words, keeping 883969 word types
2026-02-02 15:45:43,440 - INFO - PROGRESS: at sentence #11810000, processed 599280316 words, keeping 884400 word types
2026-02-02 15:45:43,534 - INFO - PROGRESS: at sentence #11820000, processed 599714583 words, keeping 884883 word types
2026-02-02 15:45:43,628 - INFO - PROGRESS: at sentence #11830000, processed 600148555 words, keeping 885269 word types
2026-02-02 15:45:43,759 - INFO - PROGRESS: at sentence #11840000, processed 600763289 words, keeping 885930 word types
2026-02-02 15:45:43,870 - INFO - PROGRESS: at sentence #11850000, processed 601275340 words, keeping 886652 word types
2026-02-02 15:45:43,974 - INFO - PROGRESS: at sentence #11860000, processed 601752951 words, keeping 887286 word types
2026-02-02 15:45:44,095 - INFO - PROGRESS: at sentence #11870000, processed 602333467 words, keeping 887483 word types
2026-02-02 15:45:44,227 - INFO - PROGRESS: at sentence #11880000, processed 602969372 words, keeping 887782 word types
2026-02-02 15:45:44,332 - INFO - PROGRESS: at sentence #11890000, processed 603459385 words, keeping 887839 word types
2026-02-02 15:45:44,469 - INFO - PROGRESS: at sentence #11900000, processed 604122551 words, keeping 887946 word types
2026-02-02 15:45:44,634 - INFO - collected 888210 word types from a corpus of 604933589 raw words and 11909955 sentences
2026-02-02 15:45:44,634 - INFO - Creating a fresh vocabulary
2026-02-02 15:45:45,562 - DEBUG - starting a new internal lifecycle event log for Word2Vec
2026-02-02 15:45:45,562 - INFO - Word2Vec lifecycle event {'msg': 'effective_min_count=5 retains 264506 unique words (29.78% of original 888210, drops 623704)', 'datetime': '2026-02-02T15:45:45.559588', 'gensim': '4.4.0', 'python': '3.10.19 | packaged by conda-forge | (main, Jan 26 2026, 23:45:08) [GCC 14.3.0]', 'platform': 'Linux-4.18.0-305.3.1.el8.x86_64-x86_64-with-glibc2.28', 'event': 'prepare_vocab'}
2026-02-02 15:45:45,562 - INFO - Word2Vec lifecycle event {'msg': 'effective_min_count=5 leaves 603930457 word corpus (99.83% of original 604933589, drops 1003132)', 'datetime': '2026-02-02T15:45:45.562258', 'gensim': '4.4.0', 'python': '3.10.19 | packaged by conda-forge | (main, Jan 26 2026, 23:45:08) [GCC 14.3.0]', 'platform': 'Linux-4.18.0-305.3.1.el8.x86_64-x86_64-with-glibc2.28', 'event': 'prepare_vocab'}
2026-02-02 15:45:46,588 - INFO - deleting the raw counts dictionary of 888210 items
2026-02-02 15:45:46,607 - INFO - sample=0.001 downsamples 50 most-common words
2026-02-02 15:45:46,607 - INFO - Word2Vec lifecycle event {'msg': 'downsampling leaves estimated 478682171.7600688 word corpus (79.3%% of prior 603930457)', 'datetime': '2026-02-02T15:45:46.607268', 'gensim': '4.4.0', 'python': '3.10.19 | packaged by conda-forge | (main, Jan 26 2026, 23:45:08) [GCC 14.3.0]', 'platform': 'Linux-4.18.0-305.3.1.el8.x86_64-x86_64-with-glibc2.28', 'event': 'prepare_vocab'}
2026-02-02 15:45:48,407 - INFO - estimated required memory for 264506 words and 300 dimensions: 767067400 bytes
2026-02-02 15:45:48,407 - INFO - resetting layer weights
2026-02-02 15:45:48,804 - INFO - Word2Vec lifecycle event {'update': False, 'trim_rule': 'None', 'datetime': '2026-02-02T15:45:48.804871', 'gensim': '4.4.0', 'python': '3.10.19 | packaged by conda-forge | (main, Jan 26 2026, 23:45:08) [GCC 14.3.0]', 'platform': 'Linux-4.18.0-305.3.1.el8.x86_64-x86_64-with-glibc2.28', 'event': 'build_vocab'}
2026-02-02 15:45:48,805 - INFO - Word2Vec lifecycle event {'msg': 'training model with 14 workers on 264506 vocabulary and 300 features, using sg=1 hs=0 sample=0.001 negative=5 window=5 shrink_windows=True', 'datetime': '2026-02-02T15:45:48.805111', 'gensim': '4.4.0', 'python': '3.10.19 | packaged by conda-forge | (main, Jan 26 2026, 23:45:08) [GCC 14.3.0]', 'platform': 'Linux-4.18.0-305.3.1.el8.x86_64-x86_64-with-glibc2.28', 'event': 'train'}
2026-02-02 15:45:48,805 - INFO - Training started.
2026-02-02 15:45:48,805 - INFO - Epoch 1 starting...
2026-02-02 15:45:49,840 - INFO - EPOCH 0 - PROGRESS: at 0.10% examples, 627311 words/s, in_qsize 27, out_qsize 0
2026-02-02 15:45:50,848 - INFO - EPOCH 0 - PROGRESS: at 0.28% examples, 739597 words/s, in_qsize 27, out_qsize 1
2026-02-02 15:45:51,877 - INFO - EPOCH 0 - PROGRESS: at 0.47% examples, 775234 words/s, in_qsize 28, out_qsize 2
2026-02-02 15:45:52,891 - INFO - EPOCH 0 - PROGRESS: at 0.67% examples, 796319 words/s, in_qsize 27, out_qsize 0
2026-02-02 15:45:53,931 - INFO - EPOCH 0 - PROGRESS: at 0.87% examples, 811079 words/s, in_qsize 28, out_qsize 3
2026-02-02 15:45:54,948 - INFO - EPOCH 0 - PROGRESS: at 1.08% examples, 827480 words/s, in_qsize 28, out_qsize 1
2026-02-02 15:45:55,977 - INFO - EPOCH 0 - PROGRESS: at 1.28% examples, 833233 words/s, in_qsize 28, out_qsize 0
2026-02-02 15:45:56,995 - INFO - EPOCH 0 - PROGRESS: at 1.43% examples, 834146 words/s, in_qsize 28, out_qsize 3
2026-02-02 15:45:58,046 - INFO - EPOCH 0 - PROGRESS: at 1.60% examples, 837874 words/s, in_qsize 27, out_qsize 3
2026-02-02 15:45:59,071 - INFO - EPOCH 0 - PROGRESS: at 1.76% examples, 839885 words/s, in_qsize 26, out_qsize 1
2026-02-02 15:46:00,092 - INFO - EPOCH 0 - PROGRESS: at 1.91% examples, 838947 words/s, in_qsize 27, out_qsize 0
2026-02-02 15:46:01,111 - INFO - EPOCH 0 - PROGRESS: at 2.05% examples, 840406 words/s, in_qsize 27, out_qsize 1
2026-02-02 15:46:02,125 - INFO - EPOCH 0 - PROGRESS: at 2.21% examples, 843516 words/s, in_qsize 28, out_qsize 2
2026-02-02 15:46:03,138 - INFO - EPOCH 0 - PROGRESS: at 2.36% examples, 847779 words/s, in_qsize 24, out_qsize 1
2026-02-02 15:46:04,158 - INFO - EPOCH 0 - PROGRESS: at 2.51% examples, 849995 words/s, in_qsize 26, out_qsize 1
2026-02-02 15:46:05,164 - INFO - EPOCH 0 - PROGRESS: at 2.66% examples, 848475 words/s, in_qsize 19, out_qsize 7
2026-02-02 15:46:06,185 - INFO - EPOCH 0 - PROGRESS: at 2.82% examples, 852689 words/s, in_qsize 28, out_qsize 1
2026-02-02 15:46:07,219 - INFO - EPOCH 0 - PROGRESS: at 2.98% examples, 854525 words/s, in_qsize 24, out_qsize 3
2026-02-02 15:46:08,243 - INFO - EPOCH 0 - PROGRESS: at 3.13% examples, 854239 words/s, in_qsize 27, out_qsize 0
2026-02-02 15:46:09,283 - INFO - EPOCH 0 - PROGRESS: at 3.34% examples, 847724 words/s, in_qsize 26, out_qsize 1
2026-02-02 15:46:10,313 - INFO - EPOCH 0 - PROGRESS: at 3.51% examples, 848305 words/s, in_qsize 27, out_qsize 1
2026-02-02 15:46:11,319 - INFO - EPOCH 0 - PROGRESS: at 3.71% examples, 850394 words/s, in_qsize 27, out_qsize 0
2026-02-02 15:46:12,337 - INFO - EPOCH 0 - PROGRESS: at 3.89% examples, 852136 words/s, in_qsize 28, out_qsize 0
2026-02-02 15:46:13,355 - INFO - EPOCH 0 - PROGRESS: at 4.07% examples, 851410 words/s, in_qsize 26, out_qsize 6
2026-02-02 15:46:14,360 - INFO - EPOCH 0 - PROGRESS: at 4.27% examples, 854324 words/s, in_qsize 26, out_qsize 1
2026-02-02 15:46:15,376 - INFO - EPOCH 0 - PROGRESS: at 4.45% examples, 855006 words/s, in_qsize 27, out_qsize 0
2026-02-02 15:46:16,382 - INFO - EPOCH 0 - PROGRESS: at 4.58% examples, 852237 words/s, in_qsize 25, out_qsize 2
2026-02-02 15:46:17,382 - INFO - EPOCH 0 - PROGRESS: at 4.72% examples, 852745 words/s, in_qsize 28, out_qsize 2
2026-02-02 15:46:18,390 - INFO - EPOCH 0 - PROGRESS: at 4.85% examples, 854020 words/s, in_qsize 27, out_qsize 0
2026-02-02 15:46:19,391 - INFO - EPOCH 0 - PROGRESS: at 4.98% examples, 855044 words/s, in_qsize 25, out_qsize 1
2026-02-02 15:46:20,397 - INFO - EPOCH 0 - PROGRESS: at 5.15% examples, 854392 words/s, in_qsize 27, out_qsize 2
2026-02-02 15:46:21,433 - INFO - EPOCH 0 - PROGRESS: at 5.32% examples, 851040 words/s, in_qsize 27, out_qsize 0
2026-02-02 15:46:22,443 - INFO - EPOCH 0 - PROGRESS: at 5.48% examples, 848039 words/s, in_qsize 28, out_qsize 0
2026-02-02 15:46:23,470 - INFO - EPOCH 0 - PROGRESS: at 5.65% examples, 846187 words/s, in_qsize 26, out_qsize 5
2026-02-02 15:46:24,477 - INFO - EPOCH 0 - PROGRESS: at 5.80% examples, 847784 words/s, in_qsize 27, out_qsize 0
2026-02-02 15:46:25,482 - INFO - EPOCH 0 - PROGRESS: at 5.98% examples, 848061 words/s, in_qsize 27, out_qsize 0
2026-02-02 15:46:26,489 - INFO - EPOCH 0 - PROGRESS: at 6.17% examples, 849535 words/s, in_qsize 27, out_qsize 1
2026-02-02 15:46:27,496 - INFO - EPOCH 0 - PROGRESS: at 6.38% examples, 847388 words/s, in_qsize 27, out_qsize 0
2026-02-02 15:46:28,522 - INFO - EPOCH 0 - PROGRESS: at 6.61% examples, 844915 words/s, in_qsize 27, out_qsize 0
2026-02-02 15:46:29,539 - INFO - EPOCH 0 - PROGRESS: at 6.84% examples, 842973 words/s, in_qsize 25, out_qsize 0
2026-02-02 15:46:30,568 - INFO - EPOCH 0 - PROGRESS: at 7.09% examples, 842616 words/s, in_qsize 27, out_qsize 2
2026-02-02 15:46:31,585 - INFO - EPOCH 0 - PROGRESS: at 7.22% examples, 842619 words/s, in_qsize 28, out_qsize 0
2026-02-02 15:46:32,610 - INFO - EPOCH 0 - PROGRESS: at 7.42% examples, 843437 words/s, in_qsize 27, out_qsize 0
2026-02-02 15:46:33,650 - INFO - EPOCH 0 - PROGRESS: at 7.57% examples, 843180 words/s, in_qsize 28, out_qsize 5
2026-02-02 15:46:34,652 - INFO - EPOCH 0 - PROGRESS: at 7.75% examples, 844978 words/s, in_qsize 27, out_qsize 2
2026-02-02 15:46:35,654 - INFO - EPOCH 0 - PROGRESS: at 7.93% examples, 846267 words/s, in_qsize 24, out_qsize 1
2026-02-02 15:46:36,676 - INFO - EPOCH 0 - PROGRESS: at 8.10% examples, 846677 words/s, in_qsize 28, out_qsize 1
2026-02-02 15:46:37,695 - INFO - EPOCH 0 - PROGRESS: at 8.27% examples, 847439 words/s, in_qsize 26, out_qsize 2
2026-02-02 15:46:38,701 - INFO - EPOCH 0 - PROGRESS: at 8.43% examples, 847829 words/s, in_qsize 27, out_qsize 2
2026-02-02 15:46:39,714 - INFO - EPOCH 0 - PROGRESS: at 8.55% examples, 847911 words/s, in_qsize 26, out_qsize 0
2026-02-02 15:46:40,724 - INFO - EPOCH 0 - PROGRESS: at 8.70% examples, 848104 words/s, in_qsize 28, out_qsize 0
2026-02-02 15:46:41,727 - INFO - EPOCH 0 - PROGRESS: at 8.88% examples, 848896 words/s, in_qsize 22, out_qsize 0
2026-02-02 15:46:42,736 - INFO - EPOCH 0 - PROGRESS: at 9.05% examples, 849749 words/s, in_qsize 27, out_qsize 0
2026-02-02 15:46:43,750 - INFO - EPOCH 0 - PROGRESS: at 9.20% examples, 847669 words/s, in_qsize 27, out_qsize 1
2026-02-02 15:46:44,789 - INFO - EPOCH 0 - PROGRESS: at 9.36% examples, 846474 words/s, in_qsize 20, out_qsize 7
2026-02-02 15:46:45,793 - INFO - EPOCH 0 - PROGRESS: at 9.49% examples, 847233 words/s, in_qsize 26, out_qsize 1
2026-02-02 15:46:46,828 - INFO - EPOCH 0 - PROGRESS: at 9.68% examples, 848091 words/s, in_qsize 28, out_qsize 0
2026-02-02 15:46:47,829 - INFO - EPOCH 0 - PROGRESS: at 9.86% examples, 848727 words/s, in_qsize 26, out_qsize 1
2026-02-02 15:46:48,833 - INFO - EPOCH 0 - PROGRESS: at 10.05% examples, 848945 words/s, in_qsize 25, out_qsize 0
2026-02-02 15:46:49,835 - INFO - EPOCH 0 - PROGRESS: at 10.21% examples, 847275 words/s, in_qsize 27, out_qsize 0
2026-02-02 15:46:50,872 - INFO - EPOCH 0 - PROGRESS: at 10.36% examples, 845429 words/s, in_qsize 25, out_qsize 2
2026-02-02 15:46:51,903 - INFO - EPOCH 0 - PROGRESS: at 10.54% examples, 845107 words/s, in_qsize 27, out_qsize 0
2026-02-02 15:46:52,908 - INFO - EPOCH 0 - PROGRESS: at 10.73% examples, 845022 words/s, in_qsize 25, out_qsize 2
2026-02-02 15:46:53,927 - INFO - EPOCH 0 - PROGRESS: at 10.96% examples, 844860 words/s, in_qsize 28, out_qsize 1
2026-02-02 15:46:54,935 - INFO - EPOCH 0 - PROGRESS: at 11.18% examples, 844351 words/s, in_qsize 27, out_qsize 4
2026-02-02 15:46:55,949 - INFO - EPOCH 0 - PROGRESS: at 11.37% examples, 842040 words/s, in_qsize 25, out_qsize 8
2026-02-02 15:46:57,011 - INFO - EPOCH 0 - PROGRESS: at 11.58% examples, 840960 words/s, in_qsize 27, out_qsize 0
2026-02-02 15:46:58,019 - INFO - EPOCH 0 - PROGRESS: at 11.70% examples, 840437 words/s, in_qsize 27, out_qsize 0
2026-02-02 15:46:59,023 - INFO - EPOCH 0 - PROGRESS: at 11.95% examples, 841347 words/s, in_qsize 27, out_qsize 0
2026-02-02 15:47:00,032 - INFO - EPOCH 0 - PROGRESS: at 12.22% examples, 841750 words/s, in_qsize 27, out_qsize 0
2026-02-02 15:47:01,057 - INFO - EPOCH 0 - PROGRESS: at 12.46% examples, 840772 words/s, in_qsize 24, out_qsize 3
2026-02-02 15:47:02,065 - INFO - EPOCH 0 - PROGRESS: at 12.72% examples, 840978 words/s, in_qsize 27, out_qsize 0
2026-02-02 15:47:03,074 - INFO - EPOCH 0 - PROGRESS: at 12.98% examples, 840839 words/s, in_qsize 28, out_qsize 0
2026-02-02 15:47:04,075 - INFO - EPOCH 0 - PROGRESS: at 13.25% examples, 840897 words/s, in_qsize 27, out_qsize 0
2026-02-02 15:47:05,104 - INFO - EPOCH 0 - PROGRESS: at 13.50% examples, 840140 words/s, in_qsize 21, out_qsize 9
2026-02-02 15:47:06,133 - INFO - EPOCH 0 - PROGRESS: at 13.76% examples, 839806 words/s, in_qsize 27, out_qsize 0
2026-02-02 15:47:07,140 - INFO - EPOCH 0 - PROGRESS: at 14.04% examples, 840509 words/s, in_qsize 28, out_qsize 0
2026-02-02 15:47:08,161 - INFO - EPOCH 0 - PROGRESS: at 14.24% examples, 840484 words/s, in_qsize 28, out_qsize 0
2026-02-02 15:47:09,169 - INFO - EPOCH 0 - PROGRESS: at 14.43% examples, 839428 words/s, in_qsize 26, out_qsize 1
2026-02-02 15:47:10,180 - INFO - EPOCH 0 - PROGRESS: at 14.62% examples, 838463 words/s, in_qsize 28, out_qsize 0
2026-02-02 15:47:11,199 - INFO - EPOCH 0 - PROGRESS: at 14.80% examples, 837253 words/s, in_qsize 27, out_qsize 0
2026-02-02 15:47:12,228 - INFO - EPOCH 0 - PROGRESS: at 15.00% examples, 837108 words/s, in_qsize 27, out_qsize 0
2026-02-02 15:47:13,235 - INFO - EPOCH 0 - PROGRESS: at 15.18% examples, 835784 words/s, in_qsize 27, out_qsize 0
2026-02-02 15:47:14,276 - INFO - EPOCH 0 - PROGRESS: at 15.37% examples, 834543 words/s, in_qsize 26, out_qsize 1
2026-02-02 15:47:15,281 - INFO - EPOCH 0 - PROGRESS: at 15.54% examples, 833486 words/s, in_qsize 25, out_qsize 2
2026-02-02 15:47:16,284 - INFO - EPOCH 0 - PROGRESS: at 15.72% examples, 832438 words/s, in_qsize 23, out_qsize 7
2026-02-02 15:47:17,304 - INFO - EPOCH 0 - PROGRESS: at 15.93% examples, 832311 words/s, in_qsize 27, out_qsize 0
2026-02-02 15:47:18,332 - INFO - EPOCH 0 - PROGRESS: at 16.13% examples, 832104 words/s, in_qsize 27, out_qsize 0
2026-02-02 15:47:19,337 - INFO - EPOCH 0 - PROGRESS: at 16.34% examples, 832190 words/s, in_qsize 27, out_qsize 0
2026-02-02 15:47:20,387 - INFO - EPOCH 0 - PROGRESS: at 16.56% examples, 832548 words/s, in_qsize 28, out_qsize 6
2026-02-02 15:47:21,399 - INFO - EPOCH 0 - PROGRESS: at 16.80% examples, 833719 words/s, in_qsize 27, out_qsize 1
2026-02-02 15:47:22,416 - INFO - EPOCH 0 - PROGRESS: at 17.03% examples, 834586 words/s, in_qsize 26, out_qsize 2
2026-02-02 15:47:23,449 - INFO - EPOCH 0 - PROGRESS: at 17.26% examples, 835547 words/s, in_qsize 28, out_qsize 6
2026-02-02 15:47:24,498 - INFO - EPOCH 0 - PROGRESS: at 17.49% examples, 835905 words/s, in_qsize 27, out_qsize 0
2026-02-02 15:47:25,504 - INFO - EPOCH 0 - PROGRESS: at 17.71% examples, 836369 words/s, in_qsize 27, out_qsize 0
2026-02-02 15:47:26,505 - INFO - EPOCH 0 - PROGRESS: at 17.92% examples, 836616 words/s, in_qsize 27, out_qsize 0
2026-02-02 15:47:27,507 - INFO - EPOCH 0 - PROGRESS: at 18.13% examples, 836693 words/s, in_qsize 27, out_qsize 0
2026-02-02 15:47:28,530 - INFO - EPOCH 0 - PROGRESS: at 18.35% examples, 836989 words/s, in_qsize 27, out_qsize 1
2026-02-02 15:47:29,536 - INFO - EPOCH 0 - PROGRESS: at 18.56% examples, 836939 words/s, in_qsize 26, out_qsize 1
2026-02-02 15:47:30,544 - INFO - EPOCH 0 - PROGRESS: at 18.75% examples, 837621 words/s, in_qsize 27, out_qsize 0
2026-02-02 15:47:31,550 - INFO - EPOCH 0 - PROGRESS: at 18.89% examples, 837946 words/s, in_qsize 27, out_qsize 0
2026-02-02 15:47:32,558 - INFO - EPOCH 0 - PROGRESS: at 19.06% examples, 837820 words/s, in_qsize 27, out_qsize 0
2026-02-02 15:47:33,559 - INFO - EPOCH 0 - PROGRESS: at 19.22% examples, 837196 words/s, in_qsize 27, out_qsize 0
2026-02-02 15:47:34,594 - INFO - EPOCH 0 - PROGRESS: at 19.38% examples, 836242 words/s, in_qsize 28, out_qsize 0
2026-02-02 15:47:35,611 - INFO - EPOCH 0 - PROGRESS: at 19.56% examples, 835524 words/s, in_qsize 27, out_qsize 0
2026-02-02 15:47:36,632 - INFO - EPOCH 0 - PROGRESS: at 19.70% examples, 834483 words/s, in_qsize 27, out_qsize 0
2026-02-02 15:47:37,650 - INFO - EPOCH 0 - PROGRESS: at 19.89% examples, 833898 words/s, in_qsize 27, out_qsize 0
2026-02-02 15:47:38,655 - INFO - EPOCH 0 - PROGRESS: at 20.06% examples, 833078 words/s, in_qsize 24, out_qsize 2
2026-02-02 15:47:39,660 - INFO - EPOCH 0 - PROGRESS: at 20.24% examples, 833051 words/s, in_qsize 28, out_qsize 2
2026-02-02 15:47:40,701 - INFO - EPOCH 0 - PROGRESS: at 20.37% examples, 832472 words/s, in_qsize 26, out_qsize 1
2026-02-02 15:47:41,725 - INFO - EPOCH 0 - PROGRESS: at 20.50% examples, 832637 words/s, in_qsize 26, out_qsize 1
2026-02-02 15:47:42,725 - INFO - EPOCH 0 - PROGRESS: at 20.64% examples, 833045 words/s, in_qsize 28, out_qsize 1
2026-02-02 15:47:43,732 - INFO - EPOCH 0 - PROGRESS: at 20.77% examples, 833398 words/s, in_qsize 26, out_qsize 0
2026-02-02 15:47:44,737 - INFO - EPOCH 0 - PROGRESS: at 20.97% examples, 834150 words/s, in_qsize 27, out_qsize 0
2026-02-02 15:47:45,741 - INFO - EPOCH 0 - PROGRESS: at 21.18% examples, 834359 words/s, in_qsize 28, out_qsize 0
2026-02-02 15:47:46,768 - INFO - EPOCH 0 - PROGRESS: at 21.40% examples, 833801 words/s, in_qsize 27, out_qsize 0
2026-02-02 15:47:47,771 - INFO - EPOCH 0 - PROGRESS: at 21.55% examples, 833986 words/s, in_qsize 28, out_qsize 0
2026-02-02 15:47:48,785 - INFO - EPOCH 0 - PROGRESS: at 21.72% examples, 834355 words/s, in_qsize 27, out_qsize 0
2026-02-02 15:47:49,800 - INFO - EPOCH 0 - PROGRESS: at 21.87% examples, 834357 words/s, in_qsize 28, out_qsize 0
2026-02-02 15:47:50,815 - INFO - EPOCH 0 - PROGRESS: at 22.12% examples, 834672 words/s, in_qsize 27, out_qsize 0
2026-02-02 15:47:51,841 - INFO - EPOCH 0 - PROGRESS: at 22.32% examples, 835004 words/s, in_qsize 25, out_qsize 2
2026-02-02 15:47:52,853 - INFO - EPOCH 0 - PROGRESS: at 22.61% examples, 834570 words/s, in_qsize 25, out_qsize 1
2026-02-02 15:47:53,854 - INFO - EPOCH 0 - PROGRESS: at 22.83% examples, 833964 words/s, in_qsize 25, out_qsize 2
2026-02-02 15:47:54,856 - INFO - EPOCH 0 - PROGRESS: at 23.02% examples, 833928 words/s, in_qsize 27, out_qsize 0
2026-02-02 15:47:55,871 - INFO - EPOCH 0 - PROGRESS: at 23.21% examples, 833399 words/s, in_qsize 27, out_qsize 0
2026-02-02 15:47:56,891 - INFO - EPOCH 0 - PROGRESS: at 23.42% examples, 833207 words/s, in_qsize 28, out_qsize 4
2026-02-02 15:47:57,893 - INFO - EPOCH 0 - PROGRESS: at 23.64% examples, 833747 words/s, in_qsize 26, out_qsize 1
2026-02-02 15:47:58,910 - INFO - EPOCH 0 - PROGRESS: at 23.84% examples, 833389 words/s, in_qsize 27, out_qsize 0
2026-02-02 15:47:59,938 - INFO - EPOCH 0 - PROGRESS: at 24.03% examples, 832555 words/s, in_qsize 27, out_qsize 0
2026-02-02 15:48:00,952 - INFO - EPOCH 0 - PROGRESS: at 24.21% examples, 831769 words/s, in_qsize 27, out_qsize 0
2026-02-02 15:48:01,952 - INFO - EPOCH 0 - PROGRESS: at 24.39% examples, 831841 words/s, in_qsize 26, out_qsize 0
2026-02-02 15:48:02,965 - INFO - EPOCH 0 - PROGRESS: at 24.57% examples, 832241 words/s, in_qsize 27, out_qsize 0
2026-02-02 15:48:03,968 - INFO - EPOCH 0 - PROGRESS: at 24.74% examples, 832539 words/s, in_qsize 27, out_qsize 0
2026-02-02 15:48:04,991 - INFO - EPOCH 0 - PROGRESS: at 24.91% examples, 832715 words/s, in_qsize 27, out_qsize 0
2026-02-02 15:48:06,015 - INFO - EPOCH 0 - PROGRESS: at 25.09% examples, 832932 words/s, in_qsize 24, out_qsize 3
2026-02-02 15:48:07,056 - INFO - EPOCH 0 - PROGRESS: at 25.25% examples, 833231 words/s, in_qsize 25, out_qsize 2
2026-02-02 15:48:08,073 - INFO - EPOCH 0 - PROGRESS: at 25.41% examples, 833377 words/s, in_qsize 27, out_qsize 1
2026-02-02 15:48:09,106 - INFO - EPOCH 0 - PROGRESS: at 25.59% examples, 832719 words/s, in_qsize 27, out_qsize 0
2026-02-02 15:48:10,110 - INFO - EPOCH 0 - PROGRESS: at 25.78% examples, 832242 words/s, in_qsize 24, out_qsize 5
2026-02-02 15:48:11,137 - INFO - EPOCH 0 - PROGRESS: at 25.96% examples, 831938 words/s, in_qsize 27, out_qsize 0
2026-02-02 15:48:12,142 - INFO - EPOCH 0 - PROGRESS: at 26.11% examples, 830534 words/s, in_qsize 28, out_qsize 0
2026-02-02 15:48:13,144 - INFO - EPOCH 0 - PROGRESS: at 26.31% examples, 830070 words/s, in_qsize 27, out_qsize 0
2026-02-02 15:48:14,204 - INFO - EPOCH 0 - PROGRESS: at 26.51% examples, 829329 words/s, in_qsize 24, out_qsize 6
2026-02-02 15:48:15,217 - INFO - EPOCH 0 - PROGRESS: at 26.74% examples, 829423 words/s, in_qsize 27, out_qsize 0
2026-02-02 15:48:16,301 - INFO - EPOCH 0 - PROGRESS: at 26.92% examples, 828459 words/s, in_qsize 28, out_qsize 1
2026-02-02 15:48:17,331 - INFO - EPOCH 0 - PROGRESS: at 27.11% examples, 827822 words/s, in_qsize 22, out_qsize 8
2026-02-02 15:48:18,376 - INFO - EPOCH 0 - PROGRESS: at 27.28% examples, 827792 words/s, in_qsize 28, out_qsize 0
2026-02-02 15:48:19,386 - INFO - EPOCH 0 - PROGRESS: at 27.40% examples, 827846 words/s, in_qsize 24, out_qsize 3
2026-02-02 15:48:20,419 - INFO - EPOCH 0 - PROGRESS: at 27.56% examples, 828170 words/s, in_qsize 28, out_qsize 0
2026-02-02 15:48:21,420 - INFO - EPOCH 0 - PROGRESS: at 27.75% examples, 828563 words/s, in_qsize 28, out_qsize 0
2026-02-02 15:48:22,429 - INFO - EPOCH 0 - PROGRESS: at 27.93% examples, 828571 words/s, in_qsize 27, out_qsize 0
2026-02-02 15:48:23,443 - INFO - EPOCH 0 - PROGRESS: at 28.05% examples, 828406 words/s, in_qsize 27, out_qsize 1
2026-02-02 15:48:24,455 - INFO - EPOCH 0 - PROGRESS: at 28.18% examples, 828667 words/s, in_qsize 28, out_qsize 4
2026-02-02 15:48:25,481 - INFO - EPOCH 0 - PROGRESS: at 28.37% examples, 829089 words/s, in_qsize 28, out_qsize 2
2026-02-02 15:48:26,512 - INFO - EPOCH 0 - PROGRESS: at 28.54% examples, 828782 words/s, in_qsize 27, out_qsize 0
2026-02-02 15:48:27,546 - INFO - EPOCH 0 - PROGRESS: at 28.73% examples, 828768 words/s, in_qsize 28, out_qsize 2
2026-02-02 15:48:28,592 - INFO - EPOCH 0 - PROGRESS: at 28.92% examples, 828877 words/s, in_qsize 28, out_qsize 0
2026-02-02 15:48:29,605 - INFO - EPOCH 0 - PROGRESS: at 29.09% examples, 828432 words/s, in_qsize 27, out_qsize 0
2026-02-02 15:48:30,614 - INFO - EPOCH 0 - PROGRESS: at 29.25% examples, 828010 words/s, in_qsize 27, out_qsize 0
2026-02-02 15:48:31,614 - INFO - EPOCH 0 - PROGRESS: at 29.43% examples, 827971 words/s, in_qsize 28, out_qsize 1
2026-02-02 15:48:32,638 - INFO - EPOCH 0 - PROGRESS: at 29.60% examples, 827430 words/s, in_qsize 27, out_qsize 0
2026-02-02 15:48:33,668 - INFO - EPOCH 0 - PROGRESS: at 29.82% examples, 826907 words/s, in_qsize 27, out_qsize 0
2026-02-02 15:48:34,692 - INFO - EPOCH 0 - PROGRESS: at 29.95% examples, 826535 words/s, in_qsize 22, out_qsize 5
2026-02-02 15:48:35,725 - INFO - EPOCH 0 - PROGRESS: at 30.15% examples, 826569 words/s, in_qsize 28, out_qsize 2
2026-02-02 15:48:36,729 - INFO - EPOCH 0 - PROGRESS: at 30.31% examples, 826698 words/s, in_qsize 25, out_qsize 2
2026-02-02 15:48:37,745 - INFO - EPOCH 0 - PROGRESS: at 30.49% examples, 826669 words/s, in_qsize 26, out_qsize 1
2026-02-02 15:48:38,755 - INFO - EPOCH 0 - PROGRESS: at 30.69% examples, 827038 words/s, in_qsize 27, out_qsize 0
2026-02-02 15:48:39,774 - INFO - EPOCH 0 - PROGRESS: at 30.84% examples, 827132 words/s, in_qsize 28, out_qsize 0
2026-02-02 15:48:40,783 - INFO - EPOCH 0 - PROGRESS: at 31.01% examples, 827564 words/s, in_qsize 27, out_qsize 0
2026-02-02 15:48:41,792 - INFO - EPOCH 0 - PROGRESS: at 31.15% examples, 827445 words/s, in_qsize 28, out_qsize 2
2026-02-02 15:48:42,805 - INFO - EPOCH 0 - PROGRESS: at 31.30% examples, 827318 words/s, in_qsize 27, out_qsize 0
2026-02-02 15:48:43,823 - INFO - EPOCH 0 - PROGRESS: at 31.44% examples, 826858 words/s, in_qsize 27, out_qsize 0
2026-02-02 15:48:44,829 - INFO - EPOCH 0 - PROGRESS: at 31.59% examples, 826969 words/s, in_qsize 27, out_qsize 0
2026-02-02 15:48:45,831 - INFO - EPOCH 0 - PROGRESS: at 31.73% examples, 826564 words/s, in_qsize 27, out_qsize 1
2026-02-02 15:48:46,852 - INFO - EPOCH 0 - PROGRESS: at 31.87% examples, 826254 words/s, in_qsize 27, out_qsize 0
2026-02-02 15:48:47,856 - INFO - EPOCH 0 - PROGRESS: at 32.02% examples, 826224 words/s, in_qsize 28, out_qsize 0
2026-02-02 15:48:48,870 - INFO - EPOCH 0 - PROGRESS: at 32.18% examples, 825826 words/s, in_qsize 28, out_qsize 0
2026-02-02 15:48:49,876 - INFO - EPOCH 0 - PROGRESS: at 32.33% examples, 825475 words/s, in_qsize 28, out_qsize 0
2026-02-02 15:48:50,921 - INFO - EPOCH 0 - PROGRESS: at 32.54% examples, 824797 words/s, in_qsize 27, out_qsize 0
2026-02-02 15:48:51,930 - INFO - EPOCH 0 - PROGRESS: at 32.74% examples, 824342 words/s, in_qsize 27, out_qsize 0
2026-02-02 15:48:52,970 - INFO - EPOCH 0 - PROGRESS: at 32.88% examples, 823818 words/s, in_qsize 28, out_qsize 0
2026-02-02 15:48:53,992 - INFO - EPOCH 0 - PROGRESS: at 33.08% examples, 823694 words/s, in_qsize 28, out_qsize 0
2026-02-02 15:48:55,031 - INFO - EPOCH 0 - PROGRESS: at 33.27% examples, 823162 words/s, in_qsize 27, out_qsize 0
2026-02-02 15:48:56,033 - INFO - EPOCH 0 - PROGRESS: at 33.46% examples, 822842 words/s, in_qsize 27, out_qsize 0
2026-02-02 15:48:57,042 - INFO - EPOCH 0 - PROGRESS: at 33.67% examples, 823034 words/s, in_qsize 27, out_qsize 0
2026-02-02 15:48:58,069 - INFO - EPOCH 0 - PROGRESS: at 33.88% examples, 823053 words/s, in_qsize 25, out_qsize 2
2026-02-02 15:48:59,094 - INFO - EPOCH 0 - PROGRESS: at 34.08% examples, 822999 words/s, in_qsize 27, out_qsize 0
2026-02-02 15:49:00,096 - INFO - EPOCH 0 - PROGRESS: at 34.20% examples, 823212 words/s, in_qsize 27, out_qsize 0
2026-02-02 15:49:01,100 - INFO - EPOCH 0 - PROGRESS: at 34.32% examples, 822915 words/s, in_qsize 26, out_qsize 2
2026-02-02 15:49:02,106 - INFO - EPOCH 0 - PROGRESS: at 34.50% examples, 823181 words/s, in_qsize 27, out_qsize 3
2026-02-02 15:49:03,112 - INFO - EPOCH 0 - PROGRESS: at 34.65% examples, 823631 words/s, in_qsize 26, out_qsize 0
2026-02-02 15:49:04,150 - INFO - EPOCH 0 - PROGRESS: at 34.78% examples, 823576 words/s, in_qsize 28, out_qsize 5
2026-02-02 15:49:05,153 - INFO - EPOCH 0 - PROGRESS: at 34.95% examples, 824126 words/s, in_qsize 28, out_qsize 0
2026-02-02 15:49:06,188 - INFO - EPOCH 0 - PROGRESS: at 35.12% examples, 824413 words/s, in_qsize 26, out_qsize 2
2026-02-02 15:49:07,192 - INFO - EPOCH 0 - PROGRESS: at 35.30% examples, 824633 words/s, in_qsize 27, out_qsize 0
2026-02-02 15:49:08,193 - INFO - EPOCH 0 - PROGRESS: at 35.51% examples, 824633 words/s, in_qsize 27, out_qsize 0
2026-02-02 15:49:09,204 - INFO - EPOCH 0 - PROGRESS: at 35.72% examples, 824508 words/s, in_qsize 27, out_qsize 0
2026-02-02 15:49:10,207 - INFO - EPOCH 0 - PROGRESS: at 35.88% examples, 824246 words/s, in_qsize 28, out_qsize 1
2026-02-02 15:49:11,214 - INFO - EPOCH 0 - PROGRESS: at 36.10% examples, 824541 words/s, in_qsize 26, out_qsize 3
2026-02-02 15:49:12,237 - INFO - EPOCH 0 - PROGRESS: at 36.28% examples, 824892 words/s, in_qsize 28, out_qsize 0
2026-02-02 15:49:13,241 - INFO - EPOCH 0 - PROGRESS: at 36.44% examples, 824595 words/s, in_qsize 28, out_qsize 1
2026-02-02 15:49:14,291 - INFO - EPOCH 0 - PROGRESS: at 36.59% examples, 824154 words/s, in_qsize 27, out_qsize 0
2026-02-02 15:49:15,311 - INFO - EPOCH 0 - PROGRESS: at 36.75% examples, 824260 words/s, in_qsize 28, out_qsize 0
2026-02-02 15:49:16,324 - INFO - EPOCH 0 - PROGRESS: at 36.93% examples, 824438 words/s, in_qsize 27, out_qsize 0
2026-02-02 15:49:17,352 - INFO - EPOCH 0 - PROGRESS: at 37.13% examples, 824704 words/s, in_qsize 26, out_qsize 1
2026-02-02 15:49:18,399 - INFO - EPOCH 0 - PROGRESS: at 37.27% examples, 824675 words/s, in_qsize 26, out_qsize 6
2026-02-02 15:49:19,416 - INFO - EPOCH 0 - PROGRESS: at 37.43% examples, 824904 words/s, in_qsize 27, out_qsize 0
2026-02-02 15:49:20,417 - INFO - EPOCH 0 - PROGRESS: at 37.57% examples, 825022 words/s, in_qsize 27, out_qsize 1
2026-02-02 15:49:21,421 - INFO - EPOCH 0 - PROGRESS: at 37.74% examples, 825473 words/s, in_qsize 27, out_qsize 0
2026-02-02 15:49:22,430 - INFO - EPOCH 0 - PROGRESS: at 37.90% examples, 825666 words/s, in_qsize 25, out_qsize 2
2026-02-02 15:49:23,446 - INFO - EPOCH 0 - PROGRESS: at 38.04% examples, 825674 words/s, in_qsize 28, out_qsize 7
2026-02-02 15:49:24,465 - INFO - EPOCH 0 - PROGRESS: at 38.18% examples, 826019 words/s, in_qsize 22, out_qsize 4
2026-02-02 15:49:25,467 - INFO - EPOCH 0 - PROGRESS: at 38.32% examples, 826059 words/s, in_qsize 27, out_qsize 0
2026-02-02 15:49:26,528 - INFO - EPOCH 0 - PROGRESS: at 38.47% examples, 826125 words/s, in_qsize 27, out_qsize 5
2026-02-02 15:49:27,535 - INFO - EPOCH 0 - PROGRESS: at 38.65% examples, 826701 words/s, in_qsize 27, out_qsize 0
2026-02-02 15:49:28,540 - INFO - EPOCH 0 - PROGRESS: at 38.91% examples, 826900 words/s, in_qsize 26, out_qsize 0
2026-02-02 15:49:29,576 - INFO - EPOCH 0 - PROGRESS: at 39.12% examples, 826985 words/s, in_qsize 28, out_qsize 0
2026-02-02 15:49:30,610 - INFO - EPOCH 0 - PROGRESS: at 39.26% examples, 827174 words/s, in_qsize 25, out_qsize 3
2026-02-02 15:49:31,629 - INFO - EPOCH 0 - PROGRESS: at 39.41% examples, 827547 words/s, in_qsize 27, out_qsize 0
2026-02-02 15:49:32,635 - INFO - EPOCH 0 - PROGRESS: at 39.56% examples, 827538 words/s, in_qsize 28, out_qsize 1
2026-02-02 15:49:33,649 - INFO - EPOCH 0 - PROGRESS: at 39.74% examples, 827661 words/s, in_qsize 26, out_qsize 2
2026-02-02 15:49:34,661 - INFO - EPOCH 0 - PROGRESS: at 39.92% examples, 827979 words/s, in_qsize 27, out_qsize 1
2026-02-02 15:49:35,669 - INFO - EPOCH 0 - PROGRESS: at 40.09% examples, 828306 words/s, in_qsize 27, out_qsize 1
2026-02-02 15:49:36,673 - INFO - EPOCH 0 - PROGRESS: at 40.27% examples, 828621 words/s, in_qsize 27, out_qsize 0
2026-02-02 15:49:37,681 - INFO - EPOCH 0 - PROGRESS: at 40.41% examples, 828537 words/s, in_qsize 27, out_qsize 0
2026-02-02 15:49:38,686 - INFO - EPOCH 0 - PROGRESS: at 40.58% examples, 828252 words/s, in_qsize 27, out_qsize 0
2026-02-02 15:49:39,713 - INFO - EPOCH 0 - PROGRESS: at 40.75% examples, 827810 words/s, in_qsize 28, out_qsize 0
2026-02-02 15:49:40,733 - INFO - EPOCH 0 - PROGRESS: at 40.94% examples, 827872 words/s, in_qsize 28, out_qsize 0
2026-02-02 15:49:41,734 - INFO - EPOCH 0 - PROGRESS: at 41.14% examples, 828029 words/s, in_qsize 28, out_qsize 1
2026-02-02 15:49:42,756 - INFO - EPOCH 0 - PROGRESS: at 41.31% examples, 827645 words/s, in_qsize 27, out_qsize 0
2026-02-02 15:49:43,774 - INFO - EPOCH 0 - PROGRESS: at 41.45% examples, 827341 words/s, in_qsize 28, out_qsize 4
2026-02-02 15:49:44,794 - INFO - EPOCH 0 - PROGRESS: at 41.61% examples, 827451 words/s, in_qsize 26, out_qsize 0
2026-02-02 15:49:45,796 - INFO - EPOCH 0 - PROGRESS: at 41.74% examples, 827711 words/s, in_qsize 26, out_qsize 0
2026-02-02 15:49:46,802 - INFO - EPOCH 0 - PROGRESS: at 41.88% examples, 827964 words/s, in_qsize 27, out_qsize 0
2026-02-02 15:49:47,817 - INFO - EPOCH 0 - PROGRESS: at 42.00% examples, 828049 words/s, in_qsize 24, out_qsize 4
2026-02-02 15:49:48,846 - INFO - EPOCH 0 - PROGRESS: at 42.13% examples, 828228 words/s, in_qsize 28, out_qsize 2
2026-02-02 15:49:49,854 - INFO - EPOCH 0 - PROGRESS: at 42.27% examples, 828472 words/s, in_qsize 27, out_qsize 2
2026-02-02 15:49:50,867 - INFO - EPOCH 0 - PROGRESS: at 42.51% examples, 828675 words/s, in_qsize 27, out_qsize 2
2026-02-02 15:49:51,873 - INFO - EPOCH 0 - PROGRESS: at 42.73% examples, 828913 words/s, in_qsize 28, out_qsize 0
2026-02-02 15:49:52,885 - INFO - EPOCH 0 - PROGRESS: at 42.90% examples, 828989 words/s, in_qsize 28, out_qsize 2
2026-02-02 15:49:53,934 - INFO - EPOCH 0 - PROGRESS: at 43.15% examples, 829154 words/s, in_qsize 27, out_qsize 5
2026-02-02 15:49:54,939 - INFO - EPOCH 0 - PROGRESS: at 43.35% examples, 829531 words/s, in_qsize 27, out_qsize 0
2026-02-02 15:49:55,948 - INFO - EPOCH 0 - PROGRESS: at 43.49% examples, 829599 words/s, in_qsize 28, out_qsize 3
2026-02-02 15:49:57,023 - INFO - EPOCH 0 - PROGRESS: at 43.62% examples, 829504 words/s, in_qsize 27, out_qsize 0
2026-02-02 15:49:58,030 - INFO - EPOCH 0 - PROGRESS: at 43.74% examples, 829138 words/s, in_qsize 27, out_qsize 4
2026-02-02 15:49:59,030 - INFO - EPOCH 0 - PROGRESS: at 43.87% examples, 829379 words/s, in_qsize 23, out_qsize 2
2026-02-02 15:50:00,035 - INFO - EPOCH 0 - PROGRESS: at 44.09% examples, 829553 words/s, in_qsize 26, out_qsize 0
2026-02-02 15:50:01,054 - INFO - EPOCH 0 - PROGRESS: at 44.38% examples, 829721 words/s, in_qsize 27, out_qsize 0
2026-02-02 15:50:02,073 - INFO - EPOCH 0 - PROGRESS: at 44.61% examples, 829397 words/s, in_qsize 26, out_qsize 1
2026-02-02 15:50:03,080 - INFO - EPOCH 0 - PROGRESS: at 44.78% examples, 829515 words/s, in_qsize 26, out_qsize 1
2026-02-02 15:50:04,094 - INFO - EPOCH 0 - PROGRESS: at 44.93% examples, 829681 words/s, in_qsize 28, out_qsize 2
2026-02-02 15:50:05,144 - INFO - EPOCH 0 - PROGRESS: at 45.13% examples, 829790 words/s, in_qsize 28, out_qsize 3
2026-02-02 15:50:06,151 - INFO - EPOCH 0 - PROGRESS: at 45.28% examples, 830038 words/s, in_qsize 28, out_qsize 3
2026-02-02 15:50:07,173 - INFO - EPOCH 0 - PROGRESS: at 45.41% examples, 830193 words/s, in_qsize 26, out_qsize 5
2026-02-02 15:50:08,177 - INFO - EPOCH 0 - PROGRESS: at 45.55% examples, 830517 words/s, in_qsize 28, out_qsize 0
2026-02-02 15:50:09,191 - INFO - EPOCH 0 - PROGRESS: at 45.68% examples, 830628 words/s, in_qsize 25, out_qsize 2
2026-02-02 15:50:10,226 - INFO - EPOCH 0 - PROGRESS: at 45.82% examples, 830730 words/s, in_qsize 26, out_qsize 1
2026-02-02 15:50:11,226 - INFO - EPOCH 0 - PROGRESS: at 45.99% examples, 830932 words/s, in_qsize 27, out_qsize 0
2026-02-02 15:50:12,235 - INFO - EPOCH 0 - PROGRESS: at 46.12% examples, 831026 words/s, in_qsize 26, out_qsize 1
2026-02-02 15:50:13,241 - INFO - EPOCH 0 - PROGRESS: at 46.27% examples, 831081 words/s, in_qsize 27, out_qsize 0
2026-02-02 15:50:14,242 - INFO - EPOCH 0 - PROGRESS: at 46.41% examples, 831119 words/s, in_qsize 28, out_qsize 0
2026-02-02 15:50:15,244 - INFO - EPOCH 0 - PROGRESS: at 46.56% examples, 831172 words/s, in_qsize 27, out_qsize 0
2026-02-02 15:50:16,265 - INFO - EPOCH 0 - PROGRESS: at 46.89% examples, 830991 words/s, in_qsize 28, out_qsize 0
2026-02-02 15:50:17,306 - INFO - EPOCH 0 - PROGRESS: at 47.15% examples, 831039 words/s, in_qsize 24, out_qsize 3
2026-02-02 15:50:18,345 - INFO - EPOCH 0 - PROGRESS: at 47.32% examples, 831238 words/s, in_qsize 28, out_qsize 3
2026-02-02 15:50:19,356 - INFO - EPOCH 0 - PROGRESS: at 47.49% examples, 831515 words/s, in_qsize 27, out_qsize 0
2026-02-02 15:50:20,388 - INFO - EPOCH 0 - PROGRESS: at 47.65% examples, 831523 words/s, in_qsize 27, out_qsize 1
2026-02-02 15:50:21,419 - INFO - EPOCH 0 - PROGRESS: at 47.82% examples, 831586 words/s, in_qsize 27, out_qsize 0
2026-02-02 15:50:22,427 - INFO - EPOCH 0 - PROGRESS: at 47.96% examples, 831260 words/s, in_qsize 28, out_qsize 2
2026-02-02 15:50:23,437 - INFO - EPOCH 0 - PROGRESS: at 48.11% examples, 831311 words/s, in_qsize 27, out_qsize 0
2026-02-02 15:50:24,453 - INFO - EPOCH 0 - PROGRESS: at 48.25% examples, 831000 words/s, in_qsize 28, out_qsize 0
2026-02-02 15:50:25,469 - INFO - EPOCH 0 - PROGRESS: at 48.39% examples, 830713 words/s, in_qsize 27, out_qsize 0
2026-02-02 15:50:26,506 - INFO - EPOCH 0 - PROGRESS: at 48.53% examples, 830344 words/s, in_qsize 27, out_qsize 0
2026-02-02 15:50:27,506 - INFO - EPOCH 0 - PROGRESS: at 48.68% examples, 830307 words/s, in_qsize 26, out_qsize 1
2026-02-02 15:50:28,527 - INFO - EPOCH 0 - PROGRESS: at 48.83% examples, 830020 words/s, in_qsize 26, out_qsize 1
2026-02-02 15:50:29,535 - INFO - EPOCH 0 - PROGRESS: at 48.98% examples, 830077 words/s, in_qsize 26, out_qsize 1
2026-02-02 15:50:30,535 - INFO - EPOCH 0 - PROGRESS: at 49.15% examples, 830212 words/s, in_qsize 27, out_qsize 0
2026-02-02 15:50:31,538 - INFO - EPOCH 0 - PROGRESS: at 49.29% examples, 829981 words/s, in_qsize 27, out_qsize 3
2026-02-02 15:50:32,545 - INFO - EPOCH 0 - PROGRESS: at 49.45% examples, 830099 words/s, in_qsize 23, out_qsize 4
2026-02-02 15:50:33,589 - INFO - EPOCH 0 - PROGRESS: at 49.62% examples, 830262 words/s, in_qsize 28, out_qsize 5
2026-02-02 15:50:34,629 - INFO - EPOCH 0 - PROGRESS: at 49.78% examples, 830417 words/s, in_qsize 26, out_qsize 1
2026-02-02 15:50:35,634 - INFO - EPOCH 0 - PROGRESS: at 49.93% examples, 830350 words/s, in_qsize 27, out_qsize 0
2026-02-02 15:50:36,637 - INFO - EPOCH 0 - PROGRESS: at 50.06% examples, 830128 words/s, in_qsize 28, out_qsize 0
2026-02-02 15:50:37,675 - INFO - EPOCH 0 - PROGRESS: at 50.21% examples, 830093 words/s, in_qsize 27, out_qsize 2
2026-02-02 15:50:38,716 - INFO - EPOCH 0 - PROGRESS: at 50.42% examples, 830173 words/s, in_qsize 26, out_qsize 6
2026-02-02 15:50:39,718 - INFO - EPOCH 0 - PROGRESS: at 50.62% examples, 830257 words/s, in_qsize 28, out_qsize 0
2026-02-02 15:50:40,757 - INFO - EPOCH 0 - PROGRESS: at 50.80% examples, 829860 words/s, in_qsize 27, out_qsize 0
2026-02-02 15:50:41,777 - INFO - EPOCH 0 - PROGRESS: at 50.99% examples, 829629 words/s, in_qsize 28, out_qsize 2
2026-02-02 15:50:42,795 - INFO - EPOCH 0 - PROGRESS: at 51.18% examples, 829684 words/s, in_qsize 27, out_qsize 0
2026-02-02 15:50:43,826 - INFO - EPOCH 0 - PROGRESS: at 51.38% examples, 829306 words/s, in_qsize 26, out_qsize 1
2026-02-02 15:50:44,827 - INFO - EPOCH 0 - PROGRESS: at 51.62% examples, 829317 words/s, in_qsize 28, out_qsize 1
2026-02-02 15:50:45,837 - INFO - EPOCH 0 - PROGRESS: at 51.84% examples, 829043 words/s, in_qsize 28, out_qsize 0
2026-02-02 15:50:46,838 - INFO - EPOCH 0 - PROGRESS: at 52.09% examples, 829129 words/s, in_qsize 27, out_qsize 0
2026-02-02 15:50:47,861 - INFO - EPOCH 0 - PROGRESS: at 52.34% examples, 829127 words/s, in_qsize 27, out_qsize 0
2026-02-02 15:50:48,882 - INFO - EPOCH 0 - PROGRESS: at 52.58% examples, 829083 words/s, in_qsize 24, out_qsize 3
2026-02-02 15:50:49,900 - INFO - EPOCH 0 - PROGRESS: at 52.85% examples, 829327 words/s, in_qsize 26, out_qsize 3
2026-02-02 15:50:50,903 - INFO - EPOCH 0 - PROGRESS: at 53.09% examples, 829355 words/s, in_qsize 28, out_qsize 2
2026-02-02 15:50:51,919 - INFO - EPOCH 0 - PROGRESS: at 53.32% examples, 829146 words/s, in_qsize 27, out_qsize 0
2026-02-02 15:50:52,940 - INFO - EPOCH 0 - PROGRESS: at 53.56% examples, 829104 words/s, in_qsize 27, out_qsize 1
2026-02-02 15:50:53,942 - INFO - EPOCH 0 - PROGRESS: at 53.81% examples, 829110 words/s, in_qsize 27, out_qsize 0
2026-02-02 15:50:54,976 - INFO - EPOCH 0 - PROGRESS: at 54.06% examples, 829106 words/s, in_qsize 26, out_qsize 2
2026-02-02 15:50:55,992 - INFO - EPOCH 0 - PROGRESS: at 54.34% examples, 829469 words/s, in_qsize 27, out_qsize 0
2026-02-02 15:50:57,009 - INFO - EPOCH 0 - PROGRESS: at 54.58% examples, 829461 words/s, in_qsize 28, out_qsize 0
2026-02-02 15:50:58,018 - INFO - EPOCH 0 - PROGRESS: at 54.80% examples, 829151 words/s, in_qsize 27, out_qsize 0
2026-02-02 15:50:59,026 - INFO - EPOCH 0 - PROGRESS: at 55.04% examples, 829174 words/s, in_qsize 27, out_qsize 0
2026-02-02 15:51:00,030 - INFO - EPOCH 0 - PROGRESS: at 55.23% examples, 829227 words/s, in_qsize 24, out_qsize 2
2026-02-02 15:51:01,035 - INFO - EPOCH 0 - PROGRESS: at 55.38% examples, 829414 words/s, in_qsize 28, out_qsize 3
2026-02-02 15:51:02,053 - INFO - EPOCH 0 - PROGRESS: at 55.55% examples, 829602 words/s, in_qsize 27, out_qsize 1
2026-02-02 15:51:03,058 - INFO - EPOCH 0 - PROGRESS: at 55.76% examples, 829645 words/s, in_qsize 28, out_qsize 0
2026-02-02 15:51:04,067 - INFO - EPOCH 0 - PROGRESS: at 56.01% examples, 829485 words/s, in_qsize 26, out_qsize 1
2026-02-02 15:51:05,097 - INFO - EPOCH 0 - PROGRESS: at 56.19% examples, 829504 words/s, in_qsize 28, out_qsize 1
2026-02-02 15:51:06,118 - INFO - EPOCH 0 - PROGRESS: at 56.37% examples, 829674 words/s, in_qsize 28, out_qsize 0
2026-02-02 15:51:07,137 - INFO - EPOCH 0 - PROGRESS: at 56.53% examples, 829851 words/s, in_qsize 28, out_qsize 0
2026-02-02 15:51:08,139 - INFO - EPOCH 0 - PROGRESS: at 56.67% examples, 830041 words/s, in_qsize 26, out_qsize 1
2026-02-02 15:51:09,166 - INFO - EPOCH 0 - PROGRESS: at 56.86% examples, 830181 words/s, in_qsize 27, out_qsize 0
2026-02-02 15:51:10,186 - INFO - EPOCH 0 - PROGRESS: at 57.06% examples, 829904 words/s, in_qsize 26, out_qsize 1
2026-02-02 15:51:11,188 - INFO - EPOCH 0 - PROGRESS: at 57.25% examples, 829629 words/s, in_qsize 27, out_qsize 0
2026-02-02 15:51:12,204 - INFO - EPOCH 0 - PROGRESS: at 57.44% examples, 829366 words/s, in_qsize 27, out_qsize 0
2026-02-02 15:51:13,212 - INFO - EPOCH 0 - PROGRESS: at 57.63% examples, 829105 words/s, in_qsize 26, out_qsize 1
2026-02-02 15:51:14,269 - INFO - EPOCH 0 - PROGRESS: at 57.83% examples, 828765 words/s, in_qsize 22, out_qsize 9
2026-02-02 15:51:15,276 - INFO - EPOCH 0 - PROGRESS: at 58.04% examples, 828830 words/s, in_qsize 27, out_qsize 0
2026-02-02 15:51:16,285 - INFO - EPOCH 0 - PROGRESS: at 58.23% examples, 828551 words/s, in_qsize 27, out_qsize 0
2026-02-02 15:51:17,351 - INFO - EPOCH 0 - PROGRESS: at 58.42% examples, 828207 words/s, in_qsize 27, out_qsize 0
2026-02-02 15:51:18,367 - INFO - EPOCH 0 - PROGRESS: at 58.62% examples, 828085 words/s, in_qsize 26, out_qsize 2
2026-02-02 15:51:19,371 - INFO - EPOCH 0 - PROGRESS: at 58.82% examples, 828132 words/s, in_qsize 27, out_qsize 0
2026-02-02 15:51:20,372 - INFO - EPOCH 0 - PROGRESS: at 59.02% examples, 828015 words/s, in_qsize 25, out_qsize 2
2026-02-02 15:51:21,379 - INFO - EPOCH 0 - PROGRESS: at 59.21% examples, 827674 words/s, in_qsize 26, out_qsize 0
2026-02-02 15:51:22,382 - INFO - EPOCH 0 - PROGRESS: at 59.38% examples, 827451 words/s, in_qsize 28, out_qsize 0
2026-02-02 15:51:23,388 - INFO - EPOCH 0 - PROGRESS: at 59.58% examples, 827367 words/s, in_qsize 26, out_qsize 2
2026-02-02 15:51:24,401 - INFO - EPOCH 0 - PROGRESS: at 59.76% examples, 827141 words/s, in_qsize 23, out_qsize 2
2026-02-02 15:51:25,421 - INFO - EPOCH 0 - PROGRESS: at 59.87% examples, 827259 words/s, in_qsize 28, out_qsize 3
2026-02-02 15:51:26,427 - INFO - EPOCH 0 - PROGRESS: at 60.05% examples, 827560 words/s, in_qsize 27, out_qsize 0
2026-02-02 15:51:27,449 - INFO - EPOCH 0 - PROGRESS: at 60.26% examples, 827680 words/s, in_qsize 27, out_qsize 0
2026-02-02 15:51:28,455 - INFO - EPOCH 0 - PROGRESS: at 60.46% examples, 827777 words/s, in_qsize 24, out_qsize 5
2026-02-02 15:51:29,456 - INFO - EPOCH 0 - PROGRESS: at 60.68% examples, 828090 words/s, in_qsize 27, out_qsize 0
2026-02-02 15:51:30,515 - INFO - EPOCH 0 - PROGRESS: at 60.88% examples, 828088 words/s, in_qsize 25, out_qsize 3
2026-02-02 15:51:31,526 - INFO - EPOCH 0 - PROGRESS: at 61.03% examples, 828258 words/s, in_qsize 25, out_qsize 2
2026-02-02 15:51:32,530 - INFO - EPOCH 0 - PROGRESS: at 61.18% examples, 828408 words/s, in_qsize 27, out_qsize 0
2026-02-02 15:51:33,543 - INFO - EPOCH 0 - PROGRESS: at 61.26% examples, 828498 words/s, in_qsize 28, out_qsize 2
2026-02-02 15:51:34,547 - INFO - EPOCH 0 - PROGRESS: at 61.39% examples, 828635 words/s, in_qsize 27, out_qsize 0
2026-02-02 15:51:35,575 - INFO - EPOCH 0 - PROGRESS: at 61.57% examples, 828707 words/s, in_qsize 28, out_qsize 0
2026-02-02 15:51:36,585 - INFO - EPOCH 0 - PROGRESS: at 61.74% examples, 828735 words/s, in_qsize 28, out_qsize 1
2026-02-02 15:51:37,595 - INFO - EPOCH 0 - PROGRESS: at 61.89% examples, 828841 words/s, in_qsize 28, out_qsize 0
2026-02-02 15:51:38,597 - INFO - EPOCH 0 - PROGRESS: at 62.08% examples, 828986 words/s, in_qsize 23, out_qsize 0
2026-02-02 15:51:39,598 - INFO - EPOCH 0 - PROGRESS: at 62.19% examples, 829135 words/s, in_qsize 28, out_qsize 0
2026-02-02 15:51:40,628 - INFO - EPOCH 0 - PROGRESS: at 62.34% examples, 828835 words/s, in_qsize 27, out_qsize 0
2026-02-02 15:51:41,645 - INFO - EPOCH 0 - PROGRESS: at 62.50% examples, 828770 words/s, in_qsize 27, out_qsize 4
2026-02-02 15:51:42,648 - INFO - EPOCH 0 - PROGRESS: at 62.66% examples, 828669 words/s, in_qsize 28, out_qsize 4
2026-02-02 15:51:43,693 - INFO - EPOCH 0 - PROGRESS: at 62.84% examples, 828804 words/s, in_qsize 28, out_qsize 0
2026-02-02 15:51:44,713 - INFO - EPOCH 0 - PROGRESS: at 63.04% examples, 828840 words/s, in_qsize 27, out_qsize 0
2026-02-02 15:51:45,722 - INFO - EPOCH 0 - PROGRESS: at 63.18% examples, 828718 words/s, in_qsize 25, out_qsize 7
2026-02-02 15:51:46,741 - INFO - EPOCH 0 - PROGRESS: at 63.33% examples, 828968 words/s, in_qsize 26, out_qsize 2
2026-02-02 15:51:47,768 - INFO - EPOCH 0 - PROGRESS: at 63.47% examples, 829029 words/s, in_qsize 27, out_qsize 1
2026-02-02 15:51:48,780 - INFO - EPOCH 0 - PROGRESS: at 63.67% examples, 829091 words/s, in_qsize 26, out_qsize 3
2026-02-02 15:51:49,819 - INFO - EPOCH 0 - PROGRESS: at 63.89% examples, 829151 words/s, in_qsize 27, out_qsize 1
2026-02-02 15:51:50,840 - INFO - EPOCH 0 - PROGRESS: at 64.12% examples, 829232 words/s, in_qsize 28, out_qsize 0
2026-02-02 15:51:51,856 - INFO - EPOCH 0 - PROGRESS: at 64.27% examples, 829290 words/s, in_qsize 25, out_qsize 2
2026-02-02 15:51:52,865 - INFO - EPOCH 0 - PROGRESS: at 64.43% examples, 829476 words/s, in_qsize 24, out_qsize 0
2026-02-02 15:51:53,891 - INFO - EPOCH 0 - PROGRESS: at 64.57% examples, 829483 words/s, in_qsize 22, out_qsize 8
2026-02-02 15:51:54,901 - INFO - EPOCH 0 - PROGRESS: at 64.78% examples, 829681 words/s, in_qsize 28, out_qsize 0
2026-02-02 15:51:55,920 - INFO - EPOCH 0 - PROGRESS: at 64.97% examples, 829772 words/s, in_qsize 28, out_qsize 1
2026-02-02 15:51:56,923 - INFO - EPOCH 0 - PROGRESS: at 65.18% examples, 830023 words/s, in_qsize 27, out_qsize 0
2026-02-02 15:51:57,944 - INFO - EPOCH 0 - PROGRESS: at 65.37% examples, 830042 words/s, in_qsize 26, out_qsize 1
2026-02-02 15:51:58,947 - INFO - EPOCH 0 - PROGRESS: at 65.59% examples, 830190 words/s, in_qsize 28, out_qsize 2
2026-02-02 15:51:59,964 - INFO - EPOCH 0 - PROGRESS: at 65.75% examples, 830153 words/s, in_qsize 27, out_qsize 0
2026-02-02 15:52:00,999 - INFO - EPOCH 0 - PROGRESS: at 65.93% examples, 829950 words/s, in_qsize 27, out_qsize 0
2026-02-02 15:52:02,016 - INFO - EPOCH 0 - PROGRESS: at 66.08% examples, 829744 words/s, in_qsize 27, out_qsize 0
2026-02-02 15:52:03,033 - INFO - EPOCH 0 - PROGRESS: at 66.24% examples, 829779 words/s, in_qsize 27, out_qsize 0
2026-02-02 15:52:04,067 - INFO - EPOCH 0 - PROGRESS: at 66.40% examples, 829515 words/s, in_qsize 27, out_qsize 0
2026-02-02 15:52:05,121 - INFO - EPOCH 0 - PROGRESS: at 66.51% examples, 829440 words/s, in_qsize 28, out_qsize 4
2026-02-02 15:52:06,143 - INFO - EPOCH 0 - PROGRESS: at 66.63% examples, 829555 words/s, in_qsize 28, out_qsize 5
2026-02-02 15:52:07,161 - INFO - EPOCH 0 - PROGRESS: at 66.72% examples, 829660 words/s, in_qsize 25, out_qsize 4
2026-02-02 15:52:08,167 - INFO - EPOCH 0 - PROGRESS: at 66.85% examples, 829724 words/s, in_qsize 25, out_qsize 0
2026-02-02 15:52:09,171 - INFO - EPOCH 0 - PROGRESS: at 66.94% examples, 829865 words/s, in_qsize 26, out_qsize 0
2026-02-02 15:52:10,176 - INFO - EPOCH 0 - PROGRESS: at 67.08% examples, 829948 words/s, in_qsize 27, out_qsize 0
2026-02-02 15:52:11,184 - INFO - EPOCH 0 - PROGRESS: at 67.27% examples, 829920 words/s, in_qsize 27, out_qsize 0
2026-02-02 15:52:12,209 - INFO - EPOCH 0 - PROGRESS: at 67.42% examples, 829900 words/s, in_qsize 26, out_qsize 3
2026-02-02 15:52:13,212 - INFO - EPOCH 0 - PROGRESS: at 67.58% examples, 830051 words/s, in_qsize 28, out_qsize 0
2026-02-02 15:52:14,218 - INFO - EPOCH 0 - PROGRESS: at 67.73% examples, 829984 words/s, in_qsize 28, out_qsize 0
2026-02-02 15:52:15,226 - INFO - EPOCH 0 - PROGRESS: at 67.88% examples, 830060 words/s, in_qsize 27, out_qsize 4
2026-02-02 15:52:16,227 - INFO - EPOCH 0 - PROGRESS: at 68.01% examples, 830057 words/s, in_qsize 28, out_qsize 0
2026-02-02 15:52:17,237 - INFO - EPOCH 0 - PROGRESS: at 68.14% examples, 829892 words/s, in_qsize 27, out_qsize 0
2026-02-02 15:52:18,266 - INFO - EPOCH 0 - PROGRESS: at 68.27% examples, 829883 words/s, in_qsize 27, out_qsize 0
2026-02-02 15:52:19,297 - INFO - EPOCH 0 - PROGRESS: at 68.46% examples, 829961 words/s, in_qsize 27, out_qsize 0
2026-02-02 15:52:20,328 - INFO - EPOCH 0 - PROGRESS: at 68.62% examples, 830035 words/s, in_qsize 26, out_qsize 2
2026-02-02 15:52:21,332 - INFO - EPOCH 0 - PROGRESS: at 68.79% examples, 830225 words/s, in_qsize 26, out_qsize 1
2026-02-02 15:52:22,389 - INFO - EPOCH 0 - PROGRESS: at 68.96% examples, 830204 words/s, in_qsize 23, out_qsize 8
2026-02-02 15:52:23,390 - INFO - EPOCH 0 - PROGRESS: at 69.12% examples, 830299 words/s, in_qsize 27, out_qsize 0
2026-02-02 15:52:24,447 - INFO - EPOCH 0 - PROGRESS: at 69.37% examples, 830005 words/s, in_qsize 28, out_qsize 0
2026-02-02 15:52:25,454 - INFO - EPOCH 0 - PROGRESS: at 69.63% examples, 829801 words/s, in_qsize 26, out_qsize 0
2026-02-02 15:52:26,465 - INFO - EPOCH 0 - PROGRESS: at 69.85% examples, 829572 words/s, in_qsize 27, out_qsize 0
2026-02-02 15:52:27,482 - INFO - EPOCH 0 - PROGRESS: at 70.01% examples, 829570 words/s, in_qsize 26, out_qsize 1
2026-02-02 15:52:28,485 - INFO - EPOCH 0 - PROGRESS: at 70.18% examples, 829713 words/s, in_qsize 27, out_qsize 2
2026-02-02 15:52:29,500 - INFO - EPOCH 0 - PROGRESS: at 70.34% examples, 829835 words/s, in_qsize 27, out_qsize 2
2026-02-02 15:52:30,520 - INFO - EPOCH 0 - PROGRESS: at 70.51% examples, 829964 words/s, in_qsize 28, out_qsize 1
2026-02-02 15:52:31,566 - INFO - EPOCH 0 - PROGRESS: at 70.68% examples, 829979 words/s, in_qsize 28, out_qsize 1
2026-02-02 15:52:32,567 - INFO - EPOCH 0 - PROGRESS: at 70.83% examples, 830092 words/s, in_qsize 28, out_qsize 2
2026-02-02 15:52:33,568 - INFO - EPOCH 0 - PROGRESS: at 70.99% examples, 830249 words/s, in_qsize 26, out_qsize 0
2026-02-02 15:52:34,608 - INFO - EPOCH 0 - PROGRESS: at 71.15% examples, 830298 words/s, in_qsize 27, out_qsize 2
2026-02-02 15:52:35,651 - INFO - EPOCH 0 - PROGRESS: at 71.34% examples, 830368 words/s, in_qsize 28, out_qsize 1
2026-02-02 15:52:36,669 - INFO - EPOCH 0 - PROGRESS: at 71.56% examples, 830433 words/s, in_qsize 27, out_qsize 0
2026-02-02 15:52:37,673 - INFO - EPOCH 0 - PROGRESS: at 71.79% examples, 830525 words/s, in_qsize 27, out_qsize 0
2026-02-02 15:52:38,711 - INFO - EPOCH 0 - PROGRESS: at 71.95% examples, 830456 words/s, in_qsize 28, out_qsize 6
2026-02-02 15:52:39,716 - INFO - EPOCH 0 - PROGRESS: at 72.08% examples, 830227 words/s, in_qsize 21, out_qsize 6
2026-02-02 15:52:40,720 - INFO - EPOCH 0 - PROGRESS: at 72.25% examples, 830127 words/s, in_qsize 28, out_qsize 4
2026-02-02 15:52:41,725 - INFO - EPOCH 0 - PROGRESS: at 72.44% examples, 829927 words/s, in_qsize 28, out_qsize 0
2026-02-02 15:52:42,735 - INFO - EPOCH 0 - PROGRESS: at 72.61% examples, 829493 words/s, in_qsize 26, out_qsize 3
2026-02-02 15:52:43,737 - INFO - EPOCH 0 - PROGRESS: at 72.80% examples, 829209 words/s, in_qsize 21, out_qsize 8
2026-02-02 15:52:44,785 - INFO - EPOCH 0 - PROGRESS: at 73.01% examples, 829136 words/s, in_qsize 27, out_qsize 0
2026-02-02 15:52:45,795 - INFO - EPOCH 0 - PROGRESS: at 73.13% examples, 829193 words/s, in_qsize 27, out_qsize 0
2026-02-02 15:52:46,809 - INFO - EPOCH 0 - PROGRESS: at 73.26% examples, 829238 words/s, in_qsize 27, out_qsize 0
2026-02-02 15:52:47,811 - INFO - EPOCH 0 - PROGRESS: at 73.40% examples, 829307 words/s, in_qsize 27, out_qsize 1
2026-02-02 15:52:48,815 - INFO - EPOCH 0 - PROGRESS: at 73.53% examples, 829453 words/s, in_qsize 26, out_qsize 0
2026-02-02 15:52:49,842 - INFO - EPOCH 0 - PROGRESS: at 73.64% examples, 829506 words/s, in_qsize 27, out_qsize 0
2026-02-02 15:52:50,857 - INFO - EPOCH 0 - PROGRESS: at 73.84% examples, 829643 words/s, in_qsize 28, out_qsize 2
2026-02-02 15:52:51,860 - INFO - EPOCH 0 - PROGRESS: at 74.06% examples, 829806 words/s, in_qsize 27, out_qsize 2
2026-02-02 15:52:52,868 - INFO - EPOCH 0 - PROGRESS: at 74.28% examples, 830009 words/s, in_qsize 28, out_qsize 0
2026-02-02 15:52:53,903 - INFO - EPOCH 0 - PROGRESS: at 74.49% examples, 830130 words/s, in_qsize 28, out_qsize 0
2026-02-02 15:52:54,986 - INFO - EPOCH 0 - PROGRESS: at 74.67% examples, 830146 words/s, in_qsize 26, out_qsize 9
2026-02-02 15:52:55,994 - INFO - EPOCH 0 - PROGRESS: at 74.83% examples, 830147 words/s, in_qsize 27, out_qsize 0
2026-02-02 15:52:57,023 - INFO - EPOCH 0 - PROGRESS: at 74.99% examples, 829990 words/s, in_qsize 27, out_qsize 0
2026-02-02 15:52:58,038 - INFO - EPOCH 0 - PROGRESS: at 75.18% examples, 829784 words/s, in_qsize 25, out_qsize 2
2026-02-02 15:52:59,074 - INFO - EPOCH 0 - PROGRESS: at 75.39% examples, 829758 words/s, in_qsize 28, out_qsize 0
2026-02-02 15:53:00,089 - INFO - EPOCH 0 - PROGRESS: at 75.56% examples, 829566 words/s, in_qsize 28, out_qsize 0
2026-02-02 15:53:01,098 - INFO - EPOCH 0 - PROGRESS: at 75.73% examples, 829404 words/s, in_qsize 27, out_qsize 1
2026-02-02 15:53:02,109 - INFO - EPOCH 0 - PROGRESS: at 75.92% examples, 829420 words/s, in_qsize 26, out_qsize 1
2026-02-02 15:53:03,109 - INFO - EPOCH 0 - PROGRESS: at 76.10% examples, 829311 words/s, in_qsize 26, out_qsize 1
2026-02-02 15:53:04,126 - INFO - EPOCH 0 - PROGRESS: at 76.27% examples, 829153 words/s, in_qsize 26, out_qsize 0
2026-02-02 15:53:05,144 - INFO - EPOCH 0 - PROGRESS: at 76.46% examples, 829182 words/s, in_qsize 26, out_qsize 2
2026-02-02 15:53:06,156 - INFO - EPOCH 0 - PROGRESS: at 76.68% examples, 829299 words/s, in_qsize 27, out_qsize 0
2026-02-02 15:53:07,164 - INFO - EPOCH 0 - PROGRESS: at 76.85% examples, 829304 words/s, in_qsize 28, out_qsize 2
2026-02-02 15:53:08,177 - INFO - EPOCH 0 - PROGRESS: at 77.02% examples, 829210 words/s, in_qsize 27, out_qsize 0
2026-02-02 15:53:09,195 - INFO - EPOCH 0 - PROGRESS: at 77.19% examples, 828962 words/s, in_qsize 25, out_qsize 2
2026-02-02 15:53:10,201 - INFO - EPOCH 0 - PROGRESS: at 77.39% examples, 829057 words/s, in_qsize 27, out_qsize 4
2026-02-02 15:53:11,231 - INFO - EPOCH 0 - PROGRESS: at 77.58% examples, 829040 words/s, in_qsize 27, out_qsize 0
2026-02-02 15:53:12,243 - INFO - EPOCH 0 - PROGRESS: at 77.77% examples, 829108 words/s, in_qsize 27, out_qsize 1
2026-02-02 15:53:13,264 - INFO - EPOCH 0 - PROGRESS: at 77.97% examples, 829142 words/s, in_qsize 28, out_qsize 0
2026-02-02 15:53:14,285 - INFO - EPOCH 0 - PROGRESS: at 78.15% examples, 829166 words/s, in_qsize 27, out_qsize 2
2026-02-02 15:53:15,287 - INFO - EPOCH 0 - PROGRESS: at 78.33% examples, 829398 words/s, in_qsize 28, out_qsize 2
2026-02-02 15:53:16,300 - INFO - EPOCH 0 - PROGRESS: at 78.53% examples, 829717 words/s, in_qsize 27, out_qsize 0
2026-02-02 15:53:17,325 - INFO - EPOCH 0 - PROGRESS: at 78.72% examples, 829942 words/s, in_qsize 25, out_qsize 2
2026-02-02 15:53:18,332 - INFO - EPOCH 0 - PROGRESS: at 78.91% examples, 830235 words/s, in_qsize 27, out_qsize 1
2026-02-02 15:53:19,334 - INFO - EPOCH 0 - PROGRESS: at 79.11% examples, 830570 words/s, in_qsize 27, out_qsize 0
2026-02-02 15:53:20,337 - INFO - EPOCH 0 - PROGRESS: at 79.29% examples, 830742 words/s, in_qsize 28, out_qsize 2
2026-02-02 15:53:21,337 - INFO - EPOCH 0 - PROGRESS: at 79.47% examples, 830921 words/s, in_qsize 25, out_qsize 2
2026-02-02 15:53:22,347 - INFO - EPOCH 0 - PROGRESS: at 79.66% examples, 831186 words/s, in_qsize 25, out_qsize 1
2026-02-02 15:53:23,360 - INFO - EPOCH 0 - PROGRESS: at 79.85% examples, 831410 words/s, in_qsize 28, out_qsize 2
2026-02-02 15:53:24,382 - INFO - EPOCH 0 - PROGRESS: at 80.05% examples, 831668 words/s, in_qsize 28, out_qsize 3
2026-02-02 15:53:25,395 - INFO - EPOCH 0 - PROGRESS: at 80.24% examples, 832011 words/s, in_qsize 28, out_qsize 0
2026-02-02 15:53:26,424 - INFO - EPOCH 0 - PROGRESS: at 80.41% examples, 832098 words/s, in_qsize 27, out_qsize 1
2026-02-02 15:53:27,426 - INFO - EPOCH 0 - PROGRESS: at 80.56% examples, 832213 words/s, in_qsize 28, out_qsize 0
2026-02-02 15:53:28,430 - INFO - EPOCH 0 - PROGRESS: at 80.68% examples, 832240 words/s, in_qsize 28, out_qsize 3
2026-02-02 15:53:29,453 - INFO - EPOCH 0 - PROGRESS: at 80.83% examples, 832178 words/s, in_qsize 27, out_qsize 0
2026-02-02 15:53:30,457 - INFO - EPOCH 0 - PROGRESS: at 80.98% examples, 832024 words/s, in_qsize 28, out_qsize 1
2026-02-02 15:53:31,480 - INFO - EPOCH 0 - PROGRESS: at 81.15% examples, 832008 words/s, in_qsize 27, out_qsize 0
2026-02-02 15:53:32,494 - INFO - EPOCH 0 - PROGRESS: at 81.31% examples, 832056 words/s, in_qsize 27, out_qsize 1
2026-02-02 15:53:33,512 - INFO - EPOCH 0 - PROGRESS: at 81.48% examples, 832114 words/s, in_qsize 23, out_qsize 6
2026-02-02 15:53:34,518 - INFO - EPOCH 0 - PROGRESS: at 81.64% examples, 832123 words/s, in_qsize 22, out_qsize 1
2026-02-02 15:53:35,533 - INFO - EPOCH 0 - PROGRESS: at 81.80% examples, 832183 words/s, in_qsize 28, out_qsize 0
2026-02-02 15:53:36,541 - INFO - EPOCH 0 - PROGRESS: at 81.98% examples, 832251 words/s, in_qsize 28, out_qsize 0
2026-02-02 15:53:37,552 - INFO - EPOCH 0 - PROGRESS: at 82.16% examples, 832310 words/s, in_qsize 28, out_qsize 0
2026-02-02 15:53:38,599 - INFO - EPOCH 0 - PROGRESS: at 82.35% examples, 832405 words/s, in_qsize 24, out_qsize 3
2026-02-02 15:53:39,609 - INFO - EPOCH 0 - PROGRESS: at 82.54% examples, 832572 words/s, in_qsize 26, out_qsize 1
2026-02-02 15:53:40,611 - INFO - EPOCH 0 - PROGRESS: at 82.72% examples, 832630 words/s, in_qsize 27, out_qsize 0
2026-02-02 15:53:41,616 - INFO - EPOCH 0 - PROGRESS: at 82.87% examples, 832747 words/s, in_qsize 25, out_qsize 2
2026-02-02 15:53:42,620 - INFO - EPOCH 0 - PROGRESS: at 83.02% examples, 832877 words/s, in_qsize 25, out_qsize 2
2026-02-02 15:53:43,633 - INFO - EPOCH 0 - PROGRESS: at 83.17% examples, 833077 words/s, in_qsize 28, out_qsize 0
2026-02-02 15:53:44,637 - INFO - EPOCH 0 - PROGRESS: at 83.30% examples, 833187 words/s, in_qsize 26, out_qsize 0
2026-02-02 15:53:45,643 - INFO - EPOCH 0 - PROGRESS: at 83.47% examples, 833305 words/s, in_qsize 26, out_qsize 1
2026-02-02 15:53:46,647 - INFO - EPOCH 0 - PROGRESS: at 83.63% examples, 833370 words/s, in_qsize 27, out_qsize 0
2026-02-02 15:53:47,687 - INFO - EPOCH 0 - PROGRESS: at 83.82% examples, 833354 words/s, in_qsize 28, out_qsize 1
2026-02-02 15:53:48,688 - INFO - EPOCH 0 - PROGRESS: at 83.99% examples, 833224 words/s, in_qsize 27, out_qsize 0
2026-02-02 15:53:49,688 - INFO - EPOCH 0 - PROGRESS: at 84.15% examples, 833016 words/s, in_qsize 27, out_qsize 0
2026-02-02 15:53:50,725 - INFO - EPOCH 0 - PROGRESS: at 84.28% examples, 832746 words/s, in_qsize 25, out_qsize 2
2026-02-02 15:53:51,726 - INFO - EPOCH 0 - PROGRESS: at 84.41% examples, 832817 words/s, in_qsize 26, out_qsize 1
2026-02-02 15:53:52,753 - INFO - EPOCH 0 - PROGRESS: at 84.55% examples, 832905 words/s, in_qsize 25, out_qsize 2
2026-02-02 15:53:53,758 - INFO - EPOCH 0 - PROGRESS: at 84.66% examples, 832980 words/s, in_qsize 26, out_qsize 1
2026-02-02 15:53:54,759 - INFO - EPOCH 0 - PROGRESS: at 84.77% examples, 833053 words/s, in_qsize 27, out_qsize 0
2026-02-02 15:53:55,767 - INFO - EPOCH 0 - PROGRESS: at 84.97% examples, 833161 words/s, in_qsize 27, out_qsize 0
2026-02-02 15:53:56,772 - INFO - EPOCH 0 - PROGRESS: at 85.17% examples, 833230 words/s, in_qsize 27, out_qsize 0
2026-02-02 15:53:57,772 - INFO - EPOCH 0 - PROGRESS: at 85.35% examples, 833329 words/s, in_qsize 26, out_qsize 1
2026-02-02 15:53:58,776 - INFO - EPOCH 0 - PROGRESS: at 85.54% examples, 833420 words/s, in_qsize 26, out_qsize 1
2026-02-02 15:53:59,777 - INFO - EPOCH 0 - PROGRESS: at 85.71% examples, 833350 words/s, in_qsize 27, out_qsize 0
2026-02-02 15:54:00,782 - INFO - EPOCH 0 - PROGRESS: at 85.90% examples, 833421 words/s, in_qsize 27, out_qsize 0
2026-02-02 15:54:01,797 - INFO - EPOCH 0 - PROGRESS: at 86.08% examples, 833476 words/s, in_qsize 28, out_qsize 2
2026-02-02 15:54:02,803 - INFO - EPOCH 0 - PROGRESS: at 86.28% examples, 833656 words/s, in_qsize 28, out_qsize 1
2026-02-02 15:54:03,835 - INFO - EPOCH 0 - PROGRESS: at 86.45% examples, 833711 words/s, in_qsize 28, out_qsize 4
2026-02-02 15:54:04,875 - INFO - EPOCH 0 - PROGRESS: at 86.61% examples, 833770 words/s, in_qsize 25, out_qsize 4
2026-02-02 15:54:05,876 - INFO - EPOCH 0 - PROGRESS: at 86.80% examples, 833881 words/s, in_qsize 27, out_qsize 0
2026-02-02 15:54:06,880 - INFO - EPOCH 0 - PROGRESS: at 87.02% examples, 833884 words/s, in_qsize 25, out_qsize 2
2026-02-02 15:54:07,883 - INFO - EPOCH 0 - PROGRESS: at 87.22% examples, 833955 words/s, in_qsize 25, out_qsize 2
2026-02-02 15:54:08,915 - INFO - EPOCH 0 - PROGRESS: at 87.42% examples, 834043 words/s, in_qsize 25, out_qsize 2
2026-02-02 15:54:09,958 - INFO - EPOCH 0 - PROGRESS: at 87.59% examples, 834101 words/s, in_qsize 28, out_qsize 0
2026-02-02 15:54:10,958 - INFO - EPOCH 0 - PROGRESS: at 87.73% examples, 833981 words/s, in_qsize 27, out_qsize 0
2026-02-02 15:54:11,971 - INFO - EPOCH 0 - PROGRESS: at 87.90% examples, 834010 words/s, in_qsize 27, out_qsize 0
2026-02-02 15:54:13,004 - INFO - EPOCH 0 - PROGRESS: at 88.02% examples, 833784 words/s, in_qsize 27, out_qsize 0
2026-02-02 15:54:14,018 - INFO - EPOCH 0 - PROGRESS: at 88.14% examples, 833579 words/s, in_qsize 27, out_qsize 0
2026-02-02 15:54:15,025 - INFO - EPOCH 0 - PROGRESS: at 88.29% examples, 833468 words/s, in_qsize 24, out_qsize 1
2026-02-02 15:54:16,047 - INFO - EPOCH 0 - PROGRESS: at 88.47% examples, 833510 words/s, in_qsize 26, out_qsize 1
2026-02-02 15:54:17,089 - INFO - EPOCH 0 - PROGRESS: at 88.67% examples, 833341 words/s, in_qsize 27, out_qsize 5
2026-02-02 15:54:18,112 - INFO - EPOCH 0 - PROGRESS: at 88.81% examples, 833286 words/s, in_qsize 28, out_qsize 1
2026-02-02 15:54:19,131 - INFO - EPOCH 0 - PROGRESS: at 88.94% examples, 833335 words/s, in_qsize 27, out_qsize 4
2026-02-02 15:54:20,139 - INFO - EPOCH 0 - PROGRESS: at 89.14% examples, 833469 words/s, in_qsize 27, out_qsize 0
2026-02-02 15:54:21,142 - INFO - EPOCH 0 - PROGRESS: at 89.34% examples, 833563 words/s, in_qsize 26, out_qsize 1
2026-02-02 15:54:22,160 - INFO - EPOCH 0 - PROGRESS: at 89.54% examples, 833584 words/s, in_qsize 27, out_qsize 1
2026-02-02 15:54:23,189 - INFO - EPOCH 0 - PROGRESS: at 89.75% examples, 833595 words/s, in_qsize 28, out_qsize 1
2026-02-02 15:54:24,193 - INFO - EPOCH 0 - PROGRESS: at 89.95% examples, 833530 words/s, in_qsize 27, out_qsize 0
2026-02-02 15:54:25,197 - INFO - EPOCH 0 - PROGRESS: at 90.16% examples, 833558 words/s, in_qsize 24, out_qsize 1
2026-02-02 15:54:26,203 - INFO - EPOCH 0 - PROGRESS: at 90.35% examples, 833414 words/s, in_qsize 27, out_qsize 0
2026-02-02 15:54:27,249 - INFO - EPOCH 0 - PROGRESS: at 90.55% examples, 833341 words/s, in_qsize 27, out_qsize 0
2026-02-02 15:54:28,250 - INFO - EPOCH 0 - PROGRESS: at 90.74% examples, 833207 words/s, in_qsize 27, out_qsize 0
2026-02-02 15:54:29,267 - INFO - EPOCH 0 - PROGRESS: at 90.93% examples, 833018 words/s, in_qsize 27, out_qsize 0
2026-02-02 15:54:30,296 - INFO - EPOCH 0 - PROGRESS: at 91.11% examples, 832808 words/s, in_qsize 28, out_qsize 0
2026-02-02 15:54:31,321 - INFO - EPOCH 0 - PROGRESS: at 91.33% examples, 832764 words/s, in_qsize 27, out_qsize 0
2026-02-02 15:54:32,333 - INFO - EPOCH 0 - PROGRESS: at 91.44% examples, 832639 words/s, in_qsize 27, out_qsize 0
2026-02-02 15:54:33,337 - INFO - EPOCH 0 - PROGRESS: at 91.59% examples, 832713 words/s, in_qsize 27, out_qsize 0
2026-02-02 15:54:34,340 - INFO - EPOCH 0 - PROGRESS: at 91.78% examples, 832860 words/s, in_qsize 28, out_qsize 0
2026-02-02 15:54:35,368 - INFO - EPOCH 0 - PROGRESS: at 92.02% examples, 832878 words/s, in_qsize 28, out_qsize 1
2026-02-02 15:54:36,378 - INFO - EPOCH 0 - PROGRESS: at 92.27% examples, 833025 words/s, in_qsize 27, out_qsize 1
2026-02-02 15:54:37,378 - INFO - EPOCH 0 - PROGRESS: at 92.53% examples, 833229 words/s, in_qsize 28, out_qsize 2
2026-02-02 15:54:38,379 - INFO - EPOCH 0 - PROGRESS: at 92.79% examples, 833450 words/s, in_qsize 27, out_qsize 0
2026-02-02 15:54:39,402 - INFO - EPOCH 0 - PROGRESS: at 93.04% examples, 833618 words/s, in_qsize 28, out_qsize 2
2026-02-02 15:54:40,430 - INFO - EPOCH 0 - PROGRESS: at 93.30% examples, 833778 words/s, in_qsize 28, out_qsize 1
2026-02-02 15:54:41,451 - INFO - EPOCH 0 - PROGRESS: at 93.51% examples, 833645 words/s, in_qsize 28, out_qsize 1
2026-02-02 15:54:42,459 - INFO - EPOCH 0 - PROGRESS: at 93.77% examples, 833865 words/s, in_qsize 27, out_qsize 1
2026-02-02 15:54:43,465 - INFO - EPOCH 0 - PROGRESS: at 94.03% examples, 834071 words/s, in_qsize 27, out_qsize 0
2026-02-02 15:54:44,474 - INFO - EPOCH 0 - PROGRESS: at 94.28% examples, 834201 words/s, in_qsize 27, out_qsize 1
2026-02-02 15:54:45,492 - INFO - EPOCH 0 - PROGRESS: at 94.44% examples, 834252 words/s, in_qsize 28, out_qsize 0
2026-02-02 15:54:46,505 - INFO - EPOCH 0 - PROGRESS: at 94.57% examples, 834307 words/s, in_qsize 27, out_qsize 0
2026-02-02 15:54:47,510 - INFO - EPOCH 0 - PROGRESS: at 94.74% examples, 834423 words/s, in_qsize 28, out_qsize 0
2026-02-02 15:54:48,520 - INFO - EPOCH 0 - PROGRESS: at 94.89% examples, 834453 words/s, in_qsize 28, out_qsize 1
2026-02-02 15:54:49,521 - INFO - EPOCH 0 - PROGRESS: at 95.02% examples, 834598 words/s, in_qsize 28, out_qsize 0
2026-02-02 15:54:50,524 - INFO - EPOCH 0 - PROGRESS: at 95.20% examples, 834646 words/s, in_qsize 25, out_qsize 2
2026-02-02 15:54:51,545 - INFO - EPOCH 0 - PROGRESS: at 95.30% examples, 834715 words/s, in_qsize 27, out_qsize 1
2026-02-02 15:54:52,582 - INFO - EPOCH 0 - PROGRESS: at 95.48% examples, 834744 words/s, in_qsize 25, out_qsize 2
2026-02-02 15:54:53,588 - INFO - EPOCH 0 - PROGRESS: at 95.70% examples, 834821 words/s, in_qsize 28, out_qsize 1
2026-02-02 15:54:54,604 - INFO - EPOCH 0 - PROGRESS: at 95.82% examples, 834896 words/s, in_qsize 25, out_qsize 2
2026-02-02 15:54:55,605 - INFO - EPOCH 0 - PROGRESS: at 95.97% examples, 835025 words/s, in_qsize 26, out_qsize 1
2026-02-02 15:54:56,607 - INFO - EPOCH 0 - PROGRESS: at 96.09% examples, 835080 words/s, in_qsize 28, out_qsize 0
2026-02-02 15:54:57,614 - INFO - EPOCH 0 - PROGRESS: at 96.27% examples, 835170 words/s, in_qsize 28, out_qsize 1
2026-02-02 15:54:58,628 - INFO - EPOCH 0 - PROGRESS: at 96.45% examples, 835270 words/s, in_qsize 24, out_qsize 1
2026-02-02 15:54:59,638 - INFO - EPOCH 0 - PROGRESS: at 96.63% examples, 835335 words/s, in_qsize 26, out_qsize 4
2026-02-02 15:55:00,657 - INFO - EPOCH 0 - PROGRESS: at 96.82% examples, 835274 words/s, in_qsize 27, out_qsize 0
2026-02-02 15:55:01,687 - INFO - EPOCH 0 - PROGRESS: at 96.94% examples, 835224 words/s, in_qsize 27, out_qsize 1
2026-02-02 15:55:02,695 - INFO - EPOCH 0 - PROGRESS: at 97.06% examples, 835264 words/s, in_qsize 26, out_qsize 1
2026-02-02 15:55:03,707 - INFO - EPOCH 0 - PROGRESS: at 97.21% examples, 835336 words/s, in_qsize 25, out_qsize 2
2026-02-02 15:55:04,734 - INFO - EPOCH 0 - PROGRESS: at 97.42% examples, 835347 words/s, in_qsize 26, out_qsize 1
2026-02-02 15:55:05,749 - INFO - EPOCH 0 - PROGRESS: at 97.56% examples, 835388 words/s, in_qsize 27, out_qsize 0
2026-02-02 15:55:06,751 - INFO - EPOCH 0 - PROGRESS: at 97.71% examples, 835376 words/s, in_qsize 25, out_qsize 0
2026-02-02 15:55:07,752 - INFO - EPOCH 0 - PROGRESS: at 97.86% examples, 835371 words/s, in_qsize 27, out_qsize 0
2026-02-02 15:55:08,755 - INFO - EPOCH 0 - PROGRESS: at 97.99% examples, 835424 words/s, in_qsize 27, out_qsize 0
2026-02-02 15:55:09,765 - INFO - EPOCH 0 - PROGRESS: at 98.17% examples, 835538 words/s, in_qsize 28, out_qsize 0
2026-02-02 15:55:10,774 - INFO - EPOCH 0 - PROGRESS: at 98.35% examples, 835671 words/s, in_qsize 28, out_qsize 0
2026-02-02 15:55:11,806 - INFO - EPOCH 0 - PROGRESS: at 98.52% examples, 835738 words/s, in_qsize 27, out_qsize 3
2026-02-02 15:55:12,807 - INFO - EPOCH 0 - PROGRESS: at 98.63% examples, 835860 words/s, in_qsize 26, out_qsize 2
2026-02-02 15:55:13,824 - INFO - EPOCH 0 - PROGRESS: at 98.75% examples, 835971 words/s, in_qsize 28, out_qsize 0
2026-02-02 15:55:14,825 - INFO - EPOCH 0 - PROGRESS: at 98.93% examples, 836043 words/s, in_qsize 27, out_qsize 0
2026-02-02 15:55:15,830 - INFO - EPOCH 0 - PROGRESS: at 99.12% examples, 835992 words/s, in_qsize 28, out_qsize 1
2026-02-02 15:55:16,837 - INFO - EPOCH 0 - PROGRESS: at 99.31% examples, 835907 words/s, in_qsize 27, out_qsize 1
2026-02-02 15:55:17,840 - INFO - EPOCH 0 - PROGRESS: at 99.47% examples, 835912 words/s, in_qsize 27, out_qsize 0
2026-02-02 15:55:18,884 - INFO - EPOCH 0 - PROGRESS: at 99.63% examples, 835698 words/s, in_qsize 28, out_qsize 5
2026-02-02 15:55:19,887 - INFO - EPOCH 0 - PROGRESS: at 99.75% examples, 835528 words/s, in_qsize 28, out_qsize 1
2026-02-02 15:55:20,890 - INFO - EPOCH 0 - PROGRESS: at 99.91% examples, 835467 words/s, in_qsize 27, out_qsize 1
2026-02-02 15:55:21,472 - DEBUG - job loop exiting, total 60863 jobs
2026-02-02 15:55:21,593 - DEBUG - worker exiting, processed 4349 jobs
2026-02-02 15:55:21,593 - DEBUG - worker thread finished; awaiting finish of 13 more threads
2026-02-02 15:55:21,598 - DEBUG - worker exiting, processed 4349 jobs
2026-02-02 15:55:21,598 - DEBUG - worker thread finished; awaiting finish of 12 more threads
2026-02-02 15:55:21,603 - DEBUG - worker exiting, processed 4345 jobs
2026-02-02 15:55:21,603 - DEBUG - worker thread finished; awaiting finish of 11 more threads
2026-02-02 15:55:21,606 - DEBUG - worker exiting, processed 4351 jobs
2026-02-02 15:55:21,606 - DEBUG - worker thread finished; awaiting finish of 10 more threads
2026-02-02 15:55:21,620 - DEBUG - worker exiting, processed 4354 jobs
2026-02-02 15:55:21,620 - DEBUG - worker thread finished; awaiting finish of 9 more threads
2026-02-02 15:55:21,623 - DEBUG - worker exiting, processed 4341 jobs
2026-02-02 15:55:21,623 - DEBUG - worker thread finished; awaiting finish of 8 more threads
2026-02-02 15:55:21,629 - DEBUG - worker exiting, processed 4353 jobs
2026-02-02 15:55:21,629 - DEBUG - worker thread finished; awaiting finish of 7 more threads
2026-02-02 15:55:21,637 - DEBUG - worker exiting, processed 4371 jobs
2026-02-02 15:55:21,637 - DEBUG - worker thread finished; awaiting finish of 6 more threads
2026-02-02 15:55:21,641 - DEBUG - worker exiting, processed 4338 jobs
2026-02-02 15:55:21,641 - DEBUG - worker thread finished; awaiting finish of 5 more threads
2026-02-02 15:55:21,650 - DEBUG - worker exiting, processed 4347 jobs
2026-02-02 15:55:21,650 - DEBUG - worker thread finished; awaiting finish of 4 more threads
2026-02-02 15:55:21,659 - DEBUG - worker exiting, processed 4345 jobs
2026-02-02 15:55:21,659 - DEBUG - worker thread finished; awaiting finish of 3 more threads
2026-02-02 15:55:21,672 - DEBUG - worker exiting, processed 4340 jobs
2026-02-02 15:55:21,672 - DEBUG - worker thread finished; awaiting finish of 2 more threads
2026-02-02 15:55:21,674 - DEBUG - worker exiting, processed 4345 jobs
2026-02-02 15:55:21,674 - DEBUG - worker thread finished; awaiting finish of 1 more threads
2026-02-02 15:55:21,687 - DEBUG - worker exiting, processed 4335 jobs
2026-02-02 15:55:21,687 - DEBUG - worker thread finished; awaiting finish of 0 more threads
2026-02-02 15:55:21,687 - INFO - EPOCH 0: training on 604933589 raw words (478685037 effective words) took 572.9s, 835599 effective words/s
2026-02-02 15:55:21,687 - INFO - Epoch 1 completed in 572.9s
2026-02-02 15:55:21,687 - INFO - Epoch 2 starting...
2026-02-02 15:55:22,700 - INFO - EPOCH 1 - PROGRESS: at 0.11% examples, 707147 words/s, in_qsize 26, out_qsize 1
2026-02-02 15:55:23,709 - INFO - EPOCH 1 - PROGRESS: at 0.27% examples, 741010 words/s, in_qsize 28, out_qsize 0
2026-02-02 15:55:24,723 - INFO - EPOCH 1 - PROGRESS: at 0.44% examples, 744315 words/s, in_qsize 27, out_qsize 0
2026-02-02 15:55:25,737 - INFO - EPOCH 1 - PROGRESS: at 0.62% examples, 753621 words/s, in_qsize 27, out_qsize 1
2026-02-02 15:55:26,764 - INFO - EPOCH 1 - PROGRESS: at 0.81% examples, 762269 words/s, in_qsize 28, out_qsize 0
2026-02-02 15:55:27,771 - INFO - EPOCH 1 - PROGRESS: at 1.00% examples, 779312 words/s, in_qsize 27, out_qsize 0
2026-02-02 15:55:28,786 - INFO - EPOCH 1 - PROGRESS: at 1.17% examples, 774024 words/s, in_qsize 27, out_qsize 0
2026-02-02 15:55:29,789 - INFO - EPOCH 1 - PROGRESS: at 1.34% examples, 780306 words/s, in_qsize 28, out_qsize 0
2026-02-02 15:55:30,807 - INFO - EPOCH 1 - PROGRESS: at 1.50% examples, 788046 words/s, in_qsize 27, out_qsize 0
2026-02-02 15:55:31,830 - INFO - EPOCH 1 - PROGRESS: at 1.66% examples, 794473 words/s, in_qsize 26, out_qsize 3
2026-02-02 15:55:32,845 - INFO - EPOCH 1 - PROGRESS: at 1.81% examples, 799514 words/s, in_qsize 26, out_qsize 1
2026-02-02 15:55:33,859 - INFO - EPOCH 1 - PROGRESS: at 1.96% examples, 803633 words/s, in_qsize 27, out_qsize 0
2026-02-02 15:55:34,878 - INFO - EPOCH 1 - PROGRESS: at 2.10% examples, 803136 words/s, in_qsize 28, out_qsize 1
2026-02-02 15:55:35,878 - INFO - EPOCH 1 - PROGRESS: at 2.25% examples, 808907 words/s, in_qsize 27, out_qsize 0
2026-02-02 15:55:36,885 - INFO - EPOCH 1 - PROGRESS: at 2.40% examples, 812340 words/s, in_qsize 25, out_qsize 2
2026-02-02 15:55:37,910 - INFO - EPOCH 1 - PROGRESS: at 2.54% examples, 813651 words/s, in_qsize 22, out_qsize 5
2026-02-02 15:55:38,916 - INFO - EPOCH 1 - PROGRESS: at 2.70% examples, 818887 words/s, in_qsize 28, out_qsize 0
2026-02-02 15:55:39,919 - INFO - EPOCH 1 - PROGRESS: at 2.86% examples, 822691 words/s, in_qsize 27, out_qsize 0
2026-02-02 15:55:40,928 - INFO - EPOCH 1 - PROGRESS: at 3.01% examples, 824346 words/s, in_qsize 28, out_qsize 3
2026-02-02 15:55:41,950 - INFO - EPOCH 1 - PROGRESS: at 3.15% examples, 825241 words/s, in_qsize 27, out_qsize 0
2026-02-02 15:55:42,982 - INFO - EPOCH 1 - PROGRESS: at 3.36% examples, 820400 words/s, in_qsize 25, out_qsize 2
2026-02-02 15:55:44,000 - INFO - EPOCH 1 - PROGRESS: at 3.52% examples, 819470 words/s, in_qsize 27, out_qsize 5
2026-02-02 15:55:45,037 - INFO - EPOCH 1 - PROGRESS: at 3.70% examples, 818615 words/s, in_qsize 26, out_qsize 1
2026-02-02 15:55:46,039 - INFO - EPOCH 1 - PROGRESS: at 3.86% examples, 817659 words/s, in_qsize 28, out_qsize 1
2026-02-02 15:55:47,046 - INFO - EPOCH 1 - PROGRESS: at 4.05% examples, 820891 words/s, in_qsize 28, out_qsize 0
2026-02-02 15:55:48,049 - INFO - EPOCH 1 - PROGRESS: at 4.25% examples, 823097 words/s, in_qsize 27, out_qsize 0
2026-02-02 15:55:49,062 - INFO - EPOCH 1 - PROGRESS: at 4.43% examples, 825247 words/s, in_qsize 28, out_qsize 0
2026-02-02 15:55:50,065 - INFO - EPOCH 1 - PROGRESS: at 4.58% examples, 827046 words/s, in_qsize 27, out_qsize 2
2026-02-02 15:55:51,096 - INFO - EPOCH 1 - PROGRESS: at 4.72% examples, 828077 words/s, in_qsize 26, out_qsize 7
2026-02-02 15:55:52,104 - INFO - EPOCH 1 - PROGRESS: at 4.86% examples, 831179 words/s, in_qsize 28, out_qsize 2
2026-02-02 15:55:53,120 - INFO - EPOCH 1 - PROGRESS: at 4.98% examples, 832817 words/s, in_qsize 27, out_qsize 1
2026-02-02 15:55:54,128 - INFO - EPOCH 1 - PROGRESS: at 5.17% examples, 833762 words/s, in_qsize 26, out_qsize 2
2026-02-02 15:55:55,131 - INFO - EPOCH 1 - PROGRESS: at 5.35% examples, 834724 words/s, in_qsize 26, out_qsize 1
2026-02-02 15:55:56,140 - INFO - EPOCH 1 - PROGRESS: at 5.54% examples, 835290 words/s, in_qsize 28, out_qsize 5
2026-02-02 15:55:57,143 - INFO - EPOCH 1 - PROGRESS: at 5.70% examples, 835618 words/s, in_qsize 28, out_qsize 0
2026-02-02 15:55:58,168 - INFO - EPOCH 1 - PROGRESS: at 5.84% examples, 835037 words/s, in_qsize 24, out_qsize 5
2026-02-02 15:55:59,173 - INFO - EPOCH 1 - PROGRESS: at 6.03% examples, 837142 words/s, in_qsize 27, out_qsize 1
2026-02-02 15:56:00,175 - INFO - EPOCH 1 - PROGRESS: at 6.23% examples, 838559 words/s, in_qsize 27, out_qsize 0
2026-02-02 15:56:01,191 - INFO - EPOCH 1 - PROGRESS: at 6.46% examples, 836712 words/s, in_qsize 28, out_qsize 0
2026-02-02 15:56:02,222 - INFO - EPOCH 1 - PROGRESS: at 6.69% examples, 834287 words/s, in_qsize 24, out_qsize 3
2026-02-02 15:56:03,224 - INFO - EPOCH 1 - PROGRESS: at 6.91% examples, 832561 words/s, in_qsize 22, out_qsize 5
2026-02-02 15:56:04,240 - INFO - EPOCH 1 - PROGRESS: at 7.12% examples, 830217 words/s, in_qsize 27, out_qsize 7
2026-02-02 15:56:05,246 - INFO - EPOCH 1 - PROGRESS: at 7.24% examples, 830220 words/s, in_qsize 27, out_qsize 0
2026-02-02 15:56:06,252 - INFO - EPOCH 1 - PROGRESS: at 7.43% examples, 830471 words/s, in_qsize 27, out_qsize 0
2026-02-02 15:56:07,314 - INFO - EPOCH 1 - PROGRESS: at 7.58% examples, 830116 words/s, in_qsize 26, out_qsize 6
2026-02-02 15:56:08,315 - INFO - EPOCH 1 - PROGRESS: at 7.76% examples, 832355 words/s, in_qsize 26, out_qsize 1
2026-02-02 15:56:09,348 - INFO - EPOCH 1 - PROGRESS: at 7.93% examples, 831527 words/s, in_qsize 27, out_qsize 1
2026-02-02 15:56:10,352 - INFO - EPOCH 1 - PROGRESS: at 8.10% examples, 832841 words/s, in_qsize 28, out_qsize 1
2026-02-02 15:56:11,395 - INFO - EPOCH 1 - PROGRESS: at 8.27% examples, 833322 words/s, in_qsize 26, out_qsize 3
2026-02-02 15:56:12,416 - INFO - EPOCH 1 - PROGRESS: at 8.43% examples, 833260 words/s, in_qsize 25, out_qsize 5
2026-02-02 15:56:13,434 - INFO - EPOCH 1 - PROGRESS: at 8.55% examples, 834170 words/s, in_qsize 27, out_qsize 0
2026-02-02 15:56:14,461 - INFO - EPOCH 1 - PROGRESS: at 8.70% examples, 834196 words/s, in_qsize 28, out_qsize 2
2026-02-02 15:56:15,479 - INFO - EPOCH 1 - PROGRESS: at 8.85% examples, 832951 words/s, in_qsize 26, out_qsize 1
2026-02-02 15:56:16,510 - INFO - EPOCH 1 - PROGRESS: at 9.03% examples, 833725 words/s, in_qsize 24, out_qsize 3
2026-02-02 15:56:17,518 - INFO - EPOCH 1 - PROGRESS: at 9.21% examples, 834915 words/s, in_qsize 27, out_qsize 0
2026-02-02 15:56:18,527 - INFO - EPOCH 1 - PROGRESS: at 9.37% examples, 835530 words/s, in_qsize 27, out_qsize 3
2026-02-02 15:56:19,556 - INFO - EPOCH 1 - PROGRESS: at 9.51% examples, 835974 words/s, in_qsize 27, out_qsize 0
2026-02-02 15:56:20,586 - INFO - EPOCH 1 - PROGRESS: at 9.67% examples, 834271 words/s, in_qsize 28, out_qsize 0
2026-02-02 15:56:21,602 - INFO - EPOCH 1 - PROGRESS: at 9.82% examples, 832583 words/s, in_qsize 26, out_qsize 2
2026-02-02 15:56:22,604 - INFO - EPOCH 1 - PROGRESS: at 10.00% examples, 832451 words/s, in_qsize 25, out_qsize 2
2026-02-02 15:56:23,610 - INFO - EPOCH 1 - PROGRESS: at 10.17% examples, 831386 words/s, in_qsize 27, out_qsize 0
2026-02-02 15:56:24,640 - INFO - EPOCH 1 - PROGRESS: at 10.32% examples, 830022 words/s, in_qsize 25, out_qsize 3
2026-02-02 15:56:25,647 - INFO - EPOCH 1 - PROGRESS: at 10.50% examples, 830896 words/s, in_qsize 27, out_qsize 0
2026-02-02 15:56:26,655 - INFO - EPOCH 1 - PROGRESS: at 10.68% examples, 831095 words/s, in_qsize 25, out_qsize 2
2026-02-02 15:56:27,665 - INFO - EPOCH 1 - PROGRESS: at 10.92% examples, 831630 words/s, in_qsize 27, out_qsize 2
2026-02-02 15:56:28,702 - INFO - EPOCH 1 - PROGRESS: at 11.16% examples, 832041 words/s, in_qsize 25, out_qsize 2
2026-02-02 15:56:29,716 - INFO - EPOCH 1 - PROGRESS: at 11.41% examples, 833159 words/s, in_qsize 27, out_qsize 0
2026-02-02 15:56:30,738 - INFO - EPOCH 1 - PROGRESS: at 11.59% examples, 831796 words/s, in_qsize 27, out_qsize 0
2026-02-02 15:56:31,746 - INFO - EPOCH 1 - PROGRESS: at 11.71% examples, 831059 words/s, in_qsize 26, out_qsize 1
2026-02-02 15:56:32,826 - INFO - EPOCH 1 - PROGRESS: at 11.95% examples, 830561 words/s, in_qsize 27, out_qsize 0
2026-02-02 15:56:33,854 - INFO - EPOCH 1 - PROGRESS: at 12.21% examples, 830336 words/s, in_qsize 28, out_qsize 1
2026-02-02 15:56:34,862 - INFO - EPOCH 1 - PROGRESS: at 12.48% examples, 830899 words/s, in_qsize 27, out_qsize 0
2026-02-02 15:56:35,864 - INFO - EPOCH 1 - PROGRESS: at 12.76% examples, 831808 words/s, in_qsize 22, out_qsize 1
2026-02-02 15:56:36,867 - INFO - EPOCH 1 - PROGRESS: at 13.06% examples, 833617 words/s, in_qsize 27, out_qsize 0
2026-02-02 15:56:37,873 - INFO - EPOCH 1 - PROGRESS: at 13.33% examples, 834129 words/s, in_qsize 27, out_qsize 0
2026-02-02 15:56:38,883 - INFO - EPOCH 1 - PROGRESS: at 13.57% examples, 833173 words/s, in_qsize 26, out_qsize 1
2026-02-02 15:56:39,888 - INFO - EPOCH 1 - PROGRESS: at 13.84% examples, 833589 words/s, in_qsize 28, out_qsize 0
2026-02-02 15:56:40,911 - INFO - EPOCH 1 - PROGRESS: at 14.06% examples, 832120 words/s, in_qsize 28, out_qsize 0
2026-02-02 15:56:41,924 - INFO - EPOCH 1 - PROGRESS: at 14.26% examples, 831903 words/s, in_qsize 27, out_qsize 5
2026-02-02 15:56:42,926 - INFO - EPOCH 1 - PROGRESS: at 14.46% examples, 831905 words/s, in_qsize 28, out_qsize 0
2026-02-02 15:56:43,962 - INFO - EPOCH 1 - PROGRESS: at 14.65% examples, 830797 words/s, in_qsize 28, out_qsize 0
2026-02-02 15:56:44,997 - INFO - EPOCH 1 - PROGRESS: at 14.83% examples, 829435 words/s, in_qsize 28, out_qsize 2
2026-02-02 15:56:45,998 - INFO - EPOCH 1 - PROGRESS: at 15.01% examples, 828444 words/s, in_qsize 26, out_qsize 1
2026-02-02 15:56:47,011 - INFO - EPOCH 1 - PROGRESS: at 15.21% examples, 828380 words/s, in_qsize 27, out_qsize 0
2026-02-02 15:56:48,014 - INFO - EPOCH 1 - PROGRESS: at 15.40% examples, 827858 words/s, in_qsize 27, out_qsize 0
2026-02-02 15:56:49,016 - INFO - EPOCH 1 - PROGRESS: at 15.57% examples, 826900 words/s, in_qsize 26, out_qsize 1
2026-02-02 15:56:50,018 - INFO - EPOCH 1 - PROGRESS: at 15.79% examples, 827343 words/s, in_qsize 27, out_qsize 0
2026-02-02 15:56:51,049 - INFO - EPOCH 1 - PROGRESS: at 15.99% examples, 827164 words/s, in_qsize 27, out_qsize 0
2026-02-02 15:56:52,067 - INFO - EPOCH 1 - PROGRESS: at 16.18% examples, 826078 words/s, in_qsize 28, out_qsize 2
2026-02-02 15:56:53,083 - INFO - EPOCH 1 - PROGRESS: at 16.38% examples, 826134 words/s, in_qsize 27, out_qsize 0
2026-02-02 15:56:54,101 - INFO - EPOCH 1 - PROGRESS: at 16.59% examples, 826094 words/s, in_qsize 26, out_qsize 1
2026-02-02 15:56:55,104 - INFO - EPOCH 1 - PROGRESS: at 16.80% examples, 826179 words/s, in_qsize 26, out_qsize 1
2026-02-02 15:56:56,120 - INFO - EPOCH 1 - PROGRESS: at 16.99% examples, 825582 words/s, in_qsize 27, out_qsize 0
2026-02-02 15:56:57,126 - INFO - EPOCH 1 - PROGRESS: at 17.20% examples, 825659 words/s, in_qsize 28, out_qsize 0
2026-02-02 15:56:58,131 - INFO - EPOCH 1 - PROGRESS: at 17.41% examples, 825924 words/s, in_qsize 26, out_qsize 1
2026-02-02 15:56:59,133 - INFO - EPOCH 1 - PROGRESS: at 17.62% examples, 826278 words/s, in_qsize 25, out_qsize 2
2026-02-02 15:57:00,146 - INFO - EPOCH 1 - PROGRESS: at 17.83% examples, 826361 words/s, in_qsize 27, out_qsize 0
2026-02-02 15:57:01,151 - INFO - EPOCH 1 - PROGRESS: at 18.04% examples, 826600 words/s, in_qsize 26, out_qsize 1
2026-02-02 15:57:02,163 - INFO - EPOCH 1 - PROGRESS: at 18.25% examples, 826678 words/s, in_qsize 25, out_qsize 1
2026-02-02 15:57:03,163 - INFO - EPOCH 1 - PROGRESS: at 18.46% examples, 826856 words/s, in_qsize 27, out_qsize 0
2026-02-02 15:57:04,199 - INFO - EPOCH 1 - PROGRESS: at 18.65% examples, 826043 words/s, in_qsize 28, out_qsize 0
2026-02-02 15:57:05,201 - INFO - EPOCH 1 - PROGRESS: at 18.79% examples, 825947 words/s, in_qsize 27, out_qsize 0
2026-02-02 15:57:06,229 - INFO - EPOCH 1 - PROGRESS: at 18.94% examples, 825793 words/s, in_qsize 27, out_qsize 0
2026-02-02 15:57:07,242 - INFO - EPOCH 1 - PROGRESS: at 19.10% examples, 825095 words/s, in_qsize 27, out_qsize 0
2026-02-02 15:57:08,252 - INFO - EPOCH 1 - PROGRESS: at 19.25% examples, 824455 words/s, in_qsize 27, out_qsize 0
2026-02-02 15:57:09,286 - INFO - EPOCH 1 - PROGRESS: at 19.43% examples, 823988 words/s, in_qsize 27, out_qsize 0
2026-02-02 15:57:10,292 - INFO - EPOCH 1 - PROGRESS: at 19.60% examples, 823453 words/s, in_qsize 26, out_qsize 2
2026-02-02 15:57:11,292 - INFO - EPOCH 1 - PROGRESS: at 19.78% examples, 823695 words/s, in_qsize 28, out_qsize 4
2026-02-02 15:57:12,294 - INFO - EPOCH 1 - PROGRESS: at 19.99% examples, 824416 words/s, in_qsize 27, out_qsize 0
2026-02-02 15:57:13,311 - INFO - EPOCH 1 - PROGRESS: at 20.18% examples, 824460 words/s, in_qsize 27, out_qsize 0
2026-02-02 15:57:14,323 - INFO - EPOCH 1 - PROGRESS: at 20.33% examples, 824647 words/s, in_qsize 27, out_qsize 0
2026-02-02 15:57:15,332 - INFO - EPOCH 1 - PROGRESS: at 20.47% examples, 825249 words/s, in_qsize 27, out_qsize 0
2026-02-02 15:57:16,344 - INFO - EPOCH 1 - PROGRESS: at 20.60% examples, 825448 words/s, in_qsize 22, out_qsize 3
2026-02-02 15:57:17,347 - INFO - EPOCH 1 - PROGRESS: at 20.74% examples, 826215 words/s, in_qsize 27, out_qsize 0
2026-02-02 15:57:18,355 - INFO - EPOCH 1 - PROGRESS: at 20.87% examples, 825764 words/s, in_qsize 28, out_qsize 0
2026-02-02 15:57:19,395 - INFO - EPOCH 1 - PROGRESS: at 21.06% examples, 825163 words/s, in_qsize 26, out_qsize 1
2026-02-02 15:57:20,396 - INFO - EPOCH 1 - PROGRESS: at 21.27% examples, 824542 words/s, in_qsize 26, out_qsize 1
2026-02-02 15:57:21,433 - INFO - EPOCH 1 - PROGRESS: at 21.46% examples, 823551 words/s, in_qsize 28, out_qsize 0
2026-02-02 15:57:22,471 - INFO - EPOCH 1 - PROGRESS: at 21.61% examples, 823702 words/s, in_qsize 28, out_qsize 2
2026-02-02 15:57:23,473 - INFO - EPOCH 1 - PROGRESS: at 21.77% examples, 824215 words/s, in_qsize 28, out_qsize 0
2026-02-02 15:57:24,482 - INFO - EPOCH 1 - PROGRESS: at 21.94% examples, 824040 words/s, in_qsize 28, out_qsize 0
2026-02-02 15:57:25,489 - INFO - EPOCH 1 - PROGRESS: at 22.15% examples, 824249 words/s, in_qsize 28, out_qsize 2
2026-02-02 15:57:26,505 - INFO - EPOCH 1 - PROGRESS: at 22.41% examples, 824970 words/s, in_qsize 27, out_qsize 0
2026-02-02 15:57:27,523 - INFO - EPOCH 1 - PROGRESS: at 22.73% examples, 825424 words/s, in_qsize 28, out_qsize 0
2026-02-02 15:57:28,574 - INFO - EPOCH 1 - PROGRESS: at 22.91% examples, 824685 words/s, in_qsize 27, out_qsize 0
2026-02-02 15:57:29,590 - INFO - EPOCH 1 - PROGRESS: at 23.09% examples, 824028 words/s, in_qsize 27, out_qsize 0
2026-02-02 15:57:30,595 - INFO - EPOCH 1 - PROGRESS: at 23.28% examples, 823338 words/s, in_qsize 27, out_qsize 0
2026-02-02 15:57:31,613 - INFO - EPOCH 1 - PROGRESS: at 23.47% examples, 822758 words/s, in_qsize 27, out_qsize 1
2026-02-02 15:57:32,626 - INFO - EPOCH 1 - PROGRESS: at 23.65% examples, 822104 words/s, in_qsize 27, out_qsize 0
2026-02-02 15:57:33,633 - INFO - EPOCH 1 - PROGRESS: at 23.84% examples, 821614 words/s, in_qsize 27, out_qsize 0
2026-02-02 15:57:34,638 - INFO - EPOCH 1 - PROGRESS: at 24.03% examples, 821016 words/s, in_qsize 27, out_qsize 0
2026-02-02 15:57:35,647 - INFO - EPOCH 1 - PROGRESS: at 24.23% examples, 821069 words/s, in_qsize 28, out_qsize 1
2026-02-02 15:57:36,669 - INFO - EPOCH 1 - PROGRESS: at 24.39% examples, 820678 words/s, in_qsize 27, out_qsize 0
2026-02-02 15:57:37,695 - INFO - EPOCH 1 - PROGRESS: at 24.56% examples, 820331 words/s, in_qsize 27, out_qsize 0
2026-02-02 15:57:38,717 - INFO - EPOCH 1 - PROGRESS: at 24.72% examples, 820423 words/s, in_qsize 26, out_qsize 1
2026-02-02 15:57:39,719 - INFO - EPOCH 1 - PROGRESS: at 24.87% examples, 819953 words/s, in_qsize 27, out_qsize 0
2026-02-02 15:57:40,722 - INFO - EPOCH 1 - PROGRESS: at 25.03% examples, 819646 words/s, in_qsize 27, out_qsize 0
2026-02-02 15:57:41,725 - INFO - EPOCH 1 - PROGRESS: at 25.19% examples, 819619 words/s, in_qsize 26, out_qsize 1
2026-02-02 15:57:42,749 - INFO - EPOCH 1 - PROGRESS: at 25.32% examples, 819366 words/s, in_qsize 27, out_qsize 0
2026-02-02 15:57:43,755 - INFO - EPOCH 1 - PROGRESS: at 25.50% examples, 819653 words/s, in_qsize 28, out_qsize 0
2026-02-02 15:57:44,757 - INFO - EPOCH 1 - PROGRESS: at 25.71% examples, 819779 words/s, in_qsize 26, out_qsize 1
2026-02-02 15:57:45,765 - INFO - EPOCH 1 - PROGRESS: at 25.89% examples, 818933 words/s, in_qsize 28, out_qsize 1
2026-02-02 15:57:46,799 - INFO - EPOCH 1 - PROGRESS: at 26.07% examples, 819144 words/s, in_qsize 26, out_qsize 1
2026-02-02 15:57:47,805 - INFO - EPOCH 1 - PROGRESS: at 26.30% examples, 819725 words/s, in_qsize 28, out_qsize 1
2026-02-02 15:57:48,826 - INFO - EPOCH 1 - PROGRESS: at 26.54% examples, 820264 words/s, in_qsize 26, out_qsize 1
2026-02-02 15:57:49,828 - INFO - EPOCH 1 - PROGRESS: at 26.77% examples, 820460 words/s, in_qsize 26, out_qsize 1
2026-02-02 15:57:50,850 - INFO - EPOCH 1 - PROGRESS: at 26.96% examples, 820124 words/s, in_qsize 27, out_qsize 0
2026-02-02 15:57:51,907 - INFO - EPOCH 1 - PROGRESS: at 27.14% examples, 819403 words/s, in_qsize 26, out_qsize 1
2026-02-02 15:57:52,927 - INFO - EPOCH 1 - PROGRESS: at 27.30% examples, 819627 words/s, in_qsize 25, out_qsize 3
2026-02-02 15:57:53,929 - INFO - EPOCH 1 - PROGRESS: at 27.43% examples, 820152 words/s, in_qsize 28, out_qsize 3
2026-02-02 15:57:54,947 - INFO - EPOCH 1 - PROGRESS: at 27.60% examples, 820423 words/s, in_qsize 25, out_qsize 6
2026-02-02 15:57:55,949 - INFO - EPOCH 1 - PROGRESS: at 27.80% examples, 821022 words/s, in_qsize 28, out_qsize 3
2026-02-02 15:57:56,955 - INFO - EPOCH 1 - PROGRESS: at 28.00% examples, 821582 words/s, in_qsize 27, out_qsize 0
2026-02-02 15:57:57,965 - INFO - EPOCH 1 - PROGRESS: at 28.09% examples, 821796 words/s, in_qsize 27, out_qsize 1
2026-02-02 15:57:58,993 - INFO - EPOCH 1 - PROGRESS: at 28.26% examples, 822207 words/s, in_qsize 28, out_qsize 1
2026-02-02 15:58:00,013 - INFO - EPOCH 1 - PROGRESS: at 28.44% examples, 822664 words/s, in_qsize 27, out_qsize 0
2026-02-02 15:58:01,017 - INFO - EPOCH 1 - PROGRESS: at 28.63% examples, 822874 words/s, in_qsize 27, out_qsize 0
2026-02-02 15:58:02,064 - INFO - EPOCH 1 - PROGRESS: at 28.82% examples, 822872 words/s, in_qsize 28, out_qsize 2
2026-02-02 15:58:03,097 - INFO - EPOCH 1 - PROGRESS: at 29.01% examples, 822942 words/s, in_qsize 28, out_qsize 0
2026-02-02 15:58:04,115 - INFO - EPOCH 1 - PROGRESS: at 29.19% examples, 823049 words/s, in_qsize 28, out_qsize 2
2026-02-02 15:58:05,121 - INFO - EPOCH 1 - PROGRESS: at 29.39% examples, 823494 words/s, in_qsize 27, out_qsize 0
2026-02-02 15:58:06,137 - INFO - EPOCH 1 - PROGRESS: at 29.54% examples, 822836 words/s, in_qsize 27, out_qsize 0
2026-02-02 15:58:07,171 - INFO - EPOCH 1 - PROGRESS: at 29.71% examples, 822384 words/s, in_qsize 27, out_qsize 0
2026-02-02 15:58:08,173 - INFO - EPOCH 1 - PROGRESS: at 29.92% examples, 822594 words/s, in_qsize 27, out_qsize 0
2026-02-02 15:58:09,197 - INFO - EPOCH 1 - PROGRESS: at 30.13% examples, 822461 words/s, in_qsize 28, out_qsize 0
2026-02-02 15:58:10,204 - INFO - EPOCH 1 - PROGRESS: at 30.27% examples, 822665 words/s, in_qsize 25, out_qsize 3
2026-02-02 15:58:11,224 - INFO - EPOCH 1 - PROGRESS: at 30.47% examples, 823086 words/s, in_qsize 27, out_qsize 3
2026-02-02 15:58:12,226 - INFO - EPOCH 1 - PROGRESS: at 30.66% examples, 823387 words/s, in_qsize 27, out_qsize 0
2026-02-02 15:58:13,229 - INFO - EPOCH 1 - PROGRESS: at 30.82% examples, 823733 words/s, in_qsize 26, out_qsize 1
2026-02-02 15:58:14,261 - INFO - EPOCH 1 - PROGRESS: at 30.97% examples, 823571 words/s, in_qsize 26, out_qsize 4
2026-02-02 15:58:15,262 - INFO - EPOCH 1 - PROGRESS: at 31.14% examples, 824180 words/s, in_qsize 27, out_qsize 0
2026-02-02 15:58:16,266 - INFO - EPOCH 1 - PROGRESS: at 31.29% examples, 824248 words/s, in_qsize 28, out_qsize 2
2026-02-02 15:58:17,267 - INFO - EPOCH 1 - PROGRESS: at 31.45% examples, 824595 words/s, in_qsize 27, out_qsize 0
2026-02-02 15:58:18,293 - INFO - EPOCH 1 - PROGRESS: at 31.60% examples, 824410 words/s, in_qsize 27, out_qsize 0
2026-02-02 15:58:19,317 - INFO - EPOCH 1 - PROGRESS: at 31.75% examples, 824443 words/s, in_qsize 28, out_qsize 3
2026-02-02 15:58:20,321 - INFO - EPOCH 1 - PROGRESS: at 31.91% examples, 824619 words/s, in_qsize 26, out_qsize 0
2026-02-02 15:58:21,346 - INFO - EPOCH 1 - PROGRESS: at 32.08% examples, 824725 words/s, in_qsize 27, out_qsize 0
2026-02-02 15:58:22,378 - INFO - EPOCH 1 - PROGRESS: at 32.21% examples, 824434 words/s, in_qsize 28, out_qsize 4
2026-02-02 15:58:23,379 - INFO - EPOCH 1 - PROGRESS: at 32.45% examples, 824982 words/s, in_qsize 27, out_qsize 0
2026-02-02 15:58:24,382 - INFO - EPOCH 1 - PROGRESS: at 32.67% examples, 824546 words/s, in_qsize 27, out_qsize 0
2026-02-02 15:58:25,405 - INFO - EPOCH 1 - PROGRESS: at 32.83% examples, 824530 words/s, in_qsize 27, out_qsize 0
2026-02-02 15:58:26,420 - INFO - EPOCH 1 - PROGRESS: at 33.02% examples, 824246 words/s, in_qsize 27, out_qsize 1
2026-02-02 15:58:27,434 - INFO - EPOCH 1 - PROGRESS: at 33.23% examples, 824407 words/s, in_qsize 27, out_qsize 0
2026-02-02 15:58:28,441 - INFO - EPOCH 1 - PROGRESS: at 33.44% examples, 824471 words/s, in_qsize 26, out_qsize 1
2026-02-02 15:58:29,445 - INFO - EPOCH 1 - PROGRESS: at 33.64% examples, 824547 words/s, in_qsize 25, out_qsize 2
2026-02-02 15:58:30,452 - INFO - EPOCH 1 - PROGRESS: at 33.85% examples, 824527 words/s, in_qsize 27, out_qsize 0
2026-02-02 15:58:31,456 - INFO - EPOCH 1 - PROGRESS: at 34.05% examples, 824556 words/s, in_qsize 27, out_qsize 0
2026-02-02 15:58:32,484 - INFO - EPOCH 1 - PROGRESS: at 34.18% examples, 824482 words/s, in_qsize 25, out_qsize 2
2026-02-02 15:58:33,490 - INFO - EPOCH 1 - PROGRESS: at 34.31% examples, 824727 words/s, in_qsize 25, out_qsize 2
2026-02-02 15:58:34,496 - INFO - EPOCH 1 - PROGRESS: at 34.50% examples, 825110 words/s, in_qsize 28, out_qsize 1
2026-02-02 15:58:35,506 - INFO - EPOCH 1 - PROGRESS: at 34.64% examples, 825327 words/s, in_qsize 28, out_qsize 2
2026-02-02 15:58:36,511 - INFO - EPOCH 1 - PROGRESS: at 34.78% examples, 825768 words/s, in_qsize 27, out_qsize 0
2026-02-02 15:58:37,542 - INFO - EPOCH 1 - PROGRESS: at 34.94% examples, 825947 words/s, in_qsize 25, out_qsize 2
2026-02-02 15:58:38,549 - INFO - EPOCH 1 - PROGRESS: at 35.09% examples, 826128 words/s, in_qsize 26, out_qsize 1
2026-02-02 15:58:39,572 - INFO - EPOCH 1 - PROGRESS: at 35.29% examples, 826476 words/s, in_qsize 28, out_qsize 0
2026-02-02 15:58:40,576 - INFO - EPOCH 1 - PROGRESS: at 35.52% examples, 826847 words/s, in_qsize 28, out_qsize 0
2026-02-02 15:58:41,583 - INFO - EPOCH 1 - PROGRESS: at 35.75% examples, 826963 words/s, in_qsize 25, out_qsize 2
2026-02-02 15:58:42,620 - INFO - EPOCH 1 - PROGRESS: at 35.90% examples, 826602 words/s, in_qsize 27, out_qsize 0
2026-02-02 15:58:43,648 - INFO - EPOCH 1 - PROGRESS: at 36.09% examples, 826133 words/s, in_qsize 26, out_qsize 1
2026-02-02 15:58:44,648 - INFO - EPOCH 1 - PROGRESS: at 36.24% examples, 825766 words/s, in_qsize 28, out_qsize 0
2026-02-02 15:58:45,650 - INFO - EPOCH 1 - PROGRESS: at 36.41% examples, 825776 words/s, in_qsize 27, out_qsize 0
2026-02-02 15:58:46,659 - INFO - EPOCH 1 - PROGRESS: at 36.57% examples, 825493 words/s, in_qsize 26, out_qsize 2
2026-02-02 15:58:47,682 - INFO - EPOCH 1 - PROGRESS: at 36.71% examples, 825028 words/s, in_qsize 28, out_qsize 0
2026-02-02 15:58:48,724 - INFO - EPOCH 1 - PROGRESS: at 36.89% examples, 825213 words/s, in_qsize 28, out_qsize 1
2026-02-02 15:58:49,746 - INFO - EPOCH 1 - PROGRESS: at 37.08% examples, 825501 words/s, in_qsize 27, out_qsize 0
2026-02-02 15:58:50,764 - INFO - EPOCH 1 - PROGRESS: at 37.24% examples, 825845 words/s, in_qsize 27, out_qsize 1
2026-02-02 15:58:51,765 - INFO - EPOCH 1 - PROGRESS: at 37.40% examples, 826092 words/s, in_qsize 28, out_qsize 1
2026-02-02 15:58:52,767 - INFO - EPOCH 1 - PROGRESS: at 37.54% examples, 826234 words/s, in_qsize 28, out_qsize 0
2026-02-02 15:58:53,773 - INFO - EPOCH 1 - PROGRESS: at 37.70% examples, 826421 words/s, in_qsize 27, out_qsize 0
2026-02-02 15:58:54,783 - INFO - EPOCH 1 - PROGRESS: at 37.85% examples, 826514 words/s, in_qsize 28, out_qsize 0
2026-02-02 15:58:55,804 - INFO - EPOCH 1 - PROGRESS: at 38.00% examples, 826231 words/s, in_qsize 27, out_qsize 0
2026-02-02 15:58:56,822 - INFO - EPOCH 1 - PROGRESS: at 38.11% examples, 825933 words/s, in_qsize 26, out_qsize 1
2026-02-02 15:58:57,842 - INFO - EPOCH 1 - PROGRESS: at 38.25% examples, 826050 words/s, in_qsize 27, out_qsize 1
2026-02-02 15:58:58,843 - INFO - EPOCH 1 - PROGRESS: at 38.40% examples, 826378 words/s, in_qsize 27, out_qsize 1
2026-02-02 15:58:59,846 - INFO - EPOCH 1 - PROGRESS: at 38.55% examples, 826731 words/s, in_qsize 26, out_qsize 2
2026-02-02 15:59:00,848 - INFO - EPOCH 1 - PROGRESS: at 38.77% examples, 826906 words/s, in_qsize 27, out_qsize 0
2026-02-02 15:59:01,885 - INFO - EPOCH 1 - PROGRESS: at 39.00% examples, 826446 words/s, in_qsize 27, out_qsize 0
2026-02-02 15:59:02,893 - INFO - EPOCH 1 - PROGRESS: at 39.15% examples, 826308 words/s, in_qsize 27, out_qsize 0
2026-02-02 15:59:03,899 - INFO - EPOCH 1 - PROGRESS: at 39.30% examples, 826631 words/s, in_qsize 28, out_qsize 1
2026-02-02 15:59:04,905 - INFO - EPOCH 1 - PROGRESS: at 39.43% examples, 826518 words/s, in_qsize 28, out_qsize 0
2026-02-02 15:59:05,938 - INFO - EPOCH 1 - PROGRESS: at 39.59% examples, 826441 words/s, in_qsize 26, out_qsize 4
2026-02-02 15:59:06,943 - INFO - EPOCH 1 - PROGRESS: at 39.76% examples, 826710 words/s, in_qsize 27, out_qsize 0
2026-02-02 15:59:07,946 - INFO - EPOCH 1 - PROGRESS: at 39.92% examples, 826503 words/s, in_qsize 27, out_qsize 0
2026-02-02 15:59:08,959 - INFO - EPOCH 1 - PROGRESS: at 40.09% examples, 826641 words/s, in_qsize 28, out_qsize 1
2026-02-02 15:59:09,960 - INFO - EPOCH 1 - PROGRESS: at 40.26% examples, 826865 words/s, in_qsize 27, out_qsize 0
2026-02-02 15:59:10,961 - INFO - EPOCH 1 - PROGRESS: at 40.40% examples, 826785 words/s, in_qsize 27, out_qsize 0
2026-02-02 15:59:11,973 - INFO - EPOCH 1 - PROGRESS: at 40.59% examples, 826929 words/s, in_qsize 27, out_qsize 0
2026-02-02 15:59:12,979 - INFO - EPOCH 1 - PROGRESS: at 40.78% examples, 827009 words/s, in_qsize 28, out_qsize 0
2026-02-02 15:59:13,996 - INFO - EPOCH 1 - PROGRESS: at 40.98% examples, 827253 words/s, in_qsize 28, out_qsize 2
2026-02-02 15:59:15,000 - INFO - EPOCH 1 - PROGRESS: at 41.19% examples, 827569 words/s, in_qsize 27, out_qsize 0
2026-02-02 15:59:16,014 - INFO - EPOCH 1 - PROGRESS: at 41.37% examples, 827420 words/s, in_qsize 25, out_qsize 3
2026-02-02 15:59:17,019 - INFO - EPOCH 1 - PROGRESS: at 41.52% examples, 827816 words/s, in_qsize 27, out_qsize 0
2026-02-02 15:59:18,029 - INFO - EPOCH 1 - PROGRESS: at 41.66% examples, 827849 words/s, in_qsize 28, out_qsize 3
2026-02-02 15:59:19,053 - INFO - EPOCH 1 - PROGRESS: at 41.80% examples, 828073 words/s, in_qsize 28, out_qsize 2
2026-02-02 15:59:20,053 - INFO - EPOCH 1 - PROGRESS: at 41.94% examples, 828367 words/s, in_qsize 28, out_qsize 0
2026-02-02 15:59:21,057 - INFO - EPOCH 1 - PROGRESS: at 42.06% examples, 828558 words/s, in_qsize 26, out_qsize 1
2026-02-02 15:59:22,065 - INFO - EPOCH 1 - PROGRESS: at 42.19% examples, 828776 words/s, in_qsize 27, out_qsize 0
2026-02-02 15:59:23,090 - INFO - EPOCH 1 - PROGRESS: at 42.36% examples, 828838 words/s, in_qsize 23, out_qsize 4
2026-02-02 15:59:24,125 - INFO - EPOCH 1 - PROGRESS: at 42.58% examples, 828596 words/s, in_qsize 27, out_qsize 0
2026-02-02 15:59:25,141 - INFO - EPOCH 1 - PROGRESS: at 42.75% examples, 828248 words/s, in_qsize 27, out_qsize 0
2026-02-02 15:59:26,161 - INFO - EPOCH 1 - PROGRESS: at 42.91% examples, 827757 words/s, in_qsize 28, out_qsize 0
2026-02-02 15:59:27,164 - INFO - EPOCH 1 - PROGRESS: at 43.12% examples, 827413 words/s, in_qsize 28, out_qsize 0
2026-02-02 15:59:28,187 - INFO - EPOCH 1 - PROGRESS: at 43.31% examples, 827355 words/s, in_qsize 26, out_qsize 1
2026-02-02 15:59:29,203 - INFO - EPOCH 1 - PROGRESS: at 43.45% examples, 827405 words/s, in_qsize 28, out_qsize 0
2026-02-02 15:59:30,227 - INFO - EPOCH 1 - PROGRESS: at 43.59% examples, 827490 words/s, in_qsize 25, out_qsize 2
2026-02-02 15:59:31,238 - INFO - EPOCH 1 - PROGRESS: at 43.73% examples, 827649 words/s, in_qsize 27, out_qsize 4
2026-02-02 15:59:32,252 - INFO - EPOCH 1 - PROGRESS: at 43.86% examples, 827917 words/s, in_qsize 27, out_qsize 2
2026-02-02 15:59:33,258 - INFO - EPOCH 1 - PROGRESS: at 44.08% examples, 828183 words/s, in_qsize 25, out_qsize 2
2026-02-02 15:59:34,258 - INFO - EPOCH 1 - PROGRESS: at 44.36% examples, 828325 words/s, in_qsize 26, out_qsize 1
2026-02-02 15:59:35,332 - INFO - EPOCH 1 - PROGRESS: at 44.60% examples, 827823 words/s, in_qsize 26, out_qsize 2
2026-02-02 15:59:36,332 - INFO - EPOCH 1 - PROGRESS: at 44.76% examples, 827843 words/s, in_qsize 28, out_qsize 0
2026-02-02 15:59:37,334 - INFO - EPOCH 1 - PROGRESS: at 44.91% examples, 827982 words/s, in_qsize 28, out_qsize 0
2026-02-02 15:59:38,335 - INFO - EPOCH 1 - PROGRESS: at 45.10% examples, 828048 words/s, in_qsize 27, out_qsize 2
2026-02-02 15:59:39,367 - INFO - EPOCH 1 - PROGRESS: at 45.24% examples, 827994 words/s, in_qsize 28, out_qsize 1
2026-02-02 15:59:40,397 - INFO - EPOCH 1 - PROGRESS: at 45.37% examples, 827957 words/s, in_qsize 28, out_qsize 1
2026-02-02 15:59:41,404 - INFO - EPOCH 1 - PROGRESS: at 45.50% examples, 828127 words/s, in_qsize 28, out_qsize 1
2026-02-02 15:59:42,408 - INFO - EPOCH 1 - PROGRESS: at 45.64% examples, 828336 words/s, in_qsize 28, out_qsize 2
2026-02-02 15:59:43,412 - INFO - EPOCH 1 - PROGRESS: at 45.77% examples, 828580 words/s, in_qsize 28, out_qsize 0
2026-02-02 15:59:44,422 - INFO - EPOCH 1 - PROGRESS: at 45.92% examples, 828754 words/s, in_qsize 27, out_qsize 0
2026-02-02 15:59:45,427 - INFO - EPOCH 1 - PROGRESS: at 46.08% examples, 829042 words/s, in_qsize 27, out_qsize 0
2026-02-02 15:59:46,435 - INFO - EPOCH 1 - PROGRESS: at 46.23% examples, 829206 words/s, in_qsize 25, out_qsize 1
2026-02-02 15:59:47,446 - INFO - EPOCH 1 - PROGRESS: at 46.37% examples, 829248 words/s, in_qsize 25, out_qsize 2
2026-02-02 15:59:48,460 - INFO - EPOCH 1 - PROGRESS: at 46.52% examples, 829312 words/s, in_qsize 26, out_qsize 3
2026-02-02 15:59:49,493 - INFO - EPOCH 1 - PROGRESS: at 46.80% examples, 829143 words/s, in_qsize 26, out_qsize 1
2026-02-02 15:59:50,521 - INFO - EPOCH 1 - PROGRESS: at 47.10% examples, 828902 words/s, in_qsize 27, out_qsize 0
2026-02-02 15:59:51,522 - INFO - EPOCH 1 - PROGRESS: at 47.25% examples, 828922 words/s, in_qsize 26, out_qsize 1
2026-02-02 15:59:52,538 - INFO - EPOCH 1 - PROGRESS: at 47.41% examples, 828956 words/s, in_qsize 27, out_qsize 0
2026-02-02 15:59:53,549 - INFO - EPOCH 1 - PROGRESS: at 47.57% examples, 829125 words/s, in_qsize 27, out_qsize 1
2026-02-02 15:59:54,556 - INFO - EPOCH 1 - PROGRESS: at 47.73% examples, 829012 words/s, in_qsize 28, out_qsize 3
2026-02-02 15:59:55,596 - INFO - EPOCH 1 - PROGRESS: at 47.87% examples, 828693 words/s, in_qsize 26, out_qsize 1
2026-02-02 15:59:56,617 - INFO - EPOCH 1 - PROGRESS: at 48.03% examples, 828797 words/s, in_qsize 27, out_qsize 1
2026-02-02 15:59:57,621 - INFO - EPOCH 1 - PROGRESS: at 48.17% examples, 828647 words/s, in_qsize 27, out_qsize 0
2026-02-02 15:59:58,656 - INFO - EPOCH 1 - PROGRESS: at 48.31% examples, 828224 words/s, in_qsize 23, out_qsize 12
2026-02-02 15:59:59,695 - INFO - EPOCH 1 - PROGRESS: at 48.47% examples, 828141 words/s, in_qsize 28, out_qsize 1
2026-02-02 16:00:00,700 - INFO - EPOCH 1 - PROGRESS: at 48.62% examples, 828239 words/s, in_qsize 27, out_qsize 0
2026-02-02 16:00:01,726 - INFO - EPOCH 1 - PROGRESS: at 48.79% examples, 828414 words/s, in_qsize 27, out_qsize 2
2026-02-02 16:00:02,727 - INFO - EPOCH 1 - PROGRESS: at 48.95% examples, 828530 words/s, in_qsize 24, out_qsize 3
2026-02-02 16:00:03,746 - INFO - EPOCH 1 - PROGRESS: at 49.12% examples, 828723 words/s, in_qsize 23, out_qsize 3
2026-02-02 16:00:04,749 - INFO - EPOCH 1 - PROGRESS: at 49.28% examples, 828827 words/s, in_qsize 26, out_qsize 1
2026-02-02 16:00:05,756 - INFO - EPOCH 1 - PROGRESS: at 49.44% examples, 828976 words/s, in_qsize 27, out_qsize 0
2026-02-02 16:00:06,766 - INFO - EPOCH 1 - PROGRESS: at 49.61% examples, 829160 words/s, in_qsize 26, out_qsize 1
2026-02-02 16:00:07,792 - INFO - EPOCH 1 - PROGRESS: at 49.77% examples, 829329 words/s, in_qsize 26, out_qsize 3
2026-02-02 16:00:08,812 - INFO - EPOCH 1 - PROGRESS: at 49.93% examples, 829474 words/s, in_qsize 27, out_qsize 1
2026-02-02 16:00:09,814 - INFO - EPOCH 1 - PROGRESS: at 50.08% examples, 829670 words/s, in_qsize 27, out_qsize 0
2026-02-02 16:00:10,827 - INFO - EPOCH 1 - PROGRESS: at 50.25% examples, 829746 words/s, in_qsize 26, out_qsize 1
2026-02-02 16:00:11,832 - INFO - EPOCH 1 - PROGRESS: at 50.45% examples, 829945 words/s, in_qsize 27, out_qsize 0
2026-02-02 16:00:12,850 - INFO - EPOCH 1 - PROGRESS: at 50.66% examples, 830036 words/s, in_qsize 27, out_qsize 0
2026-02-02 16:00:13,872 - INFO - EPOCH 1 - PROGRESS: at 50.86% examples, 830118 words/s, in_qsize 27, out_qsize 1
2026-02-02 16:00:14,877 - INFO - EPOCH 1 - PROGRESS: at 51.06% examples, 830258 words/s, in_qsize 27, out_qsize 0
2026-02-02 16:00:15,902 - INFO - EPOCH 1 - PROGRESS: at 51.28% examples, 830396 words/s, in_qsize 27, out_qsize 2
2026-02-02 16:00:16,906 - INFO - EPOCH 1 - PROGRESS: at 51.55% examples, 830774 words/s, in_qsize 27, out_qsize 1
2026-02-02 16:00:17,940 - INFO - EPOCH 1 - PROGRESS: at 51.80% examples, 830761 words/s, in_qsize 26, out_qsize 1
2026-02-02 16:00:18,953 - INFO - EPOCH 1 - PROGRESS: at 52.05% examples, 830808 words/s, in_qsize 27, out_qsize 0
2026-02-02 16:00:19,977 - INFO - EPOCH 1 - PROGRESS: at 52.29% examples, 830745 words/s, in_qsize 27, out_qsize 0
2026-02-02 16:00:21,002 - INFO - EPOCH 1 - PROGRESS: at 52.55% examples, 830810 words/s, in_qsize 27, out_qsize 0
2026-02-02 16:00:22,013 - INFO - EPOCH 1 - PROGRESS: at 52.80% examples, 830864 words/s, in_qsize 23, out_qsize 4
2026-02-02 16:00:23,022 - INFO - EPOCH 1 - PROGRESS: at 53.05% examples, 830895 words/s, in_qsize 27, out_qsize 0
2026-02-02 16:00:24,057 - INFO - EPOCH 1 - PROGRESS: at 53.30% examples, 830935 words/s, in_qsize 22, out_qsize 5
2026-02-02 16:00:25,057 - INFO - EPOCH 1 - PROGRESS: at 53.55% examples, 831042 words/s, in_qsize 26, out_qsize 5
2026-02-02 16:00:26,059 - INFO - EPOCH 1 - PROGRESS: at 53.80% examples, 831143 words/s, in_qsize 26, out_qsize 1
2026-02-02 16:00:27,080 - INFO - EPOCH 1 - PROGRESS: at 54.08% examples, 831441 words/s, in_qsize 27, out_qsize 0
2026-02-02 16:00:28,111 - INFO - EPOCH 1 - PROGRESS: at 54.33% examples, 831486 words/s, in_qsize 27, out_qsize 0
2026-02-02 16:00:29,127 - INFO - EPOCH 1 - PROGRESS: at 54.58% examples, 831470 words/s, in_qsize 27, out_qsize 2
2026-02-02 16:00:30,136 - INFO - EPOCH 1 - PROGRESS: at 54.83% examples, 831550 words/s, in_qsize 28, out_qsize 0
2026-02-02 16:00:31,152 - INFO - EPOCH 1 - PROGRESS: at 55.06% examples, 831427 words/s, in_qsize 28, out_qsize 1
2026-02-02 16:00:32,174 - INFO - EPOCH 1 - PROGRESS: at 55.23% examples, 831146 words/s, in_qsize 28, out_qsize 0
2026-02-02 16:00:33,190 - INFO - EPOCH 1 - PROGRESS: at 55.37% examples, 831169 words/s, in_qsize 28, out_qsize 1
2026-02-02 16:00:34,198 - INFO - EPOCH 1 - PROGRESS: at 55.54% examples, 831256 words/s, in_qsize 27, out_qsize 5
2026-02-02 16:00:35,229 - INFO - EPOCH 1 - PROGRESS: at 55.73% examples, 831229 words/s, in_qsize 27, out_qsize 1
2026-02-02 16:00:36,274 - INFO - EPOCH 1 - PROGRESS: at 55.98% examples, 831033 words/s, in_qsize 27, out_qsize 1
2026-02-02 16:00:37,278 - INFO - EPOCH 1 - PROGRESS: at 56.17% examples, 830895 words/s, in_qsize 26, out_qsize 1
2026-02-02 16:00:38,290 - INFO - EPOCH 1 - PROGRESS: at 56.34% examples, 831085 words/s, in_qsize 28, out_qsize 0
2026-02-02 16:00:39,297 - INFO - EPOCH 1 - PROGRESS: at 56.50% examples, 831190 words/s, in_qsize 28, out_qsize 2
2026-02-02 16:00:40,299 - INFO - EPOCH 1 - PROGRESS: at 56.65% examples, 831300 words/s, in_qsize 27, out_qsize 0
2026-02-02 16:00:41,306 - INFO - EPOCH 1 - PROGRESS: at 56.81% examples, 831370 words/s, in_qsize 28, out_qsize 0
2026-02-02 16:00:42,312 - INFO - EPOCH 1 - PROGRESS: at 57.04% examples, 831594 words/s, in_qsize 28, out_qsize 0
2026-02-02 16:00:43,324 - INFO - EPOCH 1 - PROGRESS: at 57.26% examples, 831629 words/s, in_qsize 26, out_qsize 7
2026-02-02 16:00:44,356 - INFO - EPOCH 1 - PROGRESS: at 57.50% examples, 831955 words/s, in_qsize 27, out_qsize 0
2026-02-02 16:00:45,370 - INFO - EPOCH 1 - PROGRESS: at 57.70% examples, 831692 words/s, in_qsize 26, out_qsize 1
2026-02-02 16:00:46,381 - INFO - EPOCH 1 - PROGRESS: at 57.89% examples, 831461 words/s, in_qsize 23, out_qsize 8
2026-02-02 16:00:47,382 - INFO - EPOCH 1 - PROGRESS: at 58.10% examples, 831535 words/s, in_qsize 27, out_qsize 0
2026-02-02 16:00:48,408 - INFO - EPOCH 1 - PROGRESS: at 58.30% examples, 831351 words/s, in_qsize 25, out_qsize 2
2026-02-02 16:00:49,414 - INFO - EPOCH 1 - PROGRESS: at 58.51% examples, 831364 words/s, in_qsize 28, out_qsize 1
2026-02-02 16:00:50,429 - INFO - EPOCH 1 - PROGRESS: at 58.70% examples, 831094 words/s, in_qsize 28, out_qsize 0
2026-02-02 16:00:51,435 - INFO - EPOCH 1 - PROGRESS: at 58.88% examples, 830875 words/s, in_qsize 27, out_qsize 0
2026-02-02 16:00:52,450 - INFO - EPOCH 1 - PROGRESS: at 59.07% examples, 830574 words/s, in_qsize 27, out_qsize 0
2026-02-02 16:00:53,472 - INFO - EPOCH 1 - PROGRESS: at 59.27% examples, 830374 words/s, in_qsize 27, out_qsize 3
2026-02-02 16:00:54,472 - INFO - EPOCH 1 - PROGRESS: at 59.47% examples, 830618 words/s, in_qsize 26, out_qsize 1
2026-02-02 16:00:55,482 - INFO - EPOCH 1 - PROGRESS: at 59.71% examples, 830720 words/s, in_qsize 28, out_qsize 3
2026-02-02 16:00:56,503 - INFO - EPOCH 1 - PROGRESS: at 59.81% examples, 830900 words/s, in_qsize 28, out_qsize 1
2026-02-02 16:00:57,511 - INFO - EPOCH 1 - PROGRESS: at 59.97% examples, 830921 words/s, in_qsize 27, out_qsize 0
2026-02-02 16:00:58,588 - INFO - EPOCH 1 - PROGRESS: at 60.16% examples, 830597 words/s, in_qsize 27, out_qsize 0
2026-02-02 16:00:59,591 - INFO - EPOCH 1 - PROGRESS: at 60.35% examples, 830547 words/s, in_qsize 28, out_qsize 2
2026-02-02 16:01:00,628 - INFO - EPOCH 1 - PROGRESS: at 60.53% examples, 830358 words/s, in_qsize 28, out_qsize 2
2026-02-02 16:01:01,642 - INFO - EPOCH 1 - PROGRESS: at 60.71% examples, 830123 words/s, in_qsize 27, out_qsize 0
2026-02-02 16:01:02,663 - INFO - EPOCH 1 - PROGRESS: at 60.88% examples, 829882 words/s, in_qsize 27, out_qsize 0
2026-02-02 16:01:03,671 - INFO - EPOCH 1 - PROGRESS: at 61.02% examples, 829872 words/s, in_qsize 27, out_qsize 0
2026-02-02 16:01:04,688 - INFO - EPOCH 1 - PROGRESS: at 61.15% examples, 829626 words/s, in_qsize 23, out_qsize 4
2026-02-02 16:01:05,690 - INFO - EPOCH 1 - PROGRESS: at 61.25% examples, 829831 words/s, in_qsize 26, out_qsize 1
2026-02-02 16:01:06,701 - INFO - EPOCH 1 - PROGRESS: at 61.36% examples, 829937 words/s, in_qsize 27, out_qsize 0
2026-02-02 16:01:07,704 - INFO - EPOCH 1 - PROGRESS: at 61.54% examples, 830045 words/s, in_qsize 27, out_qsize 0
2026-02-02 16:01:08,706 - INFO - EPOCH 1 - PROGRESS: at 61.73% examples, 830239 words/s, in_qsize 28, out_qsize 0
2026-02-02 16:01:09,727 - INFO - EPOCH 1 - PROGRESS: at 61.87% examples, 830328 words/s, in_qsize 27, out_qsize 0
2026-02-02 16:01:10,728 - INFO - EPOCH 1 - PROGRESS: at 62.07% examples, 830515 words/s, in_qsize 27, out_qsize 0
2026-02-02 16:01:11,734 - INFO - EPOCH 1 - PROGRESS: at 62.18% examples, 830627 words/s, in_qsize 27, out_qsize 0
2026-02-02 16:01:12,751 - INFO - EPOCH 1 - PROGRESS: at 62.35% examples, 830733 words/s, in_qsize 26, out_qsize 2
2026-02-02 16:01:13,755 - INFO - EPOCH 1 - PROGRESS: at 62.53% examples, 830962 words/s, in_qsize 27, out_qsize 0
2026-02-02 16:01:14,812 - INFO - EPOCH 1 - PROGRESS: at 62.69% examples, 830839 words/s, in_qsize 21, out_qsize 7
2026-02-02 16:01:15,852 - INFO - EPOCH 1 - PROGRESS: at 62.88% examples, 831112 words/s, in_qsize 28, out_qsize 3
2026-02-02 16:01:16,922 - INFO - EPOCH 1 - PROGRESS: at 63.08% examples, 831170 words/s, in_qsize 25, out_qsize 7
2026-02-02 16:01:17,925 - INFO - EPOCH 1 - PROGRESS: at 63.26% examples, 831414 words/s, in_qsize 28, out_qsize 0
2026-02-02 16:01:18,944 - INFO - EPOCH 1 - PROGRESS: at 63.37% examples, 831432 words/s, in_qsize 25, out_qsize 2
2026-02-02 16:01:19,953 - INFO - EPOCH 1 - PROGRESS: at 63.54% examples, 831446 words/s, in_qsize 27, out_qsize 0
2026-02-02 16:01:20,977 - INFO - EPOCH 1 - PROGRESS: at 63.71% examples, 831252 words/s, in_qsize 27, out_qsize 0
2026-02-02 16:01:22,011 - INFO - EPOCH 1 - PROGRESS: at 63.91% examples, 830928 words/s, in_qsize 28, out_qsize 0
2026-02-02 16:01:23,047 - INFO - EPOCH 1 - PROGRESS: at 64.11% examples, 830581 words/s, in_qsize 27, out_qsize 1
2026-02-02 16:01:24,068 - INFO - EPOCH 1 - PROGRESS: at 64.26% examples, 830624 words/s, in_qsize 28, out_qsize 2
2026-02-02 16:01:25,086 - INFO - EPOCH 1 - PROGRESS: at 64.42% examples, 830783 words/s, in_qsize 28, out_qsize 2
2026-02-02 16:01:26,096 - INFO - EPOCH 1 - PROGRESS: at 64.57% examples, 830933 words/s, in_qsize 28, out_qsize 3
2026-02-02 16:01:27,105 - INFO - EPOCH 1 - PROGRESS: at 64.77% examples, 831130 words/s, in_qsize 27, out_qsize 0
2026-02-02 16:01:28,163 - INFO - EPOCH 1 - PROGRESS: at 64.95% examples, 830873 words/s, in_qsize 26, out_qsize 1
2026-02-02 16:01:29,167 - INFO - EPOCH 1 - PROGRESS: at 65.11% examples, 830655 words/s, in_qsize 27, out_qsize 0
2026-02-02 16:01:30,209 - INFO - EPOCH 1 - PROGRESS: at 65.28% examples, 830280 words/s, in_qsize 26, out_qsize 3
2026-02-02 16:01:31,210 - INFO - EPOCH 1 - PROGRESS: at 65.48% examples, 830363 words/s, in_qsize 26, out_qsize 1
2026-02-02 16:01:32,220 - INFO - EPOCH 1 - PROGRESS: at 65.63% examples, 829830 words/s, in_qsize 27, out_qsize 0
2026-02-02 16:01:33,231 - INFO - EPOCH 1 - PROGRESS: at 65.78% examples, 829633 words/s, in_qsize 21, out_qsize 6
2026-02-02 16:01:34,231 - INFO - EPOCH 1 - PROGRESS: at 65.96% examples, 829570 words/s, in_qsize 25, out_qsize 4
2026-02-02 16:01:35,235 - INFO - EPOCH 1 - PROGRESS: at 66.11% examples, 829403 words/s, in_qsize 26, out_qsize 6
2026-02-02 16:01:36,236 - INFO - EPOCH 1 - PROGRESS: at 66.28% examples, 829532 words/s, in_qsize 28, out_qsize 0
2026-02-02 16:01:37,246 - INFO - EPOCH 1 - PROGRESS: at 66.46% examples, 829654 words/s, in_qsize 27, out_qsize 3
2026-02-02 16:01:38,249 - INFO - EPOCH 1 - PROGRESS: at 66.57% examples, 829858 words/s, in_qsize 27, out_qsize 0
2026-02-02 16:01:39,280 - INFO - EPOCH 1 - PROGRESS: at 66.66% examples, 829871 words/s, in_qsize 26, out_qsize 3
2026-02-02 16:01:40,306 - INFO - EPOCH 1 - PROGRESS: at 66.79% examples, 829942 words/s, in_qsize 28, out_qsize 0
2026-02-02 16:01:41,332 - INFO - EPOCH 1 - PROGRESS: at 66.88% examples, 829976 words/s, in_qsize 26, out_qsize 1
2026-02-02 16:01:42,332 - INFO - EPOCH 1 - PROGRESS: at 66.98% examples, 830071 words/s, in_qsize 27, out_qsize 0
2026-02-02 16:01:43,345 - INFO - EPOCH 1 - PROGRESS: at 67.14% examples, 829962 words/s, in_qsize 27, out_qsize 0
2026-02-02 16:01:44,372 - INFO - EPOCH 1 - PROGRESS: at 67.30% examples, 829709 words/s, in_qsize 25, out_qsize 2
2026-02-02 16:01:45,386 - INFO - EPOCH 1 - PROGRESS: at 67.47% examples, 829815 words/s, in_qsize 28, out_qsize 1
2026-02-02 16:01:46,391 - INFO - EPOCH 1 - PROGRESS: at 67.61% examples, 829794 words/s, in_qsize 27, out_qsize 0
2026-02-02 16:01:47,408 - INFO - EPOCH 1 - PROGRESS: at 67.77% examples, 829917 words/s, in_qsize 27, out_qsize 0
2026-02-02 16:01:48,427 - INFO - EPOCH 1 - PROGRESS: at 67.91% examples, 829982 words/s, in_qsize 26, out_qsize 3
2026-02-02 16:01:49,446 - INFO - EPOCH 1 - PROGRESS: at 68.07% examples, 830121 words/s, in_qsize 26, out_qsize 1
2026-02-02 16:01:50,458 - INFO - EPOCH 1 - PROGRESS: at 68.18% examples, 830246 words/s, in_qsize 25, out_qsize 2
2026-02-02 16:01:51,461 - INFO - EPOCH 1 - PROGRESS: at 68.38% examples, 830475 words/s, in_qsize 27, out_qsize 0
2026-02-02 16:01:52,484 - INFO - EPOCH 1 - PROGRESS: at 68.54% examples, 830435 words/s, in_qsize 28, out_qsize 0
2026-02-02 16:01:53,488 - INFO - EPOCH 1 - PROGRESS: at 68.68% examples, 830262 words/s, in_qsize 26, out_qsize 1
2026-02-02 16:01:54,495 - INFO - EPOCH 1 - PROGRESS: at 68.85% examples, 830328 words/s, in_qsize 28, out_qsize 0
2026-02-02 16:01:55,514 - INFO - EPOCH 1 - PROGRESS: at 69.02% examples, 830466 words/s, in_qsize 28, out_qsize 0
2026-02-02 16:01:56,521 - INFO - EPOCH 1 - PROGRESS: at 69.21% examples, 830535 words/s, in_qsize 25, out_qsize 2
2026-02-02 16:01:57,531 - INFO - EPOCH 1 - PROGRESS: at 69.51% examples, 830624 words/s, in_qsize 27, out_qsize 0
2026-02-02 16:01:58,539 - INFO - EPOCH 1 - PROGRESS: at 69.77% examples, 830415 words/s, in_qsize 27, out_qsize 0
2026-02-02 16:01:59,545 - INFO - EPOCH 1 - PROGRESS: at 69.94% examples, 830302 words/s, in_qsize 27, out_qsize 1
2026-02-02 16:02:00,575 - INFO - EPOCH 1 - PROGRESS: at 70.11% examples, 830408 words/s, in_qsize 27, out_qsize 0
2026-02-02 16:02:01,581 - INFO - EPOCH 1 - PROGRESS: at 70.27% examples, 830505 words/s, in_qsize 28, out_qsize 2
2026-02-02 16:02:02,619 - INFO - EPOCH 1 - PROGRESS: at 70.44% examples, 830655 words/s, in_qsize 25, out_qsize 3
2026-02-02 16:02:03,622 - INFO - EPOCH 1 - PROGRESS: at 70.61% examples, 830758 words/s, in_qsize 28, out_qsize 1
2026-02-02 16:02:04,649 - INFO - EPOCH 1 - PROGRESS: at 70.77% examples, 830774 words/s, in_qsize 25, out_qsize 2
2026-02-02 16:02:05,658 - INFO - EPOCH 1 - PROGRESS: at 70.92% examples, 830895 words/s, in_qsize 27, out_qsize 0
2026-02-02 16:02:06,660 - INFO - EPOCH 1 - PROGRESS: at 71.07% examples, 830905 words/s, in_qsize 28, out_qsize 2
2026-02-02 16:02:07,677 - INFO - EPOCH 1 - PROGRESS: at 71.24% examples, 831074 words/s, in_qsize 25, out_qsize 2
2026-02-02 16:02:08,682 - INFO - EPOCH 1 - PROGRESS: at 71.46% examples, 831237 words/s, in_qsize 25, out_qsize 4
2026-02-02 16:02:09,694 - INFO - EPOCH 1 - PROGRESS: at 71.70% examples, 831389 words/s, in_qsize 27, out_qsize 3
2026-02-02 16:02:10,695 - INFO - EPOCH 1 - PROGRESS: at 71.90% examples, 831547 words/s, in_qsize 28, out_qsize 2
2026-02-02 16:02:11,704 - INFO - EPOCH 1 - PROGRESS: at 72.06% examples, 831738 words/s, in_qsize 27, out_qsize 0
2026-02-02 16:02:12,709 - INFO - EPOCH 1 - PROGRESS: at 72.22% examples, 831626 words/s, in_qsize 27, out_qsize 0
2026-02-02 16:02:13,716 - INFO - EPOCH 1 - PROGRESS: at 72.41% examples, 831360 words/s, in_qsize 27, out_qsize 0
2026-02-02 16:02:14,717 - INFO - EPOCH 1 - PROGRESS: at 72.60% examples, 831132 words/s, in_qsize 27, out_qsize 0
2026-02-02 16:02:15,730 - INFO - EPOCH 1 - PROGRESS: at 72.79% examples, 830897 words/s, in_qsize 27, out_qsize 0
2026-02-02 16:02:16,744 - INFO - EPOCH 1 - PROGRESS: at 72.98% examples, 830681 words/s, in_qsize 28, out_qsize 0
2026-02-02 16:02:17,745 - INFO - EPOCH 1 - PROGRESS: at 73.11% examples, 830711 words/s, in_qsize 27, out_qsize 0
2026-02-02 16:02:18,758 - INFO - EPOCH 1 - PROGRESS: at 73.24% examples, 830774 words/s, in_qsize 27, out_qsize 0
2026-02-02 16:02:19,761 - INFO - EPOCH 1 - PROGRESS: at 73.38% examples, 830917 words/s, in_qsize 27, out_qsize 0
2026-02-02 16:02:20,782 - INFO - EPOCH 1 - PROGRESS: at 73.51% examples, 830911 words/s, in_qsize 27, out_qsize 7
2026-02-02 16:02:21,785 - INFO - EPOCH 1 - PROGRESS: at 73.62% examples, 831080 words/s, in_qsize 24, out_qsize 4
2026-02-02 16:02:22,786 - INFO - EPOCH 1 - PROGRESS: at 73.81% examples, 831263 words/s, in_qsize 27, out_qsize 1
2026-02-02 16:02:23,787 - INFO - EPOCH 1 - PROGRESS: at 74.02% examples, 831332 words/s, in_qsize 26, out_qsize 5
2026-02-02 16:02:24,805 - INFO - EPOCH 1 - PROGRESS: at 74.23% examples, 831342 words/s, in_qsize 25, out_qsize 2
2026-02-02 16:02:25,811 - INFO - EPOCH 1 - PROGRESS: at 74.43% examples, 831294 words/s, in_qsize 27, out_qsize 0
2026-02-02 16:02:26,892 - INFO - EPOCH 1 - PROGRESS: at 74.59% examples, 831118 words/s, in_qsize 24, out_qsize 11
2026-02-02 16:02:27,903 - INFO - EPOCH 1 - PROGRESS: at 74.75% examples, 831127 words/s, in_qsize 27, out_qsize 0
2026-02-02 16:02:28,930 - INFO - EPOCH 1 - PROGRESS: at 74.92% examples, 831124 words/s, in_qsize 28, out_qsize 1
2026-02-02 16:02:29,972 - INFO - EPOCH 1 - PROGRESS: at 75.14% examples, 831220 words/s, in_qsize 27, out_qsize 0
2026-02-02 16:02:30,989 - INFO - EPOCH 1 - PROGRESS: at 75.36% examples, 831282 words/s, in_qsize 27, out_qsize 0
2026-02-02 16:02:32,001 - INFO - EPOCH 1 - PROGRESS: at 75.55% examples, 831309 words/s, in_qsize 25, out_qsize 2
2026-02-02 16:02:33,010 - INFO - EPOCH 1 - PROGRESS: at 75.73% examples, 831234 words/s, in_qsize 28, out_qsize 2
2026-02-02 16:02:34,031 - INFO - EPOCH 1 - PROGRESS: at 75.92% examples, 831263 words/s, in_qsize 28, out_qsize 3
2026-02-02 16:02:35,032 - INFO - EPOCH 1 - PROGRESS: at 76.12% examples, 831399 words/s, in_qsize 28, out_qsize 0
2026-02-02 16:02:36,064 - INFO - EPOCH 1 - PROGRESS: at 76.32% examples, 831426 words/s, in_qsize 26, out_qsize 1
2026-02-02 16:02:37,091 - INFO - EPOCH 1 - PROGRESS: at 76.50% examples, 831293 words/s, in_qsize 27, out_qsize 0
2026-02-02 16:02:38,112 - INFO - EPOCH 1 - PROGRESS: at 76.68% examples, 831080 words/s, in_qsize 27, out_qsize 0
2026-02-02 16:02:39,115 - INFO - EPOCH 1 - PROGRESS: at 76.84% examples, 830964 words/s, in_qsize 25, out_qsize 3
2026-02-02 16:02:40,123 - INFO - EPOCH 1 - PROGRESS: at 77.01% examples, 830819 words/s, in_qsize 25, out_qsize 1
2026-02-02 16:02:41,139 - INFO - EPOCH 1 - PROGRESS: at 77.19% examples, 830679 words/s, in_qsize 27, out_qsize 0
2026-02-02 16:02:42,206 - INFO - EPOCH 1 - PROGRESS: at 77.36% examples, 830408 words/s, in_qsize 27, out_qsize 0
2026-02-02 16:02:43,211 - INFO - EPOCH 1 - PROGRESS: at 77.53% examples, 830274 words/s, in_qsize 28, out_qsize 0
2026-02-02 16:02:44,221 - INFO - EPOCH 1 - PROGRESS: at 77.70% examples, 830078 words/s, in_qsize 27, out_qsize 0
2026-02-02 16:02:45,224 - INFO - EPOCH 1 - PROGRESS: at 77.87% examples, 829878 words/s, in_qsize 27, out_qsize 0
2026-02-02 16:02:46,245 - INFO - EPOCH 1 - PROGRESS: at 78.06% examples, 829841 words/s, in_qsize 27, out_qsize 0
2026-02-02 16:02:47,280 - INFO - EPOCH 1 - PROGRESS: at 78.20% examples, 829565 words/s, in_qsize 28, out_qsize 0
2026-02-02 16:02:48,292 - INFO - EPOCH 1 - PROGRESS: at 78.38% examples, 829672 words/s, in_qsize 26, out_qsize 2
2026-02-02 16:02:49,330 - INFO - EPOCH 1 - PROGRESS: at 78.58% examples, 829962 words/s, in_qsize 26, out_qsize 1
2026-02-02 16:02:50,330 - INFO - EPOCH 1 - PROGRESS: at 78.76% examples, 830162 words/s, in_qsize 27, out_qsize 0
2026-02-02 16:02:51,362 - INFO - EPOCH 1 - PROGRESS: at 78.96% examples, 830425 words/s, in_qsize 28, out_qsize 0
2026-02-02 16:02:52,381 - INFO - EPOCH 1 - PROGRESS: at 79.15% examples, 830677 words/s, in_qsize 22, out_qsize 2
2026-02-02 16:02:53,389 - INFO - EPOCH 1 - PROGRESS: at 79.34% examples, 830983 words/s, in_qsize 28, out_qsize 0
2026-02-02 16:02:54,401 - INFO - EPOCH 1 - PROGRESS: at 79.53% examples, 831172 words/s, in_qsize 27, out_qsize 0
2026-02-02 16:02:55,403 - INFO - EPOCH 1 - PROGRESS: at 79.72% examples, 831435 words/s, in_qsize 27, out_qsize 0
2026-02-02 16:02:56,403 - INFO - EPOCH 1 - PROGRESS: at 79.90% examples, 831664 words/s, in_qsize 27, out_qsize 0
2026-02-02 16:02:57,429 - INFO - EPOCH 1 - PROGRESS: at 80.08% examples, 831792 words/s, in_qsize 24, out_qsize 5
2026-02-02 16:02:58,433 - INFO - EPOCH 1 - PROGRESS: at 80.28% examples, 832115 words/s, in_qsize 27, out_qsize 0
2026-02-02 16:02:59,435 - INFO - EPOCH 1 - PROGRESS: at 80.43% examples, 832056 words/s, in_qsize 27, out_qsize 0
2026-02-02 16:03:00,450 - INFO - EPOCH 1 - PROGRESS: at 80.55% examples, 831892 words/s, in_qsize 28, out_qsize 0
2026-02-02 16:03:01,484 - INFO - EPOCH 1 - PROGRESS: at 80.68% examples, 831917 words/s, in_qsize 28, out_qsize 2
2026-02-02 16:03:02,513 - INFO - EPOCH 1 - PROGRESS: at 80.85% examples, 831998 words/s, in_qsize 25, out_qsize 7
2026-02-02 16:03:03,529 - INFO - EPOCH 1 - PROGRESS: at 81.03% examples, 832214 words/s, in_qsize 26, out_qsize 1
2026-02-02 16:03:04,537 - INFO - EPOCH 1 - PROGRESS: at 81.21% examples, 832359 words/s, in_qsize 26, out_qsize 0
2026-02-02 16:03:05,577 - INFO - EPOCH 1 - PROGRESS: at 81.37% examples, 832357 words/s, in_qsize 27, out_qsize 3
2026-02-02 16:03:06,581 - INFO - EPOCH 1 - PROGRESS: at 81.55% examples, 832508 words/s, in_qsize 27, out_qsize 0
2026-02-02 16:03:07,604 - INFO - EPOCH 1 - PROGRESS: at 81.70% examples, 832608 words/s, in_qsize 27, out_qsize 0
2026-02-02 16:03:08,637 - INFO - EPOCH 1 - PROGRESS: at 81.88% examples, 832595 words/s, in_qsize 27, out_qsize 0
2026-02-02 16:03:09,637 - INFO - EPOCH 1 - PROGRESS: at 82.06% examples, 832658 words/s, in_qsize 28, out_qsize 0
2026-02-02 16:03:10,684 - INFO - EPOCH 1 - PROGRESS: at 82.25% examples, 832734 words/s, in_qsize 24, out_qsize 3
2026-02-02 16:03:11,684 - INFO - EPOCH 1 - PROGRESS: at 82.43% examples, 832888 words/s, in_qsize 28, out_qsize 0
2026-02-02 16:03:12,687 - INFO - EPOCH 1 - PROGRESS: at 82.61% examples, 832959 words/s, in_qsize 26, out_qsize 1
2026-02-02 16:03:13,715 - INFO - EPOCH 1 - PROGRESS: at 82.78% examples, 832931 words/s, in_qsize 26, out_qsize 1
2026-02-02 16:03:14,736 - INFO - EPOCH 1 - PROGRESS: at 82.92% examples, 832997 words/s, in_qsize 28, out_qsize 0
2026-02-02 16:03:15,746 - INFO - EPOCH 1 - PROGRESS: at 83.07% examples, 833116 words/s, in_qsize 27, out_qsize 0
2026-02-02 16:03:16,751 - INFO - EPOCH 1 - PROGRESS: at 83.21% examples, 833191 words/s, in_qsize 27, out_qsize 2
2026-02-02 16:03:17,760 - INFO - EPOCH 1 - PROGRESS: at 83.35% examples, 833310 words/s, in_qsize 25, out_qsize 2
2026-02-02 16:03:18,772 - INFO - EPOCH 1 - PROGRESS: at 83.52% examples, 833396 words/s, in_qsize 26, out_qsize 1
2026-02-02 16:03:19,780 - INFO - EPOCH 1 - PROGRESS: at 83.67% examples, 833349 words/s, in_qsize 27, out_qsize 0
2026-02-02 16:03:20,797 - INFO - EPOCH 1 - PROGRESS: at 83.88% examples, 833482 words/s, in_qsize 27, out_qsize 0
2026-02-02 16:03:21,797 - INFO - EPOCH 1 - PROGRESS: at 84.07% examples, 833517 words/s, in_qsize 25, out_qsize 2
2026-02-02 16:03:22,802 - INFO - EPOCH 1 - PROGRESS: at 84.22% examples, 833374 words/s, in_qsize 26, out_qsize 0
2026-02-02 16:03:23,815 - INFO - EPOCH 1 - PROGRESS: at 84.34% examples, 833172 words/s, in_qsize 28, out_qsize 1
2026-02-02 16:03:24,825 - INFO - EPOCH 1 - PROGRESS: at 84.46% examples, 833081 words/s, in_qsize 27, out_qsize 3
2026-02-02 16:03:25,829 - INFO - EPOCH 1 - PROGRESS: at 84.60% examples, 833130 words/s, in_qsize 28, out_qsize 0
2026-02-02 16:03:26,851 - INFO - EPOCH 1 - PROGRESS: at 84.69% examples, 833194 words/s, in_qsize 27, out_qsize 0
2026-02-02 16:03:27,861 - INFO - EPOCH 1 - PROGRESS: at 84.82% examples, 833234 words/s, in_qsize 28, out_qsize 1
2026-02-02 16:03:28,879 - INFO - EPOCH 1 - PROGRESS: at 85.04% examples, 833344 words/s, in_qsize 27, out_qsize 4
2026-02-02 16:03:29,895 - INFO - EPOCH 1 - PROGRESS: at 85.24% examples, 833521 words/s, in_qsize 27, out_qsize 0
2026-02-02 16:03:30,916 - INFO - EPOCH 1 - PROGRESS: at 85.43% examples, 833579 words/s, in_qsize 28, out_qsize 0
2026-02-02 16:03:31,925 - INFO - EPOCH 1 - PROGRESS: at 85.61% examples, 833627 words/s, in_qsize 26, out_qsize 1
2026-02-02 16:03:32,934 - INFO - EPOCH 1 - PROGRESS: at 85.80% examples, 833689 words/s, in_qsize 23, out_qsize 4
2026-02-02 16:03:33,943 - INFO - EPOCH 1 - PROGRESS: at 86.00% examples, 833865 words/s, in_qsize 28, out_qsize 1
2026-02-02 16:03:34,981 - INFO - EPOCH 1 - PROGRESS: at 86.18% examples, 833882 words/s, in_qsize 27, out_qsize 0
2026-02-02 16:03:35,989 - INFO - EPOCH 1 - PROGRESS: at 86.36% examples, 833894 words/s, in_qsize 28, out_qsize 1
2026-02-02 16:03:36,993 - INFO - EPOCH 1 - PROGRESS: at 86.52% examples, 833940 words/s, in_qsize 28, out_qsize 0
2026-02-02 16:03:37,997 - INFO - EPOCH 1 - PROGRESS: at 86.67% examples, 833967 words/s, in_qsize 28, out_qsize 0
2026-02-02 16:03:39,013 - INFO - EPOCH 1 - PROGRESS: at 86.89% examples, 834104 words/s, in_qsize 26, out_qsize 1
2026-02-02 16:03:40,027 - INFO - EPOCH 1 - PROGRESS: at 87.11% examples, 834203 words/s, in_qsize 28, out_qsize 2
2026-02-02 16:03:41,031 - INFO - EPOCH 1 - PROGRESS: at 87.31% examples, 834353 words/s, in_qsize 26, out_qsize 1
2026-02-02 16:03:42,031 - INFO - EPOCH 1 - PROGRESS: at 87.50% examples, 834504 words/s, in_qsize 27, out_qsize 0
2026-02-02 16:03:43,047 - INFO - EPOCH 1 - PROGRESS: at 87.66% examples, 834497 words/s, in_qsize 28, out_qsize 2
2026-02-02 16:03:44,053 - INFO - EPOCH 1 - PROGRESS: at 87.83% examples, 834630 words/s, in_qsize 26, out_qsize 1
2026-02-02 16:03:45,055 - INFO - EPOCH 1 - PROGRESS: at 87.99% examples, 834663 words/s, in_qsize 28, out_qsize 2
2026-02-02 16:03:46,077 - INFO - EPOCH 1 - PROGRESS: at 88.10% examples, 834506 words/s, in_qsize 27, out_qsize 0
2026-02-02 16:03:47,089 - INFO - EPOCH 1 - PROGRESS: at 88.24% examples, 834330 words/s, in_qsize 25, out_qsize 5
2026-02-02 16:03:48,119 - INFO - EPOCH 1 - PROGRESS: at 88.42% examples, 834358 words/s, in_qsize 27, out_qsize 2
2026-02-02 16:03:49,152 - INFO - EPOCH 1 - PROGRESS: at 88.64% examples, 834425 words/s, in_qsize 27, out_qsize 0
2026-02-02 16:03:50,184 - INFO - EPOCH 1 - PROGRESS: at 88.80% examples, 834384 words/s, in_qsize 28, out_qsize 2
2026-02-02 16:03:51,200 - INFO - EPOCH 1 - PROGRESS: at 88.92% examples, 834436 words/s, in_qsize 28, out_qsize 4
2026-02-02 16:03:52,223 - INFO - EPOCH 1 - PROGRESS: at 89.10% examples, 834461 words/s, in_qsize 28, out_qsize 0
2026-02-02 16:03:53,236 - INFO - EPOCH 1 - PROGRESS: at 89.28% examples, 834306 words/s, in_qsize 27, out_qsize 0
2026-02-02 16:03:54,243 - INFO - EPOCH 1 - PROGRESS: at 89.47% examples, 834297 words/s, in_qsize 26, out_qsize 1
2026-02-02 16:03:55,255 - INFO - EPOCH 1 - PROGRESS: at 89.66% examples, 834201 words/s, in_qsize 27, out_qsize 0
2026-02-02 16:03:56,300 - INFO - EPOCH 1 - PROGRESS: at 89.85% examples, 834012 words/s, in_qsize 26, out_qsize 1
2026-02-02 16:03:57,306 - INFO - EPOCH 1 - PROGRESS: at 90.06% examples, 834019 words/s, in_qsize 27, out_qsize 0
2026-02-02 16:03:58,306 - INFO - EPOCH 1 - PROGRESS: at 90.24% examples, 833854 words/s, in_qsize 27, out_qsize 0
2026-02-02 16:03:59,328 - INFO - EPOCH 1 - PROGRESS: at 90.43% examples, 833669 words/s, in_qsize 27, out_qsize 0
2026-02-02 16:04:00,336 - INFO - EPOCH 1 - PROGRESS: at 90.61% examples, 833478 words/s, in_qsize 27, out_qsize 1
2026-02-02 16:04:01,338 - INFO - EPOCH 1 - PROGRESS: at 90.81% examples, 833386 words/s, in_qsize 24, out_qsize 3
2026-02-02 16:04:02,366 - INFO - EPOCH 1 - PROGRESS: at 91.01% examples, 833313 words/s, in_qsize 27, out_qsize 1
2026-02-02 16:04:03,371 - INFO - EPOCH 1 - PROGRESS: at 91.23% examples, 833398 words/s, in_qsize 27, out_qsize 0
2026-02-02 16:04:04,414 - INFO - EPOCH 1 - PROGRESS: at 91.40% examples, 833346 words/s, in_qsize 28, out_qsize 4
2026-02-02 16:04:05,417 - INFO - EPOCH 1 - PROGRESS: at 91.54% examples, 833519 words/s, in_qsize 27, out_qsize 0
2026-02-02 16:04:06,431 - INFO - EPOCH 1 - PROGRESS: at 91.71% examples, 833606 words/s, in_qsize 28, out_qsize 0
2026-02-02 16:04:07,442 - INFO - EPOCH 1 - PROGRESS: at 91.97% examples, 833781 words/s, in_qsize 24, out_qsize 3
2026-02-02 16:04:08,447 - INFO - EPOCH 1 - PROGRESS: at 92.23% examples, 833979 words/s, in_qsize 26, out_qsize 1
2026-02-02 16:04:09,449 - INFO - EPOCH 1 - PROGRESS: at 92.48% examples, 834152 words/s, in_qsize 25, out_qsize 0
2026-02-02 16:04:10,459 - INFO - EPOCH 1 - PROGRESS: at 92.73% examples, 834326 words/s, in_qsize 26, out_qsize 1
2026-02-02 16:04:11,484 - INFO - EPOCH 1 - PROGRESS: at 92.95% examples, 834218 words/s, in_qsize 28, out_qsize 0
2026-02-02 16:04:12,497 - INFO - EPOCH 1 - PROGRESS: at 93.17% examples, 834184 words/s, in_qsize 27, out_qsize 0
2026-02-02 16:04:13,498 - INFO - EPOCH 1 - PROGRESS: at 93.39% examples, 834111 words/s, in_qsize 27, out_qsize 4
2026-02-02 16:04:14,509 - INFO - EPOCH 1 - PROGRESS: at 93.62% examples, 834094 words/s, in_qsize 24, out_qsize 3
2026-02-02 16:04:15,517 - INFO - EPOCH 1 - PROGRESS: at 93.87% examples, 834226 words/s, in_qsize 28, out_qsize 1
2026-02-02 16:04:16,525 - INFO - EPOCH 1 - PROGRESS: at 94.13% examples, 834472 words/s, in_qsize 28, out_qsize 0
2026-02-02 16:04:17,545 - INFO - EPOCH 1 - PROGRESS: at 94.37% examples, 834532 words/s, in_qsize 28, out_qsize 0
2026-02-02 16:04:18,548 - INFO - EPOCH 1 - PROGRESS: at 94.49% examples, 834516 words/s, in_qsize 28, out_qsize 2
2026-02-02 16:04:19,562 - INFO - EPOCH 1 - PROGRESS: at 94.63% examples, 834640 words/s, in_qsize 27, out_qsize 0
2026-02-02 16:04:20,577 - INFO - EPOCH 1 - PROGRESS: at 94.79% examples, 834667 words/s, in_qsize 27, out_qsize 2
2026-02-02 16:04:21,586 - INFO - EPOCH 1 - PROGRESS: at 94.94% examples, 834806 words/s, in_qsize 25, out_qsize 0
2026-02-02 16:04:22,631 - INFO - EPOCH 1 - PROGRESS: at 95.07% examples, 834829 words/s, in_qsize 26, out_qsize 1
2026-02-02 16:04:23,632 - INFO - EPOCH 1 - PROGRESS: at 95.24% examples, 834891 words/s, in_qsize 26, out_qsize 1
2026-02-02 16:04:24,655 - INFO - EPOCH 1 - PROGRESS: at 95.36% examples, 834897 words/s, in_qsize 28, out_qsize 0
2026-02-02 16:04:25,676 - INFO - EPOCH 1 - PROGRESS: at 95.56% examples, 834980 words/s, in_qsize 28, out_qsize 0
2026-02-02 16:04:26,694 - INFO - EPOCH 1 - PROGRESS: at 95.74% examples, 835050 words/s, in_qsize 27, out_qsize 2
2026-02-02 16:04:27,706 - INFO - EPOCH 1 - PROGRESS: at 95.85% examples, 834897 words/s, in_qsize 28, out_qsize 3
2026-02-02 16:04:28,708 - INFO - EPOCH 1 - PROGRESS: at 95.98% examples, 834868 words/s, in_qsize 27, out_qsize 0
2026-02-02 16:04:29,732 - INFO - EPOCH 1 - PROGRESS: at 96.10% examples, 834803 words/s, in_qsize 26, out_qsize 1
2026-02-02 16:04:30,756 - INFO - EPOCH 1 - PROGRESS: at 96.26% examples, 834651 words/s, in_qsize 28, out_qsize 1
2026-02-02 16:04:31,773 - INFO - EPOCH 1 - PROGRESS: at 96.43% examples, 834680 words/s, in_qsize 27, out_qsize 0
2026-02-02 16:04:32,802 - INFO - EPOCH 1 - PROGRESS: at 96.60% examples, 834715 words/s, in_qsize 27, out_qsize 0
2026-02-02 16:04:33,804 - INFO - EPOCH 1 - PROGRESS: at 96.82% examples, 834837 words/s, in_qsize 28, out_qsize 2
2026-02-02 16:04:34,835 - INFO - EPOCH 1 - PROGRESS: at 96.95% examples, 834913 words/s, in_qsize 24, out_qsize 3
2026-02-02 16:04:35,846 - INFO - EPOCH 1 - PROGRESS: at 97.08% examples, 835023 words/s, in_qsize 27, out_qsize 0
2026-02-02 16:04:36,876 - INFO - EPOCH 1 - PROGRESS: at 97.23% examples, 835086 words/s, in_qsize 26, out_qsize 1
2026-02-02 16:04:37,892 - INFO - EPOCH 1 - PROGRESS: at 97.46% examples, 835213 words/s, in_qsize 28, out_qsize 0
2026-02-02 16:04:38,900 - INFO - EPOCH 1 - PROGRESS: at 97.59% examples, 835295 words/s, in_qsize 28, out_qsize 0
2026-02-02 16:04:39,908 - INFO - EPOCH 1 - PROGRESS: at 97.74% examples, 835322 words/s, in_qsize 27, out_qsize 0
2026-02-02 16:04:40,913 - INFO - EPOCH 1 - PROGRESS: at 97.90% examples, 835435 words/s, in_qsize 27, out_qsize 0
2026-02-02 16:04:41,921 - INFO - EPOCH 1 - PROGRESS: at 98.05% examples, 835531 words/s, in_qsize 27, out_qsize 0
2026-02-02 16:04:42,929 - INFO - EPOCH 1 - PROGRESS: at 98.22% examples, 835633 words/s, in_qsize 27, out_qsize 0
2026-02-02 16:04:43,951 - INFO - EPOCH 1 - PROGRESS: at 98.39% examples, 835590 words/s, in_qsize 28, out_qsize 3
2026-02-02 16:04:44,957 - INFO - EPOCH 1 - PROGRESS: at 98.53% examples, 835607 words/s, in_qsize 27, out_qsize 3
2026-02-02 16:04:45,977 - INFO - EPOCH 1 - PROGRESS: at 98.64% examples, 835686 words/s, in_qsize 28, out_qsize 0
2026-02-02 16:04:46,989 - INFO - EPOCH 1 - PROGRESS: at 98.76% examples, 835734 words/s, in_qsize 27, out_qsize 0
2026-02-02 16:04:48,023 - INFO - EPOCH 1 - PROGRESS: at 98.94% examples, 835676 words/s, in_qsize 27, out_qsize 0
2026-02-02 16:04:49,049 - INFO - EPOCH 1 - PROGRESS: at 99.12% examples, 835496 words/s, in_qsize 26, out_qsize 1
2026-02-02 16:04:50,066 - INFO - EPOCH 1 - PROGRESS: at 99.31% examples, 835369 words/s, in_qsize 25, out_qsize 2
2026-02-02 16:04:51,084 - INFO - EPOCH 1 - PROGRESS: at 99.48% examples, 835466 words/s, in_qsize 27, out_qsize 2
2026-02-02 16:04:52,101 - INFO - EPOCH 1 - PROGRESS: at 99.66% examples, 835464 words/s, in_qsize 28, out_qsize 0
2026-02-02 16:04:53,112 - INFO - EPOCH 1 - PROGRESS: at 99.80% examples, 835349 words/s, in_qsize 27, out_qsize 1
2026-02-02 16:04:54,114 - INFO - EPOCH 1 - PROGRESS: at 99.94% examples, 835445 words/s, in_qsize 26, out_qsize 1
2026-02-02 16:04:54,416 - DEBUG - job loop exiting, total 60863 jobs
2026-02-02 16:04:54,515 - DEBUG - worker exiting, processed 4344 jobs
2026-02-02 16:04:54,515 - DEBUG - worker thread finished; awaiting finish of 13 more threads
2026-02-02 16:04:54,523 - DEBUG - worker exiting, processed 4355 jobs
2026-02-02 16:04:54,523 - DEBUG - worker thread finished; awaiting finish of 12 more threads
2026-02-02 16:04:54,533 - DEBUG - worker exiting, processed 4326 jobs
2026-02-02 16:04:54,533 - DEBUG - worker thread finished; awaiting finish of 11 more threads
2026-02-02 16:04:54,534 - DEBUG - worker exiting, processed 4371 jobs
2026-02-02 16:04:54,534 - DEBUG - worker thread finished; awaiting finish of 10 more threads
2026-02-02 16:04:54,542 - DEBUG - worker exiting, processed 4356 jobs
2026-02-02 16:04:54,542 - DEBUG - worker thread finished; awaiting finish of 9 more threads
2026-02-02 16:04:54,546 - DEBUG - worker exiting, processed 4333 jobs
2026-02-02 16:04:54,546 - DEBUG - worker thread finished; awaiting finish of 8 more threads
2026-02-02 16:04:54,551 - DEBUG - worker exiting, processed 4357 jobs
2026-02-02 16:04:54,551 - DEBUG - worker thread finished; awaiting finish of 7 more threads
2026-02-02 16:04:54,551 - DEBUG - worker exiting, processed 4354 jobs
2026-02-02 16:04:54,552 - DEBUG - worker thread finished; awaiting finish of 6 more threads
2026-02-02 16:04:54,553 - DEBUG - worker exiting, processed 4341 jobs
2026-02-02 16:04:54,553 - DEBUG - worker thread finished; awaiting finish of 5 more threads
2026-02-02 16:04:54,563 - DEBUG - worker exiting, processed 4364 jobs
2026-02-02 16:04:54,563 - DEBUG - worker thread finished; awaiting finish of 4 more threads
2026-02-02 16:04:54,584 - DEBUG - worker exiting, processed 4347 jobs
2026-02-02 16:04:54,584 - DEBUG - worker thread finished; awaiting finish of 3 more threads
2026-02-02 16:04:54,600 - DEBUG - worker exiting, processed 4360 jobs
2026-02-02 16:04:54,600 - DEBUG - worker thread finished; awaiting finish of 2 more threads
2026-02-02 16:04:54,602 - DEBUG - worker exiting, processed 4337 jobs
2026-02-02 16:04:54,602 - DEBUG - worker thread finished; awaiting finish of 1 more threads
2026-02-02 16:04:54,605 - DEBUG - worker exiting, processed 4318 jobs
2026-02-02 16:04:54,605 - DEBUG - worker thread finished; awaiting finish of 0 more threads
2026-02-02 16:04:54,606 - INFO - EPOCH 1: training on 604933589 raw words (478683729 effective words) took 572.9s, 835532 effective words/s
2026-02-02 16:04:54,606 - INFO - Epoch 2 completed in 572.9s
2026-02-02 16:04:54,606 - INFO - Epoch 3 starting...
2026-02-02 16:04:55,640 - INFO - EPOCH 2 - PROGRESS: at 0.11% examples, 700212 words/s, in_qsize 26, out_qsize 1
2026-02-02 16:04:56,664 - INFO - EPOCH 2 - PROGRESS: at 0.28% examples, 738762 words/s, in_qsize 25, out_qsize 5
2026-02-02 16:04:57,678 - INFO - EPOCH 2 - PROGRESS: at 0.47% examples, 770728 words/s, in_qsize 27, out_qsize 1
2026-02-02 16:04:58,686 - INFO - EPOCH 2 - PROGRESS: at 0.66% examples, 791947 words/s, in_qsize 27, out_qsize 0
2026-02-02 16:04:59,713 - INFO - EPOCH 2 - PROGRESS: at 0.87% examples, 809723 words/s, in_qsize 26, out_qsize 1
2026-02-02 16:05:00,725 - INFO - EPOCH 2 - PROGRESS: at 1.06% examples, 815629 words/s, in_qsize 28, out_qsize 1
2026-02-02 16:05:01,759 - INFO - EPOCH 2 - PROGRESS: at 1.23% examples, 805085 words/s, in_qsize 27, out_qsize 0
2026-02-02 16:05:02,800 - INFO - EPOCH 2 - PROGRESS: at 1.39% examples, 806043 words/s, in_qsize 27, out_qsize 0
2026-02-02 16:05:03,808 - INFO - EPOCH 2 - PROGRESS: at 1.55% examples, 810038 words/s, in_qsize 26, out_qsize 2
2026-02-02 16:05:04,808 - INFO - EPOCH 2 - PROGRESS: at 1.70% examples, 815170 words/s, in_qsize 26, out_qsize 4
2026-02-02 16:05:05,843 - INFO - EPOCH 2 - PROGRESS: at 1.87% examples, 823302 words/s, in_qsize 27, out_qsize 1
2026-02-02 16:05:06,868 - INFO - EPOCH 2 - PROGRESS: at 2.03% examples, 828845 words/s, in_qsize 28, out_qsize 1
2026-02-02 16:05:07,876 - INFO - EPOCH 2 - PROGRESS: at 2.18% examples, 834396 words/s, in_qsize 27, out_qsize 0
2026-02-02 16:05:08,897 - INFO - EPOCH 2 - PROGRESS: at 2.32% examples, 834986 words/s, in_qsize 27, out_qsize 2
2026-02-02 16:05:09,905 - INFO - EPOCH 2 - PROGRESS: at 2.48% examples, 837771 words/s, in_qsize 26, out_qsize 0
2026-02-02 16:05:10,909 - INFO - EPOCH 2 - PROGRESS: at 2.63% examples, 839398 words/s, in_qsize 26, out_qsize 1
2026-02-02 16:05:11,959 - INFO - EPOCH 2 - PROGRESS: at 2.78% examples, 840110 words/s, in_qsize 24, out_qsize 6
2026-02-02 16:05:12,980 - INFO - EPOCH 2 - PROGRESS: at 2.93% examples, 839385 words/s, in_qsize 27, out_qsize 0
2026-02-02 16:05:13,990 - INFO - EPOCH 2 - PROGRESS: at 3.06% examples, 834057 words/s, in_qsize 28, out_qsize 1
2026-02-02 16:05:15,018 - INFO - EPOCH 2 - PROGRESS: at 3.25% examples, 834880 words/s, in_qsize 28, out_qsize 3
2026-02-02 16:05:16,026 - INFO - EPOCH 2 - PROGRESS: at 3.44% examples, 836086 words/s, in_qsize 26, out_qsize 1
2026-02-02 16:05:17,029 - INFO - EPOCH 2 - PROGRESS: at 3.60% examples, 835074 words/s, in_qsize 27, out_qsize 0
2026-02-02 16:05:18,052 - INFO - EPOCH 2 - PROGRESS: at 3.79% examples, 835789 words/s, in_qsize 27, out_qsize 0
2026-02-02 16:05:19,059 - INFO - EPOCH 2 - PROGRESS: at 3.97% examples, 836168 words/s, in_qsize 27, out_qsize 1
2026-02-02 16:05:20,068 - INFO - EPOCH 2 - PROGRESS: at 4.16% examples, 837633 words/s, in_qsize 27, out_qsize 0
2026-02-02 16:05:21,089 - INFO - EPOCH 2 - PROGRESS: at 4.33% examples, 836106 words/s, in_qsize 25, out_qsize 3
2026-02-02 16:05:22,114 - INFO - EPOCH 2 - PROGRESS: at 4.50% examples, 836554 words/s, in_qsize 27, out_qsize 0
2026-02-02 16:05:23,143 - INFO - EPOCH 2 - PROGRESS: at 4.65% examples, 837879 words/s, in_qsize 26, out_qsize 2
2026-02-02 16:05:24,164 - INFO - EPOCH 2 - PROGRESS: at 4.78% examples, 838814 words/s, in_qsize 27, out_qsize 5
2026-02-02 16:05:25,178 - INFO - EPOCH 2 - PROGRESS: at 4.92% examples, 841600 words/s, in_qsize 27, out_qsize 0
2026-02-02 16:05:26,199 - INFO - EPOCH 2 - PROGRESS: at 5.08% examples, 842694 words/s, in_qsize 28, out_qsize 0
2026-02-02 16:05:27,202 - INFO - EPOCH 2 - PROGRESS: at 5.27% examples, 844159 words/s, in_qsize 27, out_qsize 0
2026-02-02 16:05:28,248 - INFO - EPOCH 2 - PROGRESS: at 5.46% examples, 844900 words/s, in_qsize 28, out_qsize 4
2026-02-02 16:05:29,285 - INFO - EPOCH 2 - PROGRESS: at 5.66% examples, 846739 words/s, in_qsize 25, out_qsize 2
2026-02-02 16:05:30,299 - INFO - EPOCH 2 - PROGRESS: at 5.81% examples, 848103 words/s, in_qsize 27, out_qsize 0
2026-02-02 16:05:31,305 - INFO - EPOCH 2 - PROGRESS: at 5.99% examples, 849223 words/s, in_qsize 27, out_qsize 0
2026-02-02 16:05:32,311 - INFO - EPOCH 2 - PROGRESS: at 6.18% examples, 850294 words/s, in_qsize 27, out_qsize 1
2026-02-02 16:05:33,313 - INFO - EPOCH 2 - PROGRESS: at 6.44% examples, 852091 words/s, in_qsize 28, out_qsize 0
2026-02-02 16:05:34,321 - INFO - EPOCH 2 - PROGRESS: at 6.67% examples, 850303 words/s, in_qsize 27, out_qsize 0
2026-02-02 16:05:35,324 - INFO - EPOCH 2 - PROGRESS: at 6.89% examples, 847550 words/s, in_qsize 27, out_qsize 0
2026-02-02 16:05:36,324 - INFO - EPOCH 2 - PROGRESS: at 7.10% examples, 845262 words/s, in_qsize 27, out_qsize 0
2026-02-02 16:05:37,333 - INFO - EPOCH 2 - PROGRESS: at 7.22% examples, 843646 words/s, in_qsize 23, out_qsize 1
2026-02-02 16:05:38,346 - INFO - EPOCH 2 - PROGRESS: at 7.41% examples, 843423 words/s, in_qsize 27, out_qsize 1
2026-02-02 16:05:39,352 - INFO - EPOCH 2 - PROGRESS: at 7.56% examples, 843443 words/s, in_qsize 26, out_qsize 1
2026-02-02 16:05:40,357 - INFO - EPOCH 2 - PROGRESS: at 7.71% examples, 842943 words/s, in_qsize 27, out_qsize 0
2026-02-02 16:05:41,358 - INFO - EPOCH 2 - PROGRESS: at 7.88% examples, 842208 words/s, in_qsize 26, out_qsize 1
2026-02-02 16:05:42,369 - INFO - EPOCH 2 - PROGRESS: at 8.05% examples, 843044 words/s, in_qsize 26, out_qsize 1
2026-02-02 16:05:43,383 - INFO - EPOCH 2 - PROGRESS: at 8.22% examples, 843675 words/s, in_qsize 28, out_qsize 0
2026-02-02 16:05:44,391 - INFO - EPOCH 2 - PROGRESS: at 8.39% examples, 844698 words/s, in_qsize 28, out_qsize 0
2026-02-02 16:05:45,410 - INFO - EPOCH 2 - PROGRESS: at 8.52% examples, 845413 words/s, in_qsize 27, out_qsize 0
2026-02-02 16:05:46,423 - INFO - EPOCH 2 - PROGRESS: at 8.66% examples, 845217 words/s, in_qsize 28, out_qsize 1
2026-02-02 16:05:47,436 - INFO - EPOCH 2 - PROGRESS: at 8.83% examples, 845585 words/s, in_qsize 27, out_qsize 0
2026-02-02 16:05:48,445 - INFO - EPOCH 2 - PROGRESS: at 9.01% examples, 846012 words/s, in_qsize 27, out_qsize 0
2026-02-02 16:05:49,449 - INFO - EPOCH 2 - PROGRESS: at 9.17% examples, 846332 words/s, in_qsize 26, out_qsize 3
2026-02-02 16:05:50,466 - INFO - EPOCH 2 - PROGRESS: at 9.35% examples, 847359 words/s, in_qsize 28, out_qsize 1
2026-02-02 16:05:51,466 - INFO - EPOCH 2 - PROGRESS: at 9.48% examples, 847602 words/s, in_qsize 27, out_qsize 3
2026-02-02 16:05:52,482 - INFO - EPOCH 2 - PROGRESS: at 9.66% examples, 848051 words/s, in_qsize 25, out_qsize 1
2026-02-02 16:05:53,493 - INFO - EPOCH 2 - PROGRESS: at 9.81% examples, 846575 words/s, in_qsize 28, out_qsize 2
2026-02-02 16:05:54,542 - INFO - EPOCH 2 - PROGRESS: at 9.98% examples, 844505 words/s, in_qsize 27, out_qsize 0
2026-02-02 16:05:55,547 - INFO - EPOCH 2 - PROGRESS: at 10.16% examples, 843872 words/s, in_qsize 28, out_qsize 0
2026-02-02 16:05:56,566 - INFO - EPOCH 2 - PROGRESS: at 10.32% examples, 843823 words/s, in_qsize 26, out_qsize 1
2026-02-02 16:05:57,568 - INFO - EPOCH 2 - PROGRESS: at 10.48% examples, 842545 words/s, in_qsize 24, out_qsize 3
2026-02-02 16:05:58,571 - INFO - EPOCH 2 - PROGRESS: at 10.65% examples, 841762 words/s, in_qsize 28, out_qsize 2
2026-02-02 16:05:59,578 - INFO - EPOCH 2 - PROGRESS: at 10.84% examples, 839748 words/s, in_qsize 22, out_qsize 6
2026-02-02 16:06:00,581 - INFO - EPOCH 2 - PROGRESS: at 11.03% examples, 837738 words/s, in_qsize 25, out_qsize 2
2026-02-02 16:06:01,589 - INFO - EPOCH 2 - PROGRESS: at 11.24% examples, 836873 words/s, in_qsize 25, out_qsize 3
2026-02-02 16:06:02,592 - INFO - EPOCH 2 - PROGRESS: at 11.46% examples, 836339 words/s, in_qsize 28, out_qsize 1
2026-02-02 16:06:03,622 - INFO - EPOCH 2 - PROGRESS: at 11.62% examples, 835079 words/s, in_qsize 28, out_qsize 2
2026-02-02 16:06:04,630 - INFO - EPOCH 2 - PROGRESS: at 11.75% examples, 834458 words/s, in_qsize 27, out_qsize 0
2026-02-02 16:06:05,684 - INFO - EPOCH 2 - PROGRESS: at 12.01% examples, 834096 words/s, in_qsize 27, out_qsize 1
2026-02-02 16:06:06,698 - INFO - EPOCH 2 - PROGRESS: at 12.28% examples, 834546 words/s, in_qsize 27, out_qsize 0
2026-02-02 16:06:07,698 - INFO - EPOCH 2 - PROGRESS: at 12.56% examples, 835659 words/s, in_qsize 27, out_qsize 0
2026-02-02 16:06:08,728 - INFO - EPOCH 2 - PROGRESS: at 12.86% examples, 837041 words/s, in_qsize 26, out_qsize 3
2026-02-02 16:06:09,735 - INFO - EPOCH 2 - PROGRESS: at 13.16% examples, 838727 words/s, in_qsize 27, out_qsize 1
2026-02-02 16:06:10,744 - INFO - EPOCH 2 - PROGRESS: at 13.46% examples, 840352 words/s, in_qsize 27, out_qsize 0
2026-02-02 16:06:11,754 - INFO - EPOCH 2 - PROGRESS: at 13.74% examples, 841123 words/s, in_qsize 22, out_qsize 5
2026-02-02 16:06:12,776 - INFO - EPOCH 2 - PROGRESS: at 14.01% examples, 841048 words/s, in_qsize 27, out_qsize 0
2026-02-02 16:06:13,782 - INFO - EPOCH 2 - PROGRESS: at 14.22% examples, 840968 words/s, in_qsize 27, out_qsize 0
2026-02-02 16:06:14,814 - INFO - EPOCH 2 - PROGRESS: at 14.42% examples, 840546 words/s, in_qsize 28, out_qsize 0
2026-02-02 16:06:15,839 - INFO - EPOCH 2 - PROGRESS: at 14.63% examples, 840493 words/s, in_qsize 27, out_qsize 0
2026-02-02 16:06:16,877 - INFO - EPOCH 2 - PROGRESS: at 14.81% examples, 839067 words/s, in_qsize 27, out_qsize 0
2026-02-02 16:06:17,900 - INFO - EPOCH 2 - PROGRESS: at 14.99% examples, 837730 words/s, in_qsize 27, out_qsize 0
2026-02-02 16:06:18,915 - INFO - EPOCH 2 - PROGRESS: at 15.18% examples, 836508 words/s, in_qsize 27, out_qsize 0
2026-02-02 16:06:19,939 - INFO - EPOCH 2 - PROGRESS: at 15.36% examples, 835405 words/s, in_qsize 22, out_qsize 7
2026-02-02 16:06:20,939 - INFO - EPOCH 2 - PROGRESS: at 15.56% examples, 835818 words/s, in_qsize 28, out_qsize 0
2026-02-02 16:06:21,952 - INFO - EPOCH 2 - PROGRESS: at 15.76% examples, 835615 words/s, in_qsize 26, out_qsize 7
2026-02-02 16:06:22,982 - INFO - EPOCH 2 - PROGRESS: at 15.98% examples, 835780 words/s, in_qsize 27, out_qsize 0
2026-02-02 16:06:23,982 - INFO - EPOCH 2 - PROGRESS: at 16.18% examples, 835532 words/s, in_qsize 27, out_qsize 0
2026-02-02 16:06:25,020 - INFO - EPOCH 2 - PROGRESS: at 16.39% examples, 835447 words/s, in_qsize 28, out_qsize 2
2026-02-02 16:06:26,023 - INFO - EPOCH 2 - PROGRESS: at 16.61% examples, 836112 words/s, in_qsize 27, out_qsize 0
2026-02-02 16:06:27,030 - INFO - EPOCH 2 - PROGRESS: at 16.84% examples, 837046 words/s, in_qsize 28, out_qsize 0
2026-02-02 16:06:28,039 - INFO - EPOCH 2 - PROGRESS: at 17.08% examples, 838210 words/s, in_qsize 26, out_qsize 1
2026-02-02 16:06:29,055 - INFO - EPOCH 2 - PROGRESS: at 17.30% examples, 838873 words/s, in_qsize 27, out_qsize 1
2026-02-02 16:06:30,058 - INFO - EPOCH 2 - PROGRESS: at 17.52% examples, 839320 words/s, in_qsize 28, out_qsize 0
2026-02-02 16:06:31,064 - INFO - EPOCH 2 - PROGRESS: at 17.75% examples, 839988 words/s, in_qsize 28, out_qsize 1
2026-02-02 16:06:32,069 - INFO - EPOCH 2 - PROGRESS: at 17.97% examples, 840567 words/s, in_qsize 24, out_qsize 0
2026-02-02 16:06:33,070 - INFO - EPOCH 2 - PROGRESS: at 18.18% examples, 840767 words/s, in_qsize 27, out_qsize 0
2026-02-02 16:06:34,110 - INFO - EPOCH 2 - PROGRESS: at 18.38% examples, 839927 words/s, in_qsize 27, out_qsize 0
2026-02-02 16:06:35,160 - INFO - EPOCH 2 - PROGRESS: at 18.57% examples, 838691 words/s, in_qsize 27, out_qsize 0
2026-02-02 16:06:36,161 - INFO - EPOCH 2 - PROGRESS: at 18.73% examples, 838026 words/s, in_qsize 27, out_qsize 1
2026-02-02 16:06:37,174 - INFO - EPOCH 2 - PROGRESS: at 18.87% examples, 837795 words/s, in_qsize 26, out_qsize 1
2026-02-02 16:06:38,188 - INFO - EPOCH 2 - PROGRESS: at 19.02% examples, 837370 words/s, in_qsize 27, out_qsize 0
2026-02-02 16:06:39,198 - INFO - EPOCH 2 - PROGRESS: at 19.18% examples, 836757 words/s, in_qsize 28, out_qsize 0
2026-02-02 16:06:40,278 - INFO - EPOCH 2 - PROGRESS: at 19.36% examples, 836299 words/s, in_qsize 23, out_qsize 3
2026-02-02 16:06:41,292 - INFO - EPOCH 2 - PROGRESS: at 19.53% examples, 835027 words/s, in_qsize 28, out_qsize 0
2026-02-02 16:06:42,296 - INFO - EPOCH 2 - PROGRESS: at 19.69% examples, 835146 words/s, in_qsize 27, out_qsize 0
2026-02-02 16:06:43,297 - INFO - EPOCH 2 - PROGRESS: at 19.90% examples, 835344 words/s, in_qsize 27, out_qsize 0
2026-02-02 16:06:44,304 - INFO - EPOCH 2 - PROGRESS: at 20.10% examples, 835634 words/s, in_qsize 27, out_qsize 0
2026-02-02 16:06:45,313 - INFO - EPOCH 2 - PROGRESS: at 20.26% examples, 835056 words/s, in_qsize 26, out_qsize 0
2026-02-02 16:06:46,318 - INFO - EPOCH 2 - PROGRESS: at 20.39% examples, 835129 words/s, in_qsize 27, out_qsize 0
2026-02-02 16:06:47,335 - INFO - EPOCH 2 - PROGRESS: at 20.53% examples, 835536 words/s, in_qsize 27, out_qsize 1
2026-02-02 16:06:48,338 - INFO - EPOCH 2 - PROGRESS: at 20.67% examples, 836040 words/s, in_qsize 27, out_qsize 0
2026-02-02 16:06:49,371 - INFO - EPOCH 2 - PROGRESS: at 20.81% examples, 836130 words/s, in_qsize 27, out_qsize 2
2026-02-02 16:06:50,386 - INFO - EPOCH 2 - PROGRESS: at 21.00% examples, 836353 words/s, in_qsize 28, out_qsize 0
2026-02-02 16:06:51,392 - INFO - EPOCH 2 - PROGRESS: at 21.20% examples, 835998 words/s, in_qsize 27, out_qsize 0
2026-02-02 16:06:52,406 - INFO - EPOCH 2 - PROGRESS: at 21.43% examples, 836050 words/s, in_qsize 28, out_qsize 0
2026-02-02 16:06:53,410 - INFO - EPOCH 2 - PROGRESS: at 21.58% examples, 836300 words/s, in_qsize 26, out_qsize 1
2026-02-02 16:06:54,416 - INFO - EPOCH 2 - PROGRESS: at 21.75% examples, 836790 words/s, in_qsize 27, out_qsize 0
2026-02-02 16:06:55,430 - INFO - EPOCH 2 - PROGRESS: at 21.90% examples, 836564 words/s, in_qsize 28, out_qsize 0
2026-02-02 16:06:56,446 - INFO - EPOCH 2 - PROGRESS: at 22.12% examples, 835991 words/s, in_qsize 24, out_qsize 3
2026-02-02 16:06:57,462 - INFO - EPOCH 2 - PROGRESS: at 22.28% examples, 835280 words/s, in_qsize 27, out_qsize 0
2026-02-02 16:06:58,478 - INFO - EPOCH 2 - PROGRESS: at 22.56% examples, 834622 words/s, in_qsize 27, out_qsize 1
2026-02-02 16:06:59,488 - INFO - EPOCH 2 - PROGRESS: at 22.80% examples, 834032 words/s, in_qsize 26, out_qsize 1
2026-02-02 16:07:00,538 - INFO - EPOCH 2 - PROGRESS: at 22.98% examples, 833380 words/s, in_qsize 24, out_qsize 8
2026-02-02 16:07:01,565 - INFO - EPOCH 2 - PROGRESS: at 23.19% examples, 833267 words/s, in_qsize 27, out_qsize 0
2026-02-02 16:07:02,587 - INFO - EPOCH 2 - PROGRESS: at 23.38% examples, 832454 words/s, in_qsize 28, out_qsize 1
2026-02-02 16:07:03,611 - INFO - EPOCH 2 - PROGRESS: at 23.57% examples, 831873 words/s, in_qsize 28, out_qsize 0
2026-02-02 16:07:04,619 - INFO - EPOCH 2 - PROGRESS: at 23.76% examples, 831292 words/s, in_qsize 26, out_qsize 1
2026-02-02 16:07:05,692 - INFO - EPOCH 2 - PROGRESS: at 23.94% examples, 830062 words/s, in_qsize 28, out_qsize 0
2026-02-02 16:07:06,695 - INFO - EPOCH 2 - PROGRESS: at 24.16% examples, 830551 words/s, in_qsize 27, out_qsize 0
2026-02-02 16:07:07,708 - INFO - EPOCH 2 - PROGRESS: at 24.35% examples, 830796 words/s, in_qsize 27, out_qsize 1
2026-02-02 16:07:08,723 - INFO - EPOCH 2 - PROGRESS: at 24.52% examples, 830356 words/s, in_qsize 28, out_qsize 0
2026-02-02 16:07:09,726 - INFO - EPOCH 2 - PROGRESS: at 24.68% examples, 830443 words/s, in_qsize 28, out_qsize 0
2026-02-02 16:07:10,762 - INFO - EPOCH 2 - PROGRESS: at 24.84% examples, 830039 words/s, in_qsize 26, out_qsize 1
2026-02-02 16:07:11,766 - INFO - EPOCH 2 - PROGRESS: at 25.01% examples, 830109 words/s, in_qsize 26, out_qsize 1
2026-02-02 16:07:12,784 - INFO - EPOCH 2 - PROGRESS: at 25.19% examples, 830658 words/s, in_qsize 28, out_qsize 1
2026-02-02 16:07:13,798 - INFO - EPOCH 2 - PROGRESS: at 25.34% examples, 831109 words/s, in_qsize 28, out_qsize 1
2026-02-02 16:07:14,798 - INFO - EPOCH 2 - PROGRESS: at 25.53% examples, 831454 words/s, in_qsize 28, out_qsize 2
2026-02-02 16:07:15,826 - INFO - EPOCH 2 - PROGRESS: at 25.74% examples, 831560 words/s, in_qsize 27, out_qsize 1
2026-02-02 16:07:16,835 - INFO - EPOCH 2 - PROGRESS: at 25.95% examples, 832080 words/s, in_qsize 25, out_qsize 0
2026-02-02 16:07:17,854 - INFO - EPOCH 2 - PROGRESS: at 26.15% examples, 832140 words/s, in_qsize 26, out_qsize 7
2026-02-02 16:07:18,856 - INFO - EPOCH 2 - PROGRESS: at 26.41% examples, 833101 words/s, in_qsize 28, out_qsize 0
2026-02-02 16:07:19,898 - INFO - EPOCH 2 - PROGRESS: at 26.64% examples, 833110 words/s, in_qsize 26, out_qsize 2
2026-02-02 16:07:20,942 - INFO - EPOCH 2 - PROGRESS: at 26.85% examples, 832875 words/s, in_qsize 28, out_qsize 1
2026-02-02 16:07:21,962 - INFO - EPOCH 2 - PROGRESS: at 27.03% examples, 832254 words/s, in_qsize 26, out_qsize 1
2026-02-02 16:07:22,992 - INFO - EPOCH 2 - PROGRESS: at 27.21% examples, 831715 words/s, in_qsize 28, out_qsize 0
2026-02-02 16:07:24,003 - INFO - EPOCH 2 - PROGRESS: at 27.33% examples, 831106 words/s, in_qsize 22, out_qsize 8
2026-02-02 16:07:25,037 - INFO - EPOCH 2 - PROGRESS: at 27.45% examples, 831034 words/s, in_qsize 28, out_qsize 1
2026-02-02 16:07:26,037 - INFO - EPOCH 2 - PROGRESS: at 27.63% examples, 831122 words/s, in_qsize 28, out_qsize 0
2026-02-02 16:07:27,045 - INFO - EPOCH 2 - PROGRESS: at 27.82% examples, 831520 words/s, in_qsize 27, out_qsize 0
2026-02-02 16:07:28,048 - INFO - EPOCH 2 - PROGRESS: at 28.01% examples, 831730 words/s, in_qsize 28, out_qsize 0
2026-02-02 16:07:29,069 - INFO - EPOCH 2 - PROGRESS: at 28.09% examples, 831774 words/s, in_qsize 28, out_qsize 4
2026-02-02 16:07:30,091 - INFO - EPOCH 2 - PROGRESS: at 28.27% examples, 832156 words/s, in_qsize 28, out_qsize 2
2026-02-02 16:07:31,100 - INFO - EPOCH 2 - PROGRESS: at 28.44% examples, 832255 words/s, in_qsize 27, out_qsize 3
2026-02-02 16:07:32,126 - INFO - EPOCH 2 - PROGRESS: at 28.64% examples, 832382 words/s, in_qsize 28, out_qsize 1
2026-02-02 16:07:33,135 - INFO - EPOCH 2 - PROGRESS: at 28.83% examples, 832669 words/s, in_qsize 25, out_qsize 2
2026-02-02 16:07:34,137 - INFO - EPOCH 2 - PROGRESS: at 29.03% examples, 833180 words/s, in_qsize 27, out_qsize 0
2026-02-02 16:07:35,138 - INFO - EPOCH 2 - PROGRESS: at 29.21% examples, 833357 words/s, in_qsize 27, out_qsize 0
2026-02-02 16:07:36,146 - INFO - EPOCH 2 - PROGRESS: at 29.39% examples, 833254 words/s, in_qsize 27, out_qsize 0
2026-02-02 16:07:37,147 - INFO - EPOCH 2 - PROGRESS: at 29.57% examples, 833132 words/s, in_qsize 28, out_qsize 3
2026-02-02 16:07:38,167 - INFO - EPOCH 2 - PROGRESS: at 29.78% examples, 832897 words/s, in_qsize 27, out_qsize 0
2026-02-02 16:07:39,182 - INFO - EPOCH 2 - PROGRESS: at 29.92% examples, 832141 words/s, in_qsize 22, out_qsize 3
2026-02-02 16:07:40,200 - INFO - EPOCH 2 - PROGRESS: at 30.12% examples, 831835 words/s, in_qsize 25, out_qsize 2
2026-02-02 16:07:41,217 - INFO - EPOCH 2 - PROGRESS: at 30.28% examples, 832124 words/s, in_qsize 27, out_qsize 0
2026-02-02 16:07:42,249 - INFO - EPOCH 2 - PROGRESS: at 30.46% examples, 832203 words/s, in_qsize 28, out_qsize 0
2026-02-02 16:07:43,258 - INFO - EPOCH 2 - PROGRESS: at 30.66% examples, 832380 words/s, in_qsize 27, out_qsize 0
2026-02-02 16:07:44,262 - INFO - EPOCH 2 - PROGRESS: at 30.81% examples, 832574 words/s, in_qsize 27, out_qsize 0
2026-02-02 16:07:45,285 - INFO - EPOCH 2 - PROGRESS: at 30.97% examples, 832719 words/s, in_qsize 27, out_qsize 0
2026-02-02 16:07:46,320 - INFO - EPOCH 2 - PROGRESS: at 31.13% examples, 832715 words/s, in_qsize 26, out_qsize 4
2026-02-02 16:07:47,333 - INFO - EPOCH 2 - PROGRESS: at 31.30% examples, 833184 words/s, in_qsize 26, out_qsize 1
2026-02-02 16:07:48,339 - INFO - EPOCH 2 - PROGRESS: at 31.46% examples, 833462 words/s, in_qsize 27, out_qsize 0
2026-02-02 16:07:49,350 - INFO - EPOCH 2 - PROGRESS: at 31.61% examples, 833430 words/s, in_qsize 28, out_qsize 4
2026-02-02 16:07:50,377 - INFO - EPOCH 2 - PROGRESS: at 31.77% examples, 833567 words/s, in_qsize 28, out_qsize 3
2026-02-02 16:07:51,396 - INFO - EPOCH 2 - PROGRESS: at 31.93% examples, 833844 words/s, in_qsize 25, out_qsize 2
2026-02-02 16:07:52,430 - INFO - EPOCH 2 - PROGRESS: at 32.10% examples, 834041 words/s, in_qsize 28, out_qsize 1
2026-02-02 16:07:53,437 - INFO - EPOCH 2 - PROGRESS: at 32.24% examples, 834109 words/s, in_qsize 27, out_qsize 0
2026-02-02 16:07:54,510 - INFO - EPOCH 2 - PROGRESS: at 32.48% examples, 833622 words/s, in_qsize 28, out_qsize 0
2026-02-02 16:07:55,520 - INFO - EPOCH 2 - PROGRESS: at 32.70% examples, 833319 words/s, in_qsize 26, out_qsize 1
2026-02-02 16:07:56,530 - INFO - EPOCH 2 - PROGRESS: at 32.85% examples, 833058 words/s, in_qsize 28, out_qsize 5
2026-02-02 16:07:57,560 - INFO - EPOCH 2 - PROGRESS: at 33.01% examples, 832101 words/s, in_qsize 26, out_qsize 1
2026-02-02 16:07:58,585 - INFO - EPOCH 2 - PROGRESS: at 33.23% examples, 832209 words/s, in_qsize 26, out_qsize 2
2026-02-02 16:07:59,586 - INFO - EPOCH 2 - PROGRESS: at 33.44% examples, 832510 words/s, in_qsize 28, out_qsize 1
2026-02-02 16:08:00,615 - INFO - EPOCH 2 - PROGRESS: at 33.65% examples, 832523 words/s, in_qsize 27, out_qsize 0
2026-02-02 16:08:01,623 - INFO - EPOCH 2 - PROGRESS: at 33.85% examples, 832373 words/s, in_qsize 27, out_qsize 0
2026-02-02 16:08:02,633 - INFO - EPOCH 2 - PROGRESS: at 34.04% examples, 831920 words/s, in_qsize 27, out_qsize 2
2026-02-02 16:08:03,643 - INFO - EPOCH 2 - PROGRESS: at 34.18% examples, 831964 words/s, in_qsize 24, out_qsize 3
2026-02-02 16:08:04,655 - INFO - EPOCH 2 - PROGRESS: at 34.30% examples, 832142 words/s, in_qsize 28, out_qsize 2
2026-02-02 16:08:05,682 - INFO - EPOCH 2 - PROGRESS: at 34.49% examples, 832278 words/s, in_qsize 28, out_qsize 0
2026-02-02 16:08:06,682 - INFO - EPOCH 2 - PROGRESS: at 34.62% examples, 832378 words/s, in_qsize 25, out_qsize 2
2026-02-02 16:08:07,695 - INFO - EPOCH 2 - PROGRESS: at 34.76% examples, 832508 words/s, in_qsize 28, out_qsize 3
2026-02-02 16:08:08,713 - INFO - EPOCH 2 - PROGRESS: at 34.91% examples, 832897 words/s, in_qsize 27, out_qsize 0
2026-02-02 16:08:09,718 - INFO - EPOCH 2 - PROGRESS: at 35.06% examples, 833075 words/s, in_qsize 27, out_qsize 0
2026-02-02 16:08:10,732 - INFO - EPOCH 2 - PROGRESS: at 35.24% examples, 833015 words/s, in_qsize 27, out_qsize 0
2026-02-02 16:08:11,761 - INFO - EPOCH 2 - PROGRESS: at 35.45% examples, 832615 words/s, in_qsize 27, out_qsize 0
2026-02-02 16:08:12,768 - INFO - EPOCH 2 - PROGRESS: at 35.64% examples, 832068 words/s, in_qsize 28, out_qsize 3
2026-02-02 16:08:13,788 - INFO - EPOCH 2 - PROGRESS: at 35.81% examples, 831585 words/s, in_qsize 28, out_qsize 2
2026-02-02 16:08:14,797 - INFO - EPOCH 2 - PROGRESS: at 36.00% examples, 831449 words/s, in_qsize 25, out_qsize 6
2026-02-02 16:08:15,813 - INFO - EPOCH 2 - PROGRESS: at 36.18% examples, 831425 words/s, in_qsize 28, out_qsize 3
2026-02-02 16:08:16,822 - INFO - EPOCH 2 - PROGRESS: at 36.37% examples, 831840 words/s, in_qsize 27, out_qsize 0
2026-02-02 16:08:17,842 - INFO - EPOCH 2 - PROGRESS: at 36.55% examples, 832011 words/s, in_qsize 27, out_qsize 1
2026-02-02 16:08:18,852 - INFO - EPOCH 2 - PROGRESS: at 36.71% examples, 832053 words/s, in_qsize 26, out_qsize 2
2026-02-02 16:08:19,861 - INFO - EPOCH 2 - PROGRESS: at 36.88% examples, 832148 words/s, in_qsize 28, out_qsize 0
2026-02-02 16:08:20,865 - INFO - EPOCH 2 - PROGRESS: at 37.06% examples, 832248 words/s, in_qsize 27, out_qsize 0
2026-02-02 16:08:21,870 - INFO - EPOCH 2 - PROGRESS: at 37.22% examples, 832459 words/s, in_qsize 28, out_qsize 0
2026-02-02 16:08:22,871 - INFO - EPOCH 2 - PROGRESS: at 37.38% examples, 832788 words/s, in_qsize 27, out_qsize 0
2026-02-02 16:08:23,892 - INFO - EPOCH 2 - PROGRESS: at 37.53% examples, 832932 words/s, in_qsize 27, out_qsize 0
2026-02-02 16:08:24,898 - INFO - EPOCH 2 - PROGRESS: at 37.69% examples, 833135 words/s, in_qsize 27, out_qsize 0
2026-02-02 16:08:25,935 - INFO - EPOCH 2 - PROGRESS: at 37.84% examples, 833122 words/s, in_qsize 26, out_qsize 1
2026-02-02 16:08:26,946 - INFO - EPOCH 2 - PROGRESS: at 38.00% examples, 833335 words/s, in_qsize 28, out_qsize 0
2026-02-02 16:08:27,966 - INFO - EPOCH 2 - PROGRESS: at 38.13% examples, 833363 words/s, in_qsize 27, out_qsize 3
2026-02-02 16:08:28,972 - INFO - EPOCH 2 - PROGRESS: at 38.28% examples, 833653 words/s, in_qsize 27, out_qsize 0
2026-02-02 16:08:30,010 - INFO - EPOCH 2 - PROGRESS: at 38.43% examples, 833875 words/s, in_qsize 28, out_qsize 0
2026-02-02 16:08:31,011 - INFO - EPOCH 2 - PROGRESS: at 38.58% examples, 834055 words/s, in_qsize 26, out_qsize 0
2026-02-02 16:08:32,053 - INFO - EPOCH 2 - PROGRESS: at 38.81% examples, 833970 words/s, in_qsize 27, out_qsize 1
2026-02-02 16:08:33,059 - INFO - EPOCH 2 - PROGRESS: at 39.04% examples, 833593 words/s, in_qsize 28, out_qsize 1
2026-02-02 16:08:34,061 - INFO - EPOCH 2 - PROGRESS: at 39.17% examples, 833312 words/s, in_qsize 27, out_qsize 0
2026-02-02 16:08:35,063 - INFO - EPOCH 2 - PROGRESS: at 39.30% examples, 833364 words/s, in_qsize 28, out_qsize 0
2026-02-02 16:08:36,081 - INFO - EPOCH 2 - PROGRESS: at 39.44% examples, 833495 words/s, in_qsize 25, out_qsize 2
2026-02-02 16:08:37,102 - INFO - EPOCH 2 - PROGRESS: at 39.59% examples, 833141 words/s, in_qsize 28, out_qsize 0
2026-02-02 16:08:38,131 - INFO - EPOCH 2 - PROGRESS: at 39.76% examples, 833114 words/s, in_qsize 25, out_qsize 4
2026-02-02 16:08:39,132 - INFO - EPOCH 2 - PROGRESS: at 39.94% examples, 833412 words/s, in_qsize 27, out_qsize 0
2026-02-02 16:08:40,148 - INFO - EPOCH 2 - PROGRESS: at 40.10% examples, 833301 words/s, in_qsize 27, out_qsize 0
2026-02-02 16:08:41,185 - INFO - EPOCH 2 - PROGRESS: at 40.27% examples, 833301 words/s, in_qsize 27, out_qsize 0
2026-02-02 16:08:42,204 - INFO - EPOCH 2 - PROGRESS: at 40.43% examples, 833437 words/s, in_qsize 28, out_qsize 3
2026-02-02 16:08:43,227 - INFO - EPOCH 2 - PROGRESS: at 40.62% examples, 833567 words/s, in_qsize 28, out_qsize 1
2026-02-02 16:08:44,241 - INFO - EPOCH 2 - PROGRESS: at 40.80% examples, 833312 words/s, in_qsize 27, out_qsize 0
2026-02-02 16:08:45,247 - INFO - EPOCH 2 - PROGRESS: at 40.98% examples, 833265 words/s, in_qsize 27, out_qsize 0
2026-02-02 16:08:46,249 - INFO - EPOCH 2 - PROGRESS: at 41.15% examples, 832789 words/s, in_qsize 27, out_qsize 2
2026-02-02 16:08:47,270 - INFO - EPOCH 2 - PROGRESS: at 41.32% examples, 832455 words/s, in_qsize 28, out_qsize 0
2026-02-02 16:08:48,278 - INFO - EPOCH 2 - PROGRESS: at 41.46% examples, 832308 words/s, in_qsize 28, out_qsize 0
2026-02-02 16:08:49,280 - INFO - EPOCH 2 - PROGRESS: at 41.62% examples, 832458 words/s, in_qsize 27, out_qsize 0
2026-02-02 16:08:50,294 - INFO - EPOCH 2 - PROGRESS: at 41.75% examples, 832592 words/s, in_qsize 25, out_qsize 2
2026-02-02 16:08:51,303 - INFO - EPOCH 2 - PROGRESS: at 41.89% examples, 832798 words/s, in_qsize 26, out_qsize 1
2026-02-02 16:08:52,315 - INFO - EPOCH 2 - PROGRESS: at 42.02% examples, 832943 words/s, in_qsize 28, out_qsize 2
2026-02-02 16:08:53,325 - INFO - EPOCH 2 - PROGRESS: at 42.15% examples, 833196 words/s, in_qsize 27, out_qsize 2
2026-02-02 16:08:54,335 - INFO - EPOCH 2 - PROGRESS: at 42.28% examples, 833420 words/s, in_qsize 27, out_qsize 0
2026-02-02 16:08:55,350 - INFO - EPOCH 2 - PROGRESS: at 42.51% examples, 833240 words/s, in_qsize 27, out_qsize 0
2026-02-02 16:08:56,373 - INFO - EPOCH 2 - PROGRESS: at 42.71% examples, 832848 words/s, in_qsize 27, out_qsize 0
2026-02-02 16:08:57,375 - INFO - EPOCH 2 - PROGRESS: at 42.84% examples, 832538 words/s, in_qsize 28, out_qsize 0
2026-02-02 16:08:58,386 - INFO - EPOCH 2 - PROGRESS: at 43.04% examples, 832081 words/s, in_qsize 27, out_qsize 1
2026-02-02 16:08:59,397 - INFO - EPOCH 2 - PROGRESS: at 43.27% examples, 832038 words/s, in_qsize 26, out_qsize 1
2026-02-02 16:09:00,468 - INFO - EPOCH 2 - PROGRESS: at 43.39% examples, 831497 words/s, in_qsize 28, out_qsize 1
2026-02-02 16:09:01,468 - INFO - EPOCH 2 - PROGRESS: at 43.53% examples, 831551 words/s, in_qsize 27, out_qsize 0
2026-02-02 16:09:02,476 - INFO - EPOCH 2 - PROGRESS: at 43.67% examples, 831797 words/s, in_qsize 27, out_qsize 0
2026-02-02 16:09:03,483 - INFO - EPOCH 2 - PROGRESS: at 43.79% examples, 831964 words/s, in_qsize 27, out_qsize 0
2026-02-02 16:09:04,511 - INFO - EPOCH 2 - PROGRESS: at 43.94% examples, 832052 words/s, in_qsize 25, out_qsize 3
2026-02-02 16:09:05,519 - INFO - EPOCH 2 - PROGRESS: at 44.25% examples, 832444 words/s, in_qsize 27, out_qsize 0
2026-02-02 16:09:06,532 - INFO - EPOCH 2 - PROGRESS: at 44.53% examples, 832596 words/s, in_qsize 27, out_qsize 0
2026-02-02 16:09:07,540 - INFO - EPOCH 2 - PROGRESS: at 44.73% examples, 832566 words/s, in_qsize 28, out_qsize 0
2026-02-02 16:09:08,542 - INFO - EPOCH 2 - PROGRESS: at 44.87% examples, 832740 words/s, in_qsize 25, out_qsize 2
2026-02-02 16:09:09,560 - INFO - EPOCH 2 - PROGRESS: at 45.07% examples, 832900 words/s, in_qsize 27, out_qsize 3
2026-02-02 16:09:10,589 - INFO - EPOCH 2 - PROGRESS: at 45.21% examples, 832643 words/s, in_qsize 28, out_qsize 1
2026-02-02 16:09:11,592 - INFO - EPOCH 2 - PROGRESS: at 45.34% examples, 832704 words/s, in_qsize 27, out_qsize 0
2026-02-02 16:09:12,622 - INFO - EPOCH 2 - PROGRESS: at 45.45% examples, 832363 words/s, in_qsize 28, out_qsize 4
2026-02-02 16:09:13,643 - INFO - EPOCH 2 - PROGRESS: at 45.59% examples, 832437 words/s, in_qsize 27, out_qsize 4
2026-02-02 16:09:14,660 - INFO - EPOCH 2 - PROGRESS: at 45.73% examples, 832775 words/s, in_qsize 28, out_qsize 0
2026-02-02 16:09:15,677 - INFO - EPOCH 2 - PROGRESS: at 45.86% examples, 832869 words/s, in_qsize 27, out_qsize 0
2026-02-02 16:09:16,683 - INFO - EPOCH 2 - PROGRESS: at 46.03% examples, 833082 words/s, in_qsize 28, out_qsize 0
2026-02-02 16:09:17,695 - INFO - EPOCH 2 - PROGRESS: at 46.17% examples, 833071 words/s, in_qsize 28, out_qsize 2
2026-02-02 16:09:18,703 - INFO - EPOCH 2 - PROGRESS: at 46.31% examples, 833080 words/s, in_qsize 24, out_qsize 0
2026-02-02 16:09:19,706 - INFO - EPOCH 2 - PROGRESS: at 46.45% examples, 833136 words/s, in_qsize 27, out_qsize 0
2026-02-02 16:09:20,706 - INFO - EPOCH 2 - PROGRESS: at 46.68% examples, 833403 words/s, in_qsize 27, out_qsize 0
2026-02-02 16:09:21,723 - INFO - EPOCH 2 - PROGRESS: at 47.04% examples, 833316 words/s, in_qsize 27, out_qsize 1
2026-02-02 16:09:22,725 - INFO - EPOCH 2 - PROGRESS: at 47.22% examples, 833514 words/s, in_qsize 28, out_qsize 1
2026-02-02 16:09:23,727 - INFO - EPOCH 2 - PROGRESS: at 47.38% examples, 833722 words/s, in_qsize 28, out_qsize 0
2026-02-02 16:09:24,727 - INFO - EPOCH 2 - PROGRESS: at 47.54% examples, 833879 words/s, in_qsize 27, out_qsize 0
2026-02-02 16:09:25,729 - INFO - EPOCH 2 - PROGRESS: at 47.71% examples, 834110 words/s, in_qsize 27, out_qsize 0
2026-02-02 16:09:26,744 - INFO - EPOCH 2 - PROGRESS: at 47.87% examples, 834106 words/s, in_qsize 26, out_qsize 1
2026-02-02 16:09:27,750 - INFO - EPOCH 2 - PROGRESS: at 48.03% examples, 834151 words/s, in_qsize 27, out_qsize 4
2026-02-02 16:09:28,765 - INFO - EPOCH 2 - PROGRESS: at 48.18% examples, 834172 words/s, in_qsize 28, out_qsize 2
2026-02-02 16:09:29,789 - INFO - EPOCH 2 - PROGRESS: at 48.32% examples, 833851 words/s, in_qsize 27, out_qsize 0
2026-02-02 16:09:30,790 - INFO - EPOCH 2 - PROGRESS: at 48.44% examples, 833124 words/s, in_qsize 26, out_qsize 1
2026-02-02 16:09:31,793 - INFO - EPOCH 2 - PROGRESS: at 48.58% examples, 832900 words/s, in_qsize 27, out_qsize 0
2026-02-02 16:09:32,825 - INFO - EPOCH 2 - PROGRESS: at 48.74% examples, 832876 words/s, in_qsize 27, out_qsize 1
2026-02-02 16:09:33,836 - INFO - EPOCH 2 - PROGRESS: at 48.90% examples, 832945 words/s, in_qsize 28, out_qsize 0
2026-02-02 16:09:34,838 - INFO - EPOCH 2 - PROGRESS: at 49.06% examples, 833057 words/s, in_qsize 26, out_qsize 1
2026-02-02 16:09:35,840 - INFO - EPOCH 2 - PROGRESS: at 49.23% examples, 833183 words/s, in_qsize 28, out_qsize 1
2026-02-02 16:09:36,843 - INFO - EPOCH 2 - PROGRESS: at 49.39% examples, 833437 words/s, in_qsize 27, out_qsize 0
2026-02-02 16:09:37,858 - INFO - EPOCH 2 - PROGRESS: at 49.56% examples, 833510 words/s, in_qsize 28, out_qsize 1
2026-02-02 16:09:38,871 - INFO - EPOCH 2 - PROGRESS: at 49.72% examples, 833645 words/s, in_qsize 23, out_qsize 4
2026-02-02 16:09:39,893 - INFO - EPOCH 2 - PROGRESS: at 49.88% examples, 833905 words/s, in_qsize 28, out_qsize 0
2026-02-02 16:09:40,903 - INFO - EPOCH 2 - PROGRESS: at 50.04% examples, 834021 words/s, in_qsize 27, out_qsize 1
2026-02-02 16:09:41,935 - INFO - EPOCH 2 - PROGRESS: at 50.18% examples, 834149 words/s, in_qsize 26, out_qsize 4
2026-02-02 16:09:42,941 - INFO - EPOCH 2 - PROGRESS: at 50.39% examples, 834328 words/s, in_qsize 27, out_qsize 0
2026-02-02 16:09:43,957 - INFO - EPOCH 2 - PROGRESS: at 50.59% examples, 834303 words/s, in_qsize 28, out_qsize 1
2026-02-02 16:09:44,990 - INFO - EPOCH 2 - PROGRESS: at 50.77% examples, 833935 words/s, in_qsize 27, out_qsize 0
2026-02-02 16:09:46,024 - INFO - EPOCH 2 - PROGRESS: at 50.95% examples, 833512 words/s, in_qsize 28, out_qsize 0
2026-02-02 16:09:47,049 - INFO - EPOCH 2 - PROGRESS: at 51.15% examples, 833560 words/s, in_qsize 27, out_qsize 0
2026-02-02 16:09:48,079 - INFO - EPOCH 2 - PROGRESS: at 51.37% examples, 833600 words/s, in_qsize 24, out_qsize 3
2026-02-02 16:09:49,150 - INFO - EPOCH 2 - PROGRESS: at 51.63% examples, 833526 words/s, in_qsize 26, out_qsize 1
2026-02-02 16:09:50,183 - INFO - EPOCH 2 - PROGRESS: at 51.87% examples, 833482 words/s, in_qsize 28, out_qsize 1
2026-02-02 16:09:51,187 - INFO - EPOCH 2 - PROGRESS: at 52.12% examples, 833518 words/s, in_qsize 28, out_qsize 0
2026-02-02 16:09:52,191 - INFO - EPOCH 2 - PROGRESS: at 52.36% examples, 833481 words/s, in_qsize 27, out_qsize 0
2026-02-02 16:09:53,201 - INFO - EPOCH 2 - PROGRESS: at 52.61% examples, 833528 words/s, in_qsize 27, out_qsize 0
2026-02-02 16:09:54,203 - INFO - EPOCH 2 - PROGRESS: at 52.86% examples, 833596 words/s, in_qsize 27, out_qsize 0
2026-02-02 16:09:55,228 - INFO - EPOCH 2 - PROGRESS: at 53.14% examples, 833981 words/s, in_qsize 27, out_qsize 0
2026-02-02 16:09:56,234 - INFO - EPOCH 2 - PROGRESS: at 53.37% examples, 833759 words/s, in_qsize 24, out_qsize 1
2026-02-02 16:09:57,234 - INFO - EPOCH 2 - PROGRESS: at 53.64% examples, 834058 words/s, in_qsize 27, out_qsize 0
2026-02-02 16:09:58,243 - INFO - EPOCH 2 - PROGRESS: at 53.90% examples, 834181 words/s, in_qsize 27, out_qsize 0
2026-02-02 16:09:59,250 - INFO - EPOCH 2 - PROGRESS: at 54.15% examples, 834234 words/s, in_qsize 26, out_qsize 1
2026-02-02 16:10:00,269 - INFO - EPOCH 2 - PROGRESS: at 54.40% examples, 834300 words/s, in_qsize 28, out_qsize 1
2026-02-02 16:10:01,279 - INFO - EPOCH 2 - PROGRESS: at 54.66% examples, 834393 words/s, in_qsize 26, out_qsize 1
2026-02-02 16:10:02,280 - INFO - EPOCH 2 - PROGRESS: at 54.91% examples, 834558 words/s, in_qsize 24, out_qsize 4
2026-02-02 16:10:03,329 - INFO - EPOCH 2 - PROGRESS: at 55.12% examples, 834303 words/s, in_qsize 28, out_qsize 1
2026-02-02 16:10:04,340 - INFO - EPOCH 2 - PROGRESS: at 55.28% examples, 834284 words/s, in_qsize 28, out_qsize 2
2026-02-02 16:10:05,353 - INFO - EPOCH 2 - PROGRESS: at 55.44% examples, 834428 words/s, in_qsize 28, out_qsize 0
2026-02-02 16:10:06,357 - INFO - EPOCH 2 - PROGRESS: at 55.62% examples, 834569 words/s, in_qsize 27, out_qsize 0
2026-02-02 16:10:07,363 - INFO - EPOCH 2 - PROGRESS: at 55.90% examples, 834764 words/s, in_qsize 27, out_qsize 0
2026-02-02 16:10:08,372 - INFO - EPOCH 2 - PROGRESS: at 56.11% examples, 834769 words/s, in_qsize 27, out_qsize 0
2026-02-02 16:10:09,372 - INFO - EPOCH 2 - PROGRESS: at 56.28% examples, 834879 words/s, in_qsize 27, out_qsize 0
2026-02-02 16:10:10,414 - INFO - EPOCH 2 - PROGRESS: at 56.44% examples, 834854 words/s, in_qsize 28, out_qsize 0
2026-02-02 16:10:11,424 - INFO - EPOCH 2 - PROGRESS: at 56.59% examples, 834881 words/s, in_qsize 27, out_qsize 0
2026-02-02 16:10:12,425 - INFO - EPOCH 2 - PROGRESS: at 56.72% examples, 834934 words/s, in_qsize 27, out_qsize 0
2026-02-02 16:10:13,430 - INFO - EPOCH 2 - PROGRESS: at 56.92% examples, 834852 words/s, in_qsize 27, out_qsize 0
2026-02-02 16:10:14,437 - INFO - EPOCH 2 - PROGRESS: at 57.12% examples, 834667 words/s, in_qsize 26, out_qsize 1
2026-02-02 16:10:15,448 - INFO - EPOCH 2 - PROGRESS: at 57.34% examples, 834674 words/s, in_qsize 28, out_qsize 0
2026-02-02 16:10:16,456 - INFO - EPOCH 2 - PROGRESS: at 57.57% examples, 834905 words/s, in_qsize 27, out_qsize 0
2026-02-02 16:10:17,461 - INFO - EPOCH 2 - PROGRESS: at 57.80% examples, 835094 words/s, in_qsize 27, out_qsize 0
2026-02-02 16:10:18,496 - INFO - EPOCH 2 - PROGRESS: at 58.00% examples, 834916 words/s, in_qsize 21, out_qsize 6
2026-02-02 16:10:19,518 - INFO - EPOCH 2 - PROGRESS: at 58.21% examples, 834928 words/s, in_qsize 27, out_qsize 0
2026-02-02 16:10:20,519 - INFO - EPOCH 2 - PROGRESS: at 58.40% examples, 834628 words/s, in_qsize 27, out_qsize 0
2026-02-02 16:10:21,521 - INFO - EPOCH 2 - PROGRESS: at 58.59% examples, 834400 words/s, in_qsize 27, out_qsize 0
2026-02-02 16:10:22,529 - INFO - EPOCH 2 - PROGRESS: at 58.76% examples, 834084 words/s, in_qsize 27, out_qsize 0
2026-02-02 16:10:23,534 - INFO - EPOCH 2 - PROGRESS: at 58.96% examples, 833893 words/s, in_qsize 27, out_qsize 0
2026-02-02 16:10:24,538 - INFO - EPOCH 2 - PROGRESS: at 59.15% examples, 833657 words/s, in_qsize 27, out_qsize 0
2026-02-02 16:10:25,542 - INFO - EPOCH 2 - PROGRESS: at 59.34% examples, 833343 words/s, in_qsize 28, out_qsize 0
2026-02-02 16:10:26,572 - INFO - EPOCH 2 - PROGRESS: at 59.51% examples, 833062 words/s, in_qsize 24, out_qsize 6
2026-02-02 16:10:27,578 - INFO - EPOCH 2 - PROGRESS: at 59.72% examples, 833079 words/s, in_qsize 28, out_qsize 0
2026-02-02 16:10:28,590 - INFO - EPOCH 2 - PROGRESS: at 59.82% examples, 833061 words/s, in_qsize 28, out_qsize 2
2026-02-02 16:10:29,610 - INFO - EPOCH 2 - PROGRESS: at 59.97% examples, 832998 words/s, in_qsize 28, out_qsize 1
2026-02-02 16:10:30,611 - INFO - EPOCH 2 - PROGRESS: at 60.16% examples, 832876 words/s, in_qsize 27, out_qsize 1
2026-02-02 16:10:31,638 - INFO - EPOCH 2 - PROGRESS: at 60.35% examples, 832736 words/s, in_qsize 27, out_qsize 0
2026-02-02 16:10:32,652 - INFO - EPOCH 2 - PROGRESS: at 60.53% examples, 832552 words/s, in_qsize 27, out_qsize 0
2026-02-02 16:10:33,695 - INFO - EPOCH 2 - PROGRESS: at 60.71% examples, 832216 words/s, in_qsize 27, out_qsize 0
2026-02-02 16:10:34,698 - INFO - EPOCH 2 - PROGRESS: at 60.88% examples, 832059 words/s, in_qsize 23, out_qsize 4
2026-02-02 16:10:35,725 - INFO - EPOCH 2 - PROGRESS: at 61.02% examples, 831929 words/s, in_qsize 27, out_qsize 1
2026-02-02 16:10:36,736 - INFO - EPOCH 2 - PROGRESS: at 61.16% examples, 831937 words/s, in_qsize 24, out_qsize 2
2026-02-02 16:10:37,737 - INFO - EPOCH 2 - PROGRESS: at 61.26% examples, 832093 words/s, in_qsize 27, out_qsize 0
2026-02-02 16:10:38,762 - INFO - EPOCH 2 - PROGRESS: at 61.37% examples, 832185 words/s, in_qsize 27, out_qsize 0
2026-02-02 16:10:39,789 - INFO - EPOCH 2 - PROGRESS: at 61.57% examples, 832390 words/s, in_qsize 28, out_qsize 1
2026-02-02 16:10:40,794 - INFO - EPOCH 2 - PROGRESS: at 61.74% examples, 832558 words/s, in_qsize 26, out_qsize 1
2026-02-02 16:10:41,819 - INFO - EPOCH 2 - PROGRESS: at 61.90% examples, 832690 words/s, in_qsize 28, out_qsize 0
2026-02-02 16:10:42,833 - INFO - EPOCH 2 - PROGRESS: at 62.09% examples, 832796 words/s, in_qsize 26, out_qsize 1
2026-02-02 16:10:43,834 - INFO - EPOCH 2 - PROGRESS: at 62.20% examples, 832956 words/s, in_qsize 28, out_qsize 0
2026-02-02 16:10:44,841 - INFO - EPOCH 2 - PROGRESS: at 62.38% examples, 833125 words/s, in_qsize 26, out_qsize 2
2026-02-02 16:10:45,847 - INFO - EPOCH 2 - PROGRESS: at 62.55% examples, 833253 words/s, in_qsize 26, out_qsize 1
2026-02-02 16:10:46,873 - INFO - EPOCH 2 - PROGRESS: at 62.72% examples, 833329 words/s, in_qsize 28, out_qsize 4
2026-02-02 16:10:47,881 - INFO - EPOCH 2 - PROGRESS: at 62.89% examples, 833317 words/s, in_qsize 28, out_qsize 0
2026-02-02 16:10:48,956 - INFO - EPOCH 2 - PROGRESS: at 63.06% examples, 832840 words/s, in_qsize 28, out_qsize 0
2026-02-02 16:10:49,988 - INFO - EPOCH 2 - PROGRESS: at 63.22% examples, 832872 words/s, in_qsize 26, out_qsize 3
2026-02-02 16:10:50,991 - INFO - EPOCH 2 - PROGRESS: at 63.36% examples, 833214 words/s, in_qsize 27, out_qsize 0
2026-02-02 16:10:51,993 - INFO - EPOCH 2 - PROGRESS: at 63.52% examples, 833268 words/s, in_qsize 27, out_qsize 1
2026-02-02 16:10:53,001 - INFO - EPOCH 2 - PROGRESS: at 63.72% examples, 833435 words/s, in_qsize 28, out_qsize 0
2026-02-02 16:10:54,017 - INFO - EPOCH 2 - PROGRESS: at 63.96% examples, 833521 words/s, in_qsize 25, out_qsize 1
2026-02-02 16:10:55,018 - INFO - EPOCH 2 - PROGRESS: at 64.16% examples, 833609 words/s, in_qsize 26, out_qsize 1
2026-02-02 16:10:56,024 - INFO - EPOCH 2 - PROGRESS: at 64.31% examples, 833685 words/s, in_qsize 25, out_qsize 3
2026-02-02 16:10:57,041 - INFO - EPOCH 2 - PROGRESS: at 64.47% examples, 833891 words/s, in_qsize 27, out_qsize 2
2026-02-02 16:10:58,044 - INFO - EPOCH 2 - PROGRESS: at 64.64% examples, 834038 words/s, in_qsize 25, out_qsize 1
2026-02-02 16:10:59,049 - INFO - EPOCH 2 - PROGRESS: at 64.84% examples, 834170 words/s, in_qsize 28, out_qsize 1
2026-02-02 16:11:00,058 - INFO - EPOCH 2 - PROGRESS: at 65.04% examples, 834379 words/s, in_qsize 27, out_qsize 0
2026-02-02 16:11:01,067 - INFO - EPOCH 2 - PROGRESS: at 65.24% examples, 834434 words/s, in_qsize 28, out_qsize 0
2026-02-02 16:11:02,069 - INFO - EPOCH 2 - PROGRESS: at 65.43% examples, 834504 words/s, in_qsize 27, out_qsize 1
2026-02-02 16:11:03,087 - INFO - EPOCH 2 - PROGRESS: at 65.65% examples, 834598 words/s, in_qsize 27, out_qsize 0
2026-02-02 16:11:04,105 - INFO - EPOCH 2 - PROGRESS: at 65.83% examples, 834741 words/s, in_qsize 27, out_qsize 0
2026-02-02 16:11:05,110 - INFO - EPOCH 2 - PROGRESS: at 66.02% examples, 834839 words/s, in_qsize 25, out_qsize 2
2026-02-02 16:11:06,136 - INFO - EPOCH 2 - PROGRESS: at 66.19% examples, 834961 words/s, in_qsize 28, out_qsize 0
2026-02-02 16:11:07,156 - INFO - EPOCH 2 - PROGRESS: at 66.36% examples, 835004 words/s, in_qsize 27, out_qsize 0
2026-02-02 16:11:08,167 - INFO - EPOCH 2 - PROGRESS: at 66.49% examples, 835146 words/s, in_qsize 27, out_qsize 1
2026-02-02 16:11:09,168 - INFO - EPOCH 2 - PROGRESS: at 66.61% examples, 835268 words/s, in_qsize 22, out_qsize 1
2026-02-02 16:11:10,274 - INFO - EPOCH 2 - PROGRESS: at 66.70% examples, 835119 words/s, in_qsize 27, out_qsize 1
2026-02-02 16:11:11,279 - INFO - EPOCH 2 - PROGRESS: at 66.83% examples, 835163 words/s, in_qsize 28, out_qsize 0
2026-02-02 16:11:12,301 - INFO - EPOCH 2 - PROGRESS: at 66.92% examples, 835273 words/s, in_qsize 26, out_qsize 1
2026-02-02 16:11:13,318 - INFO - EPOCH 2 - PROGRESS: at 67.06% examples, 835380 words/s, in_qsize 26, out_qsize 1
2026-02-02 16:11:14,331 - INFO - EPOCH 2 - PROGRESS: at 67.25% examples, 835491 words/s, in_qsize 26, out_qsize 1
2026-02-02 16:11:15,334 - INFO - EPOCH 2 - PROGRESS: at 67.42% examples, 835646 words/s, in_qsize 27, out_qsize 1
2026-02-02 16:11:16,381 - INFO - EPOCH 2 - PROGRESS: at 67.58% examples, 835730 words/s, in_qsize 26, out_qsize 1
2026-02-02 16:11:17,382 - INFO - EPOCH 2 - PROGRESS: at 67.72% examples, 835534 words/s, in_qsize 28, out_qsize 1
2026-02-02 16:11:18,391 - INFO - EPOCH 2 - PROGRESS: at 67.87% examples, 835573 words/s, in_qsize 26, out_qsize 1
2026-02-02 16:11:19,408 - INFO - EPOCH 2 - PROGRESS: at 68.01% examples, 835623 words/s, in_qsize 28, out_qsize 0
2026-02-02 16:11:20,412 - INFO - EPOCH 2 - PROGRESS: at 68.15% examples, 835702 words/s, in_qsize 28, out_qsize 0
2026-02-02 16:11:21,413 - INFO - EPOCH 2 - PROGRESS: at 68.30% examples, 835801 words/s, in_qsize 24, out_qsize 2
2026-02-02 16:11:22,413 - INFO - EPOCH 2 - PROGRESS: at 68.48% examples, 836006 words/s, in_qsize 26, out_qsize 1
2026-02-02 16:11:23,444 - INFO - EPOCH 2 - PROGRESS: at 68.64% examples, 836022 words/s, in_qsize 27, out_qsize 0
2026-02-02 16:11:24,447 - INFO - EPOCH 2 - PROGRESS: at 68.80% examples, 836020 words/s, in_qsize 25, out_qsize 2
2026-02-02 16:11:25,450 - INFO - EPOCH 2 - PROGRESS: at 68.96% examples, 835998 words/s, in_qsize 25, out_qsize 2
2026-02-02 16:11:26,460 - INFO - EPOCH 2 - PROGRESS: at 69.13% examples, 836158 words/s, in_qsize 28, out_qsize 1
2026-02-02 16:11:27,488 - INFO - EPOCH 2 - PROGRESS: at 69.43% examples, 836256 words/s, in_qsize 25, out_qsize 2
2026-02-02 16:11:28,507 - INFO - EPOCH 2 - PROGRESS: at 69.74% examples, 836391 words/s, in_qsize 27, out_qsize 0
2026-02-02 16:11:29,532 - INFO - EPOCH 2 - PROGRESS: at 69.91% examples, 836129 words/s, in_qsize 28, out_qsize 2
2026-02-02 16:11:30,561 - INFO - EPOCH 2 - PROGRESS: at 70.05% examples, 835830 words/s, in_qsize 28, out_qsize 1
2026-02-02 16:11:31,574 - INFO - EPOCH 2 - PROGRESS: at 70.21% examples, 835744 words/s, in_qsize 27, out_qsize 4
2026-02-02 16:11:32,577 - INFO - EPOCH 2 - PROGRESS: at 70.36% examples, 835702 words/s, in_qsize 26, out_qsize 1
2026-02-02 16:11:33,599 - INFO - EPOCH 2 - PROGRESS: at 70.52% examples, 835756 words/s, in_qsize 27, out_qsize 0
2026-02-02 16:11:34,607 - INFO - EPOCH 2 - PROGRESS: at 70.68% examples, 835795 words/s, in_qsize 28, out_qsize 2
2026-02-02 16:11:35,622 - INFO - EPOCH 2 - PROGRESS: at 70.85% examples, 835910 words/s, in_qsize 28, out_qsize 1
2026-02-02 16:11:36,638 - INFO - EPOCH 2 - PROGRESS: at 71.00% examples, 836040 words/s, in_qsize 26, out_qsize 1
2026-02-02 16:11:37,645 - INFO - EPOCH 2 - PROGRESS: at 71.16% examples, 836185 words/s, in_qsize 27, out_qsize 1
2026-02-02 16:11:38,659 - INFO - EPOCH 2 - PROGRESS: at 71.36% examples, 836299 words/s, in_qsize 28, out_qsize 0
2026-02-02 16:11:39,666 - INFO - EPOCH 2 - PROGRESS: at 71.58% examples, 836353 words/s, in_qsize 26, out_qsize 2
2026-02-02 16:11:40,685 - INFO - EPOCH 2 - PROGRESS: at 71.81% examples, 836380 words/s, in_qsize 27, out_qsize 0
2026-02-02 16:11:41,707 - INFO - EPOCH 2 - PROGRESS: at 71.95% examples, 836154 words/s, in_qsize 28, out_qsize 0
2026-02-02 16:11:42,707 - INFO - EPOCH 2 - PROGRESS: at 72.09% examples, 836201 words/s, in_qsize 27, out_qsize 0
2026-02-02 16:11:43,728 - INFO - EPOCH 2 - PROGRESS: at 72.28% examples, 836039 words/s, in_qsize 26, out_qsize 1
2026-02-02 16:11:44,736 - INFO - EPOCH 2 - PROGRESS: at 72.47% examples, 835819 words/s, in_qsize 27, out_qsize 1
2026-02-02 16:11:45,748 - INFO - EPOCH 2 - PROGRESS: at 72.68% examples, 835687 words/s, in_qsize 28, out_qsize 3
2026-02-02 16:11:46,765 - INFO - EPOCH 2 - PROGRESS: at 72.89% examples, 835662 words/s, in_qsize 27, out_qsize 0
2026-02-02 16:11:47,790 - INFO - EPOCH 2 - PROGRESS: at 73.04% examples, 835408 words/s, in_qsize 27, out_qsize 0
2026-02-02 16:11:48,796 - INFO - EPOCH 2 - PROGRESS: at 73.16% examples, 835200 words/s, in_qsize 27, out_qsize 0
2026-02-02 16:11:49,802 - INFO - EPOCH 2 - PROGRESS: at 73.27% examples, 834994 words/s, in_qsize 28, out_qsize 0
2026-02-02 16:11:50,803 - INFO - EPOCH 2 - PROGRESS: at 73.40% examples, 834958 words/s, in_qsize 26, out_qsize 1
2026-02-02 16:11:51,813 - INFO - EPOCH 2 - PROGRESS: at 73.52% examples, 834947 words/s, in_qsize 27, out_qsize 5
2026-02-02 16:11:52,822 - INFO - EPOCH 2 - PROGRESS: at 73.65% examples, 835155 words/s, in_qsize 27, out_qsize 0
2026-02-02 16:11:53,831 - INFO - EPOCH 2 - PROGRESS: at 73.84% examples, 835233 words/s, in_qsize 27, out_qsize 0
2026-02-02 16:11:54,833 - INFO - EPOCH 2 - PROGRESS: at 74.05% examples, 835297 words/s, in_qsize 28, out_qsize 1
2026-02-02 16:11:55,841 - INFO - EPOCH 2 - PROGRESS: at 74.27% examples, 835377 words/s, in_qsize 24, out_qsize 3
2026-02-02 16:11:56,851 - INFO - EPOCH 2 - PROGRESS: at 74.47% examples, 835511 words/s, in_qsize 28, out_qsize 2
2026-02-02 16:11:57,857 - INFO - EPOCH 2 - PROGRESS: at 74.64% examples, 835590 words/s, in_qsize 28, out_qsize 2
2026-02-02 16:11:58,869 - INFO - EPOCH 2 - PROGRESS: at 74.81% examples, 835682 words/s, in_qsize 27, out_qsize 0
2026-02-02 16:11:59,890 - INFO - EPOCH 2 - PROGRESS: at 75.00% examples, 835804 words/s, in_qsize 26, out_qsize 1
2026-02-02 16:12:00,923 - INFO - EPOCH 2 - PROGRESS: at 75.24% examples, 835956 words/s, in_qsize 18, out_qsize 4
2026-02-02 16:12:01,979 - INFO - EPOCH 2 - PROGRESS: at 75.46% examples, 836055 words/s, in_qsize 28, out_qsize 4
2026-02-02 16:12:02,984 - INFO - EPOCH 2 - PROGRESS: at 75.66% examples, 836231 words/s, in_qsize 26, out_qsize 1
2026-02-02 16:12:03,992 - INFO - EPOCH 2 - PROGRESS: at 75.86% examples, 836328 words/s, in_qsize 28, out_qsize 0
2026-02-02 16:12:05,001 - INFO - EPOCH 2 - PROGRESS: at 76.06% examples, 836404 words/s, in_qsize 27, out_qsize 1
2026-02-02 16:12:06,004 - INFO - EPOCH 2 - PROGRESS: at 76.25% examples, 836492 words/s, in_qsize 28, out_qsize 0
2026-02-02 16:12:07,013 - INFO - EPOCH 2 - PROGRESS: at 76.45% examples, 836573 words/s, in_qsize 28, out_qsize 0
2026-02-02 16:12:08,028 - INFO - EPOCH 2 - PROGRESS: at 76.66% examples, 836578 words/s, in_qsize 27, out_qsize 0
2026-02-02 16:12:09,029 - INFO - EPOCH 2 - PROGRESS: at 76.81% examples, 836366 words/s, in_qsize 27, out_qsize 0
2026-02-02 16:12:10,035 - INFO - EPOCH 2 - PROGRESS: at 76.97% examples, 836141 words/s, in_qsize 27, out_qsize 0
2026-02-02 16:12:11,040 - INFO - EPOCH 2 - PROGRESS: at 77.14% examples, 835936 words/s, in_qsize 27, out_qsize 0
2026-02-02 16:12:12,042 - INFO - EPOCH 2 - PROGRESS: at 77.31% examples, 835755 words/s, in_qsize 27, out_qsize 0
2026-02-02 16:12:13,042 - INFO - EPOCH 2 - PROGRESS: at 77.48% examples, 835548 words/s, in_qsize 27, out_qsize 0
2026-02-02 16:12:14,055 - INFO - EPOCH 2 - PROGRESS: at 77.65% examples, 835352 words/s, in_qsize 28, out_qsize 0
2026-02-02 16:12:15,059 - INFO - EPOCH 2 - PROGRESS: at 77.85% examples, 835438 words/s, in_qsize 27, out_qsize 0
2026-02-02 16:12:16,063 - INFO - EPOCH 2 - PROGRESS: at 78.04% examples, 835525 words/s, in_qsize 27, out_qsize 0
2026-02-02 16:12:17,073 - INFO - EPOCH 2 - PROGRESS: at 78.20% examples, 835460 words/s, in_qsize 27, out_qsize 3
2026-02-02 16:12:18,089 - INFO - EPOCH 2 - PROGRESS: at 78.40% examples, 835706 words/s, in_qsize 28, out_qsize 2
2026-02-02 16:12:19,100 - INFO - EPOCH 2 - PROGRESS: at 78.59% examples, 836014 words/s, in_qsize 27, out_qsize 0
2026-02-02 16:12:20,103 - INFO - EPOCH 2 - PROGRESS: at 78.78% examples, 836270 words/s, in_qsize 25, out_qsize 2
2026-02-02 16:12:21,104 - INFO - EPOCH 2 - PROGRESS: at 78.97% examples, 836524 words/s, in_qsize 27, out_qsize 3
2026-02-02 16:12:22,118 - INFO - EPOCH 2 - PROGRESS: at 79.17% examples, 836808 words/s, in_qsize 26, out_qsize 1
2026-02-02 16:12:23,141 - INFO - EPOCH 2 - PROGRESS: at 79.36% examples, 837091 words/s, in_qsize 28, out_qsize 0
2026-02-02 16:12:24,160 - INFO - EPOCH 2 - PROGRESS: at 79.55% examples, 837255 words/s, in_qsize 28, out_qsize 2
2026-02-02 16:12:25,170 - INFO - EPOCH 2 - PROGRESS: at 79.74% examples, 837525 words/s, in_qsize 27, out_qsize 1
2026-02-02 16:12:26,171 - INFO - EPOCH 2 - PROGRESS: at 79.92% examples, 837686 words/s, in_qsize 27, out_qsize 0
2026-02-02 16:12:27,181 - INFO - EPOCH 2 - PROGRESS: at 80.10% examples, 837794 words/s, in_qsize 28, out_qsize 0
2026-02-02 16:12:28,198 - INFO - EPOCH 2 - PROGRESS: at 80.29% examples, 837961 words/s, in_qsize 26, out_qsize 1
2026-02-02 16:12:29,216 - INFO - EPOCH 2 - PROGRESS: at 80.45% examples, 837998 words/s, in_qsize 28, out_qsize 0
2026-02-02 16:12:30,220 - INFO - EPOCH 2 - PROGRESS: at 80.57% examples, 838039 words/s, in_qsize 25, out_qsize 2
2026-02-02 16:12:31,229 - INFO - EPOCH 2 - PROGRESS: at 80.71% examples, 838072 words/s, in_qsize 28, out_qsize 0
2026-02-02 16:12:32,232 - INFO - EPOCH 2 - PROGRESS: at 80.88% examples, 838160 words/s, in_qsize 26, out_qsize 1
2026-02-02 16:12:33,254 - INFO - EPOCH 2 - PROGRESS: at 81.05% examples, 838149 words/s, in_qsize 27, out_qsize 5
2026-02-02 16:12:34,277 - INFO - EPOCH 2 - PROGRESS: at 81.22% examples, 838255 words/s, in_qsize 27, out_qsize 0
2026-02-02 16:12:35,291 - INFO - EPOCH 2 - PROGRESS: at 81.39% examples, 838271 words/s, in_qsize 25, out_qsize 1
2026-02-02 16:12:36,304 - INFO - EPOCH 2 - PROGRESS: at 81.56% examples, 838376 words/s, in_qsize 28, out_qsize 0
2026-02-02 16:12:37,318 - INFO - EPOCH 2 - PROGRESS: at 81.71% examples, 838446 words/s, in_qsize 28, out_qsize 3
2026-02-02 16:12:38,327 - INFO - EPOCH 2 - PROGRESS: at 81.90% examples, 838582 words/s, in_qsize 27, out_qsize 0
2026-02-02 16:12:39,354 - INFO - EPOCH 2 - PROGRESS: at 82.08% examples, 838582 words/s, in_qsize 28, out_qsize 4
2026-02-02 16:12:40,354 - INFO - EPOCH 2 - PROGRESS: at 82.26% examples, 838696 words/s, in_qsize 26, out_qsize 3
2026-02-02 16:12:41,355 - INFO - EPOCH 2 - PROGRESS: at 82.45% examples, 838804 words/s, in_qsize 27, out_qsize 0
2026-02-02 16:12:42,370 - INFO - EPOCH 2 - PROGRESS: at 82.64% examples, 838942 words/s, in_qsize 27, out_qsize 0
2026-02-02 16:12:43,392 - INFO - EPOCH 2 - PROGRESS: at 82.80% examples, 838925 words/s, in_qsize 28, out_qsize 2
2026-02-02 16:12:44,396 - INFO - EPOCH 2 - PROGRESS: at 82.94% examples, 839027 words/s, in_qsize 28, out_qsize 0
2026-02-02 16:12:45,396 - INFO - EPOCH 2 - PROGRESS: at 83.09% examples, 839184 words/s, in_qsize 28, out_qsize 0
2026-02-02 16:12:46,424 - INFO - EPOCH 2 - PROGRESS: at 83.24% examples, 839260 words/s, in_qsize 25, out_qsize 2
2026-02-02 16:12:47,425 - INFO - EPOCH 2 - PROGRESS: at 83.39% examples, 839340 words/s, in_qsize 28, out_qsize 1
2026-02-02 16:12:48,435 - INFO - EPOCH 2 - PROGRESS: at 83.55% examples, 839440 words/s, in_qsize 26, out_qsize 3
2026-02-02 16:12:49,450 - INFO - EPOCH 2 - PROGRESS: at 83.71% examples, 839414 words/s, in_qsize 27, out_qsize 0
2026-02-02 16:12:50,453 - INFO - EPOCH 2 - PROGRESS: at 83.88% examples, 839216 words/s, in_qsize 27, out_qsize 1
2026-02-02 16:12:51,520 - INFO - EPOCH 2 - PROGRESS: at 84.05% examples, 838927 words/s, in_qsize 27, out_qsize 1
2026-02-02 16:12:52,522 - INFO - EPOCH 2 - PROGRESS: at 84.22% examples, 838875 words/s, in_qsize 28, out_qsize 0
2026-02-02 16:12:53,538 - INFO - EPOCH 2 - PROGRESS: at 84.35% examples, 838806 words/s, in_qsize 28, out_qsize 1
2026-02-02 16:12:54,556 - INFO - EPOCH 2 - PROGRESS: at 84.48% examples, 838854 words/s, in_qsize 28, out_qsize 3
2026-02-02 16:12:55,567 - INFO - EPOCH 2 - PROGRESS: at 84.62% examples, 839007 words/s, in_qsize 27, out_qsize 1
2026-02-02 16:12:56,589 - INFO - EPOCH 2 - PROGRESS: at 84.70% examples, 839062 words/s, in_qsize 27, out_qsize 1
2026-02-02 16:12:57,589 - INFO - EPOCH 2 - PROGRESS: at 84.89% examples, 839230 words/s, in_qsize 27, out_qsize 0
2026-02-02 16:12:58,590 - INFO - EPOCH 2 - PROGRESS: at 85.09% examples, 839265 words/s, in_qsize 27, out_qsize 0
2026-02-02 16:12:59,610 - INFO - EPOCH 2 - PROGRESS: at 85.27% examples, 839342 words/s, in_qsize 26, out_qsize 1
2026-02-02 16:13:00,681 - INFO - EPOCH 2 - PROGRESS: at 85.46% examples, 839342 words/s, in_qsize 22, out_qsize 8
2026-02-02 16:13:01,682 - INFO - EPOCH 2 - PROGRESS: at 85.67% examples, 839619 words/s, in_qsize 27, out_qsize 0
2026-02-02 16:13:02,700 - INFO - EPOCH 2 - PROGRESS: at 85.86% examples, 839637 words/s, in_qsize 25, out_qsize 2
2026-02-02 16:13:03,763 - INFO - EPOCH 2 - PROGRESS: at 86.06% examples, 839712 words/s, in_qsize 27, out_qsize 4
2026-02-02 16:13:04,764 - INFO - EPOCH 2 - PROGRESS: at 86.25% examples, 839841 words/s, in_qsize 28, out_qsize 0
2026-02-02 16:13:05,773 - INFO - EPOCH 2 - PROGRESS: at 86.42% examples, 839897 words/s, in_qsize 28, out_qsize 2
2026-02-02 16:13:06,778 - INFO - EPOCH 2 - PROGRESS: at 86.58% examples, 839987 words/s, in_qsize 24, out_qsize 3
2026-02-02 16:13:07,780 - INFO - EPOCH 2 - PROGRESS: at 86.74% examples, 839964 words/s, in_qsize 25, out_qsize 2
2026-02-02 16:13:08,792 - INFO - EPOCH 2 - PROGRESS: at 86.97% examples, 840022 words/s, in_qsize 28, out_qsize 0
2026-02-02 16:13:09,819 - INFO - EPOCH 2 - PROGRESS: at 87.15% examples, 839820 words/s, in_qsize 27, out_qsize 0
2026-02-02 16:13:10,828 - INFO - EPOCH 2 - PROGRESS: at 87.32% examples, 839658 words/s, in_qsize 27, out_qsize 1
2026-02-02 16:13:11,830 - INFO - EPOCH 2 - PROGRESS: at 87.50% examples, 839698 words/s, in_qsize 27, out_qsize 0
2026-02-02 16:13:12,852 - INFO - EPOCH 2 - PROGRESS: at 87.66% examples, 839718 words/s, in_qsize 27, out_qsize 0
2026-02-02 16:13:13,889 - INFO - EPOCH 2 - PROGRESS: at 87.83% examples, 839740 words/s, in_qsize 24, out_qsize 4
2026-02-02 16:13:14,898 - INFO - EPOCH 2 - PROGRESS: at 88.00% examples, 839926 words/s, in_qsize 27, out_qsize 0
2026-02-02 16:13:15,931 - INFO - EPOCH 2 - PROGRESS: at 88.11% examples, 839676 words/s, in_qsize 27, out_qsize 0
2026-02-02 16:13:16,947 - INFO - EPOCH 2 - PROGRESS: at 88.25% examples, 839515 words/s, in_qsize 28, out_qsize 0
2026-02-02 16:13:17,973 - INFO - EPOCH 2 - PROGRESS: at 88.43% examples, 839553 words/s, in_qsize 27, out_qsize 0
2026-02-02 16:13:18,976 - INFO - EPOCH 2 - PROGRESS: at 88.65% examples, 839579 words/s, in_qsize 25, out_qsize 2
2026-02-02 16:13:19,977 - INFO - EPOCH 2 - PROGRESS: at 88.80% examples, 839626 words/s, in_qsize 27, out_qsize 0
2026-02-02 16:13:20,987 - INFO - EPOCH 2 - PROGRESS: at 88.93% examples, 839691 words/s, in_qsize 27, out_qsize 0
2026-02-02 16:13:21,994 - INFO - EPOCH 2 - PROGRESS: at 89.11% examples, 839673 words/s, in_qsize 28, out_qsize 3
2026-02-02 16:13:23,003 - INFO - EPOCH 2 - PROGRESS: at 89.30% examples, 839652 words/s, in_qsize 28, out_qsize 0
2026-02-02 16:13:24,005 - INFO - EPOCH 2 - PROGRESS: at 89.49% examples, 839609 words/s, in_qsize 23, out_qsize 4
2026-02-02 16:13:25,034 - INFO - EPOCH 2 - PROGRESS: at 89.68% examples, 839521 words/s, in_qsize 27, out_qsize 0
2026-02-02 16:13:26,054 - INFO - EPOCH 2 - PROGRESS: at 89.87% examples, 839314 words/s, in_qsize 28, out_qsize 0
2026-02-02 16:13:27,054 - INFO - EPOCH 2 - PROGRESS: at 90.06% examples, 839168 words/s, in_qsize 27, out_qsize 0
2026-02-02 16:13:28,071 - INFO - EPOCH 2 - PROGRESS: at 90.27% examples, 839164 words/s, in_qsize 28, out_qsize 0
2026-02-02 16:13:29,120 - INFO - EPOCH 2 - PROGRESS: at 90.45% examples, 838908 words/s, in_qsize 28, out_qsize 0
2026-02-02 16:13:30,154 - INFO - EPOCH 2 - PROGRESS: at 90.63% examples, 838648 words/s, in_qsize 28, out_qsize 0
2026-02-02 16:13:31,175 - INFO - EPOCH 2 - PROGRESS: at 90.82% examples, 838423 words/s, in_qsize 25, out_qsize 2
2026-02-02 16:13:32,199 - INFO - EPOCH 2 - PROGRESS: at 91.03% examples, 838421 words/s, in_qsize 27, out_qsize 0
2026-02-02 16:13:33,211 - INFO - EPOCH 2 - PROGRESS: at 91.22% examples, 838289 words/s, in_qsize 26, out_qsize 5
2026-02-02 16:13:34,228 - INFO - EPOCH 2 - PROGRESS: at 91.39% examples, 838237 words/s, in_qsize 27, out_qsize 7
2026-02-02 16:13:35,247 - INFO - EPOCH 2 - PROGRESS: at 91.54% examples, 838395 words/s, in_qsize 28, out_qsize 0
2026-02-02 16:13:36,252 - INFO - EPOCH 2 - PROGRESS: at 91.70% examples, 838501 words/s, in_qsize 27, out_qsize 0
2026-02-02 16:13:37,254 - INFO - EPOCH 2 - PROGRESS: at 91.96% examples, 838668 words/s, in_qsize 27, out_qsize 0
2026-02-02 16:13:38,267 - INFO - EPOCH 2 - PROGRESS: at 92.20% examples, 838743 words/s, in_qsize 27, out_qsize 0
2026-02-02 16:13:39,276 - INFO - EPOCH 2 - PROGRESS: at 92.44% examples, 838795 words/s, in_qsize 28, out_qsize 0
2026-02-02 16:13:40,281 - INFO - EPOCH 2 - PROGRESS: at 92.69% examples, 838968 words/s, in_qsize 27, out_qsize 0
2026-02-02 16:13:41,289 - INFO - EPOCH 2 - PROGRESS: at 92.94% examples, 839064 words/s, in_qsize 28, out_qsize 2
2026-02-02 16:13:42,343 - INFO - EPOCH 2 - PROGRESS: at 93.18% examples, 839101 words/s, in_qsize 26, out_qsize 5
2026-02-02 16:13:43,365 - INFO - EPOCH 2 - PROGRESS: at 93.41% examples, 839029 words/s, in_qsize 28, out_qsize 2
2026-02-02 16:13:44,388 - INFO - EPOCH 2 - PROGRESS: at 93.65% examples, 839085 words/s, in_qsize 26, out_qsize 1
2026-02-02 16:13:45,392 - INFO - EPOCH 2 - PROGRESS: at 93.91% examples, 839301 words/s, in_qsize 27, out_qsize 1
2026-02-02 16:13:46,408 - INFO - EPOCH 2 - PROGRESS: at 94.16% examples, 839423 words/s, in_qsize 28, out_qsize 1
2026-02-02 16:13:47,450 - INFO - EPOCH 2 - PROGRESS: at 94.39% examples, 839535 words/s, in_qsize 27, out_qsize 1
2026-02-02 16:13:48,456 - INFO - EPOCH 2 - PROGRESS: at 94.52% examples, 839624 words/s, in_qsize 27, out_qsize 1
2026-02-02 16:13:49,463 - INFO - EPOCH 2 - PROGRESS: at 94.66% examples, 839687 words/s, in_qsize 27, out_qsize 0
2026-02-02 16:13:50,469 - INFO - EPOCH 2 - PROGRESS: at 94.82% examples, 839722 words/s, in_qsize 27, out_qsize 3
2026-02-02 16:13:51,488 - INFO - EPOCH 2 - PROGRESS: at 94.97% examples, 839857 words/s, in_qsize 27, out_qsize 0
2026-02-02 16:13:52,491 - INFO - EPOCH 2 - PROGRESS: at 95.13% examples, 839985 words/s, in_qsize 27, out_qsize 0
2026-02-02 16:13:53,512 - INFO - EPOCH 2 - PROGRESS: at 95.26% examples, 840029 words/s, in_qsize 27, out_qsize 1
2026-02-02 16:13:54,531 - INFO - EPOCH 2 - PROGRESS: at 95.41% examples, 840120 words/s, in_qsize 24, out_qsize 2
2026-02-02 16:13:55,540 - INFO - EPOCH 2 - PROGRESS: at 95.61% examples, 840218 words/s, in_qsize 28, out_qsize 1
2026-02-02 16:13:56,544 - INFO - EPOCH 2 - PROGRESS: at 95.78% examples, 840316 words/s, in_qsize 27, out_qsize 3
2026-02-02 16:13:57,552 - INFO - EPOCH 2 - PROGRESS: at 95.93% examples, 840436 words/s, in_qsize 27, out_qsize 0
2026-02-02 16:13:58,612 - INFO - EPOCH 2 - PROGRESS: at 96.03% examples, 840352 words/s, in_qsize 25, out_qsize 12
2026-02-02 16:13:59,623 - INFO - EPOCH 2 - PROGRESS: at 96.21% examples, 840367 words/s, in_qsize 27, out_qsize 0
2026-02-02 16:14:00,626 - INFO - EPOCH 2 - PROGRESS: at 96.36% examples, 840264 words/s, in_qsize 28, out_qsize 0
2026-02-02 16:14:01,631 - INFO - EPOCH 2 - PROGRESS: at 96.55% examples, 840384 words/s, in_qsize 27, out_qsize 0
2026-02-02 16:14:02,639 - INFO - EPOCH 2 - PROGRESS: at 96.72% examples, 840430 words/s, in_qsize 27, out_qsize 0
2026-02-02 16:14:03,670 - INFO - EPOCH 2 - PROGRESS: at 96.92% examples, 840416 words/s, in_qsize 26, out_qsize 3
2026-02-02 16:14:04,674 - INFO - EPOCH 2 - PROGRESS: at 96.99% examples, 840475 words/s, in_qsize 27, out_qsize 0
2026-02-02 16:14:05,678 - INFO - EPOCH 2 - PROGRESS: at 97.16% examples, 840538 words/s, in_qsize 27, out_qsize 0
2026-02-02 16:14:06,696 - INFO - EPOCH 2 - PROGRESS: at 97.33% examples, 840514 words/s, in_qsize 26, out_qsize 6
2026-02-02 16:14:07,720 - INFO - EPOCH 2 - PROGRESS: at 97.52% examples, 840516 words/s, in_qsize 28, out_qsize 0
2026-02-02 16:14:08,742 - INFO - EPOCH 2 - PROGRESS: at 97.65% examples, 840547 words/s, in_qsize 28, out_qsize 2
2026-02-02 16:14:09,779 - INFO - EPOCH 2 - PROGRESS: at 97.82% examples, 840618 words/s, in_qsize 26, out_qsize 3
2026-02-02 16:14:10,811 - INFO - EPOCH 2 - PROGRESS: at 97.96% examples, 840712 words/s, in_qsize 27, out_qsize 3
2026-02-02 16:14:11,814 - INFO - EPOCH 2 - PROGRESS: at 98.14% examples, 840845 words/s, in_qsize 28, out_qsize 0
2026-02-02 16:14:12,866 - INFO - EPOCH 2 - PROGRESS: at 98.31% examples, 840903 words/s, in_qsize 26, out_qsize 2
2026-02-02 16:14:13,892 - INFO - EPOCH 2 - PROGRESS: at 98.49% examples, 840971 words/s, in_qsize 28, out_qsize 5
2026-02-02 16:14:14,911 - INFO - EPOCH 2 - PROGRESS: at 98.62% examples, 841059 words/s, in_qsize 26, out_qsize 3
2026-02-02 16:14:15,931 - INFO - EPOCH 2 - PROGRESS: at 98.73% examples, 841154 words/s, in_qsize 22, out_qsize 2
2026-02-02 16:14:16,950 - INFO - EPOCH 2 - PROGRESS: at 98.88% examples, 841149 words/s, in_qsize 28, out_qsize 0
2026-02-02 16:14:17,967 - INFO - EPOCH 2 - PROGRESS: at 99.09% examples, 841182 words/s, in_qsize 27, out_qsize 0
2026-02-02 16:14:18,974 - INFO - EPOCH 2 - PROGRESS: at 99.29% examples, 841130 words/s, in_qsize 27, out_qsize 0
2026-02-02 16:14:20,010 - INFO - EPOCH 2 - PROGRESS: at 99.43% examples, 840934 words/s, in_qsize 27, out_qsize 2
2026-02-02 16:14:21,031 - INFO - EPOCH 2 - PROGRESS: at 99.61% examples, 840917 words/s, in_qsize 28, out_qsize 2
2026-02-02 16:14:22,064 - INFO - EPOCH 2 - PROGRESS: at 99.77% examples, 840940 words/s, in_qsize 25, out_qsize 2
2026-02-02 16:14:23,081 - INFO - EPOCH 2 - PROGRESS: at 99.92% examples, 840989 words/s, in_qsize 26, out_qsize 2
2026-02-02 16:14:23,501 - DEBUG - job loop exiting, total 60863 jobs
2026-02-02 16:14:23,623 - DEBUG - worker exiting, processed 4350 jobs
2026-02-02 16:14:23,624 - DEBUG - worker thread finished; awaiting finish of 13 more threads
2026-02-02 16:14:23,625 - DEBUG - worker exiting, processed 4353 jobs
2026-02-02 16:14:23,625 - DEBUG - worker thread finished; awaiting finish of 12 more threads
2026-02-02 16:14:23,644 - DEBUG - worker exiting, processed 4330 jobs
2026-02-02 16:14:23,644 - DEBUG - worker thread finished; awaiting finish of 11 more threads
2026-02-02 16:14:23,650 - DEBUG - worker exiting, processed 4345 jobs
2026-02-02 16:14:23,651 - DEBUG - worker thread finished; awaiting finish of 10 more threads
2026-02-02 16:14:23,660 - DEBUG - worker exiting, processed 4358 jobs
2026-02-02 16:14:23,660 - DEBUG - worker thread finished; awaiting finish of 9 more threads
2026-02-02 16:14:23,677 - DEBUG - worker exiting, processed 4351 jobs
2026-02-02 16:14:23,677 - DEBUG - worker thread finished; awaiting finish of 8 more threads
2026-02-02 16:14:23,681 - DEBUG - worker exiting, processed 4350 jobs
2026-02-02 16:14:23,681 - DEBUG - worker thread finished; awaiting finish of 7 more threads
2026-02-02 16:14:23,687 - DEBUG - worker exiting, processed 4338 jobs
2026-02-02 16:14:23,687 - DEBUG - worker thread finished; awaiting finish of 6 more threads
2026-02-02 16:14:23,689 - DEBUG - worker exiting, processed 4350 jobs
2026-02-02 16:14:23,689 - DEBUG - worker thread finished; awaiting finish of 5 more threads
2026-02-02 16:14:23,693 - DEBUG - worker exiting, processed 4348 jobs
2026-02-02 16:14:23,693 - DEBUG - worker thread finished; awaiting finish of 4 more threads
2026-02-02 16:14:23,695 - DEBUG - worker exiting, processed 4358 jobs
2026-02-02 16:14:23,695 - DEBUG - worker thread finished; awaiting finish of 3 more threads
2026-02-02 16:14:23,707 - DEBUG - worker exiting, processed 4336 jobs
2026-02-02 16:14:23,707 - DEBUG - worker thread finished; awaiting finish of 2 more threads
2026-02-02 16:14:23,711 - DEBUG - worker exiting, processed 4366 jobs
2026-02-02 16:14:23,711 - DEBUG - worker thread finished; awaiting finish of 1 more threads
2026-02-02 16:14:23,720 - DEBUG - worker exiting, processed 4330 jobs
2026-02-02 16:14:23,720 - DEBUG - worker thread finished; awaiting finish of 0 more threads
2026-02-02 16:14:23,720 - INFO - EPOCH 2: training on 604933589 raw words (478678568 effective words) took 569.1s, 841108 effective words/s
2026-02-02 16:14:23,721 - INFO - Epoch 3 completed in 569.1s
2026-02-02 16:14:23,721 - INFO - Epoch 4 starting...
2026-02-02 16:14:24,740 - INFO - EPOCH 3 - PROGRESS: at 0.11% examples, 726843 words/s, in_qsize 27, out_qsize 0
2026-02-02 16:14:25,757 - INFO - EPOCH 3 - PROGRESS: at 0.28% examples, 746828 words/s, in_qsize 27, out_qsize 0
2026-02-02 16:14:26,764 - INFO - EPOCH 3 - PROGRESS: at 0.47% examples, 773024 words/s, in_qsize 26, out_qsize 1
2026-02-02 16:14:27,790 - INFO - EPOCH 3 - PROGRESS: at 0.64% examples, 771153 words/s, in_qsize 28, out_qsize 0
2026-02-02 16:14:28,795 - INFO - EPOCH 3 - PROGRESS: at 0.83% examples, 785790 words/s, in_qsize 28, out_qsize 0
2026-02-02 16:14:29,841 - INFO - EPOCH 3 - PROGRESS: at 1.03% examples, 795095 words/s, in_qsize 28, out_qsize 0
2026-02-02 16:14:30,861 - INFO - EPOCH 3 - PROGRESS: at 1.23% examples, 804335 words/s, in_qsize 28, out_qsize 0
2026-02-02 16:14:31,879 - INFO - EPOCH 3 - PROGRESS: at 1.38% examples, 798916 words/s, in_qsize 27, out_qsize 0
2026-02-02 16:14:32,890 - INFO - EPOCH 3 - PROGRESS: at 1.53% examples, 804295 words/s, in_qsize 26, out_qsize 1
2026-02-02 16:14:33,899 - INFO - EPOCH 3 - PROGRESS: at 1.69% examples, 813257 words/s, in_qsize 28, out_qsize 0
2026-02-02 16:14:34,903 - INFO - EPOCH 3 - PROGRESS: at 1.86% examples, 819519 words/s, in_qsize 27, out_qsize 2
2026-02-02 16:14:35,925 - INFO - EPOCH 3 - PROGRESS: at 2.01% examples, 824451 words/s, in_qsize 28, out_qsize 2
2026-02-02 16:14:36,927 - INFO - EPOCH 3 - PROGRESS: at 2.16% examples, 829988 words/s, in_qsize 26, out_qsize 1
2026-02-02 16:14:37,970 - INFO - EPOCH 3 - PROGRESS: at 2.31% examples, 830825 words/s, in_qsize 27, out_qsize 3
2026-02-02 16:14:38,977 - INFO - EPOCH 3 - PROGRESS: at 2.46% examples, 834408 words/s, in_qsize 27, out_qsize 1
2026-02-02 16:14:39,987 - INFO - EPOCH 3 - PROGRESS: at 2.61% examples, 836907 words/s, in_qsize 27, out_qsize 1
2026-02-02 16:14:41,019 - INFO - EPOCH 3 - PROGRESS: at 2.76% examples, 837232 words/s, in_qsize 28, out_qsize 3
2026-02-02 16:14:42,030 - INFO - EPOCH 3 - PROGRESS: at 2.93% examples, 841772 words/s, in_qsize 27, out_qsize 0
2026-02-02 16:14:43,042 - INFO - EPOCH 3 - PROGRESS: at 3.08% examples, 843126 words/s, in_qsize 27, out_qsize 0
2026-02-02 16:14:44,048 - INFO - EPOCH 3 - PROGRESS: at 3.27% examples, 842255 words/s, in_qsize 27, out_qsize 2
2026-02-02 16:14:45,080 - INFO - EPOCH 3 - PROGRESS: at 3.47% examples, 844291 words/s, in_qsize 28, out_qsize 2
2026-02-02 16:14:46,089 - INFO - EPOCH 3 - PROGRESS: at 3.65% examples, 846593 words/s, in_qsize 28, out_qsize 0
2026-02-02 16:14:47,095 - INFO - EPOCH 3 - PROGRESS: at 3.81% examples, 842056 words/s, in_qsize 27, out_qsize 0
2026-02-02 16:14:48,140 - INFO - EPOCH 3 - PROGRESS: at 3.97% examples, 836661 words/s, in_qsize 28, out_qsize 1
2026-02-02 16:14:49,151 - INFO - EPOCH 3 - PROGRESS: at 4.13% examples, 832805 words/s, in_qsize 26, out_qsize 1
2026-02-02 16:14:50,156 - INFO - EPOCH 3 - PROGRESS: at 4.29% examples, 830136 words/s, in_qsize 27, out_qsize 0
2026-02-02 16:14:51,165 - INFO - EPOCH 3 - PROGRESS: at 4.46% examples, 829808 words/s, in_qsize 24, out_qsize 2
2026-02-02 16:14:52,187 - INFO - EPOCH 3 - PROGRESS: at 4.60% examples, 828376 words/s, in_qsize 27, out_qsize 1
2026-02-02 16:14:53,201 - INFO - EPOCH 3 - PROGRESS: at 4.74% examples, 830336 words/s, in_qsize 26, out_qsize 1
2026-02-02 16:14:54,209 - INFO - EPOCH 3 - PROGRESS: at 4.86% examples, 831017 words/s, in_qsize 26, out_qsize 1
2026-02-02 16:14:55,230 - INFO - EPOCH 3 - PROGRESS: at 4.99% examples, 832730 words/s, in_qsize 28, out_qsize 1
2026-02-02 16:14:56,235 - INFO - EPOCH 3 - PROGRESS: at 5.18% examples, 833733 words/s, in_qsize 28, out_qsize 1
2026-02-02 16:14:57,261 - INFO - EPOCH 3 - PROGRESS: at 5.37% examples, 834577 words/s, in_qsize 27, out_qsize 0
2026-02-02 16:14:58,277 - INFO - EPOCH 3 - PROGRESS: at 5.55% examples, 834963 words/s, in_qsize 28, out_qsize 1
2026-02-02 16:14:59,306 - INFO - EPOCH 3 - PROGRESS: at 5.72% examples, 836014 words/s, in_qsize 28, out_qsize 1
2026-02-02 16:15:00,312 - INFO - EPOCH 3 - PROGRESS: at 5.88% examples, 837325 words/s, in_qsize 26, out_qsize 1
2026-02-02 16:15:01,321 - INFO - EPOCH 3 - PROGRESS: at 6.07% examples, 838362 words/s, in_qsize 27, out_qsize 2
2026-02-02 16:15:02,326 - INFO - EPOCH 3 - PROGRESS: at 6.28% examples, 840192 words/s, in_qsize 26, out_qsize 1
2026-02-02 16:15:03,334 - INFO - EPOCH 3 - PROGRESS: at 6.53% examples, 840057 words/s, in_qsize 27, out_qsize 0
2026-02-02 16:15:04,361 - INFO - EPOCH 3 - PROGRESS: at 6.79% examples, 840364 words/s, in_qsize 28, out_qsize 0
2026-02-02 16:15:05,378 - INFO - EPOCH 3 - PROGRESS: at 7.01% examples, 837808 words/s, in_qsize 27, out_qsize 0
2026-02-02 16:15:06,380 - INFO - EPOCH 3 - PROGRESS: at 7.18% examples, 835477 words/s, in_qsize 27, out_qsize 0
2026-02-02 16:15:07,390 - INFO - EPOCH 3 - PROGRESS: at 7.28% examples, 835304 words/s, in_qsize 28, out_qsize 0
2026-02-02 16:15:08,393 - INFO - EPOCH 3 - PROGRESS: at 7.50% examples, 836765 words/s, in_qsize 27, out_qsize 0
2026-02-02 16:15:09,394 - INFO - EPOCH 3 - PROGRESS: at 7.63% examples, 835279 words/s, in_qsize 28, out_qsize 0
2026-02-02 16:15:10,410 - INFO - EPOCH 3 - PROGRESS: at 7.81% examples, 835948 words/s, in_qsize 28, out_qsize 0
2026-02-02 16:15:11,419 - INFO - EPOCH 3 - PROGRESS: at 7.98% examples, 836240 words/s, in_qsize 27, out_qsize 0
2026-02-02 16:15:12,448 - INFO - EPOCH 3 - PROGRESS: at 8.14% examples, 835973 words/s, in_qsize 25, out_qsize 4
2026-02-02 16:15:13,457 - INFO - EPOCH 3 - PROGRESS: at 8.32% examples, 837608 words/s, in_qsize 28, out_qsize 0
2026-02-02 16:15:14,467 - INFO - EPOCH 3 - PROGRESS: at 8.47% examples, 838395 words/s, in_qsize 27, out_qsize 3
2026-02-02 16:15:15,475 - INFO - EPOCH 3 - PROGRESS: at 8.59% examples, 839293 words/s, in_qsize 27, out_qsize 0
2026-02-02 16:15:16,480 - INFO - EPOCH 3 - PROGRESS: at 8.76% examples, 840073 words/s, in_qsize 27, out_qsize 0
2026-02-02 16:15:17,492 - INFO - EPOCH 3 - PROGRESS: at 8.95% examples, 840061 words/s, in_qsize 27, out_qsize 0
2026-02-02 16:15:18,505 - INFO - EPOCH 3 - PROGRESS: at 9.08% examples, 840079 words/s, in_qsize 28, out_qsize 3
2026-02-02 16:15:19,532 - INFO - EPOCH 3 - PROGRESS: at 9.27% examples, 840818 words/s, in_qsize 26, out_qsize 3
2026-02-02 16:15:20,546 - INFO - EPOCH 3 - PROGRESS: at 9.42% examples, 841109 words/s, in_qsize 27, out_qsize 0
2026-02-02 16:15:21,546 - INFO - EPOCH 3 - PROGRESS: at 9.56% examples, 841200 words/s, in_qsize 27, out_qsize 2
2026-02-02 16:15:22,572 - INFO - EPOCH 3 - PROGRESS: at 9.74% examples, 841205 words/s, in_qsize 27, out_qsize 0
2026-02-02 16:15:23,574 - INFO - EPOCH 3 - PROGRESS: at 9.92% examples, 841056 words/s, in_qsize 28, out_qsize 1
2026-02-02 16:15:24,574 - INFO - EPOCH 3 - PROGRESS: at 10.11% examples, 841465 words/s, in_qsize 27, out_qsize 0
2026-02-02 16:15:25,578 - INFO - EPOCH 3 - PROGRESS: at 10.28% examples, 841467 words/s, in_qsize 27, out_qsize 0
2026-02-02 16:15:26,582 - INFO - EPOCH 3 - PROGRESS: at 10.44% examples, 840331 words/s, in_qsize 27, out_qsize 0
2026-02-02 16:15:27,615 - INFO - EPOCH 3 - PROGRESS: at 10.61% examples, 840071 words/s, in_qsize 28, out_qsize 2
2026-02-02 16:15:28,617 - INFO - EPOCH 3 - PROGRESS: at 10.78% examples, 837655 words/s, in_qsize 22, out_qsize 5
2026-02-02 16:15:29,618 - INFO - EPOCH 3 - PROGRESS: at 10.98% examples, 835936 words/s, in_qsize 22, out_qsize 4
2026-02-02 16:15:30,623 - INFO - EPOCH 3 - PROGRESS: at 11.18% examples, 834310 words/s, in_qsize 27, out_qsize 0
2026-02-02 16:15:31,629 - INFO - EPOCH 3 - PROGRESS: at 11.41% examples, 834574 words/s, in_qsize 27, out_qsize 0
2026-02-02 16:15:32,643 - INFO - EPOCH 3 - PROGRESS: at 11.59% examples, 833531 words/s, in_qsize 25, out_qsize 0
2026-02-02 16:15:33,664 - INFO - EPOCH 3 - PROGRESS: at 11.72% examples, 833606 words/s, in_qsize 26, out_qsize 2
2026-02-02 16:15:34,665 - INFO - EPOCH 3 - PROGRESS: at 12.00% examples, 835086 words/s, in_qsize 25, out_qsize 2
2026-02-02 16:15:35,679 - INFO - EPOCH 3 - PROGRESS: at 12.28% examples, 835723 words/s, in_qsize 28, out_qsize 0
2026-02-02 16:15:36,687 - INFO - EPOCH 3 - PROGRESS: at 12.56% examples, 836744 words/s, in_qsize 27, out_qsize 0
2026-02-02 16:15:37,690 - INFO - EPOCH 3 - PROGRESS: at 12.82% examples, 836724 words/s, in_qsize 23, out_qsize 4
2026-02-02 16:15:38,695 - INFO - EPOCH 3 - PROGRESS: at 13.09% examples, 837522 words/s, in_qsize 27, out_qsize 0
2026-02-02 16:15:39,698 - INFO - EPOCH 3 - PROGRESS: at 13.39% examples, 838931 words/s, in_qsize 27, out_qsize 0
2026-02-02 16:15:40,728 - INFO - EPOCH 3 - PROGRESS: at 13.67% examples, 839622 words/s, in_qsize 27, out_qsize 3
2026-02-02 16:15:41,737 - INFO - EPOCH 3 - PROGRESS: at 13.97% examples, 840894 words/s, in_qsize 27, out_qsize 0
2026-02-02 16:15:42,740 - INFO - EPOCH 3 - PROGRESS: at 14.18% examples, 840618 words/s, in_qsize 28, out_qsize 2
2026-02-02 16:15:43,743 - INFO - EPOCH 3 - PROGRESS: at 14.39% examples, 840900 words/s, in_qsize 27, out_qsize 0
2026-02-02 16:15:44,750 - INFO - EPOCH 3 - PROGRESS: at 14.60% examples, 841114 words/s, in_qsize 27, out_qsize 1
2026-02-02 16:15:45,763 - INFO - EPOCH 3 - PROGRESS: at 14.82% examples, 841759 words/s, in_qsize 28, out_qsize 0
2026-02-02 16:15:46,763 - INFO - EPOCH 3 - PROGRESS: at 15.02% examples, 841658 words/s, in_qsize 27, out_qsize 1
2026-02-02 16:15:47,779 - INFO - EPOCH 3 - PROGRESS: at 15.24% examples, 842061 words/s, in_qsize 27, out_qsize 1
2026-02-02 16:15:48,800 - INFO - EPOCH 3 - PROGRESS: at 15.44% examples, 842523 words/s, in_qsize 25, out_qsize 4
2026-02-02 16:15:49,809 - INFO - EPOCH 3 - PROGRESS: at 15.66% examples, 842640 words/s, in_qsize 26, out_qsize 1
2026-02-02 16:15:50,821 - INFO - EPOCH 3 - PROGRESS: at 15.87% examples, 842728 words/s, in_qsize 28, out_qsize 0
2026-02-02 16:15:51,823 - INFO - EPOCH 3 - PROGRESS: at 16.08% examples, 842805 words/s, in_qsize 28, out_qsize 0
2026-02-02 16:15:52,830 - INFO - EPOCH 3 - PROGRESS: at 16.28% examples, 842670 words/s, in_qsize 26, out_qsize 1
2026-02-02 16:15:53,837 - INFO - EPOCH 3 - PROGRESS: at 16.48% examples, 842032 words/s, in_qsize 25, out_qsize 1
2026-02-02 16:15:54,898 - INFO - EPOCH 3 - PROGRESS: at 16.69% examples, 841497 words/s, in_qsize 28, out_qsize 0
2026-02-02 16:15:55,942 - INFO - EPOCH 3 - PROGRESS: at 16.89% examples, 841134 words/s, in_qsize 27, out_qsize 0
2026-02-02 16:15:56,957 - INFO - EPOCH 3 - PROGRESS: at 17.10% examples, 840953 words/s, in_qsize 28, out_qsize 1
2026-02-02 16:15:57,968 - INFO - EPOCH 3 - PROGRESS: at 17.32% examples, 841378 words/s, in_qsize 26, out_qsize 1
2026-02-02 16:15:58,991 - INFO - EPOCH 3 - PROGRESS: at 17.54% examples, 841725 words/s, in_qsize 28, out_qsize 3
2026-02-02 16:15:59,998 - INFO - EPOCH 3 - PROGRESS: at 17.76% examples, 842204 words/s, in_qsize 28, out_qsize 0
2026-02-02 16:16:01,002 - INFO - EPOCH 3 - PROGRESS: at 17.96% examples, 841717 words/s, in_qsize 28, out_qsize 0
2026-02-02 16:16:02,062 - INFO - EPOCH 3 - PROGRESS: at 18.17% examples, 841083 words/s, in_qsize 26, out_qsize 2
2026-02-02 16:16:03,063 - INFO - EPOCH 3 - PROGRESS: at 18.35% examples, 839925 words/s, in_qsize 26, out_qsize 5
2026-02-02 16:16:04,075 - INFO - EPOCH 3 - PROGRESS: at 18.55% examples, 839635 words/s, in_qsize 28, out_qsize 1
2026-02-02 16:16:05,084 - INFO - EPOCH 3 - PROGRESS: at 18.72% examples, 838824 words/s, in_qsize 28, out_qsize 0
2026-02-02 16:16:06,125 - INFO - EPOCH 3 - PROGRESS: at 18.85% examples, 838091 words/s, in_qsize 28, out_qsize 0
2026-02-02 16:16:07,148 - INFO - EPOCH 3 - PROGRESS: at 18.99% examples, 837259 words/s, in_qsize 25, out_qsize 2
2026-02-02 16:16:08,161 - INFO - EPOCH 3 - PROGRESS: at 19.15% examples, 836617 words/s, in_qsize 26, out_qsize 1
2026-02-02 16:16:09,185 - INFO - EPOCH 3 - PROGRESS: at 19.31% examples, 835750 words/s, in_qsize 25, out_qsize 2
2026-02-02 16:16:10,186 - INFO - EPOCH 3 - PROGRESS: at 19.51% examples, 835612 words/s, in_qsize 28, out_qsize 3
2026-02-02 16:16:11,203 - INFO - EPOCH 3 - PROGRESS: at 19.67% examples, 835480 words/s, in_qsize 28, out_qsize 2
2026-02-02 16:16:12,205 - INFO - EPOCH 3 - PROGRESS: at 19.87% examples, 835746 words/s, in_qsize 27, out_qsize 0
2026-02-02 16:16:13,208 - INFO - EPOCH 3 - PROGRESS: at 20.04% examples, 835058 words/s, in_qsize 27, out_qsize 0
2026-02-02 16:16:14,244 - INFO - EPOCH 3 - PROGRESS: at 20.22% examples, 834178 words/s, in_qsize 27, out_qsize 0
2026-02-02 16:16:15,261 - INFO - EPOCH 3 - PROGRESS: at 20.36% examples, 834560 words/s, in_qsize 27, out_qsize 2
2026-02-02 16:16:16,284 - INFO - EPOCH 3 - PROGRESS: at 20.50% examples, 834916 words/s, in_qsize 28, out_qsize 2
2026-02-02 16:16:17,313 - INFO - EPOCH 3 - PROGRESS: at 20.64% examples, 835377 words/s, in_qsize 27, out_qsize 2
2026-02-02 16:16:18,335 - INFO - EPOCH 3 - PROGRESS: at 20.76% examples, 834910 words/s, in_qsize 28, out_qsize 0
2026-02-02 16:16:19,335 - INFO - EPOCH 3 - PROGRESS: at 20.92% examples, 834567 words/s, in_qsize 26, out_qsize 1
2026-02-02 16:16:20,340 - INFO - EPOCH 3 - PROGRESS: at 21.10% examples, 834137 words/s, in_qsize 28, out_qsize 2
2026-02-02 16:16:21,343 - INFO - EPOCH 3 - PROGRESS: at 21.31% examples, 833558 words/s, in_qsize 28, out_qsize 1
2026-02-02 16:16:22,368 - INFO - EPOCH 3 - PROGRESS: at 21.48% examples, 832625 words/s, in_qsize 27, out_qsize 0
2026-02-02 16:16:23,382 - INFO - EPOCH 3 - PROGRESS: at 21.62% examples, 831971 words/s, in_qsize 27, out_qsize 2
2026-02-02 16:16:24,386 - INFO - EPOCH 3 - PROGRESS: at 21.78% examples, 832062 words/s, in_qsize 26, out_qsize 1
2026-02-02 16:16:25,400 - INFO - EPOCH 3 - PROGRESS: at 21.98% examples, 832537 words/s, in_qsize 26, out_qsize 1
2026-02-02 16:16:26,406 - INFO - EPOCH 3 - PROGRESS: at 22.17% examples, 832964 words/s, in_qsize 27, out_qsize 0
2026-02-02 16:16:27,423 - INFO - EPOCH 3 - PROGRESS: at 22.41% examples, 832410 words/s, in_qsize 27, out_qsize 0
2026-02-02 16:16:28,427 - INFO - EPOCH 3 - PROGRESS: at 22.65% examples, 831026 words/s, in_qsize 28, out_qsize 0
2026-02-02 16:16:29,459 - INFO - EPOCH 3 - PROGRESS: at 22.86% examples, 830305 words/s, in_qsize 27, out_qsize 0
2026-02-02 16:16:30,475 - INFO - EPOCH 3 - PROGRESS: at 23.03% examples, 829506 words/s, in_qsize 27, out_qsize 3
2026-02-02 16:16:31,504 - INFO - EPOCH 3 - PROGRESS: at 23.24% examples, 829537 words/s, in_qsize 27, out_qsize 0
2026-02-02 16:16:32,516 - INFO - EPOCH 3 - PROGRESS: at 23.43% examples, 828881 words/s, in_qsize 27, out_qsize 0
2026-02-02 16:16:33,532 - INFO - EPOCH 3 - PROGRESS: at 23.62% examples, 828153 words/s, in_qsize 27, out_qsize 1
2026-02-02 16:16:34,544 - INFO - EPOCH 3 - PROGRESS: at 23.83% examples, 828186 words/s, in_qsize 23, out_qsize 4
2026-02-02 16:16:35,552 - INFO - EPOCH 3 - PROGRESS: at 24.06% examples, 828890 words/s, in_qsize 26, out_qsize 1
2026-02-02 16:16:36,552 - INFO - EPOCH 3 - PROGRESS: at 24.28% examples, 829408 words/s, in_qsize 27, out_qsize 1
2026-02-02 16:16:37,599 - INFO - EPOCH 3 - PROGRESS: at 24.45% examples, 829489 words/s, in_qsize 27, out_qsize 2
2026-02-02 16:16:38,599 - INFO - EPOCH 3 - PROGRESS: at 24.63% examples, 830132 words/s, in_qsize 26, out_qsize 0
2026-02-02 16:16:39,599 - INFO - EPOCH 3 - PROGRESS: at 24.80% examples, 830336 words/s, in_qsize 26, out_qsize 0
2026-02-02 16:16:40,599 - INFO - EPOCH 3 - PROGRESS: at 24.97% examples, 830545 words/s, in_qsize 27, out_qsize 0
2026-02-02 16:16:41,601 - INFO - EPOCH 3 - PROGRESS: at 25.11% examples, 829648 words/s, in_qsize 19, out_qsize 8
2026-02-02 16:16:42,625 - INFO - EPOCH 3 - PROGRESS: at 25.26% examples, 829625 words/s, in_qsize 28, out_qsize 1
2026-02-02 16:16:43,632 - INFO - EPOCH 3 - PROGRESS: at 25.43% examples, 830012 words/s, in_qsize 27, out_qsize 0
2026-02-02 16:16:44,650 - INFO - EPOCH 3 - PROGRESS: at 25.64% examples, 830243 words/s, in_qsize 27, out_qsize 0
2026-02-02 16:16:45,666 - INFO - EPOCH 3 - PROGRESS: at 25.85% examples, 830338 words/s, in_qsize 27, out_qsize 0
2026-02-02 16:16:46,670 - INFO - EPOCH 3 - PROGRESS: at 26.04% examples, 830686 words/s, in_qsize 28, out_qsize 1
2026-02-02 16:16:47,691 - INFO - EPOCH 3 - PROGRESS: at 26.27% examples, 831108 words/s, in_qsize 26, out_qsize 1
2026-02-02 16:16:48,696 - INFO - EPOCH 3 - PROGRESS: at 26.50% examples, 831389 words/s, in_qsize 28, out_qsize 0
2026-02-02 16:16:49,706 - INFO - EPOCH 3 - PROGRESS: at 26.71% examples, 831063 words/s, in_qsize 27, out_qsize 1
2026-02-02 16:16:50,708 - INFO - EPOCH 3 - PROGRESS: at 26.91% examples, 831023 words/s, in_qsize 26, out_qsize 1
2026-02-02 16:16:51,726 - INFO - EPOCH 3 - PROGRESS: at 27.11% examples, 830755 words/s, in_qsize 27, out_qsize 0
2026-02-02 16:16:52,736 - INFO - EPOCH 3 - PROGRESS: at 27.28% examples, 830898 words/s, in_qsize 26, out_qsize 1
2026-02-02 16:16:53,749 - INFO - EPOCH 3 - PROGRESS: at 27.41% examples, 831284 words/s, in_qsize 28, out_qsize 0
2026-02-02 16:16:54,753 - INFO - EPOCH 3 - PROGRESS: at 27.56% examples, 831427 words/s, in_qsize 21, out_qsize 5
2026-02-02 16:16:55,768 - INFO - EPOCH 3 - PROGRESS: at 27.77% examples, 831929 words/s, in_qsize 27, out_qsize 2
2026-02-02 16:16:56,796 - INFO - EPOCH 3 - PROGRESS: at 27.96% examples, 832221 words/s, in_qsize 28, out_qsize 6
2026-02-02 16:16:57,796 - INFO - EPOCH 3 - PROGRESS: at 28.07% examples, 832820 words/s, in_qsize 28, out_qsize 1
2026-02-02 16:16:58,860 - INFO - EPOCH 3 - PROGRESS: at 28.20% examples, 831973 words/s, in_qsize 27, out_qsize 1
2026-02-02 16:16:59,880 - INFO - EPOCH 3 - PROGRESS: at 28.36% examples, 831444 words/s, in_qsize 28, out_qsize 2
2026-02-02 16:17:00,919 - INFO - EPOCH 3 - PROGRESS: at 28.55% examples, 831531 words/s, in_qsize 28, out_qsize 3
2026-02-02 16:17:01,925 - INFO - EPOCH 3 - PROGRESS: at 28.74% examples, 831745 words/s, in_qsize 27, out_qsize 0
2026-02-02 16:17:02,961 - INFO - EPOCH 3 - PROGRESS: at 28.91% examples, 831159 words/s, in_qsize 26, out_qsize 2
2026-02-02 16:17:03,961 - INFO - EPOCH 3 - PROGRESS: at 29.08% examples, 830858 words/s, in_qsize 28, out_qsize 0
2026-02-02 16:17:04,991 - INFO - EPOCH 3 - PROGRESS: at 29.24% examples, 830216 words/s, in_qsize 26, out_qsize 1
2026-02-02 16:17:05,993 - INFO - EPOCH 3 - PROGRESS: at 29.40% examples, 829772 words/s, in_qsize 22, out_qsize 5
2026-02-02 16:17:07,006 - INFO - EPOCH 3 - PROGRESS: at 29.58% examples, 829658 words/s, in_qsize 27, out_qsize 0
2026-02-02 16:17:08,028 - INFO - EPOCH 3 - PROGRESS: at 29.78% examples, 829163 words/s, in_qsize 27, out_qsize 0
2026-02-02 16:17:09,053 - INFO - EPOCH 3 - PROGRESS: at 29.94% examples, 829039 words/s, in_qsize 25, out_qsize 6
2026-02-02 16:17:10,076 - INFO - EPOCH 3 - PROGRESS: at 30.15% examples, 829258 words/s, in_qsize 27, out_qsize 0
2026-02-02 16:17:11,087 - INFO - EPOCH 3 - PROGRESS: at 30.29% examples, 828827 words/s, in_qsize 27, out_qsize 0
2026-02-02 16:17:12,093 - INFO - EPOCH 3 - PROGRESS: at 30.46% examples, 828354 words/s, in_qsize 28, out_qsize 0
2026-02-02 16:17:13,094 - INFO - EPOCH 3 - PROGRESS: at 30.63% examples, 828172 words/s, in_qsize 24, out_qsize 3
2026-02-02 16:17:14,113 - INFO - EPOCH 3 - PROGRESS: at 30.79% examples, 828240 words/s, in_qsize 23, out_qsize 1
2026-02-02 16:17:15,117 - INFO - EPOCH 3 - PROGRESS: at 30.95% examples, 828319 words/s, in_qsize 28, out_qsize 0
2026-02-02 16:17:16,158 - INFO - EPOCH 3 - PROGRESS: at 31.10% examples, 828272 words/s, in_qsize 27, out_qsize 1
2026-02-02 16:17:17,197 - INFO - EPOCH 3 - PROGRESS: at 31.26% examples, 828503 words/s, in_qsize 27, out_qsize 2
2026-02-02 16:17:18,214 - INFO - EPOCH 3 - PROGRESS: at 31.42% examples, 828613 words/s, in_qsize 28, out_qsize 0
2026-02-02 16:17:19,240 - INFO - EPOCH 3 - PROGRESS: at 31.57% examples, 828665 words/s, in_qsize 27, out_qsize 0
2026-02-02 16:17:20,254 - INFO - EPOCH 3 - PROGRESS: at 31.73% examples, 828853 words/s, in_qsize 25, out_qsize 2
2026-02-02 16:17:21,263 - INFO - EPOCH 3 - PROGRESS: at 31.89% examples, 829115 words/s, in_qsize 27, out_qsize 0
2026-02-02 16:17:22,265 - INFO - EPOCH 3 - PROGRESS: at 32.06% examples, 829420 words/s, in_qsize 27, out_qsize 0
2026-02-02 16:17:23,266 - INFO - EPOCH 3 - PROGRESS: at 32.21% examples, 829687 words/s, in_qsize 23, out_qsize 1
2026-02-02 16:17:24,280 - INFO - EPOCH 3 - PROGRESS: at 32.45% examples, 830112 words/s, in_qsize 28, out_qsize 0
2026-02-02 16:17:25,295 - INFO - EPOCH 3 - PROGRESS: at 32.69% examples, 830107 words/s, in_qsize 23, out_qsize 4
2026-02-02 16:17:26,300 - INFO - EPOCH 3 - PROGRESS: at 32.85% examples, 830103 words/s, in_qsize 28, out_qsize 0
2026-02-02 16:17:27,303 - INFO - EPOCH 3 - PROGRESS: at 33.07% examples, 830466 words/s, in_qsize 28, out_qsize 1
2026-02-02 16:17:28,303 - INFO - EPOCH 3 - PROGRESS: at 33.29% examples, 830778 words/s, in_qsize 27, out_qsize 1
2026-02-02 16:17:29,331 - INFO - EPOCH 3 - PROGRESS: at 33.51% examples, 831131 words/s, in_qsize 27, out_qsize 0
2026-02-02 16:17:30,331 - INFO - EPOCH 3 - PROGRESS: at 33.72% examples, 831192 words/s, in_qsize 28, out_qsize 4
2026-02-02 16:17:31,360 - INFO - EPOCH 3 - PROGRESS: at 33.90% examples, 830709 words/s, in_qsize 27, out_qsize 0
2026-02-02 16:17:32,386 - INFO - EPOCH 3 - PROGRESS: at 34.11% examples, 830611 words/s, in_qsize 27, out_qsize 0
2026-02-02 16:17:33,397 - INFO - EPOCH 3 - PROGRESS: at 34.22% examples, 830711 words/s, in_qsize 27, out_qsize 0
2026-02-02 16:17:34,402 - INFO - EPOCH 3 - PROGRESS: at 34.36% examples, 830590 words/s, in_qsize 27, out_qsize 0
2026-02-02 16:17:35,409 - INFO - EPOCH 3 - PROGRESS: at 34.52% examples, 830800 words/s, in_qsize 22, out_qsize 4
2026-02-02 16:17:36,419 - INFO - EPOCH 3 - PROGRESS: at 34.67% examples, 831155 words/s, in_qsize 26, out_qsize 1
2026-02-02 16:17:37,430 - INFO - EPOCH 3 - PROGRESS: at 34.81% examples, 831459 words/s, in_qsize 28, out_qsize 1
2026-02-02 16:17:38,438 - INFO - EPOCH 3 - PROGRESS: at 34.97% examples, 831788 words/s, in_qsize 28, out_qsize 0
2026-02-02 16:17:39,468 - INFO - EPOCH 3 - PROGRESS: at 35.14% examples, 831977 words/s, in_qsize 28, out_qsize 3
2026-02-02 16:17:40,475 - INFO - EPOCH 3 - PROGRESS: at 35.35% examples, 832422 words/s, in_qsize 27, out_qsize 0
2026-02-02 16:17:41,479 - INFO - EPOCH 3 - PROGRESS: at 35.58% examples, 832690 words/s, in_qsize 25, out_qsize 0
2026-02-02 16:17:42,500 - INFO - EPOCH 3 - PROGRESS: at 35.80% examples, 832932 words/s, in_qsize 23, out_qsize 1
2026-02-02 16:17:43,513 - INFO - EPOCH 3 - PROGRESS: at 36.00% examples, 833099 words/s, in_qsize 28, out_qsize 0
2026-02-02 16:17:44,534 - INFO - EPOCH 3 - PROGRESS: at 36.18% examples, 833010 words/s, in_qsize 27, out_qsize 1
2026-02-02 16:17:45,569 - INFO - EPOCH 3 - PROGRESS: at 36.36% examples, 833078 words/s, in_qsize 28, out_qsize 1
2026-02-02 16:17:46,573 - INFO - EPOCH 3 - PROGRESS: at 36.53% examples, 833157 words/s, in_qsize 26, out_qsize 6
2026-02-02 16:17:47,646 - INFO - EPOCH 3 - PROGRESS: at 36.69% examples, 832924 words/s, in_qsize 28, out_qsize 1
2026-02-02 16:17:48,658 - INFO - EPOCH 3 - PROGRESS: at 36.85% examples, 832656 words/s, in_qsize 27, out_qsize 0
2026-02-02 16:17:49,693 - INFO - EPOCH 3 - PROGRESS: at 37.00% examples, 832211 words/s, in_qsize 27, out_qsize 1
2026-02-02 16:17:50,701 - INFO - EPOCH 3 - PROGRESS: at 37.16% examples, 831807 words/s, in_qsize 23, out_qsize 8
2026-02-02 16:17:51,706 - INFO - EPOCH 3 - PROGRESS: at 37.31% examples, 831951 words/s, in_qsize 26, out_qsize 2
2026-02-02 16:17:52,708 - INFO - EPOCH 3 - PROGRESS: at 37.46% examples, 832129 words/s, in_qsize 26, out_qsize 1
2026-02-02 16:17:53,747 - INFO - EPOCH 3 - PROGRESS: at 37.60% examples, 832188 words/s, in_qsize 27, out_qsize 0
2026-02-02 16:17:54,766 - INFO - EPOCH 3 - PROGRESS: at 37.77% examples, 832272 words/s, in_qsize 27, out_qsize 1
2026-02-02 16:17:55,807 - INFO - EPOCH 3 - PROGRESS: at 37.93% examples, 832331 words/s, in_qsize 28, out_qsize 0
2026-02-02 16:17:56,812 - INFO - EPOCH 3 - PROGRESS: at 38.05% examples, 832073 words/s, in_qsize 28, out_qsize 0
2026-02-02 16:17:57,852 - INFO - EPOCH 3 - PROGRESS: at 38.19% examples, 832059 words/s, in_qsize 27, out_qsize 0
2026-02-02 16:17:58,860 - INFO - EPOCH 3 - PROGRESS: at 38.34% examples, 832269 words/s, in_qsize 27, out_qsize 0
2026-02-02 16:17:59,874 - INFO - EPOCH 3 - PROGRESS: at 38.48% examples, 832450 words/s, in_qsize 27, out_qsize 2
2026-02-02 16:18:00,891 - INFO - EPOCH 3 - PROGRESS: at 38.65% examples, 832591 words/s, in_qsize 27, out_qsize 0
2026-02-02 16:18:01,909 - INFO - EPOCH 3 - PROGRESS: at 38.90% examples, 832605 words/s, in_qsize 27, out_qsize 1
2026-02-02 16:18:02,914 - INFO - EPOCH 3 - PROGRESS: at 39.12% examples, 832780 words/s, in_qsize 28, out_qsize 1
2026-02-02 16:18:03,919 - INFO - EPOCH 3 - PROGRESS: at 39.26% examples, 832945 words/s, in_qsize 27, out_qsize 0
2026-02-02 16:18:04,926 - INFO - EPOCH 3 - PROGRESS: at 39.39% examples, 833127 words/s, in_qsize 28, out_qsize 3
2026-02-02 16:18:05,936 - INFO - EPOCH 3 - PROGRESS: at 39.56% examples, 833330 words/s, in_qsize 26, out_qsize 1
2026-02-02 16:18:06,944 - INFO - EPOCH 3 - PROGRESS: at 39.72% examples, 833169 words/s, in_qsize 23, out_qsize 4
2026-02-02 16:18:07,953 - INFO - EPOCH 3 - PROGRESS: at 39.90% examples, 833399 words/s, in_qsize 27, out_qsize 0
2026-02-02 16:18:08,958 - INFO - EPOCH 3 - PROGRESS: at 40.07% examples, 833648 words/s, in_qsize 26, out_qsize 0
2026-02-02 16:18:09,960 - INFO - EPOCH 3 - PROGRESS: at 40.24% examples, 833838 words/s, in_qsize 26, out_qsize 1
2026-02-02 16:18:10,964 - INFO - EPOCH 3 - PROGRESS: at 40.38% examples, 833749 words/s, in_qsize 27, out_qsize 0
2026-02-02 16:18:11,980 - INFO - EPOCH 3 - PROGRESS: at 40.57% examples, 833922 words/s, in_qsize 26, out_qsize 2
2026-02-02 16:18:13,002 - INFO - EPOCH 3 - PROGRESS: at 40.74% examples, 833438 words/s, in_qsize 27, out_qsize 0
2026-02-02 16:18:14,002 - INFO - EPOCH 3 - PROGRESS: at 40.93% examples, 833446 words/s, in_qsize 28, out_qsize 1
2026-02-02 16:18:15,020 - INFO - EPOCH 3 - PROGRESS: at 41.13% examples, 833553 words/s, in_qsize 27, out_qsize 4
2026-02-02 16:18:16,040 - INFO - EPOCH 3 - PROGRESS: at 41.33% examples, 833820 words/s, in_qsize 28, out_qsize 3
2026-02-02 16:18:17,050 - INFO - EPOCH 3 - PROGRESS: at 41.49% examples, 834135 words/s, in_qsize 28, out_qsize 0
2026-02-02 16:18:18,082 - INFO - EPOCH 3 - PROGRESS: at 41.64% examples, 834182 words/s, in_qsize 23, out_qsize 5
2026-02-02 16:18:19,092 - INFO - EPOCH 3 - PROGRESS: at 41.78% examples, 834635 words/s, in_qsize 27, out_qsize 0
2026-02-02 16:18:20,105 - INFO - EPOCH 3 - PROGRESS: at 41.91% examples, 834649 words/s, in_qsize 28, out_qsize 3
2026-02-02 16:18:21,112 - INFO - EPOCH 3 - PROGRESS: at 42.04% examples, 834875 words/s, in_qsize 27, out_qsize 0
2026-02-02 16:18:22,136 - INFO - EPOCH 3 - PROGRESS: at 42.18% examples, 835039 words/s, in_qsize 28, out_qsize 1
2026-02-02 16:18:23,145 - INFO - EPOCH 3 - PROGRESS: at 42.33% examples, 835248 words/s, in_qsize 27, out_qsize 0
2026-02-02 16:18:24,150 - INFO - EPOCH 3 - PROGRESS: at 42.57% examples, 835305 words/s, in_qsize 27, out_qsize 3
2026-02-02 16:18:25,155 - INFO - EPOCH 3 - PROGRESS: at 42.77% examples, 835585 words/s, in_qsize 27, out_qsize 0
2026-02-02 16:18:26,180 - INFO - EPOCH 3 - PROGRESS: at 42.98% examples, 835685 words/s, in_qsize 27, out_qsize 3
2026-02-02 16:18:27,195 - INFO - EPOCH 3 - PROGRESS: at 43.22% examples, 835743 words/s, in_qsize 27, out_qsize 0
2026-02-02 16:18:28,213 - INFO - EPOCH 3 - PROGRESS: at 43.37% examples, 835644 words/s, in_qsize 27, out_qsize 0
2026-02-02 16:18:29,215 - INFO - EPOCH 3 - PROGRESS: at 43.52% examples, 835869 words/s, in_qsize 22, out_qsize 0
2026-02-02 16:18:30,239 - INFO - EPOCH 3 - PROGRESS: at 43.66% examples, 835982 words/s, in_qsize 27, out_qsize 2
2026-02-02 16:18:31,247 - INFO - EPOCH 3 - PROGRESS: at 43.77% examples, 836125 words/s, in_qsize 27, out_qsize 0
2026-02-02 16:18:32,255 - INFO - EPOCH 3 - PROGRESS: at 43.93% examples, 836287 words/s, in_qsize 27, out_qsize 2
2026-02-02 16:18:33,263 - INFO - EPOCH 3 - PROGRESS: at 44.14% examples, 835674 words/s, in_qsize 20, out_qsize 7
2026-02-02 16:18:34,285 - INFO - EPOCH 3 - PROGRESS: at 44.39% examples, 835301 words/s, in_qsize 26, out_qsize 7
2026-02-02 16:18:35,313 - INFO - EPOCH 3 - PROGRESS: at 44.64% examples, 835173 words/s, in_qsize 27, out_qsize 0
2026-02-02 16:18:36,314 - INFO - EPOCH 3 - PROGRESS: at 44.77% examples, 834853 words/s, in_qsize 27, out_qsize 0
2026-02-02 16:18:37,317 - INFO - EPOCH 3 - PROGRESS: at 44.90% examples, 834510 words/s, in_qsize 27, out_qsize 0
2026-02-02 16:18:38,327 - INFO - EPOCH 3 - PROGRESS: at 45.10% examples, 834682 words/s, in_qsize 27, out_qsize 0
2026-02-02 16:18:39,332 - INFO - EPOCH 3 - PROGRESS: at 45.25% examples, 834903 words/s, in_qsize 26, out_qsize 1
2026-02-02 16:18:40,348 - INFO - EPOCH 3 - PROGRESS: at 45.38% examples, 835067 words/s, in_qsize 26, out_qsize 1
2026-02-02 16:18:41,349 - INFO - EPOCH 3 - PROGRESS: at 45.51% examples, 834957 words/s, in_qsize 28, out_qsize 1
2026-02-02 16:18:42,351 - INFO - EPOCH 3 - PROGRESS: at 45.64% examples, 835027 words/s, in_qsize 27, out_qsize 0
2026-02-02 16:18:43,390 - INFO - EPOCH 3 - PROGRESS: at 45.77% examples, 835043 words/s, in_qsize 27, out_qsize 0
2026-02-02 16:18:44,394 - INFO - EPOCH 3 - PROGRESS: at 45.92% examples, 835274 words/s, in_qsize 27, out_qsize 0
2026-02-02 16:18:45,409 - INFO - EPOCH 3 - PROGRESS: at 46.08% examples, 835449 words/s, in_qsize 27, out_qsize 0
2026-02-02 16:18:46,422 - INFO - EPOCH 3 - PROGRESS: at 46.23% examples, 835693 words/s, in_qsize 26, out_qsize 1
2026-02-02 16:18:47,436 - INFO - EPOCH 3 - PROGRESS: at 46.37% examples, 835729 words/s, in_qsize 28, out_qsize 0
2026-02-02 16:18:48,447 - INFO - EPOCH 3 - PROGRESS: at 46.52% examples, 835750 words/s, in_qsize 27, out_qsize 0
2026-02-02 16:18:49,522 - INFO - EPOCH 3 - PROGRESS: at 46.79% examples, 835330 words/s, in_qsize 28, out_qsize 0
2026-02-02 16:18:50,543 - INFO - EPOCH 3 - PROGRESS: at 47.10% examples, 835031 words/s, in_qsize 27, out_qsize 0
2026-02-02 16:18:51,570 - INFO - EPOCH 3 - PROGRESS: at 47.25% examples, 835062 words/s, in_qsize 26, out_qsize 1
2026-02-02 16:18:52,574 - INFO - EPOCH 3 - PROGRESS: at 47.39% examples, 834848 words/s, in_qsize 28, out_qsize 0
2026-02-02 16:18:53,587 - INFO - EPOCH 3 - PROGRESS: at 47.54% examples, 834527 words/s, in_qsize 27, out_qsize 1
2026-02-02 16:18:54,590 - INFO - EPOCH 3 - PROGRESS: at 47.70% examples, 834528 words/s, in_qsize 27, out_qsize 0
2026-02-02 16:18:55,592 - INFO - EPOCH 3 - PROGRESS: at 47.85% examples, 834495 words/s, in_qsize 28, out_qsize 1
2026-02-02 16:18:56,595 - INFO - EPOCH 3 - PROGRESS: at 48.01% examples, 834693 words/s, in_qsize 28, out_qsize 0
2026-02-02 16:18:57,615 - INFO - EPOCH 3 - PROGRESS: at 48.17% examples, 834816 words/s, in_qsize 26, out_qsize 1
2026-02-02 16:18:58,622 - INFO - EPOCH 3 - PROGRESS: at 48.34% examples, 834967 words/s, in_qsize 28, out_qsize 2
2026-02-02 16:18:59,648 - INFO - EPOCH 3 - PROGRESS: at 48.48% examples, 834754 words/s, in_qsize 27, out_qsize 1
2026-02-02 16:19:00,671 - INFO - EPOCH 3 - PROGRESS: at 48.65% examples, 834831 words/s, in_qsize 23, out_qsize 4
2026-02-02 16:19:01,692 - INFO - EPOCH 3 - PROGRESS: at 48.82% examples, 835030 words/s, in_qsize 27, out_qsize 4
2026-02-02 16:19:02,693 - INFO - EPOCH 3 - PROGRESS: at 48.98% examples, 835232 words/s, in_qsize 26, out_qsize 1
2026-02-02 16:19:03,697 - INFO - EPOCH 3 - PROGRESS: at 49.14% examples, 835339 words/s, in_qsize 27, out_qsize 2
2026-02-02 16:19:04,724 - INFO - EPOCH 3 - PROGRESS: at 49.31% examples, 835433 words/s, in_qsize 27, out_qsize 0
2026-02-02 16:19:05,736 - INFO - EPOCH 3 - PROGRESS: at 49.46% examples, 835265 words/s, in_qsize 27, out_qsize 0
2026-02-02 16:19:06,743 - INFO - EPOCH 3 - PROGRESS: at 49.62% examples, 835437 words/s, in_qsize 28, out_qsize 0
2026-02-02 16:19:07,782 - INFO - EPOCH 3 - PROGRESS: at 49.78% examples, 835519 words/s, in_qsize 28, out_qsize 4
2026-02-02 16:19:08,793 - INFO - EPOCH 3 - PROGRESS: at 49.95% examples, 835764 words/s, in_qsize 27, out_qsize 0
2026-02-02 16:19:09,794 - INFO - EPOCH 3 - PROGRESS: at 50.09% examples, 835869 words/s, in_qsize 26, out_qsize 3
2026-02-02 16:19:10,812 - INFO - EPOCH 3 - PROGRESS: at 50.24% examples, 835556 words/s, in_qsize 27, out_qsize 0
2026-02-02 16:19:11,829 - INFO - EPOCH 3 - PROGRESS: at 50.40% examples, 835159 words/s, in_qsize 27, out_qsize 0
2026-02-02 16:19:12,850 - INFO - EPOCH 3 - PROGRESS: at 50.58% examples, 834817 words/s, in_qsize 28, out_qsize 0
2026-02-02 16:19:13,880 - INFO - EPOCH 3 - PROGRESS: at 50.76% examples, 834457 words/s, in_qsize 27, out_qsize 0
2026-02-02 16:19:14,903 - INFO - EPOCH 3 - PROGRESS: at 50.94% examples, 834065 words/s, in_qsize 23, out_qsize 7
2026-02-02 16:19:15,932 - INFO - EPOCH 3 - PROGRESS: at 51.13% examples, 834047 words/s, in_qsize 28, out_qsize 3
2026-02-02 16:19:16,935 - INFO - EPOCH 3 - PROGRESS: at 51.33% examples, 833908 words/s, in_qsize 26, out_qsize 3
2026-02-02 16:19:17,961 - INFO - EPOCH 3 - PROGRESS: at 51.61% examples, 834195 words/s, in_qsize 27, out_qsize 1
2026-02-02 16:19:18,965 - INFO - EPOCH 3 - PROGRESS: at 51.89% examples, 834593 words/s, in_qsize 27, out_qsize 0
2026-02-02 16:19:19,993 - INFO - EPOCH 3 - PROGRESS: at 52.18% examples, 835048 words/s, in_qsize 24, out_qsize 3
2026-02-02 16:19:20,994 - INFO - EPOCH 3 - PROGRESS: at 52.43% examples, 835139 words/s, in_qsize 27, out_qsize 0
2026-02-02 16:19:22,021 - INFO - EPOCH 3 - PROGRESS: at 52.68% examples, 835136 words/s, in_qsize 28, out_qsize 0
2026-02-02 16:19:23,066 - INFO - EPOCH 3 - PROGRESS: at 52.93% examples, 835104 words/s, in_qsize 28, out_qsize 2
2026-02-02 16:19:24,092 - INFO - EPOCH 3 - PROGRESS: at 53.22% examples, 835535 words/s, in_qsize 27, out_qsize 0
2026-02-02 16:19:25,101 - INFO - EPOCH 3 - PROGRESS: at 53.48% examples, 835706 words/s, in_qsize 28, out_qsize 0
2026-02-02 16:19:26,118 - INFO - EPOCH 3 - PROGRESS: at 53.76% examples, 836028 words/s, in_qsize 27, out_qsize 5
2026-02-02 16:19:27,130 - INFO - EPOCH 3 - PROGRESS: at 54.05% examples, 836517 words/s, in_qsize 24, out_qsize 7
2026-02-02 16:19:28,159 - INFO - EPOCH 3 - PROGRESS: at 54.29% examples, 836427 words/s, in_qsize 27, out_qsize 0
2026-02-02 16:19:29,179 - INFO - EPOCH 3 - PROGRESS: at 54.55% examples, 836510 words/s, in_qsize 28, out_qsize 0
2026-02-02 16:19:30,190 - INFO - EPOCH 3 - PROGRESS: at 54.79% examples, 836468 words/s, in_qsize 23, out_qsize 7
2026-02-02 16:19:31,194 - INFO - EPOCH 3 - PROGRESS: at 55.06% examples, 836758 words/s, in_qsize 27, out_qsize 0
2026-02-02 16:19:32,233 - INFO - EPOCH 3 - PROGRESS: at 55.23% examples, 836490 words/s, in_qsize 27, out_qsize 0
2026-02-02 16:19:33,238 - INFO - EPOCH 3 - PROGRESS: at 55.37% examples, 836627 words/s, in_qsize 28, out_qsize 0
2026-02-02 16:19:34,239 - INFO - EPOCH 3 - PROGRESS: at 55.54% examples, 836608 words/s, in_qsize 26, out_qsize 1
2026-02-02 16:19:35,269 - INFO - EPOCH 3 - PROGRESS: at 55.73% examples, 836544 words/s, in_qsize 22, out_qsize 7
2026-02-02 16:19:36,298 - INFO - EPOCH 3 - PROGRESS: at 55.98% examples, 836347 words/s, in_qsize 27, out_qsize 0
2026-02-02 16:19:37,308 - INFO - EPOCH 3 - PROGRESS: at 56.18% examples, 836408 words/s, in_qsize 27, out_qsize 0
2026-02-02 16:19:38,311 - INFO - EPOCH 3 - PROGRESS: at 56.34% examples, 836479 words/s, in_qsize 28, out_qsize 1
2026-02-02 16:19:39,311 - INFO - EPOCH 3 - PROGRESS: at 56.50% examples, 836660 words/s, in_qsize 27, out_qsize 0
2026-02-02 16:19:40,320 - INFO - EPOCH 3 - PROGRESS: at 56.66% examples, 836833 words/s, in_qsize 27, out_qsize 0
2026-02-02 16:19:41,328 - INFO - EPOCH 3 - PROGRESS: at 56.82% examples, 836787 words/s, in_qsize 26, out_qsize 5
2026-02-02 16:19:42,352 - INFO - EPOCH 3 - PROGRESS: at 57.04% examples, 836894 words/s, in_qsize 27, out_qsize 3
2026-02-02 16:19:43,374 - INFO - EPOCH 3 - PROGRESS: at 57.27% examples, 836964 words/s, in_qsize 27, out_qsize 0
2026-02-02 16:19:44,378 - INFO - EPOCH 3 - PROGRESS: at 57.49% examples, 837053 words/s, in_qsize 28, out_qsize 0
2026-02-02 16:19:45,379 - INFO - EPOCH 3 - PROGRESS: at 57.69% examples, 836854 words/s, in_qsize 28, out_qsize 0
2026-02-02 16:19:46,383 - INFO - EPOCH 3 - PROGRESS: at 57.88% examples, 836548 words/s, in_qsize 28, out_qsize 0
2026-02-02 16:19:47,390 - INFO - EPOCH 3 - PROGRESS: at 58.06% examples, 836299 words/s, in_qsize 27, out_qsize 0
2026-02-02 16:19:48,390 - INFO - EPOCH 3 - PROGRESS: at 58.26% examples, 836115 words/s, in_qsize 27, out_qsize 0
2026-02-02 16:19:49,400 - INFO - EPOCH 3 - PROGRESS: at 58.44% examples, 835811 words/s, in_qsize 25, out_qsize 2
2026-02-02 16:19:50,435 - INFO - EPOCH 3 - PROGRESS: at 58.63% examples, 835448 words/s, in_qsize 28, out_qsize 0
2026-02-02 16:19:51,451 - INFO - EPOCH 3 - PROGRESS: at 58.81% examples, 835151 words/s, in_qsize 27, out_qsize 1
2026-02-02 16:19:52,465 - INFO - EPOCH 3 - PROGRESS: at 59.02% examples, 835054 words/s, in_qsize 28, out_qsize 2
2026-02-02 16:19:53,469 - INFO - EPOCH 3 - PROGRESS: at 59.20% examples, 834696 words/s, in_qsize 28, out_qsize 5
2026-02-02 16:19:54,485 - INFO - EPOCH 3 - PROGRESS: at 59.38% examples, 834534 words/s, in_qsize 28, out_qsize 0
2026-02-02 16:19:55,544 - INFO - EPOCH 3 - PROGRESS: at 59.60% examples, 834483 words/s, in_qsize 28, out_qsize 1
2026-02-02 16:19:56,546 - INFO - EPOCH 3 - PROGRESS: at 59.77% examples, 834451 words/s, in_qsize 26, out_qsize 1
2026-02-02 16:19:57,553 - INFO - EPOCH 3 - PROGRESS: at 59.88% examples, 834492 words/s, in_qsize 27, out_qsize 0
2026-02-02 16:19:58,579 - INFO - EPOCH 3 - PROGRESS: at 60.07% examples, 834553 words/s, in_qsize 27, out_qsize 0
2026-02-02 16:19:59,582 - INFO - EPOCH 3 - PROGRESS: at 60.27% examples, 834653 words/s, in_qsize 27, out_qsize 0
2026-02-02 16:20:00,595 - INFO - EPOCH 3 - PROGRESS: at 60.46% examples, 834571 words/s, in_qsize 27, out_qsize 0
2026-02-02 16:20:01,600 - INFO - EPOCH 3 - PROGRESS: at 60.66% examples, 834644 words/s, in_qsize 27, out_qsize 0
2026-02-02 16:20:02,638 - INFO - EPOCH 3 - PROGRESS: at 60.81% examples, 834010 words/s, in_qsize 25, out_qsize 2
2026-02-02 16:20:03,650 - INFO - EPOCH 3 - PROGRESS: at 60.96% examples, 833973 words/s, in_qsize 27, out_qsize 0
2026-02-02 16:20:04,710 - INFO - EPOCH 3 - PROGRESS: at 61.13% examples, 833909 words/s, in_qsize 27, out_qsize 2
2026-02-02 16:20:05,712 - INFO - EPOCH 3 - PROGRESS: at 61.23% examples, 834029 words/s, in_qsize 26, out_qsize 1
2026-02-02 16:20:06,721 - INFO - EPOCH 3 - PROGRESS: at 61.31% examples, 834172 words/s, in_qsize 27, out_qsize 0
2026-02-02 16:20:07,742 - INFO - EPOCH 3 - PROGRESS: at 61.50% examples, 834273 words/s, in_qsize 28, out_qsize 0
2026-02-02 16:20:08,759 - INFO - EPOCH 3 - PROGRESS: at 61.70% examples, 834400 words/s, in_qsize 25, out_qsize 2
2026-02-02 16:20:09,793 - INFO - EPOCH 3 - PROGRESS: at 61.81% examples, 834432 words/s, in_qsize 26, out_qsize 4
2026-02-02 16:20:10,823 - INFO - EPOCH 3 - PROGRESS: at 62.01% examples, 834447 words/s, in_qsize 28, out_qsize 0
2026-02-02 16:20:11,842 - INFO - EPOCH 3 - PROGRESS: at 62.15% examples, 834472 words/s, in_qsize 28, out_qsize 2
2026-02-02 16:20:12,859 - INFO - EPOCH 3 - PROGRESS: at 62.30% examples, 834579 words/s, in_qsize 28, out_qsize 5
2026-02-02 16:20:13,873 - INFO - EPOCH 3 - PROGRESS: at 62.48% examples, 834748 words/s, in_qsize 28, out_qsize 0
2026-02-02 16:20:14,875 - INFO - EPOCH 3 - PROGRESS: at 62.64% examples, 834745 words/s, in_qsize 27, out_qsize 0
2026-02-02 16:20:15,902 - INFO - EPOCH 3 - PROGRESS: at 62.81% examples, 834751 words/s, in_qsize 26, out_qsize 1
2026-02-02 16:20:16,915 - INFO - EPOCH 3 - PROGRESS: at 62.99% examples, 834807 words/s, in_qsize 27, out_qsize 0
2026-02-02 16:20:17,971 - INFO - EPOCH 3 - PROGRESS: at 63.16% examples, 834714 words/s, in_qsize 28, out_qsize 4
2026-02-02 16:20:19,015 - INFO - EPOCH 3 - PROGRESS: at 63.32% examples, 834925 words/s, in_qsize 24, out_qsize 3
2026-02-02 16:20:20,043 - INFO - EPOCH 3 - PROGRESS: at 63.46% examples, 835087 words/s, in_qsize 26, out_qsize 3
2026-02-02 16:20:21,054 - INFO - EPOCH 3 - PROGRESS: at 63.68% examples, 835309 words/s, in_qsize 24, out_qsize 1
2026-02-02 16:20:22,088 - INFO - EPOCH 3 - PROGRESS: at 63.90% examples, 835383 words/s, in_qsize 26, out_qsize 1
2026-02-02 16:20:23,108 - INFO - EPOCH 3 - PROGRESS: at 64.13% examples, 835534 words/s, in_qsize 26, out_qsize 1
2026-02-02 16:20:24,110 - INFO - EPOCH 3 - PROGRESS: at 64.28% examples, 835673 words/s, in_qsize 27, out_qsize 0
2026-02-02 16:20:25,115 - INFO - EPOCH 3 - PROGRESS: at 64.44% examples, 835833 words/s, in_qsize 27, out_qsize 0
2026-02-02 16:20:26,115 - INFO - EPOCH 3 - PROGRESS: at 64.56% examples, 835489 words/s, in_qsize 25, out_qsize 6
2026-02-02 16:20:27,116 - INFO - EPOCH 3 - PROGRESS: at 64.73% examples, 835215 words/s, in_qsize 25, out_qsize 7
2026-02-02 16:20:28,132 - INFO - EPOCH 3 - PROGRESS: at 64.91% examples, 835149 words/s, in_qsize 28, out_qsize 0
2026-02-02 16:20:29,133 - INFO - EPOCH 3 - PROGRESS: at 65.07% examples, 834858 words/s, in_qsize 28, out_qsize 2
2026-02-02 16:20:30,151 - INFO - EPOCH 3 - PROGRESS: at 65.25% examples, 834634 words/s, in_qsize 27, out_qsize 0
2026-02-02 16:20:31,172 - INFO - EPOCH 3 - PROGRESS: at 65.41% examples, 834322 words/s, in_qsize 28, out_qsize 0
2026-02-02 16:20:32,173 - INFO - EPOCH 3 - PROGRESS: at 65.60% examples, 834108 words/s, in_qsize 28, out_qsize 0
2026-02-02 16:20:33,189 - INFO - EPOCH 3 - PROGRESS: at 65.75% examples, 833928 words/s, in_qsize 28, out_qsize 0
2026-02-02 16:20:34,191 - INFO - EPOCH 3 - PROGRESS: at 65.95% examples, 833980 words/s, in_qsize 26, out_qsize 1
2026-02-02 16:20:35,204 - INFO - EPOCH 3 - PROGRESS: at 66.09% examples, 833795 words/s, in_qsize 24, out_qsize 5
2026-02-02 16:20:36,221 - INFO - EPOCH 3 - PROGRESS: at 66.27% examples, 833986 words/s, in_qsize 27, out_qsize 0
2026-02-02 16:20:37,236 - INFO - EPOCH 3 - PROGRESS: at 66.45% examples, 834021 words/s, in_qsize 26, out_qsize 1
2026-02-02 16:20:38,253 - INFO - EPOCH 3 - PROGRESS: at 66.54% examples, 833816 words/s, in_qsize 28, out_qsize 2
2026-02-02 16:20:39,256 - INFO - EPOCH 3 - PROGRESS: at 66.64% examples, 833885 words/s, in_qsize 27, out_qsize 0
2026-02-02 16:20:40,266 - INFO - EPOCH 3 - PROGRESS: at 66.76% examples, 833974 words/s, in_qsize 25, out_qsize 2
2026-02-02 16:20:41,283 - INFO - EPOCH 3 - PROGRESS: at 66.87% examples, 834118 words/s, in_qsize 27, out_qsize 0
2026-02-02 16:20:42,296 - INFO - EPOCH 3 - PROGRESS: at 66.96% examples, 834225 words/s, in_qsize 27, out_qsize 0
2026-02-02 16:20:43,301 - INFO - EPOCH 3 - PROGRESS: at 67.13% examples, 834383 words/s, in_qsize 26, out_qsize 1
2026-02-02 16:20:44,318 - INFO - EPOCH 3 - PROGRESS: at 67.31% examples, 834383 words/s, in_qsize 26, out_qsize 1
2026-02-02 16:20:45,363 - INFO - EPOCH 3 - PROGRESS: at 67.46% examples, 834164 words/s, in_qsize 27, out_qsize 0
2026-02-02 16:20:46,371 - INFO - EPOCH 3 - PROGRESS: at 67.60% examples, 834125 words/s, in_qsize 26, out_qsize 1
2026-02-02 16:20:47,376 - INFO - EPOCH 3 - PROGRESS: at 67.76% examples, 834178 words/s, in_qsize 28, out_qsize 0
2026-02-02 16:20:48,379 - INFO - EPOCH 3 - PROGRESS: at 67.90% examples, 834311 words/s, in_qsize 28, out_qsize 0
2026-02-02 16:20:49,383 - INFO - EPOCH 3 - PROGRESS: at 68.05% examples, 834408 words/s, in_qsize 27, out_qsize 2
2026-02-02 16:20:50,393 - INFO - EPOCH 3 - PROGRESS: at 68.17% examples, 834527 words/s, in_qsize 27, out_qsize 1
2026-02-02 16:20:51,399 - INFO - EPOCH 3 - PROGRESS: at 68.35% examples, 834595 words/s, in_qsize 27, out_qsize 3
2026-02-02 16:20:52,403 - INFO - EPOCH 3 - PROGRESS: at 68.51% examples, 834630 words/s, in_qsize 28, out_qsize 2
2026-02-02 16:20:53,430 - INFO - EPOCH 3 - PROGRESS: at 68.67% examples, 834600 words/s, in_qsize 27, out_qsize 4
2026-02-02 16:20:54,462 - INFO - EPOCH 3 - PROGRESS: at 68.85% examples, 834763 words/s, in_qsize 28, out_qsize 1
2026-02-02 16:20:55,473 - INFO - EPOCH 3 - PROGRESS: at 69.02% examples, 834907 words/s, in_qsize 28, out_qsize 1
2026-02-02 16:20:56,478 - INFO - EPOCH 3 - PROGRESS: at 69.23% examples, 835092 words/s, in_qsize 27, out_qsize 0
2026-02-02 16:20:57,526 - INFO - EPOCH 3 - PROGRESS: at 69.51% examples, 834970 words/s, in_qsize 27, out_qsize 3
2026-02-02 16:20:58,551 - INFO - EPOCH 3 - PROGRESS: at 69.77% examples, 834654 words/s, in_qsize 27, out_qsize 0
2026-02-02 16:20:59,551 - INFO - EPOCH 3 - PROGRESS: at 69.93% examples, 834521 words/s, in_qsize 28, out_qsize 0
2026-02-02 16:21:00,567 - INFO - EPOCH 3 - PROGRESS: at 70.09% examples, 834530 words/s, in_qsize 27, out_qsize 0
2026-02-02 16:21:01,583 - INFO - EPOCH 3 - PROGRESS: at 70.26% examples, 834637 words/s, in_qsize 26, out_qsize 1
2026-02-02 16:21:02,586 - INFO - EPOCH 3 - PROGRESS: at 70.43% examples, 834771 words/s, in_qsize 27, out_qsize 1
2026-02-02 16:21:03,597 - INFO - EPOCH 3 - PROGRESS: at 70.59% examples, 834848 words/s, in_qsize 27, out_qsize 0
2026-02-02 16:21:04,620 - INFO - EPOCH 3 - PROGRESS: at 70.75% examples, 834863 words/s, in_qsize 28, out_qsize 2
2026-02-02 16:21:05,631 - INFO - EPOCH 3 - PROGRESS: at 70.91% examples, 834923 words/s, in_qsize 28, out_qsize 0
2026-02-02 16:21:06,635 - INFO - EPOCH 3 - PROGRESS: at 71.06% examples, 835058 words/s, in_qsize 26, out_qsize 1
2026-02-02 16:21:07,656 - INFO - EPOCH 3 - PROGRESS: at 71.22% examples, 835147 words/s, in_qsize 26, out_qsize 1
2026-02-02 16:21:08,669 - INFO - EPOCH 3 - PROGRESS: at 71.43% examples, 835173 words/s, in_qsize 27, out_qsize 0
2026-02-02 16:21:09,685 - INFO - EPOCH 3 - PROGRESS: at 71.63% examples, 834958 words/s, in_qsize 27, out_qsize 0
2026-02-02 16:21:10,704 - INFO - EPOCH 3 - PROGRESS: at 71.82% examples, 834702 words/s, in_qsize 28, out_qsize 0
2026-02-02 16:21:11,709 - INFO - EPOCH 3 - PROGRESS: at 71.96% examples, 834553 words/s, in_qsize 25, out_qsize 0
2026-02-02 16:21:12,713 - INFO - EPOCH 3 - PROGRESS: at 72.11% examples, 834703 words/s, in_qsize 27, out_qsize 0
2026-02-02 16:21:13,719 - INFO - EPOCH 3 - PROGRESS: at 72.32% examples, 834604 words/s, in_qsize 26, out_qsize 4
2026-02-02 16:21:14,727 - INFO - EPOCH 3 - PROGRESS: at 72.53% examples, 834656 words/s, in_qsize 24, out_qsize 3
2026-02-02 16:21:15,737 - INFO - EPOCH 3 - PROGRESS: at 72.73% examples, 834475 words/s, in_qsize 23, out_qsize 4
2026-02-02 16:21:16,744 - INFO - EPOCH 3 - PROGRESS: at 72.93% examples, 834300 words/s, in_qsize 26, out_qsize 6
2026-02-02 16:21:17,747 - INFO - EPOCH 3 - PROGRESS: at 73.08% examples, 834307 words/s, in_qsize 28, out_qsize 0
2026-02-02 16:21:18,773 - INFO - EPOCH 3 - PROGRESS: at 73.22% examples, 834382 words/s, in_qsize 18, out_qsize 3
2026-02-02 16:21:19,775 - INFO - EPOCH 3 - PROGRESS: at 73.35% examples, 834500 words/s, in_qsize 26, out_qsize 3
2026-02-02 16:21:20,776 - INFO - EPOCH 3 - PROGRESS: at 73.49% examples, 834617 words/s, in_qsize 27, out_qsize 0
2026-02-02 16:21:21,784 - INFO - EPOCH 3 - PROGRESS: at 73.59% examples, 834728 words/s, in_qsize 27, out_qsize 0
2026-02-02 16:21:22,799 - INFO - EPOCH 3 - PROGRESS: at 73.76% examples, 834734 words/s, in_qsize 27, out_qsize 1
2026-02-02 16:21:23,799 - INFO - EPOCH 3 - PROGRESS: at 73.96% examples, 834892 words/s, in_qsize 27, out_qsize 0
2026-02-02 16:21:24,801 - INFO - EPOCH 3 - PROGRESS: at 74.19% examples, 834970 words/s, in_qsize 23, out_qsize 4
2026-02-02 16:21:25,804 - INFO - EPOCH 3 - PROGRESS: at 74.39% examples, 834916 words/s, in_qsize 28, out_qsize 1
2026-02-02 16:21:26,815 - INFO - EPOCH 3 - PROGRESS: at 74.56% examples, 834927 words/s, in_qsize 26, out_qsize 1
2026-02-02 16:21:27,825 - INFO - EPOCH 3 - PROGRESS: at 74.73% examples, 835023 words/s, in_qsize 28, out_qsize 1
2026-02-02 16:21:28,836 - INFO - EPOCH 3 - PROGRESS: at 74.90% examples, 835118 words/s, in_qsize 27, out_qsize 0
2026-02-02 16:21:29,848 - INFO - EPOCH 3 - PROGRESS: at 75.11% examples, 835189 words/s, in_qsize 28, out_qsize 0
2026-02-02 16:21:30,888 - INFO - EPOCH 3 - PROGRESS: at 75.34% examples, 835218 words/s, in_qsize 28, out_qsize 0
2026-02-02 16:21:31,897 - INFO - EPOCH 3 - PROGRESS: at 75.51% examples, 835022 words/s, in_qsize 28, out_qsize 0
2026-02-02 16:21:32,901 - INFO - EPOCH 3 - PROGRESS: at 75.68% examples, 834838 words/s, in_qsize 25, out_qsize 2
2026-02-02 16:21:33,914 - INFO - EPOCH 3 - PROGRESS: at 75.84% examples, 834566 words/s, in_qsize 26, out_qsize 1
2026-02-02 16:21:34,947 - INFO - EPOCH 3 - PROGRESS: at 76.01% examples, 834362 words/s, in_qsize 27, out_qsize 0
2026-02-02 16:21:35,948 - INFO - EPOCH 3 - PROGRESS: at 76.19% examples, 834237 words/s, in_qsize 25, out_qsize 6
2026-02-02 16:21:36,954 - INFO - EPOCH 3 - PROGRESS: at 76.37% examples, 834162 words/s, in_qsize 27, out_qsize 0
2026-02-02 16:21:37,959 - INFO - EPOCH 3 - PROGRESS: at 76.57% examples, 834020 words/s, in_qsize 27, out_qsize 0
2026-02-02 16:21:38,962 - INFO - EPOCH 3 - PROGRESS: at 76.73% examples, 833910 words/s, in_qsize 28, out_qsize 3
2026-02-02 16:21:39,966 - INFO - EPOCH 3 - PROGRESS: at 76.92% examples, 834027 words/s, in_qsize 25, out_qsize 1
2026-02-02 16:21:40,990 - INFO - EPOCH 3 - PROGRESS: at 77.11% examples, 834058 words/s, in_qsize 25, out_qsize 3
2026-02-02 16:21:41,995 - INFO - EPOCH 3 - PROGRESS: at 77.31% examples, 834197 words/s, in_qsize 27, out_qsize 0
2026-02-02 16:21:42,996 - INFO - EPOCH 3 - PROGRESS: at 77.51% examples, 834277 words/s, in_qsize 26, out_qsize 1
2026-02-02 16:21:44,004 - INFO - EPOCH 3 - PROGRESS: at 77.70% examples, 834361 words/s, in_qsize 27, out_qsize 2
2026-02-02 16:21:45,008 - INFO - EPOCH 3 - PROGRESS: at 77.90% examples, 834432 words/s, in_qsize 28, out_qsize 2
2026-02-02 16:21:46,021 - INFO - EPOCH 3 - PROGRESS: at 78.10% examples, 834504 words/s, in_qsize 28, out_qsize 0
2026-02-02 16:21:47,042 - INFO - EPOCH 3 - PROGRESS: at 78.28% examples, 834685 words/s, in_qsize 27, out_qsize 0
2026-02-02 16:21:48,060 - INFO - EPOCH 3 - PROGRESS: at 78.46% examples, 834894 words/s, in_qsize 28, out_qsize 2
2026-02-02 16:21:49,063 - INFO - EPOCH 3 - PROGRESS: at 78.66% examples, 835185 words/s, in_qsize 27, out_qsize 0
2026-02-02 16:21:50,083 - INFO - EPOCH 3 - PROGRESS: at 78.84% examples, 835352 words/s, in_qsize 25, out_qsize 2
2026-02-02 16:21:51,092 - INFO - EPOCH 3 - PROGRESS: at 79.04% examples, 835648 words/s, in_qsize 27, out_qsize 0
2026-02-02 16:21:52,120 - INFO - EPOCH 3 - PROGRESS: at 79.21% examples, 835693 words/s, in_qsize 23, out_qsize 4
2026-02-02 16:21:53,142 - INFO - EPOCH 3 - PROGRESS: at 79.39% examples, 835784 words/s, in_qsize 25, out_qsize 5
2026-02-02 16:21:54,146 - INFO - EPOCH 3 - PROGRESS: at 79.59% examples, 836068 words/s, in_qsize 27, out_qsize 0
2026-02-02 16:21:55,199 - INFO - EPOCH 3 - PROGRESS: at 79.78% examples, 836245 words/s, in_qsize 27, out_qsize 5
2026-02-02 16:21:56,205 - INFO - EPOCH 3 - PROGRESS: at 79.97% examples, 836544 words/s, in_qsize 28, out_qsize 0
2026-02-02 16:21:57,220 - INFO - EPOCH 3 - PROGRESS: at 80.16% examples, 836768 words/s, in_qsize 28, out_qsize 2
2026-02-02 16:21:58,225 - INFO - EPOCH 3 - PROGRESS: at 80.34% examples, 836935 words/s, in_qsize 27, out_qsize 0
2026-02-02 16:21:59,225 - INFO - EPOCH 3 - PROGRESS: at 80.51% examples, 837014 words/s, in_qsize 26, out_qsize 2
2026-02-02 16:22:00,245 - INFO - EPOCH 3 - PROGRESS: at 80.62% examples, 837071 words/s, in_qsize 28, out_qsize 3
2026-02-02 16:22:01,262 - INFO - EPOCH 3 - PROGRESS: at 80.78% examples, 837187 words/s, in_qsize 25, out_qsize 2
2026-02-02 16:22:02,275 - INFO - EPOCH 3 - PROGRESS: at 80.95% examples, 837278 words/s, in_qsize 26, out_qsize 2
2026-02-02 16:22:03,276 - INFO - EPOCH 3 - PROGRESS: at 81.12% examples, 837409 words/s, in_qsize 26, out_qsize 1
2026-02-02 16:22:04,305 - INFO - EPOCH 3 - PROGRESS: at 81.30% examples, 837504 words/s, in_qsize 26, out_qsize 1
2026-02-02 16:22:05,307 - INFO - EPOCH 3 - PROGRESS: at 81.47% examples, 837596 words/s, in_qsize 27, out_qsize 0
2026-02-02 16:22:06,315 - INFO - EPOCH 3 - PROGRESS: at 81.62% examples, 837523 words/s, in_qsize 27, out_qsize 3
2026-02-02 16:22:07,328 - INFO - EPOCH 3 - PROGRESS: at 81.78% examples, 837610 words/s, in_qsize 28, out_qsize 0
2026-02-02 16:22:08,363 - INFO - EPOCH 3 - PROGRESS: at 81.96% examples, 837617 words/s, in_qsize 26, out_qsize 2
2026-02-02 16:22:09,369 - INFO - EPOCH 3 - PROGRESS: at 82.14% examples, 837690 words/s, in_qsize 28, out_qsize 0
2026-02-02 16:22:10,379 - INFO - EPOCH 3 - PROGRESS: at 82.33% examples, 837770 words/s, in_qsize 27, out_qsize 0
2026-02-02 16:22:11,408 - INFO - EPOCH 3 - PROGRESS: at 82.51% examples, 837812 words/s, in_qsize 26, out_qsize 3
2026-02-02 16:22:12,416 - INFO - EPOCH 3 - PROGRESS: at 82.70% examples, 837978 words/s, in_qsize 27, out_qsize 0
2026-02-02 16:22:13,422 - INFO - EPOCH 3 - PROGRESS: at 82.85% examples, 837985 words/s, in_qsize 28, out_qsize 0
2026-02-02 16:22:14,426 - INFO - EPOCH 3 - PROGRESS: at 82.99% examples, 838070 words/s, in_qsize 27, out_qsize 0
2026-02-02 16:22:15,426 - INFO - EPOCH 3 - PROGRESS: at 83.13% examples, 838161 words/s, in_qsize 28, out_qsize 0
2026-02-02 16:22:16,429 - INFO - EPOCH 3 - PROGRESS: at 83.28% examples, 838299 words/s, in_qsize 27, out_qsize 2
2026-02-02 16:22:17,446 - INFO - EPOCH 3 - PROGRESS: at 83.44% examples, 838388 words/s, in_qsize 26, out_qsize 2
2026-02-02 16:22:18,502 - INFO - EPOCH 3 - PROGRESS: at 83.60% examples, 838415 words/s, in_qsize 27, out_qsize 0
2026-02-02 16:22:19,512 - INFO - EPOCH 3 - PROGRESS: at 83.75% examples, 838166 words/s, in_qsize 27, out_qsize 0
2026-02-02 16:22:20,539 - INFO - EPOCH 3 - PROGRESS: at 83.92% examples, 837945 words/s, in_qsize 27, out_qsize 0
2026-02-02 16:22:21,539 - INFO - EPOCH 3 - PROGRESS: at 84.11% examples, 837922 words/s, in_qsize 26, out_qsize 1
2026-02-02 16:22:22,547 - INFO - EPOCH 3 - PROGRESS: at 84.25% examples, 837776 words/s, in_qsize 26, out_qsize 1
2026-02-02 16:22:23,559 - INFO - EPOCH 3 - PROGRESS: at 84.38% examples, 837753 words/s, in_qsize 26, out_qsize 1
2026-02-02 16:22:24,571 - INFO - EPOCH 3 - PROGRESS: at 84.50% examples, 837877 words/s, in_qsize 26, out_qsize 1
2026-02-02 16:22:25,573 - INFO - EPOCH 3 - PROGRESS: at 84.64% examples, 837952 words/s, in_qsize 27, out_qsize 0
2026-02-02 16:22:26,585 - INFO - EPOCH 3 - PROGRESS: at 84.72% examples, 837810 words/s, in_qsize 26, out_qsize 1
2026-02-02 16:22:27,601 - INFO - EPOCH 3 - PROGRESS: at 84.91% examples, 837850 words/s, in_qsize 27, out_qsize 1
2026-02-02 16:22:28,614 - INFO - EPOCH 3 - PROGRESS: at 85.11% examples, 837893 words/s, in_qsize 28, out_qsize 2
2026-02-02 16:22:29,632 - INFO - EPOCH 3 - PROGRESS: at 85.29% examples, 837976 words/s, in_qsize 27, out_qsize 1
2026-02-02 16:22:30,645 - INFO - EPOCH 3 - PROGRESS: at 85.49% examples, 838115 words/s, in_qsize 26, out_qsize 1
2026-02-02 16:22:31,656 - INFO - EPOCH 3 - PROGRESS: at 85.67% examples, 838182 words/s, in_qsize 28, out_qsize 2
2026-02-02 16:22:32,670 - INFO - EPOCH 3 - PROGRESS: at 85.87% examples, 838258 words/s, in_qsize 28, out_qsize 0
2026-02-02 16:22:33,691 - INFO - EPOCH 3 - PROGRESS: at 86.05% examples, 838294 words/s, in_qsize 25, out_qsize 3
2026-02-02 16:22:34,700 - INFO - EPOCH 3 - PROGRESS: at 86.24% examples, 838430 words/s, in_qsize 28, out_qsize 0
2026-02-02 16:22:35,730 - INFO - EPOCH 3 - PROGRESS: at 86.42% examples, 838501 words/s, in_qsize 26, out_qsize 1
2026-02-02 16:22:36,745 - INFO - EPOCH 3 - PROGRESS: at 86.59% examples, 838608 words/s, in_qsize 27, out_qsize 0
2026-02-02 16:22:37,758 - INFO - EPOCH 3 - PROGRESS: at 86.76% examples, 838650 words/s, in_qsize 27, out_qsize 0
2026-02-02 16:22:38,765 - INFO - EPOCH 3 - PROGRESS: at 86.96% examples, 838513 words/s, in_qsize 27, out_qsize 0
2026-02-02 16:22:39,773 - INFO - EPOCH 3 - PROGRESS: at 87.17% examples, 838571 words/s, in_qsize 27, out_qsize 0
2026-02-02 16:22:40,776 - INFO - EPOCH 3 - PROGRESS: at 87.36% examples, 838699 words/s, in_qsize 27, out_qsize 0
2026-02-02 16:22:41,805 - INFO - EPOCH 3 - PROGRESS: at 87.54% examples, 838702 words/s, in_qsize 24, out_qsize 3
2026-02-02 16:22:42,833 - INFO - EPOCH 3 - PROGRESS: at 87.71% examples, 838777 words/s, in_qsize 28, out_qsize 0
2026-02-02 16:22:43,834 - INFO - EPOCH 3 - PROGRESS: at 87.87% examples, 838799 words/s, in_qsize 27, out_qsize 0
2026-02-02 16:22:44,836 - INFO - EPOCH 3 - PROGRESS: at 88.01% examples, 838736 words/s, in_qsize 28, out_qsize 1
2026-02-02 16:22:45,848 - INFO - EPOCH 3 - PROGRESS: at 88.14% examples, 838749 words/s, in_qsize 27, out_qsize 0
2026-02-02 16:22:46,871 - INFO - EPOCH 3 - PROGRESS: at 88.29% examples, 838568 words/s, in_qsize 26, out_qsize 1
2026-02-02 16:22:47,875 - INFO - EPOCH 3 - PROGRESS: at 88.45% examples, 838410 words/s, in_qsize 27, out_qsize 0
2026-02-02 16:22:48,894 - INFO - EPOCH 3 - PROGRESS: at 88.64% examples, 838226 words/s, in_qsize 24, out_qsize 0
2026-02-02 16:22:49,926 - INFO - EPOCH 3 - PROGRESS: at 88.80% examples, 838210 words/s, in_qsize 28, out_qsize 3
2026-02-02 16:22:50,937 - INFO - EPOCH 3 - PROGRESS: at 88.92% examples, 838200 words/s, in_qsize 28, out_qsize 7
2026-02-02 16:22:51,939 - INFO - EPOCH 3 - PROGRESS: at 89.12% examples, 838423 words/s, in_qsize 27, out_qsize 0
2026-02-02 16:22:52,943 - INFO - EPOCH 3 - PROGRESS: at 89.32% examples, 838476 words/s, in_qsize 28, out_qsize 0
2026-02-02 16:22:53,987 - INFO - EPOCH 3 - PROGRESS: at 89.53% examples, 838551 words/s, in_qsize 28, out_qsize 1
2026-02-02 16:22:54,989 - INFO - EPOCH 3 - PROGRESS: at 89.75% examples, 838705 words/s, in_qsize 26, out_qsize 1
2026-02-02 16:22:56,012 - INFO - EPOCH 3 - PROGRESS: at 89.95% examples, 838599 words/s, in_qsize 23, out_qsize 7
2026-02-02 16:22:57,039 - INFO - EPOCH 3 - PROGRESS: at 90.16% examples, 838594 words/s, in_qsize 28, out_qsize 0
2026-02-02 16:22:58,135 - INFO - EPOCH 3 - PROGRESS: at 90.35% examples, 838292 words/s, in_qsize 19, out_qsize 12
2026-02-02 16:22:59,155 - INFO - EPOCH 3 - PROGRESS: at 90.56% examples, 838237 words/s, in_qsize 27, out_qsize 0
2026-02-02 16:23:00,162 - INFO - EPOCH 3 - PROGRESS: at 90.74% examples, 838022 words/s, in_qsize 28, out_qsize 0
2026-02-02 16:23:01,180 - INFO - EPOCH 3 - PROGRESS: at 90.92% examples, 837836 words/s, in_qsize 28, out_qsize 0
2026-02-02 16:23:02,188 - INFO - EPOCH 3 - PROGRESS: at 91.12% examples, 837725 words/s, in_qsize 28, out_qsize 4
2026-02-02 16:23:03,191 - INFO - EPOCH 3 - PROGRESS: at 91.33% examples, 837677 words/s, in_qsize 27, out_qsize 0
2026-02-02 16:23:04,217 - INFO - EPOCH 3 - PROGRESS: at 91.44% examples, 837519 words/s, in_qsize 28, out_qsize 2
2026-02-02 16:23:05,217 - INFO - EPOCH 3 - PROGRESS: at 91.60% examples, 837681 words/s, in_qsize 27, out_qsize 0
2026-02-02 16:23:06,230 - INFO - EPOCH 3 - PROGRESS: at 91.79% examples, 837757 words/s, in_qsize 26, out_qsize 1
2026-02-02 16:23:07,250 - INFO - EPOCH 3 - PROGRESS: at 92.05% examples, 837895 words/s, in_qsize 28, out_qsize 5
2026-02-02 16:23:08,250 - INFO - EPOCH 3 - PROGRESS: at 92.30% examples, 838037 words/s, in_qsize 27, out_qsize 3
2026-02-02 16:23:09,261 - INFO - EPOCH 3 - PROGRESS: at 92.55% examples, 838216 words/s, in_qsize 28, out_qsize 0
2026-02-02 16:23:10,291 - INFO - EPOCH 3 - PROGRESS: at 92.75% examples, 837974 words/s, in_qsize 27, out_qsize 2
2026-02-02 16:23:11,311 - INFO - EPOCH 3 - PROGRESS: at 92.99% examples, 838023 words/s, in_qsize 26, out_qsize 6
2026-02-02 16:23:12,321 - INFO - EPOCH 3 - PROGRESS: at 93.25% examples, 838234 words/s, in_qsize 26, out_qsize 1
2026-02-02 16:23:13,360 - INFO - EPOCH 3 - PROGRESS: at 93.51% examples, 838382 words/s, in_qsize 26, out_qsize 1
2026-02-02 16:23:14,381 - INFO - EPOCH 3 - PROGRESS: at 93.75% examples, 838399 words/s, in_qsize 27, out_qsize 0
2026-02-02 16:23:15,392 - INFO - EPOCH 3 - PROGRESS: at 94.00% examples, 838561 words/s, in_qsize 26, out_qsize 3
2026-02-02 16:23:16,410 - INFO - EPOCH 3 - PROGRESS: at 94.26% examples, 838697 words/s, in_qsize 27, out_qsize 0
2026-02-02 16:23:17,433 - INFO - EPOCH 3 - PROGRESS: at 94.43% examples, 838697 words/s, in_qsize 28, out_qsize 1
2026-02-02 16:23:18,458 - INFO - EPOCH 3 - PROGRESS: at 94.56% examples, 838769 words/s, in_qsize 26, out_qsize 1
2026-02-02 16:23:19,465 - INFO - EPOCH 3 - PROGRESS: at 94.72% examples, 838861 words/s, in_qsize 26, out_qsize 1
2026-02-02 16:23:20,467 - INFO - EPOCH 3 - PROGRESS: at 94.87% examples, 838920 words/s, in_qsize 28, out_qsize 1
2026-02-02 16:23:21,470 - INFO - EPOCH 3 - PROGRESS: at 95.01% examples, 839071 words/s, in_qsize 27, out_qsize 0
2026-02-02 16:23:22,486 - INFO - EPOCH 3 - PROGRESS: at 95.18% examples, 839032 words/s, in_qsize 28, out_qsize 1
2026-02-02 16:23:23,521 - INFO - EPOCH 3 - PROGRESS: at 95.28% examples, 839056 words/s, in_qsize 27, out_qsize 1
2026-02-02 16:23:24,524 - INFO - EPOCH 3 - PROGRESS: at 95.46% examples, 839142 words/s, in_qsize 27, out_qsize 0
2026-02-02 16:23:25,533 - INFO - EPOCH 3 - PROGRESS: at 95.65% examples, 839131 words/s, in_qsize 27, out_qsize 0
2026-02-02 16:23:26,570 - INFO - EPOCH 3 - PROGRESS: at 95.78% examples, 838871 words/s, in_qsize 28, out_qsize 0
2026-02-02 16:23:27,590 - INFO - EPOCH 3 - PROGRESS: at 95.89% examples, 838710 words/s, in_qsize 27, out_qsize 0
2026-02-02 16:23:28,609 - INFO - EPOCH 3 - PROGRESS: at 96.01% examples, 838710 words/s, in_qsize 28, out_qsize 1
2026-02-02 16:23:29,623 - INFO - EPOCH 3 - PROGRESS: at 96.16% examples, 838595 words/s, in_qsize 28, out_qsize 0
2026-02-02 16:23:30,644 - INFO - EPOCH 3 - PROGRESS: at 96.34% examples, 838654 words/s, in_qsize 24, out_qsize 2
2026-02-02 16:23:31,656 - INFO - EPOCH 3 - PROGRESS: at 96.51% examples, 838723 words/s, in_qsize 28, out_qsize 1
2026-02-02 16:23:32,698 - INFO - EPOCH 3 - PROGRESS: at 96.69% examples, 838732 words/s, in_qsize 26, out_qsize 1
2026-02-02 16:23:33,709 - INFO - EPOCH 3 - PROGRESS: at 96.91% examples, 838831 words/s, in_qsize 28, out_qsize 1
2026-02-02 16:23:34,729 - INFO - EPOCH 3 - PROGRESS: at 96.98% examples, 838883 words/s, in_qsize 27, out_qsize 3
2026-02-02 16:23:35,758 - INFO - EPOCH 3 - PROGRESS: at 97.14% examples, 838926 words/s, in_qsize 26, out_qsize 6
2026-02-02 16:23:36,764 - INFO - EPOCH 3 - PROGRESS: at 97.33% examples, 839087 words/s, in_qsize 27, out_qsize 2
2026-02-02 16:23:37,778 - INFO - EPOCH 3 - PROGRESS: at 97.52% examples, 839149 words/s, in_qsize 28, out_qsize 0
2026-02-02 16:23:38,788 - INFO - EPOCH 3 - PROGRESS: at 97.65% examples, 839199 words/s, in_qsize 25, out_qsize 2
2026-02-02 16:23:39,796 - INFO - EPOCH 3 - PROGRESS: at 97.82% examples, 839317 words/s, in_qsize 27, out_qsize 0
2026-02-02 16:23:40,818 - INFO - EPOCH 3 - PROGRESS: at 97.96% examples, 839330 words/s, in_qsize 28, out_qsize 3
2026-02-02 16:23:41,818 - INFO - EPOCH 3 - PROGRESS: at 98.13% examples, 839483 words/s, in_qsize 27, out_qsize 0
2026-02-02 16:23:42,836 - INFO - EPOCH 3 - PROGRESS: at 98.30% examples, 839551 words/s, in_qsize 24, out_qsize 1
2026-02-02 16:23:43,848 - INFO - EPOCH 3 - PROGRESS: at 98.48% examples, 839672 words/s, in_qsize 28, out_qsize 0
2026-02-02 16:23:44,864 - INFO - EPOCH 3 - PROGRESS: at 98.61% examples, 839705 words/s, in_qsize 28, out_qsize 3
2026-02-02 16:23:45,869 - INFO - EPOCH 3 - PROGRESS: at 98.72% examples, 839816 words/s, in_qsize 28, out_qsize 0
2026-02-02 16:23:46,885 - INFO - EPOCH 3 - PROGRESS: at 98.85% examples, 839685 words/s, in_qsize 27, out_qsize 0
2026-02-02 16:23:47,904 - INFO - EPOCH 3 - PROGRESS: at 99.03% examples, 839510 words/s, in_qsize 26, out_qsize 0
2026-02-02 16:23:48,912 - INFO - EPOCH 3 - PROGRESS: at 99.21% examples, 839362 words/s, in_qsize 27, out_qsize 0
2026-02-02 16:23:49,927 - INFO - EPOCH 3 - PROGRESS: at 99.37% examples, 839202 words/s, in_qsize 27, out_qsize 0
2026-02-02 16:23:50,943 - INFO - EPOCH 3 - PROGRESS: at 99.53% examples, 839043 words/s, in_qsize 24, out_qsize 3
2026-02-02 16:23:51,943 - INFO - EPOCH 3 - PROGRESS: at 99.69% examples, 838999 words/s, in_qsize 27, out_qsize 0
2026-02-02 16:23:52,945 - INFO - EPOCH 3 - PROGRESS: at 99.81% examples, 838685 words/s, in_qsize 27, out_qsize 1
2026-02-02 16:23:53,950 - INFO - EPOCH 3 - PROGRESS: at 99.94% examples, 838701 words/s, in_qsize 27, out_qsize 0
2026-02-02 16:23:54,234 - DEBUG - job loop exiting, total 60863 jobs
2026-02-02 16:23:54,361 - DEBUG - worker exiting, processed 4342 jobs
2026-02-02 16:23:54,362 - DEBUG - worker thread finished; awaiting finish of 13 more threads
2026-02-02 16:23:54,382 - DEBUG - worker exiting, processed 4338 jobs
2026-02-02 16:23:54,382 - DEBUG - worker thread finished; awaiting finish of 12 more threads
2026-02-02 16:23:54,388 - DEBUG - worker exiting, processed 4355 jobs
2026-02-02 16:23:54,388 - DEBUG - worker thread finished; awaiting finish of 11 more threads
2026-02-02 16:23:54,398 - DEBUG - worker exiting, processed 4354 jobs
2026-02-02 16:23:54,398 - DEBUG - worker thread finished; awaiting finish of 10 more threads
2026-02-02 16:23:54,401 - DEBUG - worker exiting, processed 4342 jobs
2026-02-02 16:23:54,401 - DEBUG - worker thread finished; awaiting finish of 9 more threads
2026-02-02 16:23:54,409 - DEBUG - worker exiting, processed 4333 jobs
2026-02-02 16:23:54,409 - DEBUG - worker thread finished; awaiting finish of 8 more threads
2026-02-02 16:23:54,431 - DEBUG - worker exiting, processed 4350 jobs
2026-02-02 16:23:54,431 - DEBUG - worker thread finished; awaiting finish of 7 more threads
2026-02-02 16:23:54,444 - DEBUG - worker exiting, processed 4344 jobs
2026-02-02 16:23:54,444 - DEBUG - worker thread finished; awaiting finish of 6 more threads
2026-02-02 16:23:54,445 - DEBUG - worker exiting, processed 4349 jobs
2026-02-02 16:23:54,446 - DEBUG - worker thread finished; awaiting finish of 5 more threads
2026-02-02 16:23:54,451 - DEBUG - worker exiting, processed 4349 jobs
2026-02-02 16:23:54,451 - DEBUG - worker thread finished; awaiting finish of 4 more threads
2026-02-02 16:23:54,451 - DEBUG - worker exiting, processed 4343 jobs
2026-02-02 16:23:54,451 - DEBUG - worker thread finished; awaiting finish of 3 more threads
2026-02-02 16:23:54,458 - DEBUG - worker exiting, processed 4354 jobs
2026-02-02 16:23:54,458 - DEBUG - worker thread finished; awaiting finish of 2 more threads
2026-02-02 16:23:54,464 - DEBUG - worker exiting, processed 4352 jobs
2026-02-02 16:23:54,464 - DEBUG - worker thread finished; awaiting finish of 1 more threads
2026-02-02 16:23:54,466 - DEBUG - worker exiting, processed 4358 jobs
2026-02-02 16:23:54,466 - DEBUG - worker thread finished; awaiting finish of 0 more threads
2026-02-02 16:23:54,466 - INFO - EPOCH 3: training on 604933589 raw words (478689523 effective words) took 570.7s, 838724 effective words/s
2026-02-02 16:23:54,466 - INFO - Epoch 4 completed in 570.7s
2026-02-02 16:23:54,466 - INFO - Epoch 5 starting...
2026-02-02 16:23:55,477 - INFO - EPOCH 4 - PROGRESS: at 0.11% examples, 708783 words/s, in_qsize 27, out_qsize 0
2026-02-02 16:23:56,527 - INFO - EPOCH 4 - PROGRESS: at 0.29% examples, 764421 words/s, in_qsize 27, out_qsize 5
2026-02-02 16:23:57,565 - INFO - EPOCH 4 - PROGRESS: at 0.50% examples, 809417 words/s, in_qsize 28, out_qsize 3
2026-02-02 16:23:58,582 - INFO - EPOCH 4 - PROGRESS: at 0.71% examples, 834487 words/s, in_qsize 28, out_qsize 0
2026-02-02 16:23:59,585 - INFO - EPOCH 4 - PROGRESS: at 0.89% examples, 824680 words/s, in_qsize 26, out_qsize 2
2026-02-02 16:24:00,617 - INFO - EPOCH 4 - PROGRESS: at 1.09% examples, 835457 words/s, in_qsize 25, out_qsize 2
2026-02-02 16:24:01,635 - INFO - EPOCH 4 - PROGRESS: at 1.29% examples, 839226 words/s, in_qsize 25, out_qsize 2
2026-02-02 16:24:02,687 - INFO - EPOCH 4 - PROGRESS: at 1.43% examples, 830273 words/s, in_qsize 28, out_qsize 1
2026-02-02 16:24:03,687 - INFO - EPOCH 4 - PROGRESS: at 1.58% examples, 828860 words/s, in_qsize 26, out_qsize 1
2026-02-02 16:24:04,695 - INFO - EPOCH 4 - PROGRESS: at 1.73% examples, 829995 words/s, in_qsize 28, out_qsize 1
2026-02-02 16:24:05,714 - INFO - EPOCH 4 - PROGRESS: at 1.90% examples, 835757 words/s, in_qsize 25, out_qsize 2
2026-02-02 16:24:06,731 - INFO - EPOCH 4 - PROGRESS: at 2.05% examples, 838348 words/s, in_qsize 26, out_qsize 1
2026-02-02 16:24:07,733 - INFO - EPOCH 4 - PROGRESS: at 2.19% examples, 841177 words/s, in_qsize 27, out_qsize 0
2026-02-02 16:24:08,764 - INFO - EPOCH 4 - PROGRESS: at 2.34% examples, 841834 words/s, in_qsize 27, out_qsize 0
2026-02-02 16:24:09,781 - INFO - EPOCH 4 - PROGRESS: at 2.49% examples, 841552 words/s, in_qsize 27, out_qsize 3
2026-02-02 16:24:10,787 - INFO - EPOCH 4 - PROGRESS: at 2.65% examples, 845777 words/s, in_qsize 27, out_qsize 0
2026-02-02 16:24:11,797 - INFO - EPOCH 4 - PROGRESS: at 2.79% examples, 845278 words/s, in_qsize 27, out_qsize 4
2026-02-02 16:24:12,805 - INFO - EPOCH 4 - PROGRESS: at 2.95% examples, 848272 words/s, in_qsize 27, out_qsize 0
2026-02-02 16:24:13,812 - INFO - EPOCH 4 - PROGRESS: at 3.10% examples, 849528 words/s, in_qsize 27, out_qsize 0
2026-02-02 16:24:14,816 - INFO - EPOCH 4 - PROGRESS: at 3.33% examples, 850834 words/s, in_qsize 27, out_qsize 3
2026-02-02 16:24:15,821 - INFO - EPOCH 4 - PROGRESS: at 3.50% examples, 851534 words/s, in_qsize 27, out_qsize 2
2026-02-02 16:24:16,821 - INFO - EPOCH 4 - PROGRESS: at 3.69% examples, 853647 words/s, in_qsize 28, out_qsize 0
2026-02-02 16:24:17,833 - INFO - EPOCH 4 - PROGRESS: at 3.87% examples, 855187 words/s, in_qsize 28, out_qsize 0
2026-02-02 16:24:18,852 - INFO - EPOCH 4 - PROGRESS: at 4.06% examples, 855325 words/s, in_qsize 28, out_qsize 2
2026-02-02 16:24:19,867 - INFO - EPOCH 4 - PROGRESS: at 4.26% examples, 857682 words/s, in_qsize 27, out_qsize 0
2026-02-02 16:24:20,873 - INFO - EPOCH 4 - PROGRESS: at 4.44% examples, 858538 words/s, in_qsize 26, out_qsize 1
2026-02-02 16:24:21,910 - INFO - EPOCH 4 - PROGRESS: at 4.58% examples, 856678 words/s, in_qsize 28, out_qsize 0
2026-02-02 16:24:22,912 - INFO - EPOCH 4 - PROGRESS: at 4.73% examples, 858339 words/s, in_qsize 27, out_qsize 0
2026-02-02 16:24:23,931 - INFO - EPOCH 4 - PROGRESS: at 4.86% examples, 858039 words/s, in_qsize 26, out_qsize 2
2026-02-02 16:24:24,936 - INFO - EPOCH 4 - PROGRESS: at 4.98% examples, 859382 words/s, in_qsize 27, out_qsize 0
2026-02-02 16:24:25,972 - INFO - EPOCH 4 - PROGRESS: at 5.17% examples, 858741 words/s, in_qsize 25, out_qsize 4
2026-02-02 16:24:27,011 - INFO - EPOCH 4 - PROGRESS: at 5.36% examples, 858759 words/s, in_qsize 27, out_qsize 0
2026-02-02 16:24:28,016 - INFO - EPOCH 4 - PROGRESS: at 5.54% examples, 858668 words/s, in_qsize 27, out_qsize 0
2026-02-02 16:24:29,021 - INFO - EPOCH 4 - PROGRESS: at 5.69% examples, 855552 words/s, in_qsize 27, out_qsize 0
2026-02-02 16:24:30,025 - INFO - EPOCH 4 - PROGRESS: at 5.81% examples, 852678 words/s, in_qsize 28, out_qsize 0
2026-02-02 16:24:31,037 - INFO - EPOCH 4 - PROGRESS: at 5.96% examples, 847931 words/s, in_qsize 28, out_qsize 6
2026-02-02 16:24:32,048 - INFO - EPOCH 4 - PROGRESS: at 6.13% examples, 845274 words/s, in_qsize 28, out_qsize 4
2026-02-02 16:24:33,048 - INFO - EPOCH 4 - PROGRESS: at 6.31% examples, 843237 words/s, in_qsize 27, out_qsize 0
2026-02-02 16:24:34,053 - INFO - EPOCH 4 - PROGRESS: at 6.53% examples, 840504 words/s, in_qsize 28, out_qsize 1
2026-02-02 16:24:35,069 - INFO - EPOCH 4 - PROGRESS: at 6.75% examples, 837717 words/s, in_qsize 28, out_qsize 0
2026-02-02 16:24:36,070 - INFO - EPOCH 4 - PROGRESS: at 6.95% examples, 834620 words/s, in_qsize 28, out_qsize 3
2026-02-02 16:24:37,081 - INFO - EPOCH 4 - PROGRESS: at 7.16% examples, 832958 words/s, in_qsize 27, out_qsize 0
2026-02-02 16:24:38,096 - INFO - EPOCH 4 - PROGRESS: at 7.25% examples, 831876 words/s, in_qsize 27, out_qsize 1
2026-02-02 16:24:39,102 - INFO - EPOCH 4 - PROGRESS: at 7.46% examples, 833594 words/s, in_qsize 27, out_qsize 1
2026-02-02 16:24:40,132 - INFO - EPOCH 4 - PROGRESS: at 7.61% examples, 832514 words/s, in_qsize 27, out_qsize 0
2026-02-02 16:24:41,194 - INFO - EPOCH 4 - PROGRESS: at 7.78% examples, 831922 words/s, in_qsize 25, out_qsize 5
2026-02-02 16:24:42,210 - INFO - EPOCH 4 - PROGRESS: at 7.96% examples, 834178 words/s, in_qsize 27, out_qsize 0
2026-02-02 16:24:43,212 - INFO - EPOCH 4 - PROGRESS: at 8.13% examples, 834373 words/s, in_qsize 27, out_qsize 0
2026-02-02 16:24:44,218 - INFO - EPOCH 4 - PROGRESS: at 8.28% examples, 833846 words/s, in_qsize 27, out_qsize 0
2026-02-02 16:24:45,222 - INFO - EPOCH 4 - PROGRESS: at 8.43% examples, 832793 words/s, in_qsize 28, out_qsize 0
2026-02-02 16:24:46,224 - INFO - EPOCH 4 - PROGRESS: at 8.55% examples, 833527 words/s, in_qsize 28, out_qsize 0
2026-02-02 16:24:47,236 - INFO - EPOCH 4 - PROGRESS: at 8.70% examples, 834549 words/s, in_qsize 28, out_qsize 0
2026-02-02 16:24:48,257 - INFO - EPOCH 4 - PROGRESS: at 8.88% examples, 835454 words/s, in_qsize 27, out_qsize 0
2026-02-02 16:24:49,282 - INFO - EPOCH 4 - PROGRESS: at 9.05% examples, 835717 words/s, in_qsize 27, out_qsize 0
2026-02-02 16:24:50,291 - INFO - EPOCH 4 - PROGRESS: at 9.21% examples, 835129 words/s, in_qsize 27, out_qsize 0
2026-02-02 16:24:51,318 - INFO - EPOCH 4 - PROGRESS: at 9.37% examples, 834927 words/s, in_qsize 27, out_qsize 2
2026-02-02 16:24:52,332 - INFO - EPOCH 4 - PROGRESS: at 9.51% examples, 835738 words/s, in_qsize 27, out_qsize 0
2026-02-02 16:24:53,335 - INFO - EPOCH 4 - PROGRESS: at 9.69% examples, 836773 words/s, in_qsize 27, out_qsize 0
2026-02-02 16:24:54,337 - INFO - EPOCH 4 - PROGRESS: at 9.87% examples, 837362 words/s, in_qsize 24, out_qsize 2
2026-02-02 16:24:55,385 - INFO - EPOCH 4 - PROGRESS: at 10.07% examples, 837807 words/s, in_qsize 28, out_qsize 3
2026-02-02 16:24:56,385 - INFO - EPOCH 4 - PROGRESS: at 10.26% examples, 839160 words/s, in_qsize 27, out_qsize 0
2026-02-02 16:24:57,387 - INFO - EPOCH 4 - PROGRESS: at 10.44% examples, 839975 words/s, in_qsize 27, out_qsize 0
2026-02-02 16:24:58,394 - INFO - EPOCH 4 - PROGRESS: at 10.61% examples, 839669 words/s, in_qsize 26, out_qsize 1
2026-02-02 16:24:59,411 - INFO - EPOCH 4 - PROGRESS: at 10.83% examples, 839745 words/s, in_qsize 28, out_qsize 1
2026-02-02 16:25:00,418 - INFO - EPOCH 4 - PROGRESS: at 11.04% examples, 838638 words/s, in_qsize 24, out_qsize 3
2026-02-02 16:25:01,451 - INFO - EPOCH 4 - PROGRESS: at 11.24% examples, 836514 words/s, in_qsize 27, out_qsize 0
2026-02-02 16:25:02,477 - INFO - EPOCH 4 - PROGRESS: at 11.43% examples, 834536 words/s, in_qsize 28, out_qsize 0
2026-02-02 16:25:03,495 - INFO - EPOCH 4 - PROGRESS: at 11.60% examples, 833087 words/s, in_qsize 27, out_qsize 1
2026-02-02 16:25:04,515 - INFO - EPOCH 4 - PROGRESS: at 11.74% examples, 833259 words/s, in_qsize 25, out_qsize 2
2026-02-02 16:25:05,545 - INFO - EPOCH 4 - PROGRESS: at 12.02% examples, 834419 words/s, in_qsize 27, out_qsize 1
2026-02-02 16:25:06,550 - INFO - EPOCH 4 - PROGRESS: at 12.28% examples, 834407 words/s, in_qsize 27, out_qsize 0
2026-02-02 16:25:07,555 - INFO - EPOCH 4 - PROGRESS: at 12.54% examples, 834728 words/s, in_qsize 27, out_qsize 0
2026-02-02 16:25:08,560 - INFO - EPOCH 4 - PROGRESS: at 12.81% examples, 835258 words/s, in_qsize 27, out_qsize 1
2026-02-02 16:25:09,574 - INFO - EPOCH 4 - PROGRESS: at 13.10% examples, 836182 words/s, in_qsize 28, out_qsize 1
2026-02-02 16:25:10,651 - INFO - EPOCH 4 - PROGRESS: at 13.39% examples, 836902 words/s, in_qsize 28, out_qsize 0
2026-02-02 16:25:11,654 - INFO - EPOCH 4 - PROGRESS: at 13.65% examples, 836889 words/s, in_qsize 27, out_qsize 0
2026-02-02 16:25:12,660 - INFO - EPOCH 4 - PROGRESS: at 13.89% examples, 836049 words/s, in_qsize 26, out_qsize 1
2026-02-02 16:25:13,688 - INFO - EPOCH 4 - PROGRESS: at 14.13% examples, 835833 words/s, in_qsize 28, out_qsize 2
2026-02-02 16:25:14,695 - INFO - EPOCH 4 - PROGRESS: at 14.34% examples, 836127 words/s, in_qsize 27, out_qsize 0
2026-02-02 16:25:15,713 - INFO - EPOCH 4 - PROGRESS: at 14.55% examples, 836387 words/s, in_qsize 24, out_qsize 4
2026-02-02 16:25:16,717 - INFO - EPOCH 4 - PROGRESS: at 14.77% examples, 837079 words/s, in_qsize 27, out_qsize 0
2026-02-02 16:25:17,752 - INFO - EPOCH 4 - PROGRESS: at 14.98% examples, 837064 words/s, in_qsize 27, out_qsize 0
2026-02-02 16:25:18,758 - INFO - EPOCH 4 - PROGRESS: at 15.17% examples, 836582 words/s, in_qsize 27, out_qsize 0
2026-02-02 16:25:19,762 - INFO - EPOCH 4 - PROGRESS: at 15.38% examples, 836428 words/s, in_qsize 26, out_qsize 1
2026-02-02 16:25:20,767 - INFO - EPOCH 4 - PROGRESS: at 15.56% examples, 836132 words/s, in_qsize 27, out_qsize 2
2026-02-02 16:25:21,768 - INFO - EPOCH 4 - PROGRESS: at 15.76% examples, 835959 words/s, in_qsize 26, out_qsize 1
2026-02-02 16:25:22,805 - INFO - EPOCH 4 - PROGRESS: at 15.95% examples, 834663 words/s, in_qsize 27, out_qsize 0
2026-02-02 16:25:23,827 - INFO - EPOCH 4 - PROGRESS: at 16.15% examples, 834481 words/s, in_qsize 25, out_qsize 2
2026-02-02 16:25:24,850 - INFO - EPOCH 4 - PROGRESS: at 16.37% examples, 834551 words/s, in_qsize 28, out_qsize 0
2026-02-02 16:25:25,850 - INFO - EPOCH 4 - PROGRESS: at 16.55% examples, 833742 words/s, in_qsize 27, out_qsize 0
2026-02-02 16:25:26,858 - INFO - EPOCH 4 - PROGRESS: at 16.76% examples, 833869 words/s, in_qsize 26, out_qsize 1
2026-02-02 16:25:27,877 - INFO - EPOCH 4 - PROGRESS: at 16.99% examples, 834574 words/s, in_qsize 28, out_qsize 1
2026-02-02 16:25:28,892 - INFO - EPOCH 4 - PROGRESS: at 17.22% examples, 835690 words/s, in_qsize 27, out_qsize 0
2026-02-02 16:25:29,894 - INFO - EPOCH 4 - PROGRESS: at 17.42% examples, 835410 words/s, in_qsize 25, out_qsize 2
2026-02-02 16:25:30,897 - INFO - EPOCH 4 - PROGRESS: at 17.64% examples, 835584 words/s, in_qsize 27, out_qsize 1
2026-02-02 16:25:31,904 - INFO - EPOCH 4 - PROGRESS: at 17.86% examples, 836279 words/s, in_qsize 27, out_qsize 0
2026-02-02 16:25:32,906 - INFO - EPOCH 4 - PROGRESS: at 18.08% examples, 836603 words/s, in_qsize 26, out_qsize 1
2026-02-02 16:25:33,912 - INFO - EPOCH 4 - PROGRESS: at 18.28% examples, 836397 words/s, in_qsize 23, out_qsize 4
2026-02-02 16:25:34,933 - INFO - EPOCH 4 - PROGRESS: at 18.49% examples, 836537 words/s, in_qsize 27, out_qsize 1
2026-02-02 16:25:35,940 - INFO - EPOCH 4 - PROGRESS: at 18.71% examples, 837338 words/s, in_qsize 28, out_qsize 0
2026-02-02 16:25:36,966 - INFO - EPOCH 4 - PROGRESS: at 18.85% examples, 837356 words/s, in_qsize 27, out_qsize 3
2026-02-02 16:25:37,987 - INFO - EPOCH 4 - PROGRESS: at 19.02% examples, 837967 words/s, in_qsize 27, out_qsize 0
2026-02-02 16:25:38,999 - INFO - EPOCH 4 - PROGRESS: at 19.17% examples, 836473 words/s, in_qsize 27, out_qsize 0
2026-02-02 16:25:40,040 - INFO - EPOCH 4 - PROGRESS: at 19.32% examples, 835390 words/s, in_qsize 27, out_qsize 0
2026-02-02 16:25:41,042 - INFO - EPOCH 4 - PROGRESS: at 19.50% examples, 834569 words/s, in_qsize 28, out_qsize 0
2026-02-02 16:25:42,048 - INFO - EPOCH 4 - PROGRESS: at 19.66% examples, 834397 words/s, in_qsize 27, out_qsize 2
2026-02-02 16:25:43,067 - INFO - EPOCH 4 - PROGRESS: at 19.84% examples, 833889 words/s, in_qsize 28, out_qsize 0
2026-02-02 16:25:44,109 - INFO - EPOCH 4 - PROGRESS: at 20.02% examples, 832993 words/s, in_qsize 28, out_qsize 0
2026-02-02 16:25:45,119 - INFO - EPOCH 4 - PROGRESS: at 20.20% examples, 832450 words/s, in_qsize 28, out_qsize 0
2026-02-02 16:25:46,125 - INFO - EPOCH 4 - PROGRESS: at 20.34% examples, 832670 words/s, in_qsize 28, out_qsize 0
2026-02-02 16:25:47,130 - INFO - EPOCH 4 - PROGRESS: at 20.48% examples, 833251 words/s, in_qsize 27, out_qsize 0
2026-02-02 16:25:48,130 - INFO - EPOCH 4 - PROGRESS: at 20.61% examples, 833529 words/s, in_qsize 27, out_qsize 0
2026-02-02 16:25:49,152 - INFO - EPOCH 4 - PROGRESS: at 20.74% examples, 833688 words/s, in_qsize 26, out_qsize 0
2026-02-02 16:25:50,204 - INFO - EPOCH 4 - PROGRESS: at 20.93% examples, 833811 words/s, in_qsize 24, out_qsize 5
2026-02-02 16:25:51,216 - INFO - EPOCH 4 - PROGRESS: at 21.14% examples, 834275 words/s, in_qsize 25, out_qsize 3
2026-02-02 16:25:52,238 - INFO - EPOCH 4 - PROGRESS: at 21.37% examples, 834352 words/s, in_qsize 27, out_qsize 3
2026-02-02 16:25:53,242 - INFO - EPOCH 4 - PROGRESS: at 21.54% examples, 834648 words/s, in_qsize 27, out_qsize 0
2026-02-02 16:25:54,267 - INFO - EPOCH 4 - PROGRESS: at 21.70% examples, 834935 words/s, in_qsize 27, out_qsize 0
2026-02-02 16:25:55,277 - INFO - EPOCH 4 - PROGRESS: at 21.84% examples, 834155 words/s, in_qsize 27, out_qsize 0
2026-02-02 16:25:56,280 - INFO - EPOCH 4 - PROGRESS: at 22.08% examples, 833880 words/s, in_qsize 27, out_qsize 0
2026-02-02 16:25:57,284 - INFO - EPOCH 4 - PROGRESS: at 22.22% examples, 834127 words/s, in_qsize 27, out_qsize 0
2026-02-02 16:25:58,285 - INFO - EPOCH 4 - PROGRESS: at 22.52% examples, 834161 words/s, in_qsize 26, out_qsize 2
2026-02-02 16:25:59,304 - INFO - EPOCH 4 - PROGRESS: at 22.80% examples, 834230 words/s, in_qsize 27, out_qsize 0
2026-02-02 16:26:00,325 - INFO - EPOCH 4 - PROGRESS: at 22.97% examples, 833517 words/s, in_qsize 27, out_qsize 0
2026-02-02 16:26:01,357 - INFO - EPOCH 4 - PROGRESS: at 23.16% examples, 832884 words/s, in_qsize 27, out_qsize 3
2026-02-02 16:26:02,358 - INFO - EPOCH 4 - PROGRESS: at 23.39% examples, 833623 words/s, in_qsize 27, out_qsize 0
2026-02-02 16:26:03,362 - INFO - EPOCH 4 - PROGRESS: at 23.59% examples, 833358 words/s, in_qsize 27, out_qsize 0
2026-02-02 16:26:04,367 - INFO - EPOCH 4 - PROGRESS: at 23.78% examples, 832666 words/s, in_qsize 28, out_qsize 0
2026-02-02 16:26:05,394 - INFO - EPOCH 4 - PROGRESS: at 23.99% examples, 832730 words/s, in_qsize 27, out_qsize 0
2026-02-02 16:26:06,395 - INFO - EPOCH 4 - PROGRESS: at 24.17% examples, 831836 words/s, in_qsize 26, out_qsize 3
2026-02-02 16:26:07,397 - INFO - EPOCH 4 - PROGRESS: at 24.34% examples, 831556 words/s, in_qsize 27, out_qsize 0
2026-02-02 16:26:08,413 - INFO - EPOCH 4 - PROGRESS: at 24.50% examples, 830863 words/s, in_qsize 28, out_qsize 0
2026-02-02 16:26:09,430 - INFO - EPOCH 4 - PROGRESS: at 24.64% examples, 830281 words/s, in_qsize 28, out_qsize 0
2026-02-02 16:26:10,430 - INFO - EPOCH 4 - PROGRESS: at 24.80% examples, 829796 words/s, in_qsize 28, out_qsize 0
2026-02-02 16:26:11,434 - INFO - EPOCH 4 - PROGRESS: at 24.94% examples, 829015 words/s, in_qsize 28, out_qsize 0
2026-02-02 16:26:12,444 - INFO - EPOCH 4 - PROGRESS: at 25.10% examples, 828649 words/s, in_qsize 25, out_qsize 5
2026-02-02 16:26:13,475 - INFO - EPOCH 4 - PROGRESS: at 25.25% examples, 828753 words/s, in_qsize 25, out_qsize 2
2026-02-02 16:26:14,502 - INFO - EPOCH 4 - PROGRESS: at 25.40% examples, 828705 words/s, in_qsize 27, out_qsize 0
2026-02-02 16:26:15,564 - INFO - EPOCH 4 - PROGRESS: at 25.59% examples, 827748 words/s, in_qsize 27, out_qsize 1
2026-02-02 16:26:16,569 - INFO - EPOCH 4 - PROGRESS: at 25.77% examples, 827141 words/s, in_qsize 28, out_qsize 0
2026-02-02 16:26:17,570 - INFO - EPOCH 4 - PROGRESS: at 25.95% examples, 826694 words/s, in_qsize 27, out_qsize 0
2026-02-02 16:26:18,633 - INFO - EPOCH 4 - PROGRESS: at 26.13% examples, 826200 words/s, in_qsize 27, out_qsize 1
2026-02-02 16:26:19,635 - INFO - EPOCH 4 - PROGRESS: at 26.32% examples, 825660 words/s, in_qsize 27, out_qsize 4
2026-02-02 16:26:20,637 - INFO - EPOCH 4 - PROGRESS: at 26.51% examples, 824849 words/s, in_qsize 24, out_qsize 3
2026-02-02 16:26:21,639 - INFO - EPOCH 4 - PROGRESS: at 26.71% examples, 824343 words/s, in_qsize 20, out_qsize 7
2026-02-02 16:26:22,659 - INFO - EPOCH 4 - PROGRESS: at 26.91% examples, 824254 words/s, in_qsize 27, out_qsize 0
2026-02-02 16:26:23,671 - INFO - EPOCH 4 - PROGRESS: at 27.10% examples, 823904 words/s, in_qsize 26, out_qsize 1
2026-02-02 16:26:24,695 - INFO - EPOCH 4 - PROGRESS: at 27.28% examples, 824016 words/s, in_qsize 27, out_qsize 0
2026-02-02 16:26:25,696 - INFO - EPOCH 4 - PROGRESS: at 27.40% examples, 824247 words/s, in_qsize 27, out_qsize 0
2026-02-02 16:26:26,713 - INFO - EPOCH 4 - PROGRESS: at 27.53% examples, 824060 words/s, in_qsize 27, out_qsize 0
2026-02-02 16:26:27,741 - INFO - EPOCH 4 - PROGRESS: at 27.71% examples, 823559 words/s, in_qsize 25, out_qsize 2
2026-02-02 16:26:28,746 - INFO - EPOCH 4 - PROGRESS: at 27.90% examples, 824123 words/s, in_qsize 26, out_qsize 1
2026-02-02 16:26:29,747 - INFO - EPOCH 4 - PROGRESS: at 28.04% examples, 824262 words/s, in_qsize 26, out_qsize 1
2026-02-02 16:26:30,751 - INFO - EPOCH 4 - PROGRESS: at 28.13% examples, 824068 words/s, in_qsize 27, out_qsize 4
2026-02-02 16:26:31,776 - INFO - EPOCH 4 - PROGRESS: at 28.32% examples, 824183 words/s, in_qsize 28, out_qsize 1
2026-02-02 16:26:32,804 - INFO - EPOCH 4 - PROGRESS: at 28.52% examples, 824633 words/s, in_qsize 28, out_qsize 0
2026-02-02 16:26:33,849 - INFO - EPOCH 4 - PROGRESS: at 28.71% examples, 824739 words/s, in_qsize 27, out_qsize 0
2026-02-02 16:26:34,857 - INFO - EPOCH 4 - PROGRESS: at 28.87% examples, 824343 words/s, in_qsize 26, out_qsize 1
2026-02-02 16:26:35,876 - INFO - EPOCH 4 - PROGRESS: at 29.06% examples, 824377 words/s, in_qsize 28, out_qsize 0
2026-02-02 16:26:36,910 - INFO - EPOCH 4 - PROGRESS: at 29.22% examples, 823812 words/s, in_qsize 27, out_qsize 0
2026-02-02 16:26:37,915 - INFO - EPOCH 4 - PROGRESS: at 29.39% examples, 823540 words/s, in_qsize 28, out_qsize 0
2026-02-02 16:26:38,929 - INFO - EPOCH 4 - PROGRESS: at 29.58% examples, 823653 words/s, in_qsize 26, out_qsize 2
2026-02-02 16:26:39,933 - INFO - EPOCH 4 - PROGRESS: at 29.82% examples, 823902 words/s, in_qsize 26, out_qsize 1
2026-02-02 16:26:40,943 - INFO - EPOCH 4 - PROGRESS: at 29.95% examples, 823622 words/s, in_qsize 28, out_qsize 0
2026-02-02 16:26:41,952 - INFO - EPOCH 4 - PROGRESS: at 30.16% examples, 823980 words/s, in_qsize 27, out_qsize 0
2026-02-02 16:26:42,964 - INFO - EPOCH 4 - PROGRESS: at 30.33% examples, 824273 words/s, in_qsize 22, out_qsize 0
2026-02-02 16:26:43,980 - INFO - EPOCH 4 - PROGRESS: at 30.51% examples, 824493 words/s, in_qsize 27, out_qsize 2
2026-02-02 16:26:44,985 - INFO - EPOCH 4 - PROGRESS: at 30.70% examples, 824841 words/s, in_qsize 26, out_qsize 1
2026-02-02 16:26:46,010 - INFO - EPOCH 4 - PROGRESS: at 30.86% examples, 825060 words/s, in_qsize 25, out_qsize 2
2026-02-02 16:26:47,017 - INFO - EPOCH 4 - PROGRESS: at 31.03% examples, 825513 words/s, in_qsize 27, out_qsize 0
2026-02-02 16:26:48,019 - INFO - EPOCH 4 - PROGRESS: at 31.19% examples, 825753 words/s, in_qsize 28, out_qsize 1
2026-02-02 16:26:49,034 - INFO - EPOCH 4 - PROGRESS: at 31.35% examples, 826071 words/s, in_qsize 27, out_qsize 3
2026-02-02 16:26:50,061 - INFO - EPOCH 4 - PROGRESS: at 31.50% examples, 826252 words/s, in_qsize 28, out_qsize 0
2026-02-02 16:26:51,073 - INFO - EPOCH 4 - PROGRESS: at 31.67% examples, 826688 words/s, in_qsize 26, out_qsize 2
2026-02-02 16:26:52,081 - INFO - EPOCH 4 - PROGRESS: at 31.83% examples, 826879 words/s, in_qsize 27, out_qsize 1
2026-02-02 16:26:53,108 - INFO - EPOCH 4 - PROGRESS: at 31.98% examples, 826802 words/s, in_qsize 27, out_qsize 0
2026-02-02 16:26:54,211 - INFO - EPOCH 4 - PROGRESS: at 32.13% examples, 825954 words/s, in_qsize 28, out_qsize 4
2026-02-02 16:26:55,215 - INFO - EPOCH 4 - PROGRESS: at 32.29% examples, 826270 words/s, in_qsize 26, out_qsize 1
2026-02-02 16:26:56,221 - INFO - EPOCH 4 - PROGRESS: at 32.53% examples, 826158 words/s, in_qsize 26, out_qsize 6
2026-02-02 16:26:57,240 - INFO - EPOCH 4 - PROGRESS: at 32.74% examples, 826123 words/s, in_qsize 28, out_qsize 4
2026-02-02 16:26:58,253 - INFO - EPOCH 4 - PROGRESS: at 32.93% examples, 826503 words/s, in_qsize 28, out_qsize 0
2026-02-02 16:26:59,264 - INFO - EPOCH 4 - PROGRESS: at 33.15% examples, 826917 words/s, in_qsize 28, out_qsize 4
2026-02-02 16:27:00,272 - INFO - EPOCH 4 - PROGRESS: at 33.38% examples, 827461 words/s, in_qsize 28, out_qsize 1
2026-02-02 16:27:01,275 - INFO - EPOCH 4 - PROGRESS: at 33.60% examples, 827818 words/s, in_qsize 26, out_qsize 0
2026-02-02 16:27:02,303 - INFO - EPOCH 4 - PROGRESS: at 33.82% examples, 828058 words/s, in_qsize 28, out_qsize 0
2026-02-02 16:27:03,306 - INFO - EPOCH 4 - PROGRESS: at 34.03% examples, 828152 words/s, in_qsize 28, out_qsize 0
2026-02-02 16:27:04,308 - INFO - EPOCH 4 - PROGRESS: at 34.17% examples, 828371 words/s, in_qsize 28, out_qsize 0
2026-02-02 16:27:05,316 - INFO - EPOCH 4 - PROGRESS: at 34.29% examples, 828415 words/s, in_qsize 24, out_qsize 3
2026-02-02 16:27:06,333 - INFO - EPOCH 4 - PROGRESS: at 34.48% examples, 828781 words/s, in_qsize 25, out_qsize 4
2026-02-02 16:27:07,353 - INFO - EPOCH 4 - PROGRESS: at 34.63% examples, 829063 words/s, in_qsize 27, out_qsize 0
2026-02-02 16:27:08,354 - INFO - EPOCH 4 - PROGRESS: at 34.77% examples, 829257 words/s, in_qsize 28, out_qsize 2
2026-02-02 16:27:09,377 - INFO - EPOCH 4 - PROGRESS: at 34.91% examples, 829314 words/s, in_qsize 25, out_qsize 3
2026-02-02 16:27:10,381 - INFO - EPOCH 4 - PROGRESS: at 35.06% examples, 829605 words/s, in_qsize 22, out_qsize 1
2026-02-02 16:27:11,383 - INFO - EPOCH 4 - PROGRESS: at 35.22% examples, 829133 words/s, in_qsize 27, out_qsize 0
2026-02-02 16:27:12,384 - INFO - EPOCH 4 - PROGRESS: at 35.41% examples, 828714 words/s, in_qsize 27, out_qsize 0
2026-02-02 16:27:13,394 - INFO - EPOCH 4 - PROGRESS: at 35.60% examples, 828175 words/s, in_qsize 27, out_qsize 0
2026-02-02 16:27:14,400 - INFO - EPOCH 4 - PROGRESS: at 35.79% examples, 827709 words/s, in_qsize 27, out_qsize 1
2026-02-02 16:27:15,425 - INFO - EPOCH 4 - PROGRESS: at 35.99% examples, 828132 words/s, in_qsize 25, out_qsize 2
2026-02-02 16:27:16,436 - INFO - EPOCH 4 - PROGRESS: at 36.18% examples, 828343 words/s, in_qsize 27, out_qsize 0
2026-02-02 16:27:17,447 - INFO - EPOCH 4 - PROGRESS: at 36.36% examples, 828532 words/s, in_qsize 27, out_qsize 0
2026-02-02 16:27:18,470 - INFO - EPOCH 4 - PROGRESS: at 36.52% examples, 828216 words/s, in_qsize 27, out_qsize 0
2026-02-02 16:27:19,500 - INFO - EPOCH 4 - PROGRESS: at 36.68% examples, 828215 words/s, in_qsize 25, out_qsize 5
2026-02-02 16:27:20,522 - INFO - EPOCH 4 - PROGRESS: at 36.87% examples, 828662 words/s, in_qsize 27, out_qsize 1
2026-02-02 16:27:21,534 - INFO - EPOCH 4 - PROGRESS: at 37.05% examples, 828898 words/s, in_qsize 27, out_qsize 0
2026-02-02 16:27:22,559 - INFO - EPOCH 4 - PROGRESS: at 37.22% examples, 829161 words/s, in_qsize 25, out_qsize 2
2026-02-02 16:27:23,565 - INFO - EPOCH 4 - PROGRESS: at 37.37% examples, 829251 words/s, in_qsize 25, out_qsize 2
2026-02-02 16:27:24,581 - INFO - EPOCH 4 - PROGRESS: at 37.51% examples, 829319 words/s, in_qsize 27, out_qsize 3
2026-02-02 16:27:25,597 - INFO - EPOCH 4 - PROGRESS: at 37.68% examples, 829650 words/s, in_qsize 27, out_qsize 0
2026-02-02 16:27:26,599 - INFO - EPOCH 4 - PROGRESS: at 37.84% examples, 829861 words/s, in_qsize 28, out_qsize 2
2026-02-02 16:27:27,620 - INFO - EPOCH 4 - PROGRESS: at 37.99% examples, 829941 words/s, in_qsize 25, out_qsize 4
2026-02-02 16:27:28,635 - INFO - EPOCH 4 - PROGRESS: at 38.11% examples, 829634 words/s, in_qsize 27, out_qsize 0
2026-02-02 16:27:29,651 - INFO - EPOCH 4 - PROGRESS: at 38.23% examples, 829232 words/s, in_qsize 28, out_qsize 6
2026-02-02 16:27:30,652 - INFO - EPOCH 4 - PROGRESS: at 38.37% examples, 829292 words/s, in_qsize 27, out_qsize 0
2026-02-02 16:27:31,662 - INFO - EPOCH 4 - PROGRESS: at 38.50% examples, 829138 words/s, in_qsize 27, out_qsize 3
2026-02-02 16:27:32,704 - INFO - EPOCH 4 - PROGRESS: at 38.71% examples, 829407 words/s, in_qsize 27, out_qsize 3
2026-02-02 16:27:33,712 - INFO - EPOCH 4 - PROGRESS: at 38.99% examples, 829936 words/s, in_qsize 27, out_qsize 0
2026-02-02 16:27:34,717 - INFO - EPOCH 4 - PROGRESS: at 39.16% examples, 830053 words/s, in_qsize 24, out_qsize 3
2026-02-02 16:27:35,720 - INFO - EPOCH 4 - PROGRESS: at 39.30% examples, 830365 words/s, in_qsize 26, out_qsize 3
2026-02-02 16:27:36,737 - INFO - EPOCH 4 - PROGRESS: at 39.45% examples, 830624 words/s, in_qsize 25, out_qsize 2
2026-02-02 16:27:37,743 - INFO - EPOCH 4 - PROGRESS: at 39.62% examples, 830729 words/s, in_qsize 27, out_qsize 0
2026-02-02 16:27:38,750 - INFO - EPOCH 4 - PROGRESS: at 39.77% examples, 830441 words/s, in_qsize 25, out_qsize 2
2026-02-02 16:27:39,762 - INFO - EPOCH 4 - PROGRESS: at 39.94% examples, 830505 words/s, in_qsize 27, out_qsize 1
2026-02-02 16:27:40,782 - INFO - EPOCH 4 - PROGRESS: at 40.11% examples, 830601 words/s, in_qsize 26, out_qsize 3
2026-02-02 16:27:41,823 - INFO - EPOCH 4 - PROGRESS: at 40.28% examples, 830776 words/s, in_qsize 27, out_qsize 2
2026-02-02 16:27:42,833 - INFO - EPOCH 4 - PROGRESS: at 40.45% examples, 831060 words/s, in_qsize 26, out_qsize 2
2026-02-02 16:27:43,845 - INFO - EPOCH 4 - PROGRESS: at 40.64% examples, 831228 words/s, in_qsize 27, out_qsize 0
2026-02-02 16:27:44,873 - INFO - EPOCH 4 - PROGRESS: at 40.83% examples, 831208 words/s, in_qsize 28, out_qsize 1
2026-02-02 16:27:45,896 - INFO - EPOCH 4 - PROGRESS: at 41.01% examples, 830837 words/s, in_qsize 27, out_qsize 0
2026-02-02 16:27:46,953 - INFO - EPOCH 4 - PROGRESS: at 41.20% examples, 830714 words/s, in_qsize 28, out_qsize 1
2026-02-02 16:27:47,953 - INFO - EPOCH 4 - PROGRESS: at 41.36% examples, 830299 words/s, in_qsize 26, out_qsize 1
2026-02-02 16:27:48,986 - INFO - EPOCH 4 - PROGRESS: at 41.49% examples, 829981 words/s, in_qsize 28, out_qsize 1
2026-02-02 16:27:49,986 - INFO - EPOCH 4 - PROGRESS: at 41.63% examples, 829681 words/s, in_qsize 28, out_qsize 0
2026-02-02 16:27:51,037 - INFO - EPOCH 4 - PROGRESS: at 41.76% examples, 829665 words/s, in_qsize 22, out_qsize 5
2026-02-02 16:27:52,039 - INFO - EPOCH 4 - PROGRESS: at 41.90% examples, 830029 words/s, in_qsize 27, out_qsize 0
2026-02-02 16:27:53,050 - INFO - EPOCH 4 - PROGRESS: at 42.03% examples, 830190 words/s, in_qsize 27, out_qsize 0
2026-02-02 16:27:54,065 - INFO - EPOCH 4 - PROGRESS: at 42.15% examples, 830211 words/s, in_qsize 22, out_qsize 4
2026-02-02 16:27:55,085 - INFO - EPOCH 4 - PROGRESS: at 42.28% examples, 830281 words/s, in_qsize 28, out_qsize 0
2026-02-02 16:27:56,099 - INFO - EPOCH 4 - PROGRESS: at 42.52% examples, 830380 words/s, in_qsize 24, out_qsize 3
2026-02-02 16:27:57,126 - INFO - EPOCH 4 - PROGRESS: at 42.74% examples, 830629 words/s, in_qsize 27, out_qsize 0
2026-02-02 16:27:58,133 - INFO - EPOCH 4 - PROGRESS: at 42.92% examples, 830651 words/s, in_qsize 27, out_qsize 0
2026-02-02 16:27:59,164 - INFO - EPOCH 4 - PROGRESS: at 43.13% examples, 830295 words/s, in_qsize 27, out_qsize 0
2026-02-02 16:28:00,164 - INFO - EPOCH 4 - PROGRESS: at 43.32% examples, 830270 words/s, in_qsize 28, out_qsize 1
2026-02-02 16:28:01,172 - INFO - EPOCH 4 - PROGRESS: at 43.46% examples, 830332 words/s, in_qsize 24, out_qsize 3
2026-02-02 16:28:02,183 - INFO - EPOCH 4 - PROGRESS: at 43.60% examples, 830542 words/s, in_qsize 27, out_qsize 0
2026-02-02 16:28:03,184 - INFO - EPOCH 4 - PROGRESS: at 43.74% examples, 830822 words/s, in_qsize 27, out_qsize 0
2026-02-02 16:28:04,195 - INFO - EPOCH 4 - PROGRESS: at 43.87% examples, 830931 words/s, in_qsize 27, out_qsize 0
2026-02-02 16:28:05,209 - INFO - EPOCH 4 - PROGRESS: at 44.10% examples, 831226 words/s, in_qsize 26, out_qsize 1
2026-02-02 16:28:06,226 - INFO - EPOCH 4 - PROGRESS: at 44.34% examples, 830727 words/s, in_qsize 25, out_qsize 7
2026-02-02 16:28:07,228 - INFO - EPOCH 4 - PROGRESS: at 44.58% examples, 830414 words/s, in_qsize 27, out_qsize 0
2026-02-02 16:28:08,233 - INFO - EPOCH 4 - PROGRESS: at 44.75% examples, 830268 words/s, in_qsize 26, out_qsize 4
2026-02-02 16:28:09,237 - INFO - EPOCH 4 - PROGRESS: at 44.89% examples, 830354 words/s, in_qsize 27, out_qsize 0
2026-02-02 16:28:10,241 - INFO - EPOCH 4 - PROGRESS: at 45.08% examples, 830438 words/s, in_qsize 28, out_qsize 4
2026-02-02 16:28:11,246 - INFO - EPOCH 4 - PROGRESS: at 45.23% examples, 830732 words/s, in_qsize 26, out_qsize 1
2026-02-02 16:28:12,250 - INFO - EPOCH 4 - PROGRESS: at 45.36% examples, 830859 words/s, in_qsize 28, out_qsize 2
2026-02-02 16:28:13,252 - INFO - EPOCH 4 - PROGRESS: at 45.50% examples, 831126 words/s, in_qsize 26, out_qsize 0
2026-02-02 16:28:14,260 - INFO - EPOCH 4 - PROGRESS: at 45.64% examples, 831312 words/s, in_qsize 28, out_qsize 0
2026-02-02 16:28:15,274 - INFO - EPOCH 4 - PROGRESS: at 45.77% examples, 831422 words/s, in_qsize 27, out_qsize 0
2026-02-02 16:28:16,279 - INFO - EPOCH 4 - PROGRESS: at 45.92% examples, 831664 words/s, in_qsize 26, out_qsize 1
2026-02-02 16:28:17,297 - INFO - EPOCH 4 - PROGRESS: at 46.08% examples, 831751 words/s, in_qsize 27, out_qsize 0
2026-02-02 16:28:18,322 - INFO - EPOCH 4 - PROGRESS: at 46.22% examples, 831826 words/s, in_qsize 26, out_qsize 2
2026-02-02 16:28:19,327 - INFO - EPOCH 4 - PROGRESS: at 46.37% examples, 832052 words/s, in_qsize 28, out_qsize 0
2026-02-02 16:28:20,333 - INFO - EPOCH 4 - PROGRESS: at 46.51% examples, 832072 words/s, in_qsize 28, out_qsize 4
2026-02-02 16:28:21,359 - INFO - EPOCH 4 - PROGRESS: at 46.85% examples, 832381 words/s, in_qsize 24, out_qsize 3
2026-02-02 16:28:22,362 - INFO - EPOCH 4 - PROGRESS: at 47.15% examples, 832684 words/s, in_qsize 28, out_qsize 1
2026-02-02 16:28:23,378 - INFO - EPOCH 4 - PROGRESS: at 47.29% examples, 832599 words/s, in_qsize 27, out_qsize 0
2026-02-02 16:28:24,413 - INFO - EPOCH 4 - PROGRESS: at 47.43% examples, 832161 words/s, in_qsize 28, out_qsize 0
2026-02-02 16:28:25,426 - INFO - EPOCH 4 - PROGRESS: at 47.58% examples, 831937 words/s, in_qsize 25, out_qsize 2
2026-02-02 16:28:26,453 - INFO - EPOCH 4 - PROGRESS: at 47.75% examples, 832070 words/s, in_qsize 24, out_qsize 4
2026-02-02 16:28:27,457 - INFO - EPOCH 4 - PROGRESS: at 47.91% examples, 832189 words/s, in_qsize 27, out_qsize 0
2026-02-02 16:28:28,474 - INFO - EPOCH 4 - PROGRESS: at 48.07% examples, 832381 words/s, in_qsize 27, out_qsize 0
2026-02-02 16:28:29,483 - INFO - EPOCH 4 - PROGRESS: at 48.23% examples, 832401 words/s, in_qsize 28, out_qsize 4
2026-02-02 16:28:30,511 - INFO - EPOCH 4 - PROGRESS: at 48.39% examples, 832551 words/s, in_qsize 28, out_qsize 1
2026-02-02 16:28:31,562 - INFO - EPOCH 4 - PROGRESS: at 48.55% examples, 832528 words/s, in_qsize 27, out_qsize 2
2026-02-02 16:28:32,616 - INFO - EPOCH 4 - PROGRESS: at 48.71% examples, 832548 words/s, in_qsize 26, out_qsize 6
2026-02-02 16:28:33,622 - INFO - EPOCH 4 - PROGRESS: at 48.89% examples, 832916 words/s, in_qsize 27, out_qsize 0
2026-02-02 16:28:34,634 - INFO - EPOCH 4 - PROGRESS: at 49.05% examples, 833000 words/s, in_qsize 28, out_qsize 1
2026-02-02 16:28:35,639 - INFO - EPOCH 4 - PROGRESS: at 49.22% examples, 833227 words/s, in_qsize 25, out_qsize 2
2026-02-02 16:28:36,640 - INFO - EPOCH 4 - PROGRESS: at 49.38% examples, 833349 words/s, in_qsize 28, out_qsize 1
2026-02-02 16:28:37,644 - INFO - EPOCH 4 - PROGRESS: at 49.55% examples, 833561 words/s, in_qsize 28, out_qsize 1
2026-02-02 16:28:38,666 - INFO - EPOCH 4 - PROGRESS: at 49.71% examples, 833672 words/s, in_qsize 28, out_qsize 3
2026-02-02 16:28:39,672 - INFO - EPOCH 4 - PROGRESS: at 49.87% examples, 833948 words/s, in_qsize 26, out_qsize 1
2026-02-02 16:28:40,698 - INFO - EPOCH 4 - PROGRESS: at 50.02% examples, 833970 words/s, in_qsize 24, out_qsize 3
2026-02-02 16:28:41,700 - INFO - EPOCH 4 - PROGRESS: at 50.17% examples, 834200 words/s, in_qsize 27, out_qsize 0
2026-02-02 16:28:42,701 - INFO - EPOCH 4 - PROGRESS: at 50.37% examples, 834265 words/s, in_qsize 28, out_qsize 1
2026-02-02 16:28:43,729 - INFO - EPOCH 4 - PROGRESS: at 50.58% examples, 834368 words/s, in_qsize 28, out_qsize 1
2026-02-02 16:28:44,789 - INFO - EPOCH 4 - PROGRESS: at 50.77% examples, 834113 words/s, in_qsize 20, out_qsize 7
2026-02-02 16:28:45,799 - INFO - EPOCH 4 - PROGRESS: at 50.95% examples, 833734 words/s, in_qsize 27, out_qsize 0
2026-02-02 16:28:46,805 - INFO - EPOCH 4 - PROGRESS: at 51.14% examples, 833754 words/s, in_qsize 26, out_qsize 1
2026-02-02 16:28:47,806 - INFO - EPOCH 4 - PROGRESS: at 51.30% examples, 833169 words/s, in_qsize 28, out_qsize 3
2026-02-02 16:28:48,808 - INFO - EPOCH 4 - PROGRESS: at 51.55% examples, 833222 words/s, in_qsize 28, out_qsize 1
2026-02-02 16:28:49,846 - INFO - EPOCH 4 - PROGRESS: at 51.80% examples, 833139 words/s, in_qsize 28, out_qsize 0
2026-02-02 16:28:50,871 - INFO - EPOCH 4 - PROGRESS: at 52.04% examples, 833118 words/s, in_qsize 28, out_qsize 1
2026-02-02 16:28:51,877 - INFO - EPOCH 4 - PROGRESS: at 52.29% examples, 833200 words/s, in_qsize 26, out_qsize 1
2026-02-02 16:28:52,892 - INFO - EPOCH 4 - PROGRESS: at 52.54% examples, 833157 words/s, in_qsize 27, out_qsize 0
2026-02-02 16:28:53,897 - INFO - EPOCH 4 - PROGRESS: at 52.81% examples, 833499 words/s, in_qsize 27, out_qsize 0
2026-02-02 16:28:54,907 - INFO - EPOCH 4 - PROGRESS: at 53.05% examples, 833445 words/s, in_qsize 28, out_qsize 5
2026-02-02 16:28:55,910 - INFO - EPOCH 4 - PROGRESS: at 53.31% examples, 833590 words/s, in_qsize 27, out_qsize 0
2026-02-02 16:28:56,926 - INFO - EPOCH 4 - PROGRESS: at 53.55% examples, 833570 words/s, in_qsize 27, out_qsize 0
2026-02-02 16:28:57,972 - INFO - EPOCH 4 - PROGRESS: at 53.81% examples, 833567 words/s, in_qsize 28, out_qsize 1
2026-02-02 16:28:58,977 - INFO - EPOCH 4 - PROGRESS: at 54.07% examples, 833702 words/s, in_qsize 28, out_qsize 0
2026-02-02 16:28:59,986 - INFO - EPOCH 4 - PROGRESS: at 54.32% examples, 833797 words/s, in_qsize 25, out_qsize 2
2026-02-02 16:29:01,003 - INFO - EPOCH 4 - PROGRESS: at 54.62% examples, 834371 words/s, in_qsize 28, out_qsize 2
2026-02-02 16:29:02,053 - INFO - EPOCH 4 - PROGRESS: at 54.87% examples, 834306 words/s, in_qsize 27, out_qsize 3
2026-02-02 16:29:03,087 - INFO - EPOCH 4 - PROGRESS: at 55.11% examples, 834360 words/s, in_qsize 27, out_qsize 0
2026-02-02 16:29:04,135 - INFO - EPOCH 4 - PROGRESS: at 55.26% examples, 833983 words/s, in_qsize 28, out_qsize 4
2026-02-02 16:29:05,162 - INFO - EPOCH 4 - PROGRESS: at 55.41% examples, 834004 words/s, in_qsize 28, out_qsize 0
2026-02-02 16:29:06,169 - INFO - EPOCH 4 - PROGRESS: at 55.57% examples, 834098 words/s, in_qsize 27, out_qsize 0
2026-02-02 16:29:07,191 - INFO - EPOCH 4 - PROGRESS: at 55.79% examples, 833875 words/s, in_qsize 27, out_qsize 0
2026-02-02 16:29:08,204 - INFO - EPOCH 4 - PROGRESS: at 56.04% examples, 833781 words/s, in_qsize 28, out_qsize 0
2026-02-02 16:29:09,239 - INFO - EPOCH 4 - PROGRESS: at 56.22% examples, 833865 words/s, in_qsize 28, out_qsize 0
2026-02-02 16:29:10,262 - INFO - EPOCH 4 - PROGRESS: at 56.38% examples, 833941 words/s, in_qsize 27, out_qsize 5
2026-02-02 16:29:11,263 - INFO - EPOCH 4 - PROGRESS: at 56.55% examples, 834249 words/s, in_qsize 28, out_qsize 0
2026-02-02 16:29:12,264 - INFO - EPOCH 4 - PROGRESS: at 56.68% examples, 834371 words/s, in_qsize 26, out_qsize 1
2026-02-02 16:29:13,266 - INFO - EPOCH 4 - PROGRESS: at 56.89% examples, 834522 words/s, in_qsize 28, out_qsize 4
2026-02-02 16:29:14,274 - INFO - EPOCH 4 - PROGRESS: at 57.12% examples, 834709 words/s, in_qsize 27, out_qsize 2
2026-02-02 16:29:15,384 - INFO - EPOCH 4 - PROGRESS: at 57.35% examples, 834651 words/s, in_qsize 28, out_qsize 0
2026-02-02 16:29:16,408 - INFO - EPOCH 4 - PROGRESS: at 57.55% examples, 834351 words/s, in_qsize 27, out_qsize 4
2026-02-02 16:29:17,424 - INFO - EPOCH 4 - PROGRESS: at 57.76% examples, 834320 words/s, in_qsize 27, out_qsize 0
2026-02-02 16:29:18,473 - INFO - EPOCH 4 - PROGRESS: at 57.95% examples, 833985 words/s, in_qsize 28, out_qsize 2
2026-02-02 16:29:19,484 - INFO - EPOCH 4 - PROGRESS: at 58.15% examples, 833880 words/s, in_qsize 27, out_qsize 5
2026-02-02 16:29:20,506 - INFO - EPOCH 4 - PROGRESS: at 58.36% examples, 833916 words/s, in_qsize 27, out_qsize 1
2026-02-02 16:29:21,530 - INFO - EPOCH 4 - PROGRESS: at 58.56% examples, 833636 words/s, in_qsize 28, out_qsize 0
2026-02-02 16:29:22,531 - INFO - EPOCH 4 - PROGRESS: at 58.76% examples, 833683 words/s, in_qsize 27, out_qsize 0
2026-02-02 16:29:23,546 - INFO - EPOCH 4 - PROGRESS: at 58.95% examples, 833395 words/s, in_qsize 27, out_qsize 0
2026-02-02 16:29:24,603 - INFO - EPOCH 4 - PROGRESS: at 59.14% examples, 833002 words/s, in_qsize 28, out_qsize 1
2026-02-02 16:29:25,609 - INFO - EPOCH 4 - PROGRESS: at 59.33% examples, 832691 words/s, in_qsize 25, out_qsize 4
2026-02-02 16:29:26,618 - INFO - EPOCH 4 - PROGRESS: at 59.50% examples, 832508 words/s, in_qsize 28, out_qsize 0
2026-02-02 16:29:27,620 - INFO - EPOCH 4 - PROGRESS: at 59.72% examples, 832464 words/s, in_qsize 27, out_qsize 0
2026-02-02 16:29:28,639 - INFO - EPOCH 4 - PROGRESS: at 59.81% examples, 832475 words/s, in_qsize 27, out_qsize 2
2026-02-02 16:29:29,648 - INFO - EPOCH 4 - PROGRESS: at 59.98% examples, 832654 words/s, in_qsize 28, out_qsize 1
2026-02-02 16:29:30,663 - INFO - EPOCH 4 - PROGRESS: at 60.19% examples, 832732 words/s, in_qsize 28, out_qsize 0
2026-02-02 16:29:31,701 - INFO - EPOCH 4 - PROGRESS: at 60.36% examples, 832426 words/s, in_qsize 27, out_qsize 1
2026-02-02 16:29:32,710 - INFO - EPOCH 4 - PROGRESS: at 60.56% examples, 832376 words/s, in_qsize 27, out_qsize 3
2026-02-02 16:29:33,711 - INFO - EPOCH 4 - PROGRESS: at 60.74% examples, 832188 words/s, in_qsize 26, out_qsize 1
2026-02-02 16:29:34,730 - INFO - EPOCH 4 - PROGRESS: at 60.89% examples, 831870 words/s, in_qsize 27, out_qsize 0
2026-02-02 16:29:35,745 - INFO - EPOCH 4 - PROGRESS: at 61.02% examples, 831522 words/s, in_qsize 28, out_qsize 1
2026-02-02 16:29:36,756 - INFO - EPOCH 4 - PROGRESS: at 61.15% examples, 831354 words/s, in_qsize 26, out_qsize 2
2026-02-02 16:29:37,762 - INFO - EPOCH 4 - PROGRESS: at 61.25% examples, 831541 words/s, in_qsize 28, out_qsize 0
2026-02-02 16:29:38,788 - INFO - EPOCH 4 - PROGRESS: at 61.36% examples, 831515 words/s, in_qsize 27, out_qsize 4
2026-02-02 16:29:39,799 - INFO - EPOCH 4 - PROGRESS: at 61.55% examples, 831802 words/s, in_qsize 27, out_qsize 0
2026-02-02 16:29:40,802 - INFO - EPOCH 4 - PROGRESS: at 61.73% examples, 831941 words/s, in_qsize 27, out_qsize 0
2026-02-02 16:29:41,803 - INFO - EPOCH 4 - PROGRESS: at 61.87% examples, 832076 words/s, in_qsize 25, out_qsize 2
2026-02-02 16:29:42,818 - INFO - EPOCH 4 - PROGRESS: at 62.07% examples, 832180 words/s, in_qsize 28, out_qsize 3
2026-02-02 16:29:43,855 - INFO - EPOCH 4 - PROGRESS: at 62.18% examples, 832191 words/s, in_qsize 25, out_qsize 4
2026-02-02 16:29:44,872 - INFO - EPOCH 4 - PROGRESS: at 62.32% examples, 831891 words/s, in_qsize 26, out_qsize 1
2026-02-02 16:29:45,888 - INFO - EPOCH 4 - PROGRESS: at 62.49% examples, 831885 words/s, in_qsize 26, out_qsize 1
2026-02-02 16:29:46,920 - INFO - EPOCH 4 - PROGRESS: at 62.64% examples, 831705 words/s, in_qsize 26, out_qsize 1
2026-02-02 16:29:47,950 - INFO - EPOCH 4 - PROGRESS: at 62.81% examples, 831667 words/s, in_qsize 27, out_qsize 0
2026-02-02 16:29:48,969 - INFO - EPOCH 4 - PROGRESS: at 62.96% examples, 831363 words/s, in_qsize 26, out_qsize 1
2026-02-02 16:29:49,980 - INFO - EPOCH 4 - PROGRESS: at 63.12% examples, 831229 words/s, in_qsize 28, out_qsize 1
2026-02-02 16:29:50,981 - INFO - EPOCH 4 - PROGRESS: at 63.29% examples, 831411 words/s, in_qsize 27, out_qsize 1
2026-02-02 16:29:51,987 - INFO - EPOCH 4 - PROGRESS: at 63.42% examples, 831639 words/s, in_qsize 27, out_qsize 0
2026-02-02 16:29:52,991 - INFO - EPOCH 4 - PROGRESS: at 63.62% examples, 831827 words/s, in_qsize 27, out_qsize 0
2026-02-02 16:29:54,005 - INFO - EPOCH 4 - PROGRESS: at 63.83% examples, 831883 words/s, in_qsize 26, out_qsize 1
2026-02-02 16:29:55,044 - INFO - EPOCH 4 - PROGRESS: at 64.07% examples, 831942 words/s, in_qsize 27, out_qsize 1
2026-02-02 16:29:56,059 - INFO - EPOCH 4 - PROGRESS: at 64.22% examples, 831780 words/s, in_qsize 26, out_qsize 1
2026-02-02 16:29:57,064 - INFO - EPOCH 4 - PROGRESS: at 64.35% examples, 831652 words/s, in_qsize 22, out_qsize 6
2026-02-02 16:29:58,077 - INFO - EPOCH 4 - PROGRESS: at 64.49% examples, 831607 words/s, in_qsize 28, out_qsize 4
2026-02-02 16:29:59,089 - INFO - EPOCH 4 - PROGRESS: at 64.68% examples, 831842 words/s, in_qsize 27, out_qsize 0
2026-02-02 16:30:00,101 - INFO - EPOCH 4 - PROGRESS: at 64.88% examples, 831921 words/s, in_qsize 26, out_qsize 1
2026-02-02 16:30:01,104 - INFO - EPOCH 4 - PROGRESS: at 65.03% examples, 831485 words/s, in_qsize 28, out_qsize 3
2026-02-02 16:30:02,125 - INFO - EPOCH 4 - PROGRESS: at 65.22% examples, 831499 words/s, in_qsize 27, out_qsize 0
2026-02-02 16:30:03,150 - INFO - EPOCH 4 - PROGRESS: at 65.40% examples, 831335 words/s, in_qsize 28, out_qsize 1
2026-02-02 16:30:04,151 - INFO - EPOCH 4 - PROGRESS: at 65.61% examples, 831427 words/s, in_qsize 27, out_qsize 0
2026-02-02 16:30:05,169 - INFO - EPOCH 4 - PROGRESS: at 65.76% examples, 831252 words/s, in_qsize 28, out_qsize 0
2026-02-02 16:30:06,176 - INFO - EPOCH 4 - PROGRESS: at 65.95% examples, 831212 words/s, in_qsize 28, out_qsize 4
2026-02-02 16:30:07,182 - INFO - EPOCH 4 - PROGRESS: at 66.12% examples, 831418 words/s, in_qsize 27, out_qsize 1
2026-02-02 16:30:08,199 - INFO - EPOCH 4 - PROGRESS: at 66.30% examples, 831566 words/s, in_qsize 27, out_qsize 1
2026-02-02 16:30:09,209 - INFO - EPOCH 4 - PROGRESS: at 66.47% examples, 831643 words/s, in_qsize 28, out_qsize 1
2026-02-02 16:30:10,212 - INFO - EPOCH 4 - PROGRESS: at 66.58% examples, 831753 words/s, in_qsize 28, out_qsize 2
2026-02-02 16:30:11,219 - INFO - EPOCH 4 - PROGRESS: at 66.67% examples, 831873 words/s, in_qsize 27, out_qsize 0
2026-02-02 16:30:12,232 - INFO - EPOCH 4 - PROGRESS: at 66.80% examples, 831953 words/s, in_qsize 27, out_qsize 0
2026-02-02 16:30:13,244 - INFO - EPOCH 4 - PROGRESS: at 66.89% examples, 832051 words/s, in_qsize 27, out_qsize 0
2026-02-02 16:30:14,251 - INFO - EPOCH 4 - PROGRESS: at 67.00% examples, 832159 words/s, in_qsize 27, out_qsize 0
2026-02-02 16:30:15,255 - INFO - EPOCH 4 - PROGRESS: at 67.17% examples, 832222 words/s, in_qsize 28, out_qsize 2
2026-02-02 16:30:16,258 - INFO - EPOCH 4 - PROGRESS: at 67.35% examples, 832339 words/s, in_qsize 27, out_qsize 1
2026-02-02 16:30:17,260 - INFO - EPOCH 4 - PROGRESS: at 67.51% examples, 832419 words/s, in_qsize 26, out_qsize 0
2026-02-02 16:30:18,261 - INFO - EPOCH 4 - PROGRESS: at 67.66% examples, 832471 words/s, in_qsize 23, out_qsize 4
2026-02-02 16:30:19,269 - INFO - EPOCH 4 - PROGRESS: at 67.83% examples, 832669 words/s, in_qsize 26, out_qsize 1
2026-02-02 16:30:20,270 - INFO - EPOCH 4 - PROGRESS: at 67.97% examples, 832785 words/s, in_qsize 28, out_qsize 0
2026-02-02 16:30:21,294 - INFO - EPOCH 4 - PROGRESS: at 68.11% examples, 832821 words/s, in_qsize 25, out_qsize 2
2026-02-02 16:30:22,359 - INFO - EPOCH 4 - PROGRESS: at 68.24% examples, 832798 words/s, in_qsize 27, out_qsize 0
2026-02-02 16:30:23,385 - INFO - EPOCH 4 - PROGRESS: at 68.40% examples, 832523 words/s, in_qsize 28, out_qsize 1
2026-02-02 16:30:24,400 - INFO - EPOCH 4 - PROGRESS: at 68.55% examples, 832347 words/s, in_qsize 22, out_qsize 8
2026-02-02 16:30:25,427 - INFO - EPOCH 4 - PROGRESS: at 68.70% examples, 832325 words/s, in_qsize 27, out_qsize 0
2026-02-02 16:30:26,448 - INFO - EPOCH 4 - PROGRESS: at 68.84% examples, 832056 words/s, in_qsize 28, out_qsize 1
2026-02-02 16:30:27,497 - INFO - EPOCH 4 - PROGRESS: at 69.01% examples, 832068 words/s, in_qsize 27, out_qsize 1
2026-02-02 16:30:28,504 - INFO - EPOCH 4 - PROGRESS: at 69.21% examples, 832173 words/s, in_qsize 27, out_qsize 0
2026-02-02 16:30:29,560 - INFO - EPOCH 4 - PROGRESS: at 69.47% examples, 831878 words/s, in_qsize 27, out_qsize 0
2026-02-02 16:30:30,580 - INFO - EPOCH 4 - PROGRESS: at 69.73% examples, 831662 words/s, in_qsize 27, out_qsize 0
2026-02-02 16:30:31,596 - INFO - EPOCH 4 - PROGRESS: at 69.92% examples, 831611 words/s, in_qsize 28, out_qsize 0
2026-02-02 16:30:32,631 - INFO - EPOCH 4 - PROGRESS: at 70.09% examples, 831662 words/s, in_qsize 27, out_qsize 1
2026-02-02 16:30:33,644 - INFO - EPOCH 4 - PROGRESS: at 70.25% examples, 831685 words/s, in_qsize 26, out_qsize 1
2026-02-02 16:30:34,646 - INFO - EPOCH 4 - PROGRESS: at 70.41% examples, 831771 words/s, in_qsize 28, out_qsize 1
2026-02-02 16:30:35,652 - INFO - EPOCH 4 - PROGRESS: at 70.58% examples, 831901 words/s, in_qsize 26, out_qsize 1
2026-02-02 16:30:36,670 - INFO - EPOCH 4 - PROGRESS: at 70.73% examples, 831838 words/s, in_qsize 26, out_qsize 1
2026-02-02 16:30:37,684 - INFO - EPOCH 4 - PROGRESS: at 70.89% examples, 832013 words/s, in_qsize 27, out_qsize 1
2026-02-02 16:30:38,722 - INFO - EPOCH 4 - PROGRESS: at 71.05% examples, 832083 words/s, in_qsize 27, out_qsize 3
2026-02-02 16:30:39,729 - INFO - EPOCH 4 - PROGRESS: at 71.21% examples, 832285 words/s, in_qsize 26, out_qsize 1
2026-02-02 16:30:40,743 - INFO - EPOCH 4 - PROGRESS: at 71.39% examples, 832027 words/s, in_qsize 27, out_qsize 0
2026-02-02 16:30:41,762 - INFO - EPOCH 4 - PROGRESS: at 71.59% examples, 831797 words/s, in_qsize 27, out_qsize 0
2026-02-02 16:30:42,772 - INFO - EPOCH 4 - PROGRESS: at 71.78% examples, 831548 words/s, in_qsize 27, out_qsize 0
2026-02-02 16:30:43,791 - INFO - EPOCH 4 - PROGRESS: at 71.93% examples, 831361 words/s, in_qsize 27, out_qsize 1
2026-02-02 16:30:44,795 - INFO - EPOCH 4 - PROGRESS: at 72.09% examples, 831561 words/s, in_qsize 27, out_qsize 0
2026-02-02 16:30:45,802 - INFO - EPOCH 4 - PROGRESS: at 72.29% examples, 831616 words/s, in_qsize 27, out_qsize 1
2026-02-02 16:30:46,825 - INFO - EPOCH 4 - PROGRESS: at 72.52% examples, 831776 words/s, in_qsize 28, out_qsize 0
2026-02-02 16:30:47,830 - INFO - EPOCH 4 - PROGRESS: at 72.75% examples, 831896 words/s, in_qsize 27, out_qsize 0
2026-02-02 16:30:48,840 - INFO - EPOCH 4 - PROGRESS: at 72.98% examples, 832007 words/s, in_qsize 27, out_qsize 1
2026-02-02 16:30:49,852 - INFO - EPOCH 4 - PROGRESS: at 73.12% examples, 832164 words/s, in_qsize 28, out_qsize 0
2026-02-02 16:30:50,857 - INFO - EPOCH 4 - PROGRESS: at 73.24% examples, 832124 words/s, in_qsize 26, out_qsize 1
2026-02-02 16:30:51,864 - INFO - EPOCH 4 - PROGRESS: at 73.38% examples, 832182 words/s, in_qsize 28, out_qsize 0
2026-02-02 16:30:52,865 - INFO - EPOCH 4 - PROGRESS: at 73.51% examples, 832249 words/s, in_qsize 26, out_qsize 0
2026-02-02 16:30:53,880 - INFO - EPOCH 4 - PROGRESS: at 73.61% examples, 832222 words/s, in_qsize 25, out_qsize 2
2026-02-02 16:30:54,880 - INFO - EPOCH 4 - PROGRESS: at 73.79% examples, 832356 words/s, in_qsize 27, out_qsize 0
2026-02-02 16:30:55,880 - INFO - EPOCH 4 - PROGRESS: at 73.98% examples, 832431 words/s, in_qsize 27, out_qsize 1
2026-02-02 16:30:56,918 - INFO - EPOCH 4 - PROGRESS: at 74.21% examples, 832415 words/s, in_qsize 27, out_qsize 0
2026-02-02 16:30:57,961 - INFO - EPOCH 4 - PROGRESS: at 74.38% examples, 832075 words/s, in_qsize 28, out_qsize 0
2026-02-02 16:30:58,967 - INFO - EPOCH 4 - PROGRESS: at 74.55% examples, 832009 words/s, in_qsize 28, out_qsize 4
2026-02-02 16:30:59,974 - INFO - EPOCH 4 - PROGRESS: at 74.71% examples, 832022 words/s, in_qsize 27, out_qsize 0
2026-02-02 16:31:00,977 - INFO - EPOCH 4 - PROGRESS: at 74.89% examples, 832159 words/s, in_qsize 28, out_qsize 1
2026-02-02 16:31:02,005 - INFO - EPOCH 4 - PROGRESS: at 75.09% examples, 832171 words/s, in_qsize 28, out_qsize 9
2026-02-02 16:31:03,035 - INFO - EPOCH 4 - PROGRESS: at 75.34% examples, 832482 words/s, in_qsize 27, out_qsize 2
2026-02-02 16:31:04,036 - INFO - EPOCH 4 - PROGRESS: at 75.52% examples, 832455 words/s, in_qsize 27, out_qsize 0
2026-02-02 16:31:05,037 - INFO - EPOCH 4 - PROGRESS: at 75.71% examples, 832467 words/s, in_qsize 28, out_qsize 0
2026-02-02 16:31:06,042 - INFO - EPOCH 4 - PROGRESS: at 75.91% examples, 832559 words/s, in_qsize 27, out_qsize 0
2026-02-02 16:31:07,043 - INFO - EPOCH 4 - PROGRESS: at 76.11% examples, 832712 words/s, in_qsize 28, out_qsize 0
2026-02-02 16:31:08,060 - INFO - EPOCH 4 - PROGRESS: at 76.31% examples, 832817 words/s, in_qsize 28, out_qsize 0
2026-02-02 16:31:09,092 - INFO - EPOCH 4 - PROGRESS: at 76.52% examples, 832859 words/s, in_qsize 28, out_qsize 2
2026-02-02 16:31:10,100 - INFO - EPOCH 4 - PROGRESS: at 76.71% examples, 832991 words/s, in_qsize 27, out_qsize 0
2026-02-02 16:31:11,117 - INFO - EPOCH 4 - PROGRESS: at 76.90% examples, 833054 words/s, in_qsize 27, out_qsize 0
2026-02-02 16:31:12,117 - INFO - EPOCH 4 - PROGRESS: at 77.09% examples, 833096 words/s, in_qsize 26, out_qsize 1
2026-02-02 16:31:13,157 - INFO - EPOCH 4 - PROGRESS: at 77.26% examples, 832869 words/s, in_qsize 27, out_qsize 0
2026-02-02 16:31:14,163 - INFO - EPOCH 4 - PROGRESS: at 77.42% examples, 832621 words/s, in_qsize 27, out_qsize 0
2026-02-02 16:31:15,179 - INFO - EPOCH 4 - PROGRESS: at 77.60% examples, 832442 words/s, in_qsize 28, out_qsize 0
2026-02-02 16:31:16,216 - INFO - EPOCH 4 - PROGRESS: at 77.77% examples, 832225 words/s, in_qsize 28, out_qsize 0
2026-02-02 16:31:17,229 - INFO - EPOCH 4 - PROGRESS: at 77.94% examples, 832037 words/s, in_qsize 27, out_qsize 0
2026-02-02 16:31:18,261 - INFO - EPOCH 4 - PROGRESS: at 78.12% examples, 831977 words/s, in_qsize 27, out_qsize 0
2026-02-02 16:31:19,281 - INFO - EPOCH 4 - PROGRESS: at 78.30% examples, 832094 words/s, in_qsize 27, out_qsize 0
2026-02-02 16:31:20,304 - INFO - EPOCH 4 - PROGRESS: at 78.48% examples, 832264 words/s, in_qsize 27, out_qsize 0
2026-02-02 16:31:21,307 - INFO - EPOCH 4 - PROGRESS: at 78.67% examples, 832541 words/s, in_qsize 28, out_qsize 0
2026-02-02 16:31:22,323 - INFO - EPOCH 4 - PROGRESS: at 78.86% examples, 832741 words/s, in_qsize 28, out_qsize 2
2026-02-02 16:31:23,331 - INFO - EPOCH 4 - PROGRESS: at 79.05% examples, 833007 words/s, in_qsize 28, out_qsize 1
2026-02-02 16:31:24,331 - INFO - EPOCH 4 - PROGRESS: at 79.23% examples, 833111 words/s, in_qsize 28, out_qsize 1
2026-02-02 16:31:25,350 - INFO - EPOCH 4 - PROGRESS: at 79.41% examples, 833286 words/s, in_qsize 22, out_qsize 5
2026-02-02 16:31:26,369 - INFO - EPOCH 4 - PROGRESS: at 79.61% examples, 833602 words/s, in_qsize 27, out_qsize 3
2026-02-02 16:31:27,389 - INFO - EPOCH 4 - PROGRESS: at 79.81% examples, 833913 words/s, in_qsize 25, out_qsize 2
2026-02-02 16:31:28,405 - INFO - EPOCH 4 - PROGRESS: at 80.01% examples, 834212 words/s, in_qsize 27, out_qsize 1
2026-02-02 16:31:29,409 - INFO - EPOCH 4 - PROGRESS: at 80.19% examples, 834446 words/s, in_qsize 25, out_qsize 2
2026-02-02 16:31:30,421 - INFO - EPOCH 4 - PROGRESS: at 80.37% examples, 834636 words/s, in_qsize 26, out_qsize 1
2026-02-02 16:31:31,423 - INFO - EPOCH 4 - PROGRESS: at 80.53% examples, 834766 words/s, in_qsize 27, out_qsize 1
2026-02-02 16:31:32,432 - INFO - EPOCH 4 - PROGRESS: at 80.65% examples, 834848 words/s, in_qsize 28, out_qsize 0
2026-02-02 16:31:33,446 - INFO - EPOCH 4 - PROGRESS: at 80.81% examples, 834919 words/s, in_qsize 26, out_qsize 1
2026-02-02 16:31:34,451 - INFO - EPOCH 4 - PROGRESS: at 80.97% examples, 834926 words/s, in_qsize 20, out_qsize 7
2026-02-02 16:31:35,491 - INFO - EPOCH 4 - PROGRESS: at 81.13% examples, 834755 words/s, in_qsize 27, out_qsize 0
2026-02-02 16:31:36,502 - INFO - EPOCH 4 - PROGRESS: at 81.29% examples, 834770 words/s, in_qsize 27, out_qsize 1
2026-02-02 16:31:37,565 - INFO - EPOCH 4 - PROGRESS: at 81.46% examples, 834773 words/s, in_qsize 27, out_qsize 3
2026-02-02 16:31:38,573 - INFO - EPOCH 4 - PROGRESS: at 81.63% examples, 834891 words/s, in_qsize 26, out_qsize 4
2026-02-02 16:31:39,583 - INFO - EPOCH 4 - PROGRESS: at 81.80% examples, 835004 words/s, in_qsize 28, out_qsize 2
2026-02-02 16:31:40,588 - INFO - EPOCH 4 - PROGRESS: at 81.98% examples, 835155 words/s, in_qsize 27, out_qsize 0
2026-02-02 16:31:41,645 - INFO - EPOCH 4 - PROGRESS: at 82.16% examples, 835124 words/s, in_qsize 27, out_qsize 5
2026-02-02 16:31:42,649 - INFO - EPOCH 4 - PROGRESS: at 82.35% examples, 835288 words/s, in_qsize 28, out_qsize 0
2026-02-02 16:31:43,681 - INFO - EPOCH 4 - PROGRESS: at 82.54% examples, 835347 words/s, in_qsize 26, out_qsize 3
2026-02-02 16:31:44,694 - INFO - EPOCH 4 - PROGRESS: at 82.73% examples, 835461 words/s, in_qsize 28, out_qsize 2
2026-02-02 16:31:45,713 - INFO - EPOCH 4 - PROGRESS: at 82.88% examples, 835586 words/s, in_qsize 28, out_qsize 0
2026-02-02 16:31:46,717 - INFO - EPOCH 4 - PROGRESS: at 83.03% examples, 835762 words/s, in_qsize 27, out_qsize 0
2026-02-02 16:31:47,724 - INFO - EPOCH 4 - PROGRESS: at 83.17% examples, 835863 words/s, in_qsize 26, out_qsize 1
2026-02-02 16:31:48,745 - INFO - EPOCH 4 - PROGRESS: at 83.31% examples, 835952 words/s, in_qsize 27, out_qsize 0
2026-02-02 16:31:49,765 - INFO - EPOCH 4 - PROGRESS: at 83.47% examples, 836008 words/s, in_qsize 27, out_qsize 0
2026-02-02 16:31:50,788 - INFO - EPOCH 4 - PROGRESS: at 83.63% examples, 836036 words/s, in_qsize 27, out_qsize 0
2026-02-02 16:31:51,794 - INFO - EPOCH 4 - PROGRESS: at 83.81% examples, 835974 words/s, in_qsize 28, out_qsize 2
2026-02-02 16:31:52,837 - INFO - EPOCH 4 - PROGRESS: at 83.99% examples, 835814 words/s, in_qsize 28, out_qsize 1
2026-02-02 16:31:53,848 - INFO - EPOCH 4 - PROGRESS: at 84.16% examples, 835645 words/s, in_qsize 28, out_qsize 1
2026-02-02 16:31:54,872 - INFO - EPOCH 4 - PROGRESS: at 84.30% examples, 835659 words/s, in_qsize 26, out_qsize 3
2026-02-02 16:31:55,878 - INFO - EPOCH 4 - PROGRESS: at 84.44% examples, 835767 words/s, in_qsize 27, out_qsize 0
2026-02-02 16:31:56,884 - INFO - EPOCH 4 - PROGRESS: at 84.57% examples, 835781 words/s, in_qsize 25, out_qsize 2
2026-02-02 16:31:57,892 - INFO - EPOCH 4 - PROGRESS: at 84.67% examples, 835895 words/s, in_qsize 23, out_qsize 0
2026-02-02 16:31:58,895 - INFO - EPOCH 4 - PROGRESS: at 84.80% examples, 835973 words/s, in_qsize 27, out_qsize 0
2026-02-02 16:31:59,943 - INFO - EPOCH 4 - PROGRESS: at 85.00% examples, 835888 words/s, in_qsize 27, out_qsize 0
2026-02-02 16:32:00,956 - INFO - EPOCH 4 - PROGRESS: at 85.17% examples, 835746 words/s, in_qsize 28, out_qsize 0
2026-02-02 16:32:01,960 - INFO - EPOCH 4 - PROGRESS: at 85.35% examples, 835834 words/s, in_qsize 28, out_qsize 0
2026-02-02 16:32:02,988 - INFO - EPOCH 4 - PROGRESS: at 85.54% examples, 835829 words/s, in_qsize 26, out_qsize 1
2026-02-02 16:32:03,996 - INFO - EPOCH 4 - PROGRESS: at 85.70% examples, 835694 words/s, in_qsize 27, out_qsize 0
2026-02-02 16:32:05,008 - INFO - EPOCH 4 - PROGRESS: at 85.89% examples, 835731 words/s, in_qsize 26, out_qsize 1
2026-02-02 16:32:06,041 - INFO - EPOCH 4 - PROGRESS: at 86.07% examples, 835767 words/s, in_qsize 28, out_qsize 4
2026-02-02 16:32:07,051 - INFO - EPOCH 4 - PROGRESS: at 86.27% examples, 835968 words/s, in_qsize 28, out_qsize 1
2026-02-02 16:32:08,060 - INFO - EPOCH 4 - PROGRESS: at 86.45% examples, 836059 words/s, in_qsize 26, out_qsize 1
2026-02-02 16:32:09,068 - INFO - EPOCH 4 - PROGRESS: at 86.61% examples, 836169 words/s, in_qsize 26, out_qsize 0
2026-02-02 16:32:10,085 - INFO - EPOCH 4 - PROGRESS: at 86.78% examples, 836115 words/s, in_qsize 27, out_qsize 8
2026-02-02 16:32:11,089 - INFO - EPOCH 4 - PROGRESS: at 87.01% examples, 836271 words/s, in_qsize 27, out_qsize 3
2026-02-02 16:32:12,102 - INFO - EPOCH 4 - PROGRESS: at 87.22% examples, 836403 words/s, in_qsize 28, out_qsize 2
2026-02-02 16:32:13,125 - INFO - EPOCH 4 - PROGRESS: at 87.42% examples, 836451 words/s, in_qsize 28, out_qsize 0
2026-02-02 16:32:14,142 - INFO - EPOCH 4 - PROGRESS: at 87.58% examples, 836484 words/s, in_qsize 27, out_qsize 1
2026-02-02 16:32:15,152 - INFO - EPOCH 4 - PROGRESS: at 87.75% examples, 836547 words/s, in_qsize 26, out_qsize 4
2026-02-02 16:32:16,180 - INFO - EPOCH 4 - PROGRESS: at 87.91% examples, 836546 words/s, in_qsize 25, out_qsize 3
2026-02-02 16:32:17,204 - INFO - EPOCH 4 - PROGRESS: at 88.05% examples, 836624 words/s, in_qsize 27, out_qsize 1
2026-02-02 16:32:18,207 - INFO - EPOCH 4 - PROGRESS: at 88.20% examples, 836686 words/s, in_qsize 28, out_qsize 2
2026-02-02 16:32:19,221 - INFO - EPOCH 4 - PROGRESS: at 88.38% examples, 836750 words/s, in_qsize 25, out_qsize 2
2026-02-02 16:32:20,233 - INFO - EPOCH 4 - PROGRESS: at 88.60% examples, 836819 words/s, in_qsize 24, out_qsize 4
2026-02-02 16:32:21,240 - INFO - EPOCH 4 - PROGRESS: at 88.77% examples, 836906 words/s, in_qsize 26, out_qsize 1
2026-02-02 16:32:22,257 - INFO - EPOCH 4 - PROGRESS: at 88.90% examples, 836923 words/s, in_qsize 28, out_qsize 1
2026-02-02 16:32:23,290 - INFO - EPOCH 4 - PROGRESS: at 89.07% examples, 836985 words/s, in_qsize 23, out_qsize 4
2026-02-02 16:32:24,325 - INFO - EPOCH 4 - PROGRESS: at 89.25% examples, 836804 words/s, in_qsize 27, out_qsize 0
2026-02-02 16:32:25,339 - INFO - EPOCH 4 - PROGRESS: at 89.42% examples, 836594 words/s, in_qsize 28, out_qsize 0
2026-02-02 16:32:26,357 - INFO - EPOCH 4 - PROGRESS: at 89.60% examples, 836393 words/s, in_qsize 28, out_qsize 0
2026-02-02 16:32:27,392 - INFO - EPOCH 4 - PROGRESS: at 89.80% examples, 836370 words/s, in_qsize 27, out_qsize 3
2026-02-02 16:32:28,403 - INFO - EPOCH 4 - PROGRESS: at 90.00% examples, 836289 words/s, in_qsize 27, out_qsize 0
2026-02-02 16:32:29,405 - INFO - EPOCH 4 - PROGRESS: at 90.21% examples, 836283 words/s, in_qsize 27, out_qsize 0
2026-02-02 16:32:30,443 - INFO - EPOCH 4 - PROGRESS: at 90.39% examples, 836066 words/s, in_qsize 28, out_qsize 0
2026-02-02 16:32:31,444 - INFO - EPOCH 4 - PROGRESS: at 90.59% examples, 836001 words/s, in_qsize 27, out_qsize 0
2026-02-02 16:32:32,456 - INFO - EPOCH 4 - PROGRESS: at 90.80% examples, 836026 words/s, in_qsize 26, out_qsize 1
2026-02-02 16:32:33,458 - INFO - EPOCH 4 - PROGRESS: at 91.03% examples, 836169 words/s, in_qsize 26, out_qsize 0
2026-02-02 16:32:34,461 - INFO - EPOCH 4 - PROGRESS: at 91.25% examples, 836251 words/s, in_qsize 26, out_qsize 1
2026-02-02 16:32:35,478 - INFO - EPOCH 4 - PROGRESS: at 91.41% examples, 836235 words/s, in_qsize 28, out_qsize 1
2026-02-02 16:32:36,509 - INFO - EPOCH 4 - PROGRESS: at 91.56% examples, 836346 words/s, in_qsize 27, out_qsize 1
2026-02-02 16:32:37,512 - INFO - EPOCH 4 - PROGRESS: at 91.70% examples, 836246 words/s, in_qsize 21, out_qsize 9
2026-02-02 16:32:38,514 - INFO - EPOCH 4 - PROGRESS: at 91.92% examples, 836200 words/s, in_qsize 28, out_qsize 1
2026-02-02 16:32:39,533 - INFO - EPOCH 4 - PROGRESS: at 92.16% examples, 836196 words/s, in_qsize 27, out_qsize 0
2026-02-02 16:32:40,548 - INFO - EPOCH 4 - PROGRESS: at 92.40% examples, 836243 words/s, in_qsize 27, out_qsize 0
2026-02-02 16:32:41,573 - INFO - EPOCH 4 - PROGRESS: at 92.64% examples, 836288 words/s, in_qsize 24, out_qsize 5
2026-02-02 16:32:42,580 - INFO - EPOCH 4 - PROGRESS: at 92.89% examples, 836493 words/s, in_qsize 27, out_qsize 0
2026-02-02 16:32:43,595 - INFO - EPOCH 4 - PROGRESS: at 93.15% examples, 836625 words/s, in_qsize 27, out_qsize 4
2026-02-02 16:32:44,598 - INFO - EPOCH 4 - PROGRESS: at 93.41% examples, 836862 words/s, in_qsize 28, out_qsize 2
2026-02-02 16:32:45,640 - INFO - EPOCH 4 - PROGRESS: at 93.66% examples, 836979 words/s, in_qsize 27, out_qsize 3
2026-02-02 16:32:46,644 - INFO - EPOCH 4 - PROGRESS: at 93.93% examples, 837200 words/s, in_qsize 28, out_qsize 0
2026-02-02 16:32:47,649 - INFO - EPOCH 4 - PROGRESS: at 94.17% examples, 837302 words/s, in_qsize 26, out_qsize 1
2026-02-02 16:32:48,649 - INFO - EPOCH 4 - PROGRESS: at 94.39% examples, 837511 words/s, in_qsize 27, out_qsize 0
2026-02-02 16:32:49,650 - INFO - EPOCH 4 - PROGRESS: at 94.53% examples, 837597 words/s, in_qsize 28, out_qsize 0
2026-02-02 16:32:50,660 - INFO - EPOCH 4 - PROGRESS: at 94.67% examples, 837672 words/s, in_qsize 26, out_qsize 1
2026-02-02 16:32:51,664 - INFO - EPOCH 4 - PROGRESS: at 94.83% examples, 837729 words/s, in_qsize 26, out_qsize 1
2026-02-02 16:32:52,669 - INFO - EPOCH 4 - PROGRESS: at 94.97% examples, 837845 words/s, in_qsize 27, out_qsize 0
2026-02-02 16:32:53,687 - INFO - EPOCH 4 - PROGRESS: at 95.11% examples, 837715 words/s, in_qsize 27, out_qsize 0
2026-02-02 16:32:54,689 - INFO - EPOCH 4 - PROGRESS: at 95.24% examples, 837532 words/s, in_qsize 27, out_qsize 0
2026-02-02 16:32:55,698 - INFO - EPOCH 4 - PROGRESS: at 95.36% examples, 837598 words/s, in_qsize 28, out_qsize 2
2026-02-02 16:32:56,733 - INFO - EPOCH 4 - PROGRESS: at 95.56% examples, 837697 words/s, in_qsize 27, out_qsize 4
2026-02-02 16:32:57,759 - INFO - EPOCH 4 - PROGRESS: at 95.75% examples, 837807 words/s, in_qsize 26, out_qsize 2
2026-02-02 16:32:58,769 - INFO - EPOCH 4 - PROGRESS: at 95.87% examples, 837851 words/s, in_qsize 27, out_qsize 0
2026-02-02 16:32:59,813 - INFO - EPOCH 4 - PROGRESS: at 96.01% examples, 837900 words/s, in_qsize 27, out_qsize 1
2026-02-02 16:33:00,827 - INFO - EPOCH 4 - PROGRESS: at 96.17% examples, 838004 words/s, in_qsize 28, out_qsize 3
2026-02-02 16:33:01,847 - INFO - EPOCH 4 - PROGRESS: at 96.36% examples, 838123 words/s, in_qsize 28, out_qsize 0
2026-02-02 16:33:02,856 - INFO - EPOCH 4 - PROGRESS: at 96.54% examples, 838226 words/s, in_qsize 24, out_qsize 0
2026-02-02 16:33:03,877 - INFO - EPOCH 4 - PROGRESS: at 96.71% examples, 838215 words/s, in_qsize 27, out_qsize 0
2026-02-02 16:33:04,877 - INFO - EPOCH 4 - PROGRESS: at 96.91% examples, 838199 words/s, in_qsize 28, out_qsize 1
2026-02-02 16:33:05,883 - INFO - EPOCH 4 - PROGRESS: at 96.99% examples, 838286 words/s, in_qsize 28, out_qsize 0
2026-02-02 16:33:06,903 - INFO - EPOCH 4 - PROGRESS: at 97.14% examples, 838318 words/s, in_qsize 28, out_qsize 3
2026-02-02 16:33:07,906 - INFO - EPOCH 4 - PROGRESS: at 97.31% examples, 838336 words/s, in_qsize 26, out_qsize 4
2026-02-02 16:33:08,931 - INFO - EPOCH 4 - PROGRESS: at 97.51% examples, 838415 words/s, in_qsize 27, out_qsize 0
2026-02-02 16:33:09,943 - INFO - EPOCH 4 - PROGRESS: at 97.64% examples, 838423 words/s, in_qsize 27, out_qsize 0
2026-02-02 16:33:10,964 - INFO - EPOCH 4 - PROGRESS: at 97.80% examples, 838466 words/s, in_qsize 28, out_qsize 0
2026-02-02 16:33:11,983 - INFO - EPOCH 4 - PROGRESS: at 97.94% examples, 838499 words/s, in_qsize 28, out_qsize 1
2026-02-02 16:33:13,003 - INFO - EPOCH 4 - PROGRESS: at 98.11% examples, 838562 words/s, in_qsize 28, out_qsize 0
2026-02-02 16:33:14,004 - INFO - EPOCH 4 - PROGRESS: at 98.28% examples, 838642 words/s, in_qsize 27, out_qsize 0
2026-02-02 16:33:15,050 - INFO - EPOCH 4 - PROGRESS: at 98.43% examples, 838500 words/s, in_qsize 26, out_qsize 3
2026-02-02 16:33:16,059 - INFO - EPOCH 4 - PROGRESS: at 98.56% examples, 838530 words/s, in_qsize 27, out_qsize 0
2026-02-02 16:33:17,069 - INFO - EPOCH 4 - PROGRESS: at 98.66% examples, 838568 words/s, in_qsize 28, out_qsize 2
2026-02-02 16:33:18,075 - INFO - EPOCH 4 - PROGRESS: at 98.81% examples, 838637 words/s, in_qsize 27, out_qsize 0
2026-02-02 16:33:19,075 - INFO - EPOCH 4 - PROGRESS: at 99.00% examples, 838663 words/s, in_qsize 27, out_qsize 0
2026-02-02 16:33:20,077 - INFO - EPOCH 4 - PROGRESS: at 99.19% examples, 838569 words/s, in_qsize 27, out_qsize 0
2026-02-02 16:33:21,102 - INFO - EPOCH 4 - PROGRESS: at 99.36% examples, 838438 words/s, in_qsize 28, out_qsize 1
2026-02-02 16:33:22,107 - INFO - EPOCH 4 - PROGRESS: at 99.51% examples, 838284 words/s, in_qsize 28, out_qsize 0
2026-02-02 16:33:23,133 - INFO - EPOCH 4 - PROGRESS: at 99.66% examples, 838107 words/s, in_qsize 25, out_qsize 2
2026-02-02 16:33:24,138 - INFO - EPOCH 4 - PROGRESS: at 99.80% examples, 837955 words/s, in_qsize 27, out_qsize 0
2026-02-02 16:33:25,139 - INFO - EPOCH 4 - PROGRESS: at 99.94% examples, 837979 words/s, in_qsize 27, out_qsize 0
2026-02-02 16:33:25,452 - DEBUG - job loop exiting, total 60863 jobs
2026-02-02 16:33:25,586 - DEBUG - worker exiting, processed 4354 jobs
2026-02-02 16:33:25,586 - DEBUG - worker thread finished; awaiting finish of 13 more threads
2026-02-02 16:33:25,604 - DEBUG - worker exiting, processed 4333 jobs
2026-02-02 16:33:25,604 - DEBUG - worker thread finished; awaiting finish of 12 more threads
2026-02-02 16:33:25,607 - DEBUG - worker exiting, processed 4339 jobs
2026-02-02 16:33:25,607 - DEBUG - worker thread finished; awaiting finish of 11 more threads
2026-02-02 16:33:25,617 - DEBUG - worker exiting, processed 4354 jobs
2026-02-02 16:33:25,617 - DEBUG - worker thread finished; awaiting finish of 10 more threads
2026-02-02 16:33:25,620 - DEBUG - worker exiting, processed 4369 jobs
2026-02-02 16:33:25,620 - DEBUG - worker thread finished; awaiting finish of 9 more threads
2026-02-02 16:33:25,625 - DEBUG - worker exiting, processed 4370 jobs
2026-02-02 16:33:25,625 - DEBUG - worker thread finished; awaiting finish of 8 more threads
2026-02-02 16:33:25,629 - DEBUG - worker exiting, processed 4344 jobs
2026-02-02 16:33:25,629 - DEBUG - worker thread finished; awaiting finish of 7 more threads
2026-02-02 16:33:25,635 - DEBUG - worker exiting, processed 4350 jobs
2026-02-02 16:33:25,635 - DEBUG - worker thread finished; awaiting finish of 6 more threads
2026-02-02 16:33:25,635 - DEBUG - worker exiting, processed 4340 jobs
2026-02-02 16:33:25,635 - DEBUG - worker thread finished; awaiting finish of 5 more threads
2026-02-02 16:33:25,638 - DEBUG - worker exiting, processed 4337 jobs
2026-02-02 16:33:25,638 - DEBUG - worker thread finished; awaiting finish of 4 more threads
2026-02-02 16:33:25,641 - DEBUG - worker exiting, processed 4341 jobs
2026-02-02 16:33:25,641 - DEBUG - worker thread finished; awaiting finish of 3 more threads
2026-02-02 16:33:25,644 - DEBUG - worker exiting, processed 4346 jobs
2026-02-02 16:33:25,644 - DEBUG - worker thread finished; awaiting finish of 2 more threads
2026-02-02 16:33:25,646 - DEBUG - worker exiting, processed 4342 jobs
2026-02-02 16:33:25,646 - DEBUG - worker thread finished; awaiting finish of 1 more threads
2026-02-02 16:33:25,653 - DEBUG - worker exiting, processed 4344 jobs
2026-02-02 16:33:25,653 - DEBUG - worker thread finished; awaiting finish of 0 more threads
2026-02-02 16:33:25,653 - INFO - EPOCH 4: training on 604933589 raw words (478679867 effective words) took 571.2s, 838059 effective words/s
2026-02-02 16:33:25,653 - INFO - Epoch 5 completed in 571.2s
2026-02-02 16:33:25,653 - INFO - Epoch 6 starting...
2026-02-02 16:33:26,662 - INFO - EPOCH 5 - PROGRESS: at 0.11% examples, 708756 words/s, in_qsize 25, out_qsize 2
2026-02-02 16:33:27,688 - INFO - EPOCH 5 - PROGRESS: at 0.27% examples, 735325 words/s, in_qsize 27, out_qsize 0
2026-02-02 16:33:28,696 - INFO - EPOCH 5 - PROGRESS: at 0.45% examples, 744575 words/s, in_qsize 27, out_qsize 0
2026-02-02 16:33:29,713 - INFO - EPOCH 5 - PROGRESS: at 0.63% examples, 762988 words/s, in_qsize 27, out_qsize 0
2026-02-02 16:33:30,715 - INFO - EPOCH 5 - PROGRESS: at 0.81% examples, 768819 words/s, in_qsize 28, out_qsize 1
2026-02-02 16:33:31,751 - INFO - EPOCH 5 - PROGRESS: at 0.98% examples, 759382 words/s, in_qsize 24, out_qsize 3
2026-02-02 16:33:32,792 - INFO - EPOCH 5 - PROGRESS: at 1.17% examples, 769511 words/s, in_qsize 27, out_qsize 0
2026-02-02 16:33:33,803 - INFO - EPOCH 5 - PROGRESS: at 1.33% examples, 765931 words/s, in_qsize 28, out_qsize 1
2026-02-02 16:33:34,842 - INFO - EPOCH 5 - PROGRESS: at 1.48% examples, 770759 words/s, in_qsize 26, out_qsize 4
2026-02-02 16:33:35,845 - INFO - EPOCH 5 - PROGRESS: at 1.65% examples, 787437 words/s, in_qsize 27, out_qsize 0
2026-02-02 16:33:36,847 - INFO - EPOCH 5 - PROGRESS: at 1.80% examples, 793258 words/s, in_qsize 27, out_qsize 0
2026-02-02 16:33:37,854 - INFO - EPOCH 5 - PROGRESS: at 1.94% examples, 792615 words/s, in_qsize 27, out_qsize 0
2026-02-02 16:33:38,854 - INFO - EPOCH 5 - PROGRESS: at 2.09% examples, 798163 words/s, in_qsize 28, out_qsize 1
2026-02-02 16:33:39,875 - INFO - EPOCH 5 - PROGRESS: at 2.24% examples, 804268 words/s, in_qsize 27, out_qsize 2
2026-02-02 16:33:40,884 - INFO - EPOCH 5 - PROGRESS: at 2.39% examples, 809449 words/s, in_qsize 28, out_qsize 0
2026-02-02 16:33:41,892 - INFO - EPOCH 5 - PROGRESS: at 2.55% examples, 814606 words/s, in_qsize 27, out_qsize 0
2026-02-02 16:33:42,922 - INFO - EPOCH 5 - PROGRESS: at 2.70% examples, 816844 words/s, in_qsize 25, out_qsize 2
2026-02-02 16:33:43,926 - INFO - EPOCH 5 - PROGRESS: at 2.86% examples, 820731 words/s, in_qsize 27, out_qsize 0
2026-02-02 16:33:44,927 - INFO - EPOCH 5 - PROGRESS: at 3.00% examples, 822395 words/s, in_qsize 28, out_qsize 0
2026-02-02 16:33:45,928 - INFO - EPOCH 5 - PROGRESS: at 3.14% examples, 821977 words/s, in_qsize 27, out_qsize 0
2026-02-02 16:33:46,958 - INFO - EPOCH 5 - PROGRESS: at 3.38% examples, 823966 words/s, in_qsize 25, out_qsize 3
2026-02-02 16:33:47,959 - INFO - EPOCH 5 - PROGRESS: at 3.55% examples, 827024 words/s, in_qsize 28, out_qsize 0
2026-02-02 16:33:48,970 - INFO - EPOCH 5 - PROGRESS: at 3.76% examples, 829962 words/s, in_qsize 28, out_qsize 0
2026-02-02 16:33:49,975 - INFO - EPOCH 5 - PROGRESS: at 3.92% examples, 830868 words/s, in_qsize 27, out_qsize 1
2026-02-02 16:33:50,993 - INFO - EPOCH 5 - PROGRESS: at 4.10% examples, 830401 words/s, in_qsize 28, out_qsize 2
2026-02-02 16:33:52,000 - INFO - EPOCH 5 - PROGRESS: at 4.28% examples, 828897 words/s, in_qsize 27, out_qsize 0
2026-02-02 16:33:53,021 - INFO - EPOCH 5 - PROGRESS: at 4.43% examples, 826231 words/s, in_qsize 28, out_qsize 0
2026-02-02 16:33:54,028 - INFO - EPOCH 5 - PROGRESS: at 4.57% examples, 825908 words/s, in_qsize 26, out_qsize 2
2026-02-02 16:33:55,050 - INFO - EPOCH 5 - PROGRESS: at 4.71% examples, 826452 words/s, in_qsize 28, out_qsize 2
2026-02-02 16:33:56,088 - INFO - EPOCH 5 - PROGRESS: at 4.84% examples, 826459 words/s, in_qsize 27, out_qsize 0
2026-02-02 16:33:57,121 - INFO - EPOCH 5 - PROGRESS: at 4.96% examples, 826848 words/s, in_qsize 27, out_qsize 0
2026-02-02 16:33:58,126 - INFO - EPOCH 5 - PROGRESS: at 5.14% examples, 828701 words/s, in_qsize 28, out_qsize 0
2026-02-02 16:33:59,130 - INFO - EPOCH 5 - PROGRESS: at 5.33% examples, 830489 words/s, in_qsize 27, out_qsize 0
2026-02-02 16:34:00,154 - INFO - EPOCH 5 - PROGRESS: at 5.52% examples, 831023 words/s, in_qsize 25, out_qsize 2
2026-02-02 16:34:01,156 - INFO - EPOCH 5 - PROGRESS: at 5.69% examples, 833232 words/s, in_qsize 27, out_qsize 0
2026-02-02 16:34:02,162 - INFO - EPOCH 5 - PROGRESS: at 5.83% examples, 832302 words/s, in_qsize 27, out_qsize 1
2026-02-02 16:34:03,189 - INFO - EPOCH 5 - PROGRESS: at 6.01% examples, 833121 words/s, in_qsize 26, out_qsize 1
2026-02-02 16:34:04,211 - INFO - EPOCH 5 - PROGRESS: at 6.20% examples, 833435 words/s, in_qsize 26, out_qsize 3
2026-02-02 16:34:05,216 - INFO - EPOCH 5 - PROGRESS: at 6.45% examples, 833941 words/s, in_qsize 27, out_qsize 0
2026-02-02 16:34:06,221 - INFO - EPOCH 5 - PROGRESS: at 6.66% examples, 831548 words/s, in_qsize 27, out_qsize 0
2026-02-02 16:34:07,229 - INFO - EPOCH 5 - PROGRESS: at 6.88% examples, 829009 words/s, in_qsize 27, out_qsize 0
2026-02-02 16:34:08,249 - INFO - EPOCH 5 - PROGRESS: at 7.09% examples, 826402 words/s, in_qsize 27, out_qsize 0
2026-02-02 16:34:09,258 - INFO - EPOCH 5 - PROGRESS: at 7.22% examples, 825318 words/s, in_qsize 27, out_qsize 0
2026-02-02 16:34:10,273 - INFO - EPOCH 5 - PROGRESS: at 7.36% examples, 823565 words/s, in_qsize 28, out_qsize 0
2026-02-02 16:34:11,281 - INFO - EPOCH 5 - PROGRESS: at 7.52% examples, 822173 words/s, in_qsize 25, out_qsize 2
2026-02-02 16:34:12,283 - INFO - EPOCH 5 - PROGRESS: at 7.66% examples, 821849 words/s, in_qsize 25, out_qsize 2
2026-02-02 16:34:13,312 - INFO - EPOCH 5 - PROGRESS: at 7.83% examples, 821220 words/s, in_qsize 27, out_qsize 0
2026-02-02 16:34:14,317 - INFO - EPOCH 5 - PROGRESS: at 7.99% examples, 820582 words/s, in_qsize 27, out_qsize 0
2026-02-02 16:34:15,318 - INFO - EPOCH 5 - PROGRESS: at 8.15% examples, 820965 words/s, in_qsize 24, out_qsize 5
2026-02-02 16:34:16,341 - INFO - EPOCH 5 - PROGRESS: at 8.31% examples, 821385 words/s, in_qsize 24, out_qsize 3
2026-02-02 16:34:17,342 - INFO - EPOCH 5 - PROGRESS: at 8.46% examples, 822349 words/s, in_qsize 27, out_qsize 0
2026-02-02 16:34:18,372 - INFO - EPOCH 5 - PROGRESS: at 8.58% examples, 822871 words/s, in_qsize 23, out_qsize 3
2026-02-02 16:34:19,389 - INFO - EPOCH 5 - PROGRESS: at 8.76% examples, 824514 words/s, in_qsize 26, out_qsize 1
2026-02-02 16:34:20,393 - INFO - EPOCH 5 - PROGRESS: at 8.95% examples, 825621 words/s, in_qsize 27, out_qsize 0
2026-02-02 16:34:21,413 - INFO - EPOCH 5 - PROGRESS: at 9.10% examples, 826376 words/s, in_qsize 27, out_qsize 0
2026-02-02 16:34:22,415 - INFO - EPOCH 5 - PROGRESS: at 9.26% examples, 826043 words/s, in_qsize 28, out_qsize 0
2026-02-02 16:34:23,421 - INFO - EPOCH 5 - PROGRESS: at 9.42% examples, 827252 words/s, in_qsize 26, out_qsize 0
2026-02-02 16:34:24,423 - INFO - EPOCH 5 - PROGRESS: at 9.57% examples, 828358 words/s, in_qsize 27, out_qsize 0
2026-02-02 16:34:25,434 - INFO - EPOCH 5 - PROGRESS: at 9.74% examples, 828398 words/s, in_qsize 28, out_qsize 0
2026-02-02 16:34:26,446 - INFO - EPOCH 5 - PROGRESS: at 9.93% examples, 828849 words/s, in_qsize 28, out_qsize 2
2026-02-02 16:34:27,483 - INFO - EPOCH 5 - PROGRESS: at 10.11% examples, 828063 words/s, in_qsize 27, out_qsize 4
2026-02-02 16:34:28,487 - INFO - EPOCH 5 - PROGRESS: at 10.28% examples, 828530 words/s, in_qsize 28, out_qsize 0
2026-02-02 16:34:29,506 - INFO - EPOCH 5 - PROGRESS: at 10.46% examples, 828893 words/s, in_qsize 28, out_qsize 0
2026-02-02 16:34:30,508 - INFO - EPOCH 5 - PROGRESS: at 10.63% examples, 829443 words/s, in_qsize 27, out_qsize 0
2026-02-02 16:34:31,510 - INFO - EPOCH 5 - PROGRESS: at 10.84% examples, 828419 words/s, in_qsize 20, out_qsize 7
2026-02-02 16:34:32,530 - INFO - EPOCH 5 - PROGRESS: at 11.03% examples, 826266 words/s, in_qsize 27, out_qsize 0
2026-02-02 16:34:33,539 - INFO - EPOCH 5 - PROGRESS: at 11.22% examples, 824761 words/s, in_qsize 27, out_qsize 0
2026-02-02 16:34:34,555 - INFO - EPOCH 5 - PROGRESS: at 11.43% examples, 823226 words/s, in_qsize 27, out_qsize 0
2026-02-02 16:34:35,586 - INFO - EPOCH 5 - PROGRESS: at 11.61% examples, 822938 words/s, in_qsize 27, out_qsize 2
2026-02-02 16:34:36,594 - INFO - EPOCH 5 - PROGRESS: at 11.76% examples, 823938 words/s, in_qsize 27, out_qsize 0
2026-02-02 16:34:37,611 - INFO - EPOCH 5 - PROGRESS: at 12.03% examples, 824376 words/s, in_qsize 28, out_qsize 1
2026-02-02 16:34:38,619 - INFO - EPOCH 5 - PROGRESS: at 12.30% examples, 825223 words/s, in_qsize 26, out_qsize 5
2026-02-02 16:34:39,630 - INFO - EPOCH 5 - PROGRESS: at 12.59% examples, 826855 words/s, in_qsize 27, out_qsize 1
2026-02-02 16:34:40,644 - INFO - EPOCH 5 - PROGRESS: at 12.86% examples, 827276 words/s, in_qsize 28, out_qsize 0
2026-02-02 16:34:41,656 - INFO - EPOCH 5 - PROGRESS: at 13.14% examples, 828007 words/s, in_qsize 25, out_qsize 3
2026-02-02 16:34:42,703 - INFO - EPOCH 5 - PROGRESS: at 13.43% examples, 829040 words/s, in_qsize 27, out_qsize 3
2026-02-02 16:34:43,805 - INFO - EPOCH 5 - PROGRESS: at 13.72% examples, 829373 words/s, in_qsize 26, out_qsize 14
2026-02-02 16:34:44,810 - INFO - EPOCH 5 - PROGRESS: at 14.05% examples, 831980 words/s, in_qsize 27, out_qsize 1
2026-02-02 16:34:45,833 - INFO - EPOCH 5 - PROGRESS: at 14.26% examples, 832534 words/s, in_qsize 26, out_qsize 4
2026-02-02 16:34:46,839 - INFO - EPOCH 5 - PROGRESS: at 14.48% examples, 833434 words/s, in_qsize 27, out_qsize 0
2026-02-02 16:34:47,847 - INFO - EPOCH 5 - PROGRESS: at 14.68% examples, 832984 words/s, in_qsize 25, out_qsize 3
2026-02-02 16:34:48,856 - INFO - EPOCH 5 - PROGRESS: at 14.88% examples, 833092 words/s, in_qsize 26, out_qsize 1
2026-02-02 16:34:49,878 - INFO - EPOCH 5 - PROGRESS: at 15.08% examples, 832503 words/s, in_qsize 26, out_qsize 1
2026-02-02 16:34:50,889 - INFO - EPOCH 5 - PROGRESS: at 15.26% examples, 831294 words/s, in_qsize 28, out_qsize 0
2026-02-02 16:34:51,894 - INFO - EPOCH 5 - PROGRESS: at 15.43% examples, 830406 words/s, in_qsize 27, out_qsize 0
2026-02-02 16:34:52,901 - INFO - EPOCH 5 - PROGRESS: at 15.64% examples, 830597 words/s, in_qsize 28, out_qsize 0
2026-02-02 16:34:53,905 - INFO - EPOCH 5 - PROGRESS: at 15.86% examples, 831404 words/s, in_qsize 27, out_qsize 0
2026-02-02 16:34:54,909 - INFO - EPOCH 5 - PROGRESS: at 16.08% examples, 831943 words/s, in_qsize 28, out_qsize 2
2026-02-02 16:34:55,917 - INFO - EPOCH 5 - PROGRESS: at 16.31% examples, 832944 words/s, in_qsize 27, out_qsize 0
2026-02-02 16:34:56,926 - INFO - EPOCH 5 - PROGRESS: at 16.54% examples, 834006 words/s, in_qsize 28, out_qsize 0
2026-02-02 16:34:57,928 - INFO - EPOCH 5 - PROGRESS: at 16.76% examples, 834763 words/s, in_qsize 28, out_qsize 0
2026-02-02 16:34:58,941 - INFO - EPOCH 5 - PROGRESS: at 16.99% examples, 835582 words/s, in_qsize 27, out_qsize 4
2026-02-02 16:34:59,963 - INFO - EPOCH 5 - PROGRESS: at 17.22% examples, 836549 words/s, in_qsize 26, out_qsize 2
2026-02-02 16:35:00,964 - INFO - EPOCH 5 - PROGRESS: at 17.45% examples, 837429 words/s, in_qsize 27, out_qsize 0
2026-02-02 16:35:01,975 - INFO - EPOCH 5 - PROGRESS: at 17.67% examples, 837755 words/s, in_qsize 26, out_qsize 1
2026-02-02 16:35:02,994 - INFO - EPOCH 5 - PROGRESS: at 17.88% examples, 837835 words/s, in_qsize 27, out_qsize 0
2026-02-02 16:35:04,005 - INFO - EPOCH 5 - PROGRESS: at 18.10% examples, 838149 words/s, in_qsize 28, out_qsize 0
2026-02-02 16:35:05,016 - INFO - EPOCH 5 - PROGRESS: at 18.32% examples, 838607 words/s, in_qsize 28, out_qsize 0
2026-02-02 16:35:06,018 - INFO - EPOCH 5 - PROGRESS: at 18.53% examples, 838813 words/s, in_qsize 24, out_qsize 1
2026-02-02 16:35:07,028 - INFO - EPOCH 5 - PROGRESS: at 18.70% examples, 838008 words/s, in_qsize 27, out_qsize 0
2026-02-02 16:35:08,054 - INFO - EPOCH 5 - PROGRESS: at 18.85% examples, 838015 words/s, in_qsize 27, out_qsize 0
2026-02-02 16:35:09,054 - INFO - EPOCH 5 - PROGRESS: at 19.01% examples, 838316 words/s, in_qsize 27, out_qsize 2
2026-02-02 16:35:10,090 - INFO - EPOCH 5 - PROGRESS: at 19.17% examples, 837177 words/s, in_qsize 27, out_qsize 0
2026-02-02 16:35:11,121 - INFO - EPOCH 5 - PROGRESS: at 19.32% examples, 836092 words/s, in_qsize 27, out_qsize 2
2026-02-02 16:35:12,127 - INFO - EPOCH 5 - PROGRESS: at 19.50% examples, 835300 words/s, in_qsize 27, out_qsize 0
2026-02-02 16:35:13,129 - INFO - EPOCH 5 - PROGRESS: at 19.66% examples, 835003 words/s, in_qsize 25, out_qsize 2
2026-02-02 16:35:14,143 - INFO - EPOCH 5 - PROGRESS: at 19.85% examples, 835031 words/s, in_qsize 28, out_qsize 0
2026-02-02 16:35:15,154 - INFO - EPOCH 5 - PROGRESS: at 20.03% examples, 834151 words/s, in_qsize 28, out_qsize 1
2026-02-02 16:35:16,154 - INFO - EPOCH 5 - PROGRESS: at 20.21% examples, 834256 words/s, in_qsize 27, out_qsize 0
2026-02-02 16:35:17,167 - INFO - EPOCH 5 - PROGRESS: at 20.35% examples, 834469 words/s, in_qsize 27, out_qsize 0
2026-02-02 16:35:18,176 - INFO - EPOCH 5 - PROGRESS: at 20.49% examples, 834931 words/s, in_qsize 28, out_qsize 1
2026-02-02 16:35:19,181 - INFO - EPOCH 5 - PROGRESS: at 20.62% examples, 834879 words/s, in_qsize 26, out_qsize 2
2026-02-02 16:35:20,196 - INFO - EPOCH 5 - PROGRESS: at 20.75% examples, 834876 words/s, in_qsize 27, out_qsize 0
2026-02-02 16:35:21,214 - INFO - EPOCH 5 - PROGRESS: at 20.88% examples, 834080 words/s, in_qsize 28, out_qsize 0
2026-02-02 16:35:22,216 - INFO - EPOCH 5 - PROGRESS: at 21.08% examples, 833867 words/s, in_qsize 28, out_qsize 1
2026-02-02 16:35:23,218 - INFO - EPOCH 5 - PROGRESS: at 21.30% examples, 833493 words/s, in_qsize 27, out_qsize 0
2026-02-02 16:35:24,241 - INFO - EPOCH 5 - PROGRESS: at 21.46% examples, 831855 words/s, in_qsize 27, out_qsize 0
2026-02-02 16:35:25,249 - INFO - EPOCH 5 - PROGRESS: at 21.61% examples, 832155 words/s, in_qsize 25, out_qsize 1
2026-02-02 16:35:26,267 - INFO - EPOCH 5 - PROGRESS: at 21.78% examples, 832412 words/s, in_qsize 27, out_qsize 0
2026-02-02 16:35:27,284 - INFO - EPOCH 5 - PROGRESS: at 21.98% examples, 832796 words/s, in_qsize 27, out_qsize 0
2026-02-02 16:35:28,312 - INFO - EPOCH 5 - PROGRESS: at 22.16% examples, 832756 words/s, in_qsize 26, out_qsize 1
2026-02-02 16:35:29,313 - INFO - EPOCH 5 - PROGRESS: at 22.43% examples, 833216 words/s, in_qsize 27, out_qsize 0
2026-02-02 16:35:30,321 - INFO - EPOCH 5 - PROGRESS: at 22.75% examples, 833655 words/s, in_qsize 28, out_qsize 1
2026-02-02 16:35:31,322 - INFO - EPOCH 5 - PROGRESS: at 22.95% examples, 833948 words/s, in_qsize 26, out_qsize 1
2026-02-02 16:35:32,333 - INFO - EPOCH 5 - PROGRESS: at 23.15% examples, 833770 words/s, in_qsize 28, out_qsize 3
2026-02-02 16:35:33,335 - INFO - EPOCH 5 - PROGRESS: at 23.38% examples, 834498 words/s, in_qsize 28, out_qsize 0
2026-02-02 16:35:34,337 - INFO - EPOCH 5 - PROGRESS: at 23.59% examples, 834720 words/s, in_qsize 22, out_qsize 5
2026-02-02 16:35:35,360 - INFO - EPOCH 5 - PROGRESS: at 23.82% examples, 835111 words/s, in_qsize 25, out_qsize 2
2026-02-02 16:35:36,365 - INFO - EPOCH 5 - PROGRESS: at 24.05% examples, 835665 words/s, in_qsize 27, out_qsize 0
2026-02-02 16:35:37,376 - INFO - EPOCH 5 - PROGRESS: at 24.25% examples, 835590 words/s, in_qsize 28, out_qsize 0
2026-02-02 16:35:38,417 - INFO - EPOCH 5 - PROGRESS: at 24.41% examples, 834899 words/s, in_qsize 24, out_qsize 6
2026-02-02 16:35:39,428 - INFO - EPOCH 5 - PROGRESS: at 24.57% examples, 834716 words/s, in_qsize 27, out_qsize 0
2026-02-02 16:35:40,449 - INFO - EPOCH 5 - PROGRESS: at 24.72% examples, 834061 words/s, in_qsize 27, out_qsize 1
2026-02-02 16:35:41,474 - INFO - EPOCH 5 - PROGRESS: at 24.87% examples, 833398 words/s, in_qsize 27, out_qsize 1
2026-02-02 16:35:42,483 - INFO - EPOCH 5 - PROGRESS: at 25.02% examples, 832781 words/s, in_qsize 28, out_qsize 0
2026-02-02 16:35:43,487 - INFO - EPOCH 5 - PROGRESS: at 25.18% examples, 832426 words/s, in_qsize 28, out_qsize 0
2026-02-02 16:35:44,488 - INFO - EPOCH 5 - PROGRESS: at 25.33% examples, 832667 words/s, in_qsize 27, out_qsize 2
2026-02-02 16:35:45,575 - INFO - EPOCH 5 - PROGRESS: at 25.53% examples, 832818 words/s, in_qsize 24, out_qsize 6
2026-02-02 16:35:46,576 - INFO - EPOCH 5 - PROGRESS: at 25.74% examples, 833235 words/s, in_qsize 27, out_qsize 0
2026-02-02 16:35:47,618 - INFO - EPOCH 5 - PROGRESS: at 25.93% examples, 832716 words/s, in_qsize 28, out_qsize 1
2026-02-02 16:35:48,632 - INFO - EPOCH 5 - PROGRESS: at 26.13% examples, 833071 words/s, in_qsize 26, out_qsize 1
2026-02-02 16:35:49,650 - INFO - EPOCH 5 - PROGRESS: at 26.36% examples, 833322 words/s, in_qsize 26, out_qsize 3
2026-02-02 16:35:50,654 - INFO - EPOCH 5 - PROGRESS: at 26.60% examples, 833643 words/s, in_qsize 28, out_qsize 1
2026-02-02 16:35:51,659 - INFO - EPOCH 5 - PROGRESS: at 26.82% examples, 834090 words/s, in_qsize 27, out_qsize 0
2026-02-02 16:35:52,664 - INFO - EPOCH 5 - PROGRESS: at 27.04% examples, 834500 words/s, in_qsize 27, out_qsize 2
2026-02-02 16:35:53,666 - INFO - EPOCH 5 - PROGRESS: at 27.24% examples, 834545 words/s, in_qsize 27, out_qsize 2
2026-02-02 16:35:54,680 - INFO - EPOCH 5 - PROGRESS: at 27.36% examples, 834736 words/s, in_qsize 27, out_qsize 6
2026-02-02 16:35:55,815 - INFO - EPOCH 5 - PROGRESS: at 27.49% examples, 834094 words/s, in_qsize 24, out_qsize 13
2026-02-02 16:35:56,824 - INFO - EPOCH 5 - PROGRESS: at 27.67% examples, 833889 words/s, in_qsize 28, out_qsize 2
2026-02-02 16:35:57,831 - INFO - EPOCH 5 - PROGRESS: at 27.85% examples, 833756 words/s, in_qsize 28, out_qsize 2
2026-02-02 16:35:58,846 - INFO - EPOCH 5 - PROGRESS: at 28.02% examples, 834126 words/s, in_qsize 26, out_qsize 1
2026-02-02 16:35:59,862 - INFO - EPOCH 5 - PROGRESS: at 28.12% examples, 834297 words/s, in_qsize 28, out_qsize 2
2026-02-02 16:36:00,896 - INFO - EPOCH 5 - PROGRESS: at 28.30% examples, 834406 words/s, in_qsize 27, out_qsize 5
2026-02-02 16:36:01,899 - INFO - EPOCH 5 - PROGRESS: at 28.50% examples, 835039 words/s, in_qsize 27, out_qsize 0
2026-02-02 16:36:02,919 - INFO - EPOCH 5 - PROGRESS: at 28.69% examples, 835257 words/s, in_qsize 27, out_qsize 0
2026-02-02 16:36:03,920 - INFO - EPOCH 5 - PROGRESS: at 28.88% examples, 835574 words/s, in_qsize 26, out_qsize 1
2026-02-02 16:36:04,920 - INFO - EPOCH 5 - PROGRESS: at 29.07% examples, 835833 words/s, in_qsize 27, out_qsize 0
2026-02-02 16:36:05,937 - INFO - EPOCH 5 - PROGRESS: at 29.26% examples, 836109 words/s, in_qsize 28, out_qsize 1
2026-02-02 16:36:06,945 - INFO - EPOCH 5 - PROGRESS: at 29.44% examples, 835931 words/s, in_qsize 25, out_qsize 3
2026-02-02 16:36:07,988 - INFO - EPOCH 5 - PROGRESS: at 29.63% examples, 835865 words/s, in_qsize 28, out_qsize 1
2026-02-02 16:36:09,043 - INFO - EPOCH 5 - PROGRESS: at 29.85% examples, 835264 words/s, in_qsize 28, out_qsize 2
2026-02-02 16:36:10,072 - INFO - EPOCH 5 - PROGRESS: at 30.02% examples, 834767 words/s, in_qsize 27, out_qsize 2
2026-02-02 16:36:11,092 - INFO - EPOCH 5 - PROGRESS: at 30.19% examples, 835165 words/s, in_qsize 28, out_qsize 0
2026-02-02 16:36:12,121 - INFO - EPOCH 5 - PROGRESS: at 30.34% examples, 834483 words/s, in_qsize 27, out_qsize 0
2026-02-02 16:36:13,145 - INFO - EPOCH 5 - PROGRESS: at 30.52% examples, 834558 words/s, in_qsize 27, out_qsize 0
2026-02-02 16:36:14,157 - INFO - EPOCH 5 - PROGRESS: at 30.71% examples, 834716 words/s, in_qsize 27, out_qsize 0
2026-02-02 16:36:15,164 - INFO - EPOCH 5 - PROGRESS: at 30.85% examples, 834461 words/s, in_qsize 27, out_qsize 2
2026-02-02 16:36:16,176 - INFO - EPOCH 5 - PROGRESS: at 31.01% examples, 834699 words/s, in_qsize 28, out_qsize 4
2026-02-02 16:36:17,204 - INFO - EPOCH 5 - PROGRESS: at 31.17% examples, 834904 words/s, in_qsize 24, out_qsize 3
2026-02-02 16:36:18,213 - INFO - EPOCH 5 - PROGRESS: at 31.34% examples, 835245 words/s, in_qsize 26, out_qsize 1
2026-02-02 16:36:19,222 - INFO - EPOCH 5 - PROGRESS: at 31.49% examples, 835459 words/s, in_qsize 28, out_qsize 0
2026-02-02 16:36:20,223 - INFO - EPOCH 5 - PROGRESS: at 31.65% examples, 835637 words/s, in_qsize 26, out_qsize 1
2026-02-02 16:36:21,227 - INFO - EPOCH 5 - PROGRESS: at 31.81% examples, 835794 words/s, in_qsize 28, out_qsize 0
2026-02-02 16:36:22,260 - INFO - EPOCH 5 - PROGRESS: at 31.97% examples, 835988 words/s, in_qsize 27, out_qsize 4
2026-02-02 16:36:23,290 - INFO - EPOCH 5 - PROGRESS: at 32.16% examples, 836402 words/s, in_qsize 27, out_qsize 1
2026-02-02 16:36:24,290 - INFO - EPOCH 5 - PROGRESS: at 32.33% examples, 836632 words/s, in_qsize 25, out_qsize 2
2026-02-02 16:36:25,335 - INFO - EPOCH 5 - PROGRESS: at 32.58% examples, 836666 words/s, in_qsize 23, out_qsize 5
2026-02-02 16:36:26,359 - INFO - EPOCH 5 - PROGRESS: at 32.80% examples, 837132 words/s, in_qsize 26, out_qsize 1
2026-02-02 16:36:27,370 - INFO - EPOCH 5 - PROGRESS: at 32.99% examples, 837294 words/s, in_qsize 28, out_qsize 1
2026-02-02 16:36:28,387 - INFO - EPOCH 5 - PROGRESS: at 33.20% examples, 837288 words/s, in_qsize 27, out_qsize 0
2026-02-02 16:36:29,389 - INFO - EPOCH 5 - PROGRESS: at 33.41% examples, 837303 words/s, in_qsize 27, out_qsize 0
2026-02-02 16:36:30,402 - INFO - EPOCH 5 - PROGRESS: at 33.59% examples, 836688 words/s, in_qsize 27, out_qsize 0
2026-02-02 16:36:31,435 - INFO - EPOCH 5 - PROGRESS: at 33.78% examples, 836319 words/s, in_qsize 25, out_qsize 3
2026-02-02 16:36:32,455 - INFO - EPOCH 5 - PROGRESS: at 33.99% examples, 836338 words/s, in_qsize 28, out_qsize 0
2026-02-02 16:36:33,456 - INFO - EPOCH 5 - PROGRESS: at 34.14% examples, 835915 words/s, in_qsize 28, out_qsize 1
2026-02-02 16:36:34,463 - INFO - EPOCH 5 - PROGRESS: at 34.25% examples, 836055 words/s, in_qsize 21, out_qsize 3
2026-02-02 16:36:35,491 - INFO - EPOCH 5 - PROGRESS: at 34.44% examples, 836201 words/s, in_qsize 27, out_qsize 1
2026-02-02 16:36:36,525 - INFO - EPOCH 5 - PROGRESS: at 34.58% examples, 836311 words/s, in_qsize 27, out_qsize 1
2026-02-02 16:36:37,552 - INFO - EPOCH 5 - PROGRESS: at 34.72% examples, 836360 words/s, in_qsize 28, out_qsize 3
2026-02-02 16:36:38,562 - INFO - EPOCH 5 - PROGRESS: at 34.86% examples, 836516 words/s, in_qsize 27, out_qsize 0
2026-02-02 16:36:39,596 - INFO - EPOCH 5 - PROGRESS: at 35.00% examples, 836456 words/s, in_qsize 23, out_qsize 4
2026-02-02 16:36:40,609 - INFO - EPOCH 5 - PROGRESS: at 35.19% examples, 836611 words/s, in_qsize 28, out_qsize 2
2026-02-02 16:36:41,610 - INFO - EPOCH 5 - PROGRESS: at 35.39% examples, 836500 words/s, in_qsize 25, out_qsize 0
2026-02-02 16:36:42,626 - INFO - EPOCH 5 - PROGRESS: at 35.61% examples, 836491 words/s, in_qsize 27, out_qsize 0
2026-02-02 16:36:43,627 - INFO - EPOCH 5 - PROGRESS: at 35.79% examples, 836087 words/s, in_qsize 26, out_qsize 1
2026-02-02 16:36:44,656 - INFO - EPOCH 5 - PROGRESS: at 35.96% examples, 835723 words/s, in_qsize 27, out_qsize 1
2026-02-02 16:36:45,669 - INFO - EPOCH 5 - PROGRESS: at 36.14% examples, 835407 words/s, in_qsize 25, out_qsize 2
2026-02-02 16:36:46,801 - INFO - EPOCH 5 - PROGRESS: at 36.31% examples, 834987 words/s, in_qsize 28, out_qsize 0
2026-02-02 16:36:47,811 - INFO - EPOCH 5 - PROGRESS: at 36.47% examples, 834726 words/s, in_qsize 28, out_qsize 2
2026-02-02 16:36:48,825 - INFO - EPOCH 5 - PROGRESS: at 36.63% examples, 834446 words/s, in_qsize 28, out_qsize 0
2026-02-02 16:36:49,828 - INFO - EPOCH 5 - PROGRESS: at 36.77% examples, 834054 words/s, in_qsize 28, out_qsize 1
2026-02-02 16:36:50,856 - INFO - EPOCH 5 - PROGRESS: at 36.93% examples, 833584 words/s, in_qsize 28, out_qsize 1
2026-02-02 16:36:51,877 - INFO - EPOCH 5 - PROGRESS: at 37.09% examples, 833150 words/s, in_qsize 28, out_qsize 0
2026-02-02 16:36:52,878 - INFO - EPOCH 5 - PROGRESS: at 37.24% examples, 833184 words/s, in_qsize 26, out_qsize 1
2026-02-02 16:36:53,883 - INFO - EPOCH 5 - PROGRESS: at 37.40% examples, 833338 words/s, in_qsize 25, out_qsize 1
2026-02-02 16:36:54,936 - INFO - EPOCH 5 - PROGRESS: at 37.54% examples, 833435 words/s, in_qsize 27, out_qsize 1
2026-02-02 16:36:55,961 - INFO - EPOCH 5 - PROGRESS: at 37.69% examples, 833062 words/s, in_qsize 28, out_qsize 2
2026-02-02 16:36:56,994 - INFO - EPOCH 5 - PROGRESS: at 37.84% examples, 833067 words/s, in_qsize 28, out_qsize 0
2026-02-02 16:36:58,041 - INFO - EPOCH 5 - PROGRESS: at 38.00% examples, 833138 words/s, in_qsize 26, out_qsize 1
2026-02-02 16:36:59,051 - INFO - EPOCH 5 - PROGRESS: at 38.13% examples, 833165 words/s, in_qsize 27, out_qsize 0
2026-02-02 16:37:00,059 - INFO - EPOCH 5 - PROGRESS: at 38.26% examples, 833006 words/s, in_qsize 26, out_qsize 0
2026-02-02 16:37:01,103 - INFO - EPOCH 5 - PROGRESS: at 38.41% examples, 833061 words/s, in_qsize 27, out_qsize 5
2026-02-02 16:37:02,121 - INFO - EPOCH 5 - PROGRESS: at 38.57% examples, 833478 words/s, in_qsize 25, out_qsize 1
2026-02-02 16:37:03,142 - INFO - EPOCH 5 - PROGRESS: at 38.80% examples, 833697 words/s, in_qsize 26, out_qsize 4
2026-02-02 16:37:04,192 - INFO - EPOCH 5 - PROGRESS: at 39.06% examples, 833766 words/s, in_qsize 23, out_qsize 8
2026-02-02 16:37:05,216 - INFO - EPOCH 5 - PROGRESS: at 39.19% examples, 833588 words/s, in_qsize 28, out_qsize 0
2026-02-02 16:37:06,220 - INFO - EPOCH 5 - PROGRESS: at 39.33% examples, 833702 words/s, in_qsize 27, out_qsize 0
2026-02-02 16:37:07,239 - INFO - EPOCH 5 - PROGRESS: at 39.47% examples, 833823 words/s, in_qsize 28, out_qsize 2
2026-02-02 16:37:08,270 - INFO - EPOCH 5 - PROGRESS: at 39.66% examples, 834104 words/s, in_qsize 27, out_qsize 0
2026-02-02 16:37:09,297 - INFO - EPOCH 5 - PROGRESS: at 39.84% examples, 834356 words/s, in_qsize 28, out_qsize 1
2026-02-02 16:37:10,325 - INFO - EPOCH 5 - PROGRESS: at 39.99% examples, 834034 words/s, in_qsize 28, out_qsize 1
2026-02-02 16:37:11,358 - INFO - EPOCH 5 - PROGRESS: at 40.16% examples, 833995 words/s, in_qsize 26, out_qsize 1
2026-02-02 16:37:12,386 - INFO - EPOCH 5 - PROGRESS: at 40.32% examples, 834144 words/s, in_qsize 27, out_qsize 0
2026-02-02 16:37:13,395 - INFO - EPOCH 5 - PROGRESS: at 40.49% examples, 834243 words/s, in_qsize 26, out_qsize 1
2026-02-02 16:37:14,403 - INFO - EPOCH 5 - PROGRESS: at 40.67% examples, 834018 words/s, in_qsize 25, out_qsize 1
2026-02-02 16:37:15,403 - INFO - EPOCH 5 - PROGRESS: at 40.86% examples, 834085 words/s, in_qsize 27, out_qsize 0
2026-02-02 16:37:16,438 - INFO - EPOCH 5 - PROGRESS: at 41.05% examples, 834064 words/s, in_qsize 27, out_qsize 3
2026-02-02 16:37:17,455 - INFO - EPOCH 5 - PROGRESS: at 41.26% examples, 834308 words/s, in_qsize 25, out_qsize 2
2026-02-02 16:37:18,456 - INFO - EPOCH 5 - PROGRESS: at 41.43% examples, 834456 words/s, in_qsize 27, out_qsize 0
2026-02-02 16:37:19,459 - INFO - EPOCH 5 - PROGRESS: at 41.59% examples, 834665 words/s, in_qsize 28, out_qsize 2
2026-02-02 16:37:20,462 - INFO - EPOCH 5 - PROGRESS: at 41.72% examples, 834817 words/s, in_qsize 22, out_qsize 3
2026-02-02 16:37:21,470 - INFO - EPOCH 5 - PROGRESS: at 41.86% examples, 834990 words/s, in_qsize 28, out_qsize 1
2026-02-02 16:37:22,475 - INFO - EPOCH 5 - PROGRESS: at 41.99% examples, 835153 words/s, in_qsize 27, out_qsize 1
2026-02-02 16:37:23,492 - INFO - EPOCH 5 - PROGRESS: at 42.11% examples, 835311 words/s, in_qsize 28, out_qsize 1
2026-02-02 16:37:24,497 - INFO - EPOCH 5 - PROGRESS: at 42.24% examples, 835420 words/s, in_qsize 27, out_qsize 0
2026-02-02 16:37:25,499 - INFO - EPOCH 5 - PROGRESS: at 42.44% examples, 835327 words/s, in_qsize 24, out_qsize 3
2026-02-02 16:37:26,507 - INFO - EPOCH 5 - PROGRESS: at 42.69% examples, 835541 words/s, in_qsize 28, out_qsize 0
2026-02-02 16:37:27,595 - INFO - EPOCH 5 - PROGRESS: at 42.84% examples, 835286 words/s, in_qsize 28, out_qsize 9
2026-02-02 16:37:28,597 - INFO - EPOCH 5 - PROGRESS: at 43.06% examples, 835199 words/s, in_qsize 28, out_qsize 0
2026-02-02 16:37:29,607 - INFO - EPOCH 5 - PROGRESS: at 43.27% examples, 834892 words/s, in_qsize 28, out_qsize 0
2026-02-02 16:37:30,653 - INFO - EPOCH 5 - PROGRESS: at 43.41% examples, 834869 words/s, in_qsize 27, out_qsize 2
2026-02-02 16:37:31,653 - INFO - EPOCH 5 - PROGRESS: at 43.55% examples, 834945 words/s, in_qsize 28, out_qsize 4
2026-02-02 16:37:32,676 - INFO - EPOCH 5 - PROGRESS: at 43.68% examples, 834970 words/s, in_qsize 27, out_qsize 2
2026-02-02 16:37:33,696 - INFO - EPOCH 5 - PROGRESS: at 43.80% examples, 835049 words/s, in_qsize 27, out_qsize 0
2026-02-02 16:37:34,724 - INFO - EPOCH 5 - PROGRESS: at 43.94% examples, 834811 words/s, in_qsize 26, out_qsize 1
2026-02-02 16:37:35,730 - INFO - EPOCH 5 - PROGRESS: at 44.21% examples, 834816 words/s, in_qsize 28, out_qsize 1
2026-02-02 16:37:36,741 - INFO - EPOCH 5 - PROGRESS: at 44.48% examples, 834739 words/s, in_qsize 27, out_qsize 0
2026-02-02 16:37:37,759 - INFO - EPOCH 5 - PROGRESS: at 44.69% examples, 834394 words/s, in_qsize 27, out_qsize 0
2026-02-02 16:37:38,769 - INFO - EPOCH 5 - PROGRESS: at 44.82% examples, 834101 words/s, in_qsize 28, out_qsize 1
2026-02-02 16:37:39,782 - INFO - EPOCH 5 - PROGRESS: at 44.96% examples, 834091 words/s, in_qsize 25, out_qsize 3
2026-02-02 16:37:40,795 - INFO - EPOCH 5 - PROGRESS: at 45.16% examples, 834265 words/s, in_qsize 28, out_qsize 0
2026-02-02 16:37:41,800 - INFO - EPOCH 5 - PROGRESS: at 45.29% examples, 834356 words/s, in_qsize 27, out_qsize 0
2026-02-02 16:37:42,816 - INFO - EPOCH 5 - PROGRESS: at 45.42% examples, 834363 words/s, in_qsize 26, out_qsize 1
2026-02-02 16:37:43,820 - INFO - EPOCH 5 - PROGRESS: at 45.55% examples, 834365 words/s, in_qsize 28, out_qsize 2
2026-02-02 16:37:44,833 - INFO - EPOCH 5 - PROGRESS: at 45.68% examples, 834253 words/s, in_qsize 26, out_qsize 1
2026-02-02 16:37:45,895 - INFO - EPOCH 5 - PROGRESS: at 45.81% examples, 834194 words/s, in_qsize 27, out_qsize 9
2026-02-02 16:37:46,897 - INFO - EPOCH 5 - PROGRESS: at 45.94% examples, 833786 words/s, in_qsize 21, out_qsize 8
2026-02-02 16:37:47,908 - INFO - EPOCH 5 - PROGRESS: at 46.09% examples, 833793 words/s, in_qsize 27, out_qsize 0
2026-02-02 16:37:48,935 - INFO - EPOCH 5 - PROGRESS: at 46.23% examples, 833816 words/s, in_qsize 28, out_qsize 2
2026-02-02 16:37:49,949 - INFO - EPOCH 5 - PROGRESS: at 46.38% examples, 834095 words/s, in_qsize 28, out_qsize 0
2026-02-02 16:37:50,961 - INFO - EPOCH 5 - PROGRESS: at 46.53% examples, 834179 words/s, in_qsize 28, out_qsize 0
2026-02-02 16:37:51,982 - INFO - EPOCH 5 - PROGRESS: at 46.85% examples, 834177 words/s, in_qsize 25, out_qsize 5
2026-02-02 16:37:53,012 - INFO - EPOCH 5 - PROGRESS: at 47.15% examples, 834445 words/s, in_qsize 27, out_qsize 2
2026-02-02 16:37:54,019 - INFO - EPOCH 5 - PROGRESS: at 47.31% examples, 834648 words/s, in_qsize 27, out_qsize 1
2026-02-02 16:37:55,039 - INFO - EPOCH 5 - PROGRESS: at 47.47% examples, 834769 words/s, in_qsize 25, out_qsize 0
2026-02-02 16:37:56,052 - INFO - EPOCH 5 - PROGRESS: at 47.64% examples, 834855 words/s, in_qsize 26, out_qsize 1
2026-02-02 16:37:57,070 - INFO - EPOCH 5 - PROGRESS: at 47.80% examples, 834890 words/s, in_qsize 27, out_qsize 0
2026-02-02 16:37:58,086 - INFO - EPOCH 5 - PROGRESS: at 47.95% examples, 834701 words/s, in_qsize 27, out_qsize 0
2026-02-02 16:37:59,099 - INFO - EPOCH 5 - PROGRESS: at 48.11% examples, 834870 words/s, in_qsize 26, out_qsize 1
2026-02-02 16:38:00,108 - INFO - EPOCH 5 - PROGRESS: at 48.25% examples, 834678 words/s, in_qsize 28, out_qsize 0
2026-02-02 16:38:01,109 - INFO - EPOCH 5 - PROGRESS: at 48.40% examples, 834450 words/s, in_qsize 28, out_qsize 0
2026-02-02 16:38:02,118 - INFO - EPOCH 5 - PROGRESS: at 48.54% examples, 834259 words/s, in_qsize 27, out_qsize 2
2026-02-02 16:38:03,119 - INFO - EPOCH 5 - PROGRESS: at 48.70% examples, 834263 words/s, in_qsize 27, out_qsize 0
2026-02-02 16:38:04,138 - INFO - EPOCH 5 - PROGRESS: at 48.86% examples, 834444 words/s, in_qsize 26, out_qsize 1
2026-02-02 16:38:05,155 - INFO - EPOCH 5 - PROGRESS: at 49.03% examples, 834538 words/s, in_qsize 27, out_qsize 2
2026-02-02 16:38:06,176 - INFO - EPOCH 5 - PROGRESS: at 49.19% examples, 834683 words/s, in_qsize 28, out_qsize 2
2026-02-02 16:38:07,182 - INFO - EPOCH 5 - PROGRESS: at 49.36% examples, 834899 words/s, in_qsize 27, out_qsize 0
2026-02-02 16:38:08,189 - INFO - EPOCH 5 - PROGRESS: at 49.52% examples, 834935 words/s, in_qsize 27, out_qsize 2
2026-02-02 16:38:09,193 - INFO - EPOCH 5 - PROGRESS: at 49.68% examples, 835011 words/s, in_qsize 27, out_qsize 2
2026-02-02 16:38:10,205 - INFO - EPOCH 5 - PROGRESS: at 49.83% examples, 834984 words/s, in_qsize 28, out_qsize 1
2026-02-02 16:38:11,223 - INFO - EPOCH 5 - PROGRESS: at 49.99% examples, 835217 words/s, in_qsize 26, out_qsize 1
2026-02-02 16:38:12,234 - INFO - EPOCH 5 - PROGRESS: at 50.13% examples, 835361 words/s, in_qsize 28, out_qsize 0
2026-02-02 16:38:13,239 - INFO - EPOCH 5 - PROGRESS: at 50.32% examples, 835522 words/s, in_qsize 28, out_qsize 0
2026-02-02 16:38:14,246 - INFO - EPOCH 5 - PROGRESS: at 50.53% examples, 835599 words/s, in_qsize 27, out_qsize 0
2026-02-02 16:38:15,283 - INFO - EPOCH 5 - PROGRESS: at 50.72% examples, 835294 words/s, in_qsize 27, out_qsize 0
2026-02-02 16:38:16,311 - INFO - EPOCH 5 - PROGRESS: at 50.89% examples, 834909 words/s, in_qsize 27, out_qsize 0
2026-02-02 16:38:17,328 - INFO - EPOCH 5 - PROGRESS: at 51.06% examples, 834568 words/s, in_qsize 28, out_qsize 0
2026-02-02 16:38:18,330 - INFO - EPOCH 5 - PROGRESS: at 51.27% examples, 834593 words/s, in_qsize 26, out_qsize 1
2026-02-02 16:38:19,342 - INFO - EPOCH 5 - PROGRESS: at 51.50% examples, 834419 words/s, in_qsize 26, out_qsize 1
2026-02-02 16:38:20,352 - INFO - EPOCH 5 - PROGRESS: at 51.74% examples, 834463 words/s, in_qsize 27, out_qsize 0
2026-02-02 16:38:21,479 - INFO - EPOCH 5 - PROGRESS: at 52.02% examples, 834434 words/s, in_qsize 23, out_qsize 7
2026-02-02 16:38:22,485 - INFO - EPOCH 5 - PROGRESS: at 52.27% examples, 834565 words/s, in_qsize 26, out_qsize 1
2026-02-02 16:38:23,487 - INFO - EPOCH 5 - PROGRESS: at 52.52% examples, 834657 words/s, in_qsize 20, out_qsize 7
2026-02-02 16:38:24,490 - INFO - EPOCH 5 - PROGRESS: at 52.78% examples, 834846 words/s, in_qsize 27, out_qsize 3
2026-02-02 16:38:25,492 - INFO - EPOCH 5 - PROGRESS: at 53.04% examples, 834960 words/s, in_qsize 28, out_qsize 1
2026-02-02 16:38:26,521 - INFO - EPOCH 5 - PROGRESS: at 53.29% examples, 834977 words/s, in_qsize 27, out_qsize 0
2026-02-02 16:38:27,528 - INFO - EPOCH 5 - PROGRESS: at 53.55% examples, 835178 words/s, in_qsize 25, out_qsize 2
2026-02-02 16:38:28,631 - INFO - EPOCH 5 - PROGRESS: at 53.83% examples, 835291 words/s, in_qsize 28, out_qsize 0
2026-02-02 16:38:29,649 - INFO - EPOCH 5 - PROGRESS: at 54.08% examples, 835283 words/s, in_qsize 28, out_qsize 0
2026-02-02 16:38:30,667 - INFO - EPOCH 5 - PROGRESS: at 54.33% examples, 835301 words/s, in_qsize 23, out_qsize 7
2026-02-02 16:38:31,684 - INFO - EPOCH 5 - PROGRESS: at 54.60% examples, 835495 words/s, in_qsize 28, out_qsize 1
2026-02-02 16:38:32,693 - INFO - EPOCH 5 - PROGRESS: at 54.85% examples, 835536 words/s, in_qsize 27, out_qsize 0
2026-02-02 16:38:33,725 - INFO - EPOCH 5 - PROGRESS: at 55.09% examples, 835538 words/s, in_qsize 27, out_qsize 0
2026-02-02 16:38:34,749 - INFO - EPOCH 5 - PROGRESS: at 55.25% examples, 835269 words/s, in_qsize 26, out_qsize 1
2026-02-02 16:38:35,797 - INFO - EPOCH 5 - PROGRESS: at 55.39% examples, 835250 words/s, in_qsize 28, out_qsize 2
2026-02-02 16:38:36,851 - INFO - EPOCH 5 - PROGRESS: at 55.56% examples, 835271 words/s, in_qsize 28, out_qsize 3
2026-02-02 16:38:37,922 - INFO - EPOCH 5 - PROGRESS: at 55.79% examples, 835090 words/s, in_qsize 28, out_qsize 0
2026-02-02 16:38:38,948 - INFO - EPOCH 5 - PROGRESS: at 56.03% examples, 834880 words/s, in_qsize 28, out_qsize 0
2026-02-02 16:38:39,949 - INFO - EPOCH 5 - PROGRESS: at 56.20% examples, 834922 words/s, in_qsize 27, out_qsize 0
2026-02-02 16:38:40,965 - INFO - EPOCH 5 - PROGRESS: at 56.36% examples, 834764 words/s, in_qsize 26, out_qsize 3
2026-02-02 16:38:41,968 - INFO - EPOCH 5 - PROGRESS: at 56.51% examples, 834894 words/s, in_qsize 27, out_qsize 0
2026-02-02 16:38:42,980 - INFO - EPOCH 5 - PROGRESS: at 56.66% examples, 835076 words/s, in_qsize 26, out_qsize 0
2026-02-02 16:38:43,991 - INFO - EPOCH 5 - PROGRESS: at 56.83% examples, 835061 words/s, in_qsize 28, out_qsize 0
2026-02-02 16:38:44,997 - INFO - EPOCH 5 - PROGRESS: at 57.06% examples, 835220 words/s, in_qsize 27, out_qsize 0
2026-02-02 16:38:46,020 - INFO - EPOCH 5 - PROGRESS: at 57.28% examples, 835268 words/s, in_qsize 28, out_qsize 3
2026-02-02 16:38:47,023 - INFO - EPOCH 5 - PROGRESS: at 57.52% examples, 835536 words/s, in_qsize 28, out_qsize 1
2026-02-02 16:38:48,043 - INFO - EPOCH 5 - PROGRESS: at 57.76% examples, 835737 words/s, in_qsize 26, out_qsize 1
2026-02-02 16:38:49,043 - INFO - EPOCH 5 - PROGRESS: at 57.98% examples, 835889 words/s, in_qsize 27, out_qsize 1
2026-02-02 16:38:50,050 - INFO - EPOCH 5 - PROGRESS: at 58.20% examples, 836060 words/s, in_qsize 27, out_qsize 0
2026-02-02 16:38:51,057 - INFO - EPOCH 5 - PROGRESS: at 58.42% examples, 836155 words/s, in_qsize 25, out_qsize 1
2026-02-02 16:38:52,070 - INFO - EPOCH 5 - PROGRESS: at 58.65% examples, 836378 words/s, in_qsize 26, out_qsize 1
2026-02-02 16:38:53,095 - INFO - EPOCH 5 - PROGRESS: at 58.86% examples, 836485 words/s, in_qsize 25, out_qsize 2
2026-02-02 16:38:54,120 - INFO - EPOCH 5 - PROGRESS: at 59.05% examples, 836140 words/s, in_qsize 28, out_qsize 0
2026-02-02 16:38:55,121 - INFO - EPOCH 5 - PROGRESS: at 59.24% examples, 835904 words/s, in_qsize 28, out_qsize 0
2026-02-02 16:38:56,129 - INFO - EPOCH 5 - PROGRESS: at 59.42% examples, 835905 words/s, in_qsize 27, out_qsize 0
2026-02-02 16:38:57,136 - INFO - EPOCH 5 - PROGRESS: at 59.65% examples, 835787 words/s, in_qsize 27, out_qsize 1
2026-02-02 16:38:58,137 - INFO - EPOCH 5 - PROGRESS: at 59.79% examples, 835960 words/s, in_qsize 26, out_qsize 1
2026-02-02 16:38:59,149 - INFO - EPOCH 5 - PROGRESS: at 59.92% examples, 836015 words/s, in_qsize 26, out_qsize 2
2026-02-02 16:39:00,154 - INFO - EPOCH 5 - PROGRESS: at 60.13% examples, 836188 words/s, in_qsize 25, out_qsize 2
2026-02-02 16:39:01,188 - INFO - EPOCH 5 - PROGRESS: at 60.34% examples, 836345 words/s, in_qsize 28, out_qsize 2
2026-02-02 16:39:02,198 - INFO - EPOCH 5 - PROGRESS: at 60.56% examples, 836555 words/s, in_qsize 27, out_qsize 0
2026-02-02 16:39:03,233 - INFO - EPOCH 5 - PROGRESS: at 60.76% examples, 836666 words/s, in_qsize 22, out_qsize 5
2026-02-02 16:39:04,241 - INFO - EPOCH 5 - PROGRESS: at 60.93% examples, 836821 words/s, in_qsize 27, out_qsize 0
2026-02-02 16:39:05,241 - INFO - EPOCH 5 - PROGRESS: at 61.11% examples, 837002 words/s, in_qsize 28, out_qsize 0
2026-02-02 16:39:06,263 - INFO - EPOCH 5 - PROGRESS: at 61.21% examples, 836949 words/s, in_qsize 24, out_qsize 5
2026-02-02 16:39:07,284 - INFO - EPOCH 5 - PROGRESS: at 61.30% examples, 837150 words/s, in_qsize 27, out_qsize 0
2026-02-02 16:39:08,291 - INFO - EPOCH 5 - PROGRESS: at 61.48% examples, 837334 words/s, in_qsize 28, out_qsize 1
2026-02-02 16:39:09,307 - INFO - EPOCH 5 - PROGRESS: at 61.66% examples, 837276 words/s, in_qsize 28, out_qsize 4
2026-02-02 16:39:10,322 - INFO - EPOCH 5 - PROGRESS: at 61.79% examples, 837432 words/s, in_qsize 25, out_qsize 3
2026-02-02 16:39:11,322 - INFO - EPOCH 5 - PROGRESS: at 61.99% examples, 837559 words/s, in_qsize 26, out_qsize 1
2026-02-02 16:39:12,327 - INFO - EPOCH 5 - PROGRESS: at 62.13% examples, 837564 words/s, in_qsize 24, out_qsize 3
2026-02-02 16:39:13,361 - INFO - EPOCH 5 - PROGRESS: at 62.24% examples, 837314 words/s, in_qsize 28, out_qsize 1
2026-02-02 16:39:14,367 - INFO - EPOCH 5 - PROGRESS: at 62.42% examples, 837373 words/s, in_qsize 26, out_qsize 1
2026-02-02 16:39:15,372 - INFO - EPOCH 5 - PROGRESS: at 62.58% examples, 837222 words/s, in_qsize 28, out_qsize 1
2026-02-02 16:39:16,396 - INFO - EPOCH 5 - PROGRESS: at 62.75% examples, 837271 words/s, in_qsize 26, out_qsize 1
2026-02-02 16:39:17,441 - INFO - EPOCH 5 - PROGRESS: at 62.92% examples, 837310 words/s, in_qsize 28, out_qsize 2
2026-02-02 16:39:18,445 - INFO - EPOCH 5 - PROGRESS: at 63.11% examples, 837422 words/s, in_qsize 26, out_qsize 1
2026-02-02 16:39:19,476 - INFO - EPOCH 5 - PROGRESS: at 63.28% examples, 837462 words/s, in_qsize 26, out_qsize 1
2026-02-02 16:39:20,489 - INFO - EPOCH 5 - PROGRESS: at 63.40% examples, 837644 words/s, in_qsize 27, out_qsize 1
2026-02-02 16:39:21,489 - INFO - EPOCH 5 - PROGRESS: at 63.59% examples, 837829 words/s, in_qsize 28, out_qsize 0
2026-02-02 16:39:22,494 - INFO - EPOCH 5 - PROGRESS: at 63.80% examples, 837931 words/s, in_qsize 27, out_qsize 0
2026-02-02 16:39:23,513 - INFO - EPOCH 5 - PROGRESS: at 64.04% examples, 837953 words/s, in_qsize 28, out_qsize 1
2026-02-02 16:39:24,514 - INFO - EPOCH 5 - PROGRESS: at 64.21% examples, 838005 words/s, in_qsize 25, out_qsize 2
2026-02-02 16:39:25,518 - INFO - EPOCH 5 - PROGRESS: at 64.35% examples, 837968 words/s, in_qsize 28, out_qsize 5
2026-02-02 16:39:26,560 - INFO - EPOCH 5 - PROGRESS: at 64.50% examples, 838082 words/s, in_qsize 27, out_qsize 2
2026-02-02 16:39:27,610 - INFO - EPOCH 5 - PROGRESS: at 64.70% examples, 838144 words/s, in_qsize 27, out_qsize 2
2026-02-02 16:39:28,644 - INFO - EPOCH 5 - PROGRESS: at 64.87% examples, 837962 words/s, in_qsize 27, out_qsize 0
2026-02-02 16:39:29,649 - INFO - EPOCH 5 - PROGRESS: at 65.05% examples, 837826 words/s, in_qsize 24, out_qsize 3
2026-02-02 16:39:30,657 - INFO - EPOCH 5 - PROGRESS: at 65.24% examples, 837767 words/s, in_qsize 27, out_qsize 1
2026-02-02 16:39:31,673 - INFO - EPOCH 5 - PROGRESS: at 65.44% examples, 837881 words/s, in_qsize 28, out_qsize 2
2026-02-02 16:39:32,727 - INFO - EPOCH 5 - PROGRESS: at 65.65% examples, 837797 words/s, in_qsize 27, out_qsize 0
2026-02-02 16:39:33,735 - INFO - EPOCH 5 - PROGRESS: at 65.79% examples, 837542 words/s, in_qsize 27, out_qsize 0
2026-02-02 16:39:34,744 - INFO - EPOCH 5 - PROGRESS: at 65.97% examples, 837370 words/s, in_qsize 28, out_qsize 0
2026-02-02 16:39:35,770 - INFO - EPOCH 5 - PROGRESS: at 66.12% examples, 837153 words/s, in_qsize 21, out_qsize 5
2026-02-02 16:39:36,773 - INFO - EPOCH 5 - PROGRESS: at 66.30% examples, 837425 words/s, in_qsize 28, out_qsize 0
2026-02-02 16:39:37,799 - INFO - EPOCH 5 - PROGRESS: at 66.46% examples, 837387 words/s, in_qsize 25, out_qsize 5
2026-02-02 16:39:38,822 - INFO - EPOCH 5 - PROGRESS: at 66.58% examples, 837502 words/s, in_qsize 27, out_qsize 3
2026-02-02 16:39:39,840 - INFO - EPOCH 5 - PROGRESS: at 66.67% examples, 837540 words/s, in_qsize 28, out_qsize 5
2026-02-02 16:39:40,844 - INFO - EPOCH 5 - PROGRESS: at 66.80% examples, 837751 words/s, in_qsize 27, out_qsize 1
2026-02-02 16:39:41,855 - INFO - EPOCH 5 - PROGRESS: at 66.90% examples, 837837 words/s, in_qsize 28, out_qsize 0
2026-02-02 16:39:42,859 - INFO - EPOCH 5 - PROGRESS: at 67.00% examples, 837963 words/s, in_qsize 27, out_qsize 0
2026-02-02 16:39:43,875 - INFO - EPOCH 5 - PROGRESS: at 67.18% examples, 837999 words/s, in_qsize 28, out_qsize 0
2026-02-02 16:39:44,883 - INFO - EPOCH 5 - PROGRESS: at 67.36% examples, 838050 words/s, in_qsize 27, out_qsize 0
2026-02-02 16:39:45,919 - INFO - EPOCH 5 - PROGRESS: at 67.50% examples, 837754 words/s, in_qsize 28, out_qsize 0
2026-02-02 16:39:46,946 - INFO - EPOCH 5 - PROGRESS: at 67.64% examples, 837627 words/s, in_qsize 27, out_qsize 6
2026-02-02 16:39:47,955 - INFO - EPOCH 5 - PROGRESS: at 67.80% examples, 837647 words/s, in_qsize 28, out_qsize 1
2026-02-02 16:39:48,973 - INFO - EPOCH 5 - PROGRESS: at 67.93% examples, 837695 words/s, in_qsize 27, out_qsize 2
2026-02-02 16:39:49,976 - INFO - EPOCH 5 - PROGRESS: at 68.08% examples, 837805 words/s, in_qsize 26, out_qsize 3
2026-02-02 16:39:50,988 - INFO - EPOCH 5 - PROGRESS: at 68.20% examples, 837955 words/s, in_qsize 27, out_qsize 0
2026-02-02 16:39:52,008 - INFO - EPOCH 5 - PROGRESS: at 68.40% examples, 838113 words/s, in_qsize 27, out_qsize 1
2026-02-02 16:39:53,033 - INFO - EPOCH 5 - PROGRESS: at 68.57% examples, 838185 words/s, in_qsize 26, out_qsize 1
2026-02-02 16:39:54,035 - INFO - EPOCH 5 - PROGRESS: at 68.73% examples, 838196 words/s, in_qsize 25, out_qsize 1
2026-02-02 16:39:55,069 - INFO - EPOCH 5 - PROGRESS: at 68.90% examples, 838305 words/s, in_qsize 27, out_qsize 2
2026-02-02 16:39:56,093 - INFO - EPOCH 5 - PROGRESS: at 69.07% examples, 838389 words/s, in_qsize 27, out_qsize 1
2026-02-02 16:39:57,102 - INFO - EPOCH 5 - PROGRESS: at 69.27% examples, 838141 words/s, in_qsize 27, out_qsize 0
2026-02-02 16:39:58,118 - INFO - EPOCH 5 - PROGRESS: at 69.52% examples, 837815 words/s, in_qsize 23, out_qsize 2
2026-02-02 16:39:59,121 - INFO - EPOCH 5 - PROGRESS: at 69.75% examples, 837375 words/s, in_qsize 25, out_qsize 3
2026-02-02 16:40:00,149 - INFO - EPOCH 5 - PROGRESS: at 69.93% examples, 837340 words/s, in_qsize 27, out_qsize 1
2026-02-02 16:40:01,179 - INFO - EPOCH 5 - PROGRESS: at 70.10% examples, 837388 words/s, in_qsize 27, out_qsize 0
2026-02-02 16:40:02,211 - INFO - EPOCH 5 - PROGRESS: at 70.27% examples, 837453 words/s, in_qsize 26, out_qsize 1
2026-02-02 16:40:03,212 - INFO - EPOCH 5 - PROGRESS: at 70.43% examples, 837526 words/s, in_qsize 25, out_qsize 2
2026-02-02 16:40:04,214 - INFO - EPOCH 5 - PROGRESS: at 70.59% examples, 837555 words/s, in_qsize 28, out_qsize 4
2026-02-02 16:40:05,227 - INFO - EPOCH 5 - PROGRESS: at 70.75% examples, 837565 words/s, in_qsize 28, out_qsize 0
2026-02-02 16:40:06,234 - INFO - EPOCH 5 - PROGRESS: at 70.90% examples, 837589 words/s, in_qsize 25, out_qsize 2
2026-02-02 16:40:07,236 - INFO - EPOCH 5 - PROGRESS: at 71.04% examples, 837483 words/s, in_qsize 28, out_qsize 2
2026-02-02 16:40:08,253 - INFO - EPOCH 5 - PROGRESS: at 71.19% examples, 837531 words/s, in_qsize 27, out_qsize 0
2026-02-02 16:40:09,254 - INFO - EPOCH 5 - PROGRESS: at 71.40% examples, 837624 words/s, in_qsize 26, out_qsize 0
2026-02-02 16:40:10,269 - INFO - EPOCH 5 - PROGRESS: at 71.63% examples, 837698 words/s, in_qsize 27, out_qsize 0
2026-02-02 16:40:11,281 - INFO - EPOCH 5 - PROGRESS: at 71.85% examples, 837756 words/s, in_qsize 24, out_qsize 2
2026-02-02 16:40:12,314 - INFO - EPOCH 5 - PROGRESS: at 71.99% examples, 837735 words/s, in_qsize 28, out_qsize 1
2026-02-02 16:40:13,323 - INFO - EPOCH 5 - PROGRESS: at 72.13% examples, 837596 words/s, in_qsize 28, out_qsize 1
2026-02-02 16:40:14,328 - INFO - EPOCH 5 - PROGRESS: at 72.33% examples, 837415 words/s, in_qsize 27, out_qsize 0
2026-02-02 16:40:15,343 - INFO - EPOCH 5 - PROGRESS: at 72.52% examples, 837157 words/s, in_qsize 28, out_qsize 1
2026-02-02 16:40:16,360 - INFO - EPOCH 5 - PROGRESS: at 72.71% examples, 836917 words/s, in_qsize 28, out_qsize 0
2026-02-02 16:40:17,391 - INFO - EPOCH 5 - PROGRESS: at 72.90% examples, 836612 words/s, in_qsize 24, out_qsize 6
2026-02-02 16:40:18,444 - INFO - EPOCH 5 - PROGRESS: at 73.06% examples, 836528 words/s, in_qsize 28, out_qsize 0
2026-02-02 16:40:19,448 - INFO - EPOCH 5 - PROGRESS: at 73.20% examples, 836665 words/s, in_qsize 26, out_qsize 1
2026-02-02 16:40:20,454 - INFO - EPOCH 5 - PROGRESS: at 73.33% examples, 836604 words/s, in_qsize 27, out_qsize 0
2026-02-02 16:40:21,470 - INFO - EPOCH 5 - PROGRESS: at 73.46% examples, 836704 words/s, in_qsize 16, out_qsize 3
2026-02-02 16:40:22,483 - INFO - EPOCH 5 - PROGRESS: at 73.58% examples, 836791 words/s, in_qsize 28, out_qsize 0
2026-02-02 16:40:23,502 - INFO - EPOCH 5 - PROGRESS: at 73.72% examples, 836826 words/s, in_qsize 27, out_qsize 0
2026-02-02 16:40:24,506 - INFO - EPOCH 5 - PROGRESS: at 73.91% examples, 836814 words/s, in_qsize 22, out_qsize 5
2026-02-02 16:40:25,535 - INFO - EPOCH 5 - PROGRESS: at 74.13% examples, 836732 words/s, in_qsize 28, out_qsize 0
2026-02-02 16:40:26,548 - INFO - EPOCH 5 - PROGRESS: at 74.33% examples, 836727 words/s, in_qsize 27, out_qsize 0
2026-02-02 16:40:27,553 - INFO - EPOCH 5 - PROGRESS: at 74.51% examples, 836536 words/s, in_qsize 28, out_qsize 0
2026-02-02 16:40:28,577 - INFO - EPOCH 5 - PROGRESS: at 74.65% examples, 836259 words/s, in_qsize 26, out_qsize 1
2026-02-02 16:40:29,584 - INFO - EPOCH 5 - PROGRESS: at 74.80% examples, 836115 words/s, in_qsize 27, out_qsize 0
2026-02-02 16:40:30,594 - INFO - EPOCH 5 - PROGRESS: at 74.97% examples, 836262 words/s, in_qsize 28, out_qsize 0
2026-02-02 16:40:31,606 - INFO - EPOCH 5 - PROGRESS: at 75.21% examples, 836416 words/s, in_qsize 27, out_qsize 0
2026-02-02 16:40:32,629 - INFO - EPOCH 5 - PROGRESS: at 75.41% examples, 836398 words/s, in_qsize 28, out_qsize 3
2026-02-02 16:40:33,635 - INFO - EPOCH 5 - PROGRESS: at 75.61% examples, 836480 words/s, in_qsize 28, out_qsize 0
2026-02-02 16:40:34,639 - INFO - EPOCH 5 - PROGRESS: at 75.81% examples, 836565 words/s, in_qsize 25, out_qsize 0
2026-02-02 16:40:35,649 - INFO - EPOCH 5 - PROGRESS: at 76.00% examples, 836566 words/s, in_qsize 27, out_qsize 0
2026-02-02 16:40:36,656 - INFO - EPOCH 5 - PROGRESS: at 76.19% examples, 836642 words/s, in_qsize 28, out_qsize 0
2026-02-02 16:40:37,665 - INFO - EPOCH 5 - PROGRESS: at 76.38% examples, 836576 words/s, in_qsize 27, out_qsize 0
2026-02-02 16:40:38,679 - INFO - EPOCH 5 - PROGRESS: at 76.57% examples, 836407 words/s, in_qsize 27, out_qsize 1
2026-02-02 16:40:39,679 - INFO - EPOCH 5 - PROGRESS: at 76.73% examples, 836205 words/s, in_qsize 25, out_qsize 3
2026-02-02 16:40:40,701 - INFO - EPOCH 5 - PROGRESS: at 76.91% examples, 836249 words/s, in_qsize 27, out_qsize 0
2026-02-02 16:40:41,736 - INFO - EPOCH 5 - PROGRESS: at 77.08% examples, 836003 words/s, in_qsize 27, out_qsize 0
2026-02-02 16:40:42,775 - INFO - EPOCH 5 - PROGRESS: at 77.25% examples, 835750 words/s, in_qsize 24, out_qsize 6
2026-02-02 16:40:43,799 - INFO - EPOCH 5 - PROGRESS: at 77.42% examples, 835514 words/s, in_qsize 27, out_qsize 0
2026-02-02 16:40:44,804 - INFO - EPOCH 5 - PROGRESS: at 77.59% examples, 835295 words/s, in_qsize 27, out_qsize 0
2026-02-02 16:40:45,820 - INFO - EPOCH 5 - PROGRESS: at 77.76% examples, 835075 words/s, in_qsize 27, out_qsize 0
2026-02-02 16:40:46,828 - INFO - EPOCH 5 - PROGRESS: at 77.94% examples, 835067 words/s, in_qsize 27, out_qsize 0
2026-02-02 16:40:47,870 - INFO - EPOCH 5 - PROGRESS: at 78.13% examples, 835050 words/s, in_qsize 28, out_qsize 1
2026-02-02 16:40:48,878 - INFO - EPOCH 5 - PROGRESS: at 78.31% examples, 835240 words/s, in_qsize 28, out_qsize 1
2026-02-02 16:40:49,878 - INFO - EPOCH 5 - PROGRESS: at 78.50% examples, 835499 words/s, in_qsize 28, out_qsize 0
2026-02-02 16:40:50,892 - INFO - EPOCH 5 - PROGRESS: at 78.69% examples, 835734 words/s, in_qsize 27, out_qsize 1
2026-02-02 16:40:51,893 - INFO - EPOCH 5 - PROGRESS: at 78.89% examples, 836025 words/s, in_qsize 27, out_qsize 0
2026-02-02 16:40:52,902 - INFO - EPOCH 5 - PROGRESS: at 79.08% examples, 836285 words/s, in_qsize 28, out_qsize 0
2026-02-02 16:40:53,905 - INFO - EPOCH 5 - PROGRESS: at 79.26% examples, 836519 words/s, in_qsize 26, out_qsize 1
2026-02-02 16:40:54,937 - INFO - EPOCH 5 - PROGRESS: at 79.46% examples, 836769 words/s, in_qsize 27, out_qsize 0
2026-02-02 16:40:55,960 - INFO - EPOCH 5 - PROGRESS: at 79.64% examples, 836876 words/s, in_qsize 28, out_qsize 1
2026-02-02 16:40:56,968 - INFO - EPOCH 5 - PROGRESS: at 79.83% examples, 837130 words/s, in_qsize 22, out_qsize 3
2026-02-02 16:40:57,969 - INFO - EPOCH 5 - PROGRESS: at 80.02% examples, 837416 words/s, in_qsize 25, out_qsize 1
2026-02-02 16:40:58,971 - INFO - EPOCH 5 - PROGRESS: at 80.22% examples, 837701 words/s, in_qsize 28, out_qsize 0
2026-02-02 16:40:59,972 - INFO - EPOCH 5 - PROGRESS: at 80.39% examples, 837829 words/s, in_qsize 25, out_qsize 4
2026-02-02 16:41:00,975 - INFO - EPOCH 5 - PROGRESS: at 80.54% examples, 837984 words/s, in_qsize 25, out_qsize 2
2026-02-02 16:41:01,987 - INFO - EPOCH 5 - PROGRESS: at 80.67% examples, 838090 words/s, in_qsize 27, out_qsize 0
2026-02-02 16:41:03,004 - INFO - EPOCH 5 - PROGRESS: at 80.83% examples, 838112 words/s, in_qsize 26, out_qsize 2
2026-02-02 16:41:04,005 - INFO - EPOCH 5 - PROGRESS: at 81.01% examples, 838241 words/s, in_qsize 27, out_qsize 1
2026-02-02 16:41:05,028 - INFO - EPOCH 5 - PROGRESS: at 81.18% examples, 838312 words/s, in_qsize 28, out_qsize 2
2026-02-02 16:41:06,077 - INFO - EPOCH 5 - PROGRESS: at 81.33% examples, 838132 words/s, in_qsize 27, out_qsize 1
2026-02-02 16:41:07,082 - INFO - EPOCH 5 - PROGRESS: at 81.47% examples, 837947 words/s, in_qsize 21, out_qsize 6
2026-02-02 16:41:08,092 - INFO - EPOCH 5 - PROGRESS: at 81.63% examples, 837818 words/s, in_qsize 27, out_qsize 4
2026-02-02 16:41:09,102 - INFO - EPOCH 5 - PROGRESS: at 81.77% examples, 837708 words/s, in_qsize 27, out_qsize 0
2026-02-02 16:41:10,173 - INFO - EPOCH 5 - PROGRESS: at 81.94% examples, 837585 words/s, in_qsize 28, out_qsize 5
2026-02-02 16:41:11,219 - INFO - EPOCH 5 - PROGRESS: at 82.14% examples, 837735 words/s, in_qsize 28, out_qsize 0
2026-02-02 16:41:12,221 - INFO - EPOCH 5 - PROGRESS: at 82.32% examples, 837815 words/s, in_qsize 27, out_qsize 0
2026-02-02 16:41:13,231 - INFO - EPOCH 5 - PROGRESS: at 82.50% examples, 837892 words/s, in_qsize 28, out_qsize 2
2026-02-02 16:41:14,252 - INFO - EPOCH 5 - PROGRESS: at 82.67% examples, 837853 words/s, in_qsize 27, out_qsize 0
2026-02-02 16:41:15,278 - INFO - EPOCH 5 - PROGRESS: at 82.83% examples, 837823 words/s, in_qsize 28, out_qsize 4
2026-02-02 16:41:16,285 - INFO - EPOCH 5 - PROGRESS: at 82.98% examples, 838043 words/s, in_qsize 27, out_qsize 0
2026-02-02 16:41:17,305 - INFO - EPOCH 5 - PROGRESS: at 83.12% examples, 838099 words/s, in_qsize 28, out_qsize 2
2026-02-02 16:41:18,319 - INFO - EPOCH 5 - PROGRESS: at 83.27% examples, 838254 words/s, in_qsize 27, out_qsize 0
2026-02-02 16:41:19,326 - INFO - EPOCH 5 - PROGRESS: at 83.43% examples, 838297 words/s, in_qsize 28, out_qsize 0
2026-02-02 16:41:20,370 - INFO - EPOCH 5 - PROGRESS: at 83.57% examples, 838261 words/s, in_qsize 28, out_qsize 1
2026-02-02 16:41:21,388 - INFO - EPOCH 5 - PROGRESS: at 83.74% examples, 838086 words/s, in_qsize 28, out_qsize 0
2026-02-02 16:41:22,401 - INFO - EPOCH 5 - PROGRESS: at 83.91% examples, 837889 words/s, in_qsize 26, out_qsize 1
2026-02-02 16:41:23,403 - INFO - EPOCH 5 - PROGRESS: at 84.07% examples, 837683 words/s, in_qsize 27, out_qsize 1
2026-02-02 16:41:24,406 - INFO - EPOCH 5 - PROGRESS: at 84.24% examples, 837652 words/s, in_qsize 27, out_qsize 0
2026-02-02 16:41:25,445 - INFO - EPOCH 5 - PROGRESS: at 84.36% examples, 837448 words/s, in_qsize 27, out_qsize 0
2026-02-02 16:41:26,446 - INFO - EPOCH 5 - PROGRESS: at 84.48% examples, 837344 words/s, in_qsize 28, out_qsize 1
2026-02-02 16:41:27,446 - INFO - EPOCH 5 - PROGRESS: at 84.60% examples, 837225 words/s, in_qsize 27, out_qsize 1
2026-02-02 16:41:28,463 - INFO - EPOCH 5 - PROGRESS: at 84.68% examples, 837210 words/s, in_qsize 27, out_qsize 0
2026-02-02 16:41:29,477 - INFO - EPOCH 5 - PROGRESS: at 84.81% examples, 837216 words/s, in_qsize 26, out_qsize 1
2026-02-02 16:41:30,480 - INFO - EPOCH 5 - PROGRESS: at 85.03% examples, 837314 words/s, in_qsize 28, out_qsize 0
2026-02-02 16:41:31,493 - INFO - EPOCH 5 - PROGRESS: at 85.22% examples, 837329 words/s, in_qsize 26, out_qsize 1
2026-02-02 16:41:32,497 - INFO - EPOCH 5 - PROGRESS: at 85.39% examples, 837341 words/s, in_qsize 27, out_qsize 0
2026-02-02 16:41:33,519 - INFO - EPOCH 5 - PROGRESS: at 85.59% examples, 837457 words/s, in_qsize 23, out_qsize 0
2026-02-02 16:41:34,539 - INFO - EPOCH 5 - PROGRESS: at 85.78% examples, 837509 words/s, in_qsize 27, out_qsize 0
2026-02-02 16:41:35,541 - INFO - EPOCH 5 - PROGRESS: at 85.95% examples, 837464 words/s, in_qsize 26, out_qsize 3
2026-02-02 16:41:36,551 - INFO - EPOCH 5 - PROGRESS: at 86.14% examples, 837504 words/s, in_qsize 28, out_qsize 0
2026-02-02 16:41:37,560 - INFO - EPOCH 5 - PROGRESS: at 86.32% examples, 837525 words/s, in_qsize 27, out_qsize 0
2026-02-02 16:41:38,589 - INFO - EPOCH 5 - PROGRESS: at 86.48% examples, 837541 words/s, in_qsize 26, out_qsize 1
2026-02-02 16:41:39,598 - INFO - EPOCH 5 - PROGRESS: at 86.62% examples, 837455 words/s, in_qsize 27, out_qsize 0
2026-02-02 16:41:40,640 - INFO - EPOCH 5 - PROGRESS: at 86.81% examples, 837458 words/s, in_qsize 25, out_qsize 4
2026-02-02 16:41:41,670 - INFO - EPOCH 5 - PROGRESS: at 87.05% examples, 837615 words/s, in_qsize 25, out_qsize 2
2026-02-02 16:41:42,684 - INFO - EPOCH 5 - PROGRESS: at 87.26% examples, 837749 words/s, in_qsize 27, out_qsize 0
2026-02-02 16:41:43,686 - INFO - EPOCH 5 - PROGRESS: at 87.45% examples, 837822 words/s, in_qsize 27, out_qsize 0
2026-02-02 16:41:44,693 - INFO - EPOCH 5 - PROGRESS: at 87.61% examples, 837902 words/s, in_qsize 28, out_qsize 1
2026-02-02 16:41:45,710 - INFO - EPOCH 5 - PROGRESS: at 87.78% examples, 837916 words/s, in_qsize 28, out_qsize 2
2026-02-02 16:41:46,731 - INFO - EPOCH 5 - PROGRESS: at 87.94% examples, 837957 words/s, in_qsize 26, out_qsize 1
2026-02-02 16:41:47,744 - INFO - EPOCH 5 - PROGRESS: at 88.07% examples, 837907 words/s, in_qsize 26, out_qsize 1
2026-02-02 16:41:48,751 - INFO - EPOCH 5 - PROGRESS: at 88.22% examples, 837898 words/s, in_qsize 27, out_qsize 1
2026-02-02 16:41:49,766 - INFO - EPOCH 5 - PROGRESS: at 88.40% examples, 837974 words/s, in_qsize 27, out_qsize 0
2026-02-02 16:41:50,800 - INFO - EPOCH 5 - PROGRESS: at 88.59% examples, 837725 words/s, in_qsize 27, out_qsize 0
2026-02-02 16:41:51,800 - INFO - EPOCH 5 - PROGRESS: at 88.73% examples, 837539 words/s, in_qsize 28, out_qsize 1
2026-02-02 16:41:52,806 - INFO - EPOCH 5 - PROGRESS: at 88.87% examples, 837527 words/s, in_qsize 28, out_qsize 0
2026-02-02 16:41:53,809 - INFO - EPOCH 5 - PROGRESS: at 89.01% examples, 837619 words/s, in_qsize 24, out_qsize 0
2026-02-02 16:41:54,833 - INFO - EPOCH 5 - PROGRESS: at 89.21% examples, 837593 words/s, in_qsize 27, out_qsize 0
2026-02-02 16:41:55,877 - INFO - EPOCH 5 - PROGRESS: at 89.38% examples, 837347 words/s, in_qsize 27, out_qsize 0
2026-02-02 16:41:56,885 - INFO - EPOCH 5 - PROGRESS: at 89.56% examples, 837161 words/s, in_qsize 26, out_qsize 1
2026-02-02 16:41:57,894 - INFO - EPOCH 5 - PROGRESS: at 89.76% examples, 837151 words/s, in_qsize 27, out_qsize 0
2026-02-02 16:41:58,905 - INFO - EPOCH 5 - PROGRESS: at 89.98% examples, 837205 words/s, in_qsize 27, out_qsize 0
2026-02-02 16:41:59,923 - INFO - EPOCH 5 - PROGRESS: at 90.19% examples, 837233 words/s, in_qsize 27, out_qsize 2
2026-02-02 16:42:00,929 - INFO - EPOCH 5 - PROGRESS: at 90.41% examples, 837353 words/s, in_qsize 27, out_qsize 0
2026-02-02 16:42:01,943 - INFO - EPOCH 5 - PROGRESS: at 90.62% examples, 837325 words/s, in_qsize 28, out_qsize 0
2026-02-02 16:42:02,944 - INFO - EPOCH 5 - PROGRESS: at 90.82% examples, 837302 words/s, in_qsize 27, out_qsize 2
2026-02-02 16:42:03,956 - INFO - EPOCH 5 - PROGRESS: at 91.05% examples, 837398 words/s, in_qsize 26, out_qsize 1
2026-02-02 16:42:04,959 - INFO - EPOCH 5 - PROGRESS: at 91.26% examples, 837418 words/s, in_qsize 21, out_qsize 6
2026-02-02 16:42:05,980 - INFO - EPOCH 5 - PROGRESS: at 91.41% examples, 837301 words/s, in_qsize 27, out_qsize 0
2026-02-02 16:42:06,982 - INFO - EPOCH 5 - PROGRESS: at 91.54% examples, 837350 words/s, in_qsize 26, out_qsize 1
2026-02-02 16:42:07,986 - INFO - EPOCH 5 - PROGRESS: at 91.70% examples, 837355 words/s, in_qsize 26, out_qsize 3
2026-02-02 16:42:09,002 - INFO - EPOCH 5 - PROGRESS: at 91.96% examples, 837548 words/s, in_qsize 24, out_qsize 2
2026-02-02 16:42:10,034 - INFO - EPOCH 5 - PROGRESS: at 92.22% examples, 837685 words/s, in_qsize 28, out_qsize 4
2026-02-02 16:42:11,047 - INFO - EPOCH 5 - PROGRESS: at 92.47% examples, 837876 words/s, in_qsize 28, out_qsize 3
2026-02-02 16:42:12,053 - INFO - EPOCH 5 - PROGRESS: at 92.73% examples, 838079 words/s, in_qsize 27, out_qsize 0
2026-02-02 16:42:13,068 - INFO - EPOCH 5 - PROGRESS: at 92.97% examples, 838150 words/s, in_qsize 28, out_qsize 0
2026-02-02 16:42:14,078 - INFO - EPOCH 5 - PROGRESS: at 93.21% examples, 838216 words/s, in_qsize 27, out_qsize 0
2026-02-02 16:42:15,080 - INFO - EPOCH 5 - PROGRESS: at 93.45% examples, 838251 words/s, in_qsize 27, out_qsize 0
2026-02-02 16:42:16,099 - INFO - EPOCH 5 - PROGRESS: at 93.68% examples, 838241 words/s, in_qsize 28, out_qsize 1
2026-02-02 16:42:17,156 - INFO - EPOCH 5 - PROGRESS: at 93.93% examples, 838304 words/s, in_qsize 23, out_qsize 7
2026-02-02 16:42:18,164 - INFO - EPOCH 5 - PROGRESS: at 94.15% examples, 838224 words/s, in_qsize 28, out_qsize 0
2026-02-02 16:42:19,176 - INFO - EPOCH 5 - PROGRESS: at 94.37% examples, 838249 words/s, in_qsize 28, out_qsize 0
2026-02-02 16:42:20,178 - INFO - EPOCH 5 - PROGRESS: at 94.50% examples, 838301 words/s, in_qsize 28, out_qsize 0
2026-02-02 16:42:21,187 - INFO - EPOCH 5 - PROGRESS: at 94.64% examples, 838366 words/s, in_qsize 25, out_qsize 1
2026-02-02 16:42:22,193 - INFO - EPOCH 5 - PROGRESS: at 94.80% examples, 838401 words/s, in_qsize 26, out_qsize 1
2026-02-02 16:42:23,197 - INFO - EPOCH 5 - PROGRESS: at 94.94% examples, 838498 words/s, in_qsize 26, out_qsize 0
2026-02-02 16:42:24,230 - INFO - EPOCH 5 - PROGRESS: at 95.08% examples, 838516 words/s, in_qsize 24, out_qsize 3
2026-02-02 16:42:25,242 - INFO - EPOCH 5 - PROGRESS: at 95.25% examples, 838658 words/s, in_qsize 27, out_qsize 0
2026-02-02 16:42:26,260 - INFO - EPOCH 5 - PROGRESS: at 95.37% examples, 838725 words/s, in_qsize 27, out_qsize 0
2026-02-02 16:42:27,270 - INFO - EPOCH 5 - PROGRESS: at 95.58% examples, 838829 words/s, in_qsize 27, out_qsize 0
2026-02-02 16:42:28,272 - INFO - EPOCH 5 - PROGRESS: at 95.76% examples, 838887 words/s, in_qsize 27, out_qsize 0
2026-02-02 16:42:29,272 - INFO - EPOCH 5 - PROGRESS: at 95.87% examples, 838916 words/s, in_qsize 27, out_qsize 1
2026-02-02 16:42:30,277 - INFO - EPOCH 5 - PROGRESS: at 96.00% examples, 838964 words/s, in_qsize 28, out_qsize 1
2026-02-02 16:42:31,278 - INFO - EPOCH 5 - PROGRESS: at 96.16% examples, 839029 words/s, in_qsize 27, out_qsize 0
2026-02-02 16:42:32,308 - INFO - EPOCH 5 - PROGRESS: at 96.34% examples, 839088 words/s, in_qsize 24, out_qsize 4
2026-02-02 16:42:33,320 - INFO - EPOCH 5 - PROGRESS: at 96.53% examples, 839242 words/s, in_qsize 26, out_qsize 1
2026-02-02 16:42:34,360 - INFO - EPOCH 5 - PROGRESS: at 96.71% examples, 839284 words/s, in_qsize 21, out_qsize 5
2026-02-02 16:42:35,380 - INFO - EPOCH 5 - PROGRESS: at 96.92% examples, 839430 words/s, in_qsize 28, out_qsize 1
2026-02-02 16:42:36,432 - INFO - EPOCH 5 - PROGRESS: at 96.99% examples, 839403 words/s, in_qsize 26, out_qsize 3
2026-02-02 16:42:37,434 - INFO - EPOCH 5 - PROGRESS: at 97.14% examples, 839295 words/s, in_qsize 27, out_qsize 5
2026-02-02 16:42:38,447 - INFO - EPOCH 5 - PROGRESS: at 97.30% examples, 839251 words/s, in_qsize 27, out_qsize 0
2026-02-02 16:42:39,448 - INFO - EPOCH 5 - PROGRESS: at 97.48% examples, 839107 words/s, in_qsize 27, out_qsize 0
2026-02-02 16:42:40,478 - INFO - EPOCH 5 - PROGRESS: at 97.59% examples, 838950 words/s, in_qsize 27, out_qsize 0
2026-02-02 16:42:41,478 - INFO - EPOCH 5 - PROGRESS: at 97.75% examples, 839010 words/s, in_qsize 27, out_qsize 1
2026-02-02 16:42:42,515 - INFO - EPOCH 5 - PROGRESS: at 97.91% examples, 839071 words/s, in_qsize 26, out_qsize 1
2026-02-02 16:42:43,518 - INFO - EPOCH 5 - PROGRESS: at 98.07% examples, 839183 words/s, in_qsize 28, out_qsize 0
2026-02-02 16:42:44,520 - INFO - EPOCH 5 - PROGRESS: at 98.23% examples, 839203 words/s, in_qsize 24, out_qsize 3
2026-02-02 16:42:45,538 - INFO - EPOCH 5 - PROGRESS: at 98.40% examples, 839233 words/s, in_qsize 25, out_qsize 2
2026-02-02 16:42:46,567 - INFO - EPOCH 5 - PROGRESS: at 98.54% examples, 839304 words/s, in_qsize 26, out_qsize 4
2026-02-02 16:42:47,607 - INFO - EPOCH 5 - PROGRESS: at 98.65% examples, 839369 words/s, in_qsize 26, out_qsize 2
2026-02-02 16:42:48,615 - INFO - EPOCH 5 - PROGRESS: at 98.79% examples, 839475 words/s, in_qsize 28, out_qsize 0
2026-02-02 16:42:49,632 - INFO - EPOCH 5 - PROGRESS: at 98.99% examples, 839529 words/s, in_qsize 26, out_qsize 3
2026-02-02 16:42:50,635 - INFO - EPOCH 5 - PROGRESS: at 99.21% examples, 839669 words/s, in_qsize 28, out_qsize 0
2026-02-02 16:42:51,637 - INFO - EPOCH 5 - PROGRESS: at 99.39% examples, 839724 words/s, in_qsize 27, out_qsize 1
2026-02-02 16:42:52,655 - INFO - EPOCH 5 - PROGRESS: at 99.59% examples, 839845 words/s, in_qsize 28, out_qsize 0
2026-02-02 16:42:53,660 - INFO - EPOCH 5 - PROGRESS: at 99.74% examples, 839929 words/s, in_qsize 27, out_qsize 0
2026-02-02 16:42:54,665 - INFO - EPOCH 5 - PROGRESS: at 99.91% examples, 840015 words/s, in_qsize 26, out_qsize 1
2026-02-02 16:42:55,235 - DEBUG - job loop exiting, total 60863 jobs
2026-02-02 16:42:55,343 - DEBUG - worker exiting, processed 4355 jobs
2026-02-02 16:42:55,353 - DEBUG - worker thread finished; awaiting finish of 13 more threads
2026-02-02 16:42:55,369 - DEBUG - worker exiting, processed 4151 jobs
2026-02-02 16:42:55,369 - DEBUG - worker thread finished; awaiting finish of 12 more threads
2026-02-02 16:42:55,375 - DEBUG - worker exiting, processed 4353 jobs
2026-02-02 16:42:55,375 - DEBUG - worker thread finished; awaiting finish of 11 more threads
2026-02-02 16:42:55,376 - DEBUG - worker exiting, processed 4369 jobs
2026-02-02 16:42:55,376 - DEBUG - worker thread finished; awaiting finish of 10 more threads
2026-02-02 16:42:55,380 - DEBUG - worker exiting, processed 4375 jobs
2026-02-02 16:42:55,380 - DEBUG - worker thread finished; awaiting finish of 9 more threads
2026-02-02 16:42:55,388 - DEBUG - worker exiting, processed 4373 jobs
2026-02-02 16:42:55,388 - DEBUG - worker thread finished; awaiting finish of 8 more threads
2026-02-02 16:42:55,396 - DEBUG - worker exiting, processed 4368 jobs
2026-02-02 16:42:55,396 - DEBUG - worker thread finished; awaiting finish of 7 more threads
2026-02-02 16:42:55,402 - DEBUG - worker exiting, processed 4380 jobs
2026-02-02 16:42:55,403 - DEBUG - worker thread finished; awaiting finish of 6 more threads
2026-02-02 16:42:55,403 - DEBUG - worker exiting, processed 4359 jobs
2026-02-02 16:42:55,403 - DEBUG - worker thread finished; awaiting finish of 5 more threads
2026-02-02 16:42:55,410 - DEBUG - worker exiting, processed 4342 jobs
2026-02-02 16:42:55,410 - DEBUG - worker thread finished; awaiting finish of 4 more threads
2026-02-02 16:42:55,423 - DEBUG - worker exiting, processed 4371 jobs
2026-02-02 16:42:55,423 - DEBUG - worker thread finished; awaiting finish of 3 more threads
2026-02-02 16:42:55,437 - DEBUG - worker exiting, processed 4361 jobs
2026-02-02 16:42:55,437 - DEBUG - worker thread finished; awaiting finish of 2 more threads
2026-02-02 16:42:55,439 - DEBUG - worker exiting, processed 4346 jobs
2026-02-02 16:42:55,439 - DEBUG - worker thread finished; awaiting finish of 1 more threads
2026-02-02 16:42:55,441 - DEBUG - worker exiting, processed 4360 jobs
2026-02-02 16:42:55,442 - DEBUG - worker thread finished; awaiting finish of 0 more threads
2026-02-02 16:42:55,442 - INFO - EPOCH 5: training on 604933589 raw words (478681689 effective words) took 569.8s, 840115 effective words/s
2026-02-02 16:42:55,442 - INFO - Epoch 6 completed in 569.8s
2026-02-02 16:42:55,442 - INFO - Epoch 7 starting...
2026-02-02 16:42:56,451 - INFO - EPOCH 6 - PROGRESS: at 0.11% examples, 708688 words/s, in_qsize 28, out_qsize 0
2026-02-02 16:42:57,468 - INFO - EPOCH 6 - PROGRESS: at 0.26% examples, 711408 words/s, in_qsize 27, out_qsize 0
2026-02-02 16:42:58,488 - INFO - EPOCH 6 - PROGRESS: at 0.43% examples, 720908 words/s, in_qsize 27, out_qsize 0
2026-02-02 16:42:59,514 - INFO - EPOCH 6 - PROGRESS: at 0.60% examples, 730068 words/s, in_qsize 28, out_qsize 0
2026-02-02 16:43:00,532 - INFO - EPOCH 6 - PROGRESS: at 0.79% examples, 747778 words/s, in_qsize 28, out_qsize 1
2026-02-02 16:43:01,549 - INFO - EPOCH 6 - PROGRESS: at 0.97% examples, 751855 words/s, in_qsize 28, out_qsize 3
2026-02-02 16:43:02,561 - INFO - EPOCH 6 - PROGRESS: at 1.16% examples, 766159 words/s, in_qsize 28, out_qsize 1
2026-02-02 16:43:03,601 - INFO - EPOCH 6 - PROGRESS: at 1.35% examples, 782423 words/s, in_qsize 28, out_qsize 1
2026-02-02 16:43:04,625 - INFO - EPOCH 6 - PROGRESS: at 1.51% examples, 789346 words/s, in_qsize 28, out_qsize 0
2026-02-02 16:43:05,661 - INFO - EPOCH 6 - PROGRESS: at 1.66% examples, 793047 words/s, in_qsize 27, out_qsize 3
2026-02-02 16:43:06,667 - INFO - EPOCH 6 - PROGRESS: at 1.83% examples, 802390 words/s, in_qsize 27, out_qsize 3
2026-02-02 16:43:07,677 - INFO - EPOCH 6 - PROGRESS: at 1.98% examples, 808261 words/s, in_qsize 28, out_qsize 1
2026-02-02 16:43:08,693 - INFO - EPOCH 6 - PROGRESS: at 2.13% examples, 811910 words/s, in_qsize 27, out_qsize 1
2026-02-02 16:43:09,708 - INFO - EPOCH 6 - PROGRESS: at 2.28% examples, 816148 words/s, in_qsize 26, out_qsize 1
2026-02-02 16:43:10,725 - INFO - EPOCH 6 - PROGRESS: at 2.43% examples, 821152 words/s, in_qsize 28, out_qsize 1
2026-02-02 16:43:11,727 - INFO - EPOCH 6 - PROGRESS: at 2.58% examples, 823972 words/s, in_qsize 27, out_qsize 1
2026-02-02 16:43:12,743 - INFO - EPOCH 6 - PROGRESS: at 2.74% examples, 827623 words/s, in_qsize 28, out_qsize 2
2026-02-02 16:43:13,746 - INFO - EPOCH 6 - PROGRESS: at 2.89% examples, 831787 words/s, in_qsize 27, out_qsize 0
2026-02-02 16:43:14,749 - INFO - EPOCH 6 - PROGRESS: at 3.05% examples, 834101 words/s, in_qsize 26, out_qsize 1
2026-02-02 16:43:15,754 - INFO - EPOCH 6 - PROGRESS: at 3.24% examples, 835527 words/s, in_qsize 25, out_qsize 2
2026-02-02 16:43:16,773 - INFO - EPOCH 6 - PROGRESS: at 3.44% examples, 838899 words/s, in_qsize 26, out_qsize 1
2026-02-02 16:43:17,775 - INFO - EPOCH 6 - PROGRESS: at 3.61% examples, 839862 words/s, in_qsize 28, out_qsize 3
2026-02-02 16:43:18,817 - INFO - EPOCH 6 - PROGRESS: at 3.81% examples, 841770 words/s, in_qsize 27, out_qsize 0
2026-02-02 16:43:19,823 - INFO - EPOCH 6 - PROGRESS: at 3.98% examples, 840264 words/s, in_qsize 24, out_qsize 2
2026-02-02 16:43:20,833 - INFO - EPOCH 6 - PROGRESS: at 4.14% examples, 835348 words/s, in_qsize 27, out_qsize 0
2026-02-02 16:43:21,845 - INFO - EPOCH 6 - PROGRESS: at 4.31% examples, 834466 words/s, in_qsize 27, out_qsize 0
2026-02-02 16:43:22,870 - INFO - EPOCH 6 - PROGRESS: at 4.49% examples, 835837 words/s, in_qsize 27, out_qsize 2
2026-02-02 16:43:23,920 - INFO - EPOCH 6 - PROGRESS: at 4.64% examples, 837915 words/s, in_qsize 25, out_qsize 3
2026-02-02 16:43:24,925 - INFO - EPOCH 6 - PROGRESS: at 4.78% examples, 840413 words/s, in_qsize 27, out_qsize 0
2026-02-02 16:43:25,927 - INFO - EPOCH 6 - PROGRESS: at 4.90% examples, 838612 words/s, in_qsize 28, out_qsize 1
2026-02-02 16:43:26,927 - INFO - EPOCH 6 - PROGRESS: at 5.03% examples, 838876 words/s, in_qsize 27, out_qsize 0
2026-02-02 16:43:27,958 - INFO - EPOCH 6 - PROGRESS: at 5.21% examples, 837084 words/s, in_qsize 27, out_qsize 0
2026-02-02 16:43:28,983 - INFO - EPOCH 6 - PROGRESS: at 5.39% examples, 837389 words/s, in_qsize 25, out_qsize 3
2026-02-02 16:43:29,988 - INFO - EPOCH 6 - PROGRESS: at 5.58% examples, 838865 words/s, in_qsize 27, out_qsize 2
2026-02-02 16:43:31,006 - INFO - EPOCH 6 - PROGRESS: at 5.74% examples, 840147 words/s, in_qsize 28, out_qsize 0
2026-02-02 16:43:32,027 - INFO - EPOCH 6 - PROGRESS: at 5.90% examples, 840355 words/s, in_qsize 24, out_qsize 3
2026-02-02 16:43:33,030 - INFO - EPOCH 6 - PROGRESS: at 6.10% examples, 841422 words/s, in_qsize 28, out_qsize 0
2026-02-02 16:43:34,034 - INFO - EPOCH 6 - PROGRESS: at 6.27% examples, 839549 words/s, in_qsize 28, out_qsize 4
2026-02-02 16:43:35,039 - INFO - EPOCH 6 - PROGRESS: at 6.50% examples, 837909 words/s, in_qsize 23, out_qsize 4
2026-02-02 16:43:36,043 - INFO - EPOCH 6 - PROGRESS: at 6.71% examples, 834472 words/s, in_qsize 23, out_qsize 10
2026-02-02 16:43:37,057 - INFO - EPOCH 6 - PROGRESS: at 6.92% examples, 831752 words/s, in_qsize 27, out_qsize 0
2026-02-02 16:43:38,061 - INFO - EPOCH 6 - PROGRESS: at 7.13% examples, 830264 words/s, in_qsize 23, out_qsize 4
2026-02-02 16:43:39,065 - INFO - EPOCH 6 - PROGRESS: at 7.25% examples, 831102 words/s, in_qsize 28, out_qsize 1
2026-02-02 16:43:40,080 - INFO - EPOCH 6 - PROGRESS: at 7.45% examples, 831934 words/s, in_qsize 27, out_qsize 0
2026-02-02 16:43:41,105 - INFO - EPOCH 6 - PROGRESS: at 7.61% examples, 832564 words/s, in_qsize 26, out_qsize 4
2026-02-02 16:43:42,119 - INFO - EPOCH 6 - PROGRESS: at 7.79% examples, 834303 words/s, in_qsize 27, out_qsize 0
2026-02-02 16:43:43,122 - INFO - EPOCH 6 - PROGRESS: at 7.97% examples, 835922 words/s, in_qsize 28, out_qsize 0
2026-02-02 16:43:44,123 - INFO - EPOCH 6 - PROGRESS: at 8.14% examples, 836458 words/s, in_qsize 28, out_qsize 3
2026-02-02 16:43:45,125 - INFO - EPOCH 6 - PROGRESS: at 8.31% examples, 837880 words/s, in_qsize 27, out_qsize 0
2026-02-02 16:43:46,126 - INFO - EPOCH 6 - PROGRESS: at 8.47% examples, 838990 words/s, in_qsize 27, out_qsize 0
2026-02-02 16:43:47,170 - INFO - EPOCH 6 - PROGRESS: at 8.58% examples, 838824 words/s, in_qsize 27, out_qsize 4
2026-02-02 16:43:48,172 - INFO - EPOCH 6 - PROGRESS: at 8.75% examples, 840108 words/s, in_qsize 27, out_qsize 0
2026-02-02 16:43:49,180 - INFO - EPOCH 6 - PROGRESS: at 8.95% examples, 840879 words/s, in_qsize 27, out_qsize 0
2026-02-02 16:43:50,201 - INFO - EPOCH 6 - PROGRESS: at 9.10% examples, 841655 words/s, in_qsize 28, out_qsize 1
2026-02-02 16:43:51,202 - INFO - EPOCH 6 - PROGRESS: at 9.28% examples, 842313 words/s, in_qsize 28, out_qsize 2
2026-02-02 16:43:52,235 - INFO - EPOCH 6 - PROGRESS: at 9.43% examples, 842729 words/s, in_qsize 26, out_qsize 3
2026-02-02 16:43:53,246 - INFO - EPOCH 6 - PROGRESS: at 9.59% examples, 843864 words/s, in_qsize 26, out_qsize 1
2026-02-02 16:43:54,259 - INFO - EPOCH 6 - PROGRESS: at 9.78% examples, 844652 words/s, in_qsize 27, out_qsize 0
2026-02-02 16:43:55,260 - INFO - EPOCH 6 - PROGRESS: at 9.96% examples, 844972 words/s, in_qsize 27, out_qsize 1
2026-02-02 16:43:56,316 - INFO - EPOCH 6 - PROGRESS: at 10.16% examples, 845028 words/s, in_qsize 26, out_qsize 4
2026-02-02 16:43:57,352 - INFO - EPOCH 6 - PROGRESS: at 10.33% examples, 844984 words/s, in_qsize 28, out_qsize 0
2026-02-02 16:43:58,418 - INFO - EPOCH 6 - PROGRESS: at 10.51% examples, 844460 words/s, in_qsize 27, out_qsize 0
2026-02-02 16:43:59,422 - INFO - EPOCH 6 - PROGRESS: at 10.66% examples, 842899 words/s, in_qsize 28, out_qsize 1
2026-02-02 16:44:00,443 - INFO - EPOCH 6 - PROGRESS: at 10.87% examples, 841417 words/s, in_qsize 27, out_qsize 0
2026-02-02 16:44:01,460 - INFO - EPOCH 6 - PROGRESS: at 11.08% examples, 839782 words/s, in_qsize 26, out_qsize 1
2026-02-02 16:44:02,460 - INFO - EPOCH 6 - PROGRESS: at 11.28% examples, 838511 words/s, in_qsize 26, out_qsize 1
2026-02-02 16:44:03,465 - INFO - EPOCH 6 - PROGRESS: at 11.51% examples, 838276 words/s, in_qsize 27, out_qsize 0
2026-02-02 16:44:04,471 - INFO - EPOCH 6 - PROGRESS: at 11.65% examples, 838084 words/s, in_qsize 26, out_qsize 1
2026-02-02 16:44:05,471 - INFO - EPOCH 6 - PROGRESS: at 11.84% examples, 838687 words/s, in_qsize 27, out_qsize 0
2026-02-02 16:44:06,477 - INFO - EPOCH 6 - PROGRESS: at 12.12% examples, 839376 words/s, in_qsize 26, out_qsize 4
2026-02-02 16:44:07,480 - INFO - EPOCH 6 - PROGRESS: at 12.41% examples, 841060 words/s, in_qsize 27, out_qsize 2
2026-02-02 16:44:08,489 - INFO - EPOCH 6 - PROGRESS: at 12.67% examples, 841026 words/s, in_qsize 28, out_qsize 0
2026-02-02 16:44:09,521 - INFO - EPOCH 6 - PROGRESS: at 12.94% examples, 840841 words/s, in_qsize 27, out_qsize 0
2026-02-02 16:44:10,522 - INFO - EPOCH 6 - PROGRESS: at 13.20% examples, 841001 words/s, in_qsize 27, out_qsize 0
2026-02-02 16:44:11,537 - INFO - EPOCH 6 - PROGRESS: at 13.48% examples, 841613 words/s, in_qsize 27, out_qsize 0
2026-02-02 16:44:12,544 - INFO - EPOCH 6 - PROGRESS: at 13.74% examples, 841411 words/s, in_qsize 27, out_qsize 0
2026-02-02 16:44:13,570 - INFO - EPOCH 6 - PROGRESS: at 14.00% examples, 841296 words/s, in_qsize 28, out_qsize 0
2026-02-02 16:44:14,574 - INFO - EPOCH 6 - PROGRESS: at 14.21% examples, 840726 words/s, in_qsize 27, out_qsize 0
2026-02-02 16:44:15,582 - INFO - EPOCH 6 - PROGRESS: at 14.41% examples, 840738 words/s, in_qsize 28, out_qsize 5
2026-02-02 16:44:16,600 - INFO - EPOCH 6 - PROGRESS: at 14.64% examples, 841719 words/s, in_qsize 26, out_qsize 3
2026-02-02 16:44:17,608 - INFO - EPOCH 6 - PROGRESS: at 14.86% examples, 842596 words/s, in_qsize 26, out_qsize 1
2026-02-02 16:44:18,617 - INFO - EPOCH 6 - PROGRESS: at 15.04% examples, 841068 words/s, in_qsize 27, out_qsize 0
2026-02-02 16:44:19,620 - INFO - EPOCH 6 - PROGRESS: at 15.22% examples, 840005 words/s, in_qsize 23, out_qsize 4
2026-02-02 16:44:20,625 - INFO - EPOCH 6 - PROGRESS: at 15.40% examples, 838948 words/s, in_qsize 23, out_qsize 5
2026-02-02 16:44:21,638 - INFO - EPOCH 6 - PROGRESS: at 15.59% examples, 838458 words/s, in_qsize 25, out_qsize 3
2026-02-02 16:44:22,653 - INFO - EPOCH 6 - PROGRESS: at 15.80% examples, 838642 words/s, in_qsize 27, out_qsize 1
2026-02-02 16:44:23,662 - INFO - EPOCH 6 - PROGRESS: at 16.01% examples, 838798 words/s, in_qsize 25, out_qsize 1
2026-02-02 16:44:24,707 - INFO - EPOCH 6 - PROGRESS: at 16.23% examples, 838868 words/s, in_qsize 27, out_qsize 0
2026-02-02 16:44:25,740 - INFO - EPOCH 6 - PROGRESS: at 16.44% examples, 838616 words/s, in_qsize 27, out_qsize 1
2026-02-02 16:44:26,770 - INFO - EPOCH 6 - PROGRESS: at 16.65% examples, 838330 words/s, in_qsize 26, out_qsize 1
2026-02-02 16:44:27,777 - INFO - EPOCH 6 - PROGRESS: at 16.83% examples, 837339 words/s, in_qsize 28, out_qsize 2
2026-02-02 16:44:28,799 - INFO - EPOCH 6 - PROGRESS: at 17.04% examples, 837298 words/s, in_qsize 27, out_qsize 0
2026-02-02 16:44:29,810 - INFO - EPOCH 6 - PROGRESS: at 17.22% examples, 836152 words/s, in_qsize 28, out_qsize 0
2026-02-02 16:44:30,824 - INFO - EPOCH 6 - PROGRESS: at 17.43% examples, 835923 words/s, in_qsize 27, out_qsize 0
2026-02-02 16:44:31,854 - INFO - EPOCH 6 - PROGRESS: at 17.62% examples, 834960 words/s, in_qsize 26, out_qsize 1
2026-02-02 16:44:32,856 - INFO - EPOCH 6 - PROGRESS: at 17.81% examples, 834314 words/s, in_qsize 28, out_qsize 0
2026-02-02 16:44:33,857 - INFO - EPOCH 6 - PROGRESS: at 18.00% examples, 833382 words/s, in_qsize 28, out_qsize 0
2026-02-02 16:44:34,881 - INFO - EPOCH 6 - PROGRESS: at 18.18% examples, 832425 words/s, in_qsize 25, out_qsize 2
2026-02-02 16:44:35,895 - INFO - EPOCH 6 - PROGRESS: at 18.37% examples, 831416 words/s, in_qsize 26, out_qsize 1
2026-02-02 16:44:36,901 - INFO - EPOCH 6 - PROGRESS: at 18.56% examples, 831030 words/s, in_qsize 28, out_qsize 4
2026-02-02 16:44:37,938 - INFO - EPOCH 6 - PROGRESS: at 18.73% examples, 830385 words/s, in_qsize 27, out_qsize 0
2026-02-02 16:44:38,959 - INFO - EPOCH 6 - PROGRESS: at 18.86% examples, 829621 words/s, in_qsize 27, out_qsize 0
2026-02-02 16:44:39,964 - INFO - EPOCH 6 - PROGRESS: at 19.01% examples, 829271 words/s, in_qsize 27, out_qsize 1
2026-02-02 16:44:41,003 - INFO - EPOCH 6 - PROGRESS: at 19.17% examples, 828353 words/s, in_qsize 27, out_qsize 0
2026-02-02 16:44:42,008 - INFO - EPOCH 6 - PROGRESS: at 19.33% examples, 827796 words/s, in_qsize 27, out_qsize 0
2026-02-02 16:44:43,023 - INFO - EPOCH 6 - PROGRESS: at 19.53% examples, 827906 words/s, in_qsize 27, out_qsize 0
2026-02-02 16:44:44,023 - INFO - EPOCH 6 - PROGRESS: at 19.68% examples, 827611 words/s, in_qsize 27, out_qsize 0
2026-02-02 16:44:45,032 - INFO - EPOCH 6 - PROGRESS: at 19.88% examples, 827807 words/s, in_qsize 26, out_qsize 1
2026-02-02 16:44:46,043 - INFO - EPOCH 6 - PROGRESS: at 20.07% examples, 827496 words/s, in_qsize 27, out_qsize 0
2026-02-02 16:44:47,060 - INFO - EPOCH 6 - PROGRESS: at 20.23% examples, 826845 words/s, in_qsize 28, out_qsize 0
2026-02-02 16:44:48,061 - INFO - EPOCH 6 - PROGRESS: at 20.37% examples, 827052 words/s, in_qsize 26, out_qsize 1
2026-02-02 16:44:49,083 - INFO - EPOCH 6 - PROGRESS: at 20.50% examples, 827282 words/s, in_qsize 28, out_qsize 1
2026-02-02 16:44:50,118 - INFO - EPOCH 6 - PROGRESS: at 20.64% examples, 827344 words/s, in_qsize 28, out_qsize 0
2026-02-02 16:44:51,119 - INFO - EPOCH 6 - PROGRESS: at 20.77% examples, 827847 words/s, in_qsize 28, out_qsize 0
2026-02-02 16:44:52,124 - INFO - EPOCH 6 - PROGRESS: at 20.97% examples, 828370 words/s, in_qsize 26, out_qsize 1
2026-02-02 16:44:53,162 - INFO - EPOCH 6 - PROGRESS: at 21.17% examples, 828519 words/s, in_qsize 28, out_qsize 3
2026-02-02 16:44:54,185 - INFO - EPOCH 6 - PROGRESS: at 21.39% examples, 828110 words/s, in_qsize 27, out_qsize 9
2026-02-02 16:44:55,216 - INFO - EPOCH 6 - PROGRESS: at 21.55% examples, 828211 words/s, in_qsize 27, out_qsize 0
2026-02-02 16:44:56,239 - INFO - EPOCH 6 - PROGRESS: at 21.68% examples, 826649 words/s, in_qsize 25, out_qsize 2
2026-02-02 16:44:57,242 - INFO - EPOCH 6 - PROGRESS: at 21.82% examples, 826156 words/s, in_qsize 28, out_qsize 4
2026-02-02 16:44:58,244 - INFO - EPOCH 6 - PROGRESS: at 22.03% examples, 826087 words/s, in_qsize 26, out_qsize 1
2026-02-02 16:44:59,276 - INFO - EPOCH 6 - PROGRESS: at 22.18% examples, 825523 words/s, in_qsize 27, out_qsize 0
2026-02-02 16:45:00,330 - INFO - EPOCH 6 - PROGRESS: at 22.43% examples, 824807 words/s, in_qsize 28, out_qsize 0
2026-02-02 16:45:01,333 - INFO - EPOCH 6 - PROGRESS: at 22.70% examples, 824269 words/s, in_qsize 27, out_qsize 0
2026-02-02 16:45:02,342 - INFO - EPOCH 6 - PROGRESS: at 22.89% examples, 823689 words/s, in_qsize 27, out_qsize 0
2026-02-02 16:45:03,343 - INFO - EPOCH 6 - PROGRESS: at 23.06% examples, 823029 words/s, in_qsize 27, out_qsize 0
2026-02-02 16:45:04,353 - INFO - EPOCH 6 - PROGRESS: at 23.25% examples, 822565 words/s, in_qsize 28, out_qsize 1
2026-02-02 16:45:05,355 - INFO - EPOCH 6 - PROGRESS: at 23.44% examples, 822026 words/s, in_qsize 28, out_qsize 0
2026-02-02 16:45:06,375 - INFO - EPOCH 6 - PROGRESS: at 23.63% examples, 821452 words/s, in_qsize 28, out_qsize 0
2026-02-02 16:45:07,399 - INFO - EPOCH 6 - PROGRESS: at 23.82% examples, 820792 words/s, in_qsize 28, out_qsize 2
2026-02-02 16:45:08,414 - INFO - EPOCH 6 - PROGRESS: at 24.03% examples, 820909 words/s, in_qsize 27, out_qsize 0
2026-02-02 16:45:09,425 - INFO - EPOCH 6 - PROGRESS: at 24.23% examples, 820655 words/s, in_qsize 27, out_qsize 0
2026-02-02 16:45:10,468 - INFO - EPOCH 6 - PROGRESS: at 24.41% examples, 820773 words/s, in_qsize 28, out_qsize 0
2026-02-02 16:45:11,488 - INFO - EPOCH 6 - PROGRESS: at 24.58% examples, 821048 words/s, in_qsize 27, out_qsize 1
2026-02-02 16:45:12,521 - INFO - EPOCH 6 - PROGRESS: at 24.75% examples, 821123 words/s, in_qsize 28, out_qsize 0
2026-02-02 16:45:13,534 - INFO - EPOCH 6 - PROGRESS: at 24.90% examples, 820589 words/s, in_qsize 27, out_qsize 0
2026-02-02 16:45:14,541 - INFO - EPOCH 6 - PROGRESS: at 25.05% examples, 820024 words/s, in_qsize 28, out_qsize 2
2026-02-02 16:45:15,572 - INFO - EPOCH 6 - PROGRESS: at 25.21% examples, 820064 words/s, in_qsize 26, out_qsize 3
2026-02-02 16:45:16,581 - INFO - EPOCH 6 - PROGRESS: at 25.38% examples, 820732 words/s, in_qsize 26, out_qsize 1
2026-02-02 16:45:17,594 - INFO - EPOCH 6 - PROGRESS: at 25.57% examples, 821092 words/s, in_qsize 27, out_qsize 0
2026-02-02 16:45:18,598 - INFO - EPOCH 6 - PROGRESS: at 25.78% examples, 821360 words/s, in_qsize 26, out_qsize 0
2026-02-02 16:45:19,628 - INFO - EPOCH 6 - PROGRESS: at 25.96% examples, 821122 words/s, in_qsize 22, out_qsize 11
2026-02-02 16:45:20,632 - INFO - EPOCH 6 - PROGRESS: at 26.16% examples, 821128 words/s, in_qsize 26, out_qsize 1
2026-02-02 16:45:21,642 - INFO - EPOCH 6 - PROGRESS: at 26.37% examples, 820906 words/s, in_qsize 27, out_qsize 0
2026-02-02 16:45:22,671 - INFO - EPOCH 6 - PROGRESS: at 26.57% examples, 820385 words/s, in_qsize 28, out_qsize 0
2026-02-02 16:45:23,688 - INFO - EPOCH 6 - PROGRESS: at 26.78% examples, 820095 words/s, in_qsize 28, out_qsize 0
2026-02-02 16:45:24,689 - INFO - EPOCH 6 - PROGRESS: at 26.96% examples, 819669 words/s, in_qsize 28, out_qsize 0
2026-02-02 16:45:25,700 - INFO - EPOCH 6 - PROGRESS: at 27.16% examples, 819718 words/s, in_qsize 27, out_qsize 0
2026-02-02 16:45:26,712 - INFO - EPOCH 6 - PROGRESS: at 27.30% examples, 819313 words/s, in_qsize 26, out_qsize 3
2026-02-02 16:45:27,715 - INFO - EPOCH 6 - PROGRESS: at 27.43% examples, 819884 words/s, in_qsize 27, out_qsize 0
2026-02-02 16:45:28,724 - INFO - EPOCH 6 - PROGRESS: at 27.59% examples, 820008 words/s, in_qsize 25, out_qsize 2
2026-02-02 16:45:29,732 - INFO - EPOCH 6 - PROGRESS: at 27.77% examples, 819964 words/s, in_qsize 27, out_qsize 0
2026-02-02 16:45:30,743 - INFO - EPOCH 6 - PROGRESS: at 27.95% examples, 820064 words/s, in_qsize 27, out_qsize 0
2026-02-02 16:45:31,764 - INFO - EPOCH 6 - PROGRESS: at 28.05% examples, 819521 words/s, in_qsize 24, out_qsize 5
2026-02-02 16:45:32,798 - INFO - EPOCH 6 - PROGRESS: at 28.18% examples, 819524 words/s, in_qsize 28, out_qsize 1
2026-02-02 16:45:33,822 - INFO - EPOCH 6 - PROGRESS: at 28.34% examples, 819201 words/s, in_qsize 23, out_qsize 4
2026-02-02 16:45:34,827 - INFO - EPOCH 6 - PROGRESS: at 28.50% examples, 818766 words/s, in_qsize 28, out_qsize 0
2026-02-02 16:45:35,832 - INFO - EPOCH 6 - PROGRESS: at 28.66% examples, 818182 words/s, in_qsize 21, out_qsize 8
2026-02-02 16:45:36,892 - INFO - EPOCH 6 - PROGRESS: at 28.84% examples, 817952 words/s, in_qsize 26, out_qsize 1
2026-02-02 16:45:37,929 - INFO - EPOCH 6 - PROGRESS: at 29.01% examples, 817500 words/s, in_qsize 25, out_qsize 2
2026-02-02 16:45:38,941 - INFO - EPOCH 6 - PROGRESS: at 29.19% examples, 817617 words/s, in_qsize 27, out_qsize 1
2026-02-02 16:45:39,949 - INFO - EPOCH 6 - PROGRESS: at 29.36% examples, 817369 words/s, in_qsize 27, out_qsize 0
2026-02-02 16:45:40,973 - INFO - EPOCH 6 - PROGRESS: at 29.53% examples, 816947 words/s, in_qsize 25, out_qsize 6
2026-02-02 16:45:41,981 - INFO - EPOCH 6 - PROGRESS: at 29.71% examples, 817134 words/s, in_qsize 26, out_qsize 1
2026-02-02 16:45:42,985 - INFO - EPOCH 6 - PROGRESS: at 29.90% examples, 816807 words/s, in_qsize 26, out_qsize 2
2026-02-02 16:45:43,991 - INFO - EPOCH 6 - PROGRESS: at 30.12% examples, 817015 words/s, in_qsize 28, out_qsize 3
2026-02-02 16:45:45,024 - INFO - EPOCH 6 - PROGRESS: at 30.26% examples, 816950 words/s, in_qsize 28, out_qsize 5
2026-02-02 16:45:46,036 - INFO - EPOCH 6 - PROGRESS: at 30.45% examples, 817351 words/s, in_qsize 27, out_qsize 0
2026-02-02 16:45:47,056 - INFO - EPOCH 6 - PROGRESS: at 30.64% examples, 817608 words/s, in_qsize 27, out_qsize 0
2026-02-02 16:45:48,066 - INFO - EPOCH 6 - PROGRESS: at 30.81% examples, 817951 words/s, in_qsize 27, out_qsize 0
2026-02-02 16:45:49,085 - INFO - EPOCH 6 - PROGRESS: at 30.97% examples, 818244 words/s, in_qsize 27, out_qsize 1
2026-02-02 16:45:50,096 - INFO - EPOCH 6 - PROGRESS: at 31.13% examples, 818614 words/s, in_qsize 27, out_qsize 1
2026-02-02 16:45:51,135 - INFO - EPOCH 6 - PROGRESS: at 31.29% examples, 818819 words/s, in_qsize 27, out_qsize 4
2026-02-02 16:45:52,150 - INFO - EPOCH 6 - PROGRESS: at 31.45% examples, 819215 words/s, in_qsize 27, out_qsize 0
2026-02-02 16:45:53,156 - INFO - EPOCH 6 - PROGRESS: at 31.59% examples, 818890 words/s, in_qsize 28, out_qsize 2
2026-02-02 16:45:54,160 - INFO - EPOCH 6 - PROGRESS: at 31.74% examples, 818957 words/s, in_qsize 27, out_qsize 0
2026-02-02 16:45:55,182 - INFO - EPOCH 6 - PROGRESS: at 31.90% examples, 819080 words/s, in_qsize 25, out_qsize 3
2026-02-02 16:45:56,189 - INFO - EPOCH 6 - PROGRESS: at 32.07% examples, 819596 words/s, in_qsize 27, out_qsize 0
2026-02-02 16:45:57,199 - INFO - EPOCH 6 - PROGRESS: at 32.21% examples, 819870 words/s, in_qsize 27, out_qsize 0
2026-02-02 16:45:58,201 - INFO - EPOCH 6 - PROGRESS: at 32.46% examples, 820259 words/s, in_qsize 26, out_qsize 1
2026-02-02 16:45:59,217 - INFO - EPOCH 6 - PROGRESS: at 32.71% examples, 820481 words/s, in_qsize 28, out_qsize 0
2026-02-02 16:46:00,218 - INFO - EPOCH 6 - PROGRESS: at 32.87% examples, 820717 words/s, in_qsize 27, out_qsize 0
2026-02-02 16:46:01,219 - INFO - EPOCH 6 - PROGRESS: at 33.08% examples, 820827 words/s, in_qsize 28, out_qsize 1
2026-02-02 16:46:02,227 - INFO - EPOCH 6 - PROGRESS: at 33.29% examples, 821110 words/s, in_qsize 26, out_qsize 1
2026-02-02 16:46:03,252 - INFO - EPOCH 6 - PROGRESS: at 33.48% examples, 820784 words/s, in_qsize 26, out_qsize 1
2026-02-02 16:46:04,282 - INFO - EPOCH 6 - PROGRESS: at 33.68% examples, 820608 words/s, in_qsize 22, out_qsize 6
2026-02-02 16:46:05,290 - INFO - EPOCH 6 - PROGRESS: at 33.88% examples, 820480 words/s, in_qsize 27, out_qsize 0
2026-02-02 16:46:06,313 - INFO - EPOCH 6 - PROGRESS: at 34.10% examples, 820772 words/s, in_qsize 24, out_qsize 4
2026-02-02 16:46:07,323 - INFO - EPOCH 6 - PROGRESS: at 34.22% examples, 821247 words/s, in_qsize 26, out_qsize 1
2026-02-02 16:46:08,330 - INFO - EPOCH 6 - PROGRESS: at 34.38% examples, 821505 words/s, in_qsize 28, out_qsize 0
2026-02-02 16:46:09,334 - INFO - EPOCH 6 - PROGRESS: at 34.54% examples, 821894 words/s, in_qsize 27, out_qsize 1
2026-02-02 16:46:10,342 - INFO - EPOCH 6 - PROGRESS: at 34.68% examples, 822055 words/s, in_qsize 26, out_qsize 3
2026-02-02 16:46:11,367 - INFO - EPOCH 6 - PROGRESS: at 34.83% examples, 822467 words/s, in_qsize 25, out_qsize 2
2026-02-02 16:46:12,379 - INFO - EPOCH 6 - PROGRESS: at 34.97% examples, 822741 words/s, in_qsize 27, out_qsize 0
2026-02-02 16:46:13,383 - INFO - EPOCH 6 - PROGRESS: at 35.15% examples, 823082 words/s, in_qsize 27, out_qsize 1
2026-02-02 16:46:14,411 - INFO - EPOCH 6 - PROGRESS: at 35.35% examples, 823051 words/s, in_qsize 27, out_qsize 0
2026-02-02 16:46:15,442 - INFO - EPOCH 6 - PROGRESS: at 35.55% examples, 822657 words/s, in_qsize 27, out_qsize 0
2026-02-02 16:46:16,446 - INFO - EPOCH 6 - PROGRESS: at 35.75% examples, 822454 words/s, in_qsize 23, out_qsize 4
2026-02-02 16:46:17,468 - INFO - EPOCH 6 - PROGRESS: at 35.92% examples, 822463 words/s, in_qsize 27, out_qsize 1
2026-02-02 16:46:18,474 - INFO - EPOCH 6 - PROGRESS: at 36.13% examples, 822700 words/s, in_qsize 28, out_qsize 0
2026-02-02 16:46:19,479 - INFO - EPOCH 6 - PROGRESS: at 36.31% examples, 822905 words/s, in_qsize 28, out_qsize 0
2026-02-02 16:46:20,494 - INFO - EPOCH 6 - PROGRESS: at 36.48% examples, 823027 words/s, in_qsize 27, out_qsize 1
2026-02-02 16:46:21,508 - INFO - EPOCH 6 - PROGRESS: at 36.63% examples, 822621 words/s, in_qsize 28, out_qsize 0
2026-02-02 16:46:22,552 - INFO - EPOCH 6 - PROGRESS: at 36.76% examples, 822050 words/s, in_qsize 28, out_qsize 0
2026-02-02 16:46:23,559 - INFO - EPOCH 6 - PROGRESS: at 36.94% examples, 822301 words/s, in_qsize 27, out_qsize 0
2026-02-02 16:46:24,563 - INFO - EPOCH 6 - PROGRESS: at 37.12% examples, 822177 words/s, in_qsize 28, out_qsize 3
2026-02-02 16:46:25,571 - INFO - EPOCH 6 - PROGRESS: at 37.27% examples, 822427 words/s, in_qsize 27, out_qsize 0
2026-02-02 16:46:26,574 - INFO - EPOCH 6 - PROGRESS: at 37.43% examples, 822799 words/s, in_qsize 27, out_qsize 0
2026-02-02 16:46:27,580 - INFO - EPOCH 6 - PROGRESS: at 37.57% examples, 822907 words/s, in_qsize 27, out_qsize 0
2026-02-02 16:46:28,632 - INFO - EPOCH 6 - PROGRESS: at 37.74% examples, 823070 words/s, in_qsize 26, out_qsize 6
2026-02-02 16:46:29,657 - INFO - EPOCH 6 - PROGRESS: at 37.91% examples, 823516 words/s, in_qsize 27, out_qsize 0
2026-02-02 16:46:30,663 - INFO - EPOCH 6 - PROGRESS: at 38.05% examples, 823820 words/s, in_qsize 25, out_qsize 1
2026-02-02 16:46:31,663 - INFO - EPOCH 6 - PROGRESS: at 38.20% examples, 824146 words/s, in_qsize 28, out_qsize 0
2026-02-02 16:46:32,700 - INFO - EPOCH 6 - PROGRESS: at 38.34% examples, 824204 words/s, in_qsize 25, out_qsize 8
2026-02-02 16:46:33,709 - INFO - EPOCH 6 - PROGRESS: at 38.49% examples, 824660 words/s, in_qsize 27, out_qsize 0
2026-02-02 16:46:34,710 - INFO - EPOCH 6 - PROGRESS: at 38.66% examples, 824748 words/s, in_qsize 25, out_qsize 3
2026-02-02 16:46:35,713 - INFO - EPOCH 6 - PROGRESS: at 38.92% examples, 824995 words/s, in_qsize 27, out_qsize 0
2026-02-02 16:46:36,745 - INFO - EPOCH 6 - PROGRESS: at 39.12% examples, 825038 words/s, in_qsize 28, out_qsize 2
2026-02-02 16:46:37,766 - INFO - EPOCH 6 - PROGRESS: at 39.27% examples, 825281 words/s, in_qsize 28, out_qsize 1
2026-02-02 16:46:38,767 - INFO - EPOCH 6 - PROGRESS: at 39.40% examples, 825334 words/s, in_qsize 27, out_qsize 0
2026-02-02 16:46:39,771 - INFO - EPOCH 6 - PROGRESS: at 39.56% examples, 825629 words/s, in_qsize 27, out_qsize 0
2026-02-02 16:46:40,780 - INFO - EPOCH 6 - PROGRESS: at 39.74% examples, 825782 words/s, in_qsize 25, out_qsize 3
2026-02-02 16:46:41,788 - INFO - EPOCH 6 - PROGRESS: at 39.92% examples, 826082 words/s, in_qsize 26, out_qsize 4
2026-02-02 16:46:42,841 - INFO - EPOCH 6 - PROGRESS: at 40.09% examples, 826289 words/s, in_qsize 28, out_qsize 5
2026-02-02 16:46:43,842 - INFO - EPOCH 6 - PROGRESS: at 40.26% examples, 826557 words/s, in_qsize 27, out_qsize 0
2026-02-02 16:46:44,852 - INFO - EPOCH 6 - PROGRESS: at 40.42% examples, 826687 words/s, in_qsize 28, out_qsize 0
2026-02-02 16:46:45,863 - INFO - EPOCH 6 - PROGRESS: at 40.58% examples, 826284 words/s, in_qsize 28, out_qsize 0
2026-02-02 16:46:46,874 - INFO - EPOCH 6 - PROGRESS: at 40.75% examples, 825944 words/s, in_qsize 26, out_qsize 0
2026-02-02 16:46:47,885 - INFO - EPOCH 6 - PROGRESS: at 40.92% examples, 825575 words/s, in_qsize 28, out_qsize 0
2026-02-02 16:46:48,891 - INFO - EPOCH 6 - PROGRESS: at 41.09% examples, 825158 words/s, in_qsize 25, out_qsize 1
2026-02-02 16:46:49,902 - INFO - EPOCH 6 - PROGRESS: at 41.26% examples, 824925 words/s, in_qsize 28, out_qsize 4
2026-02-02 16:46:50,921 - INFO - EPOCH 6 - PROGRESS: at 41.42% examples, 824814 words/s, in_qsize 27, out_qsize 0
2026-02-02 16:46:51,953 - INFO - EPOCH 6 - PROGRESS: at 41.55% examples, 824430 words/s, in_qsize 26, out_qsize 1
2026-02-02 16:46:52,982 - INFO - EPOCH 6 - PROGRESS: at 41.69% examples, 824487 words/s, in_qsize 26, out_qsize 2
2026-02-02 16:46:53,990 - INFO - EPOCH 6 - PROGRESS: at 41.84% examples, 824878 words/s, in_qsize 27, out_qsize 0
2026-02-02 16:46:54,993 - INFO - EPOCH 6 - PROGRESS: at 41.96% examples, 824977 words/s, in_qsize 27, out_qsize 1
2026-02-02 16:46:56,003 - INFO - EPOCH 6 - PROGRESS: at 42.09% examples, 825162 words/s, in_qsize 27, out_qsize 3
2026-02-02 16:46:57,037 - INFO - EPOCH 6 - PROGRESS: at 42.22% examples, 825431 words/s, in_qsize 28, out_qsize 0
2026-02-02 16:46:58,058 - INFO - EPOCH 6 - PROGRESS: at 42.43% examples, 825606 words/s, in_qsize 27, out_qsize 0
2026-02-02 16:46:59,065 - INFO - EPOCH 6 - PROGRESS: at 42.64% examples, 825292 words/s, in_qsize 27, out_qsize 0
2026-02-02 16:47:00,066 - INFO - EPOCH 6 - PROGRESS: at 42.77% examples, 825005 words/s, in_qsize 27, out_qsize 0
2026-02-02 16:47:01,068 - INFO - EPOCH 6 - PROGRESS: at 42.97% examples, 824698 words/s, in_qsize 27, out_qsize 0
2026-02-02 16:47:02,118 - INFO - EPOCH 6 - PROGRESS: at 43.18% examples, 824304 words/s, in_qsize 21, out_qsize 9
2026-02-02 16:47:03,154 - INFO - EPOCH 6 - PROGRESS: at 43.35% examples, 824283 words/s, in_qsize 27, out_qsize 0
2026-02-02 16:47:04,189 - INFO - EPOCH 6 - PROGRESS: at 43.49% examples, 824287 words/s, in_qsize 27, out_qsize 2
2026-02-02 16:47:05,206 - INFO - EPOCH 6 - PROGRESS: at 43.64% examples, 824592 words/s, in_qsize 27, out_qsize 0
2026-02-02 16:47:06,209 - INFO - EPOCH 6 - PROGRESS: at 43.75% examples, 824850 words/s, in_qsize 28, out_qsize 0
2026-02-02 16:47:07,215 - INFO - EPOCH 6 - PROGRESS: at 43.90% examples, 824897 words/s, in_qsize 24, out_qsize 3
2026-02-02 16:47:08,217 - INFO - EPOCH 6 - PROGRESS: at 44.13% examples, 824834 words/s, in_qsize 28, out_qsize 3
2026-02-02 16:47:09,226 - INFO - EPOCH 6 - PROGRESS: at 44.37% examples, 824551 words/s, in_qsize 28, out_qsize 2
2026-02-02 16:47:10,233 - INFO - EPOCH 6 - PROGRESS: at 44.61% examples, 824289 words/s, in_qsize 28, out_qsize 1
2026-02-02 16:47:11,243 - INFO - EPOCH 6 - PROGRESS: at 44.76% examples, 824039 words/s, in_qsize 28, out_qsize 0
2026-02-02 16:47:12,255 - INFO - EPOCH 6 - PROGRESS: at 44.90% examples, 824006 words/s, in_qsize 25, out_qsize 3
2026-02-02 16:47:13,272 - INFO - EPOCH 6 - PROGRESS: at 45.10% examples, 824219 words/s, in_qsize 26, out_qsize 1
2026-02-02 16:47:14,276 - INFO - EPOCH 6 - PROGRESS: at 45.24% examples, 824394 words/s, in_qsize 26, out_qsize 1
2026-02-02 16:47:15,276 - INFO - EPOCH 6 - PROGRESS: at 45.36% examples, 824158 words/s, in_qsize 27, out_qsize 0
2026-02-02 16:47:16,286 - INFO - EPOCH 6 - PROGRESS: at 45.48% examples, 823856 words/s, in_qsize 28, out_qsize 0
2026-02-02 16:47:17,315 - INFO - EPOCH 6 - PROGRESS: at 45.60% examples, 823850 words/s, in_qsize 26, out_qsize 3
2026-02-02 16:47:18,338 - INFO - EPOCH 6 - PROGRESS: at 45.74% examples, 824079 words/s, in_qsize 28, out_qsize 4
2026-02-02 16:47:19,390 - INFO - EPOCH 6 - PROGRESS: at 45.88% examples, 824276 words/s, in_qsize 27, out_qsize 5
2026-02-02 16:47:20,396 - INFO - EPOCH 6 - PROGRESS: at 46.06% examples, 824703 words/s, in_qsize 27, out_qsize 0
2026-02-02 16:47:21,401 - INFO - EPOCH 6 - PROGRESS: at 46.20% examples, 824848 words/s, in_qsize 28, out_qsize 2
2026-02-02 16:47:22,419 - INFO - EPOCH 6 - PROGRESS: at 46.35% examples, 825025 words/s, in_qsize 25, out_qsize 2
2026-02-02 16:47:23,429 - INFO - EPOCH 6 - PROGRESS: at 46.51% examples, 825295 words/s, in_qsize 26, out_qsize 1
2026-02-02 16:47:24,436 - INFO - EPOCH 6 - PROGRESS: at 46.81% examples, 825544 words/s, in_qsize 26, out_qsize 0
2026-02-02 16:47:25,465 - INFO - EPOCH 6 - PROGRESS: at 47.13% examples, 825718 words/s, in_qsize 27, out_qsize 0
2026-02-02 16:47:26,466 - INFO - EPOCH 6 - PROGRESS: at 47.28% examples, 825855 words/s, in_qsize 26, out_qsize 1
2026-02-02 16:47:27,466 - INFO - EPOCH 6 - PROGRESS: at 47.44% examples, 825897 words/s, in_qsize 26, out_qsize 1
2026-02-02 16:47:28,479 - INFO - EPOCH 6 - PROGRESS: at 47.60% examples, 826041 words/s, in_qsize 27, out_qsize 0
2026-02-02 16:47:29,505 - INFO - EPOCH 6 - PROGRESS: at 47.74% examples, 825596 words/s, in_qsize 28, out_qsize 1
2026-02-02 16:47:30,507 - INFO - EPOCH 6 - PROGRESS: at 47.89% examples, 825634 words/s, in_qsize 26, out_qsize 1
2026-02-02 16:47:31,541 - INFO - EPOCH 6 - PROGRESS: at 48.04% examples, 825541 words/s, in_qsize 28, out_qsize 2
2026-02-02 16:47:32,541 - INFO - EPOCH 6 - PROGRESS: at 48.20% examples, 825726 words/s, in_qsize 28, out_qsize 3
2026-02-02 16:47:33,545 - INFO - EPOCH 6 - PROGRESS: at 48.37% examples, 825945 words/s, in_qsize 25, out_qsize 2
2026-02-02 16:47:34,560 - INFO - EPOCH 6 - PROGRESS: at 48.53% examples, 826079 words/s, in_qsize 27, out_qsize 0
2026-02-02 16:47:35,567 - INFO - EPOCH 6 - PROGRESS: at 48.69% examples, 826122 words/s, in_qsize 28, out_qsize 0
2026-02-02 16:47:36,588 - INFO - EPOCH 6 - PROGRESS: at 48.86% examples, 826350 words/s, in_qsize 27, out_qsize 0
2026-02-02 16:47:37,592 - INFO - EPOCH 6 - PROGRESS: at 49.01% examples, 826428 words/s, in_qsize 26, out_qsize 1
2026-02-02 16:47:38,615 - INFO - EPOCH 6 - PROGRESS: at 49.17% examples, 826430 words/s, in_qsize 27, out_qsize 2
2026-02-02 16:47:39,621 - INFO - EPOCH 6 - PROGRESS: at 49.33% examples, 826562 words/s, in_qsize 28, out_qsize 3
2026-02-02 16:47:40,624 - INFO - EPOCH 6 - PROGRESS: at 49.50% examples, 826779 words/s, in_qsize 27, out_qsize 0
2026-02-02 16:47:41,630 - INFO - EPOCH 6 - PROGRESS: at 49.63% examples, 826410 words/s, in_qsize 27, out_qsize 0
2026-02-02 16:47:42,632 - INFO - EPOCH 6 - PROGRESS: at 49.77% examples, 826225 words/s, in_qsize 24, out_qsize 6
2026-02-02 16:47:43,672 - INFO - EPOCH 6 - PROGRESS: at 49.92% examples, 826096 words/s, in_qsize 26, out_qsize 1
2026-02-02 16:47:44,731 - INFO - EPOCH 6 - PROGRESS: at 50.05% examples, 825765 words/s, in_qsize 28, out_qsize 1
2026-02-02 16:47:45,751 - INFO - EPOCH 6 - PROGRESS: at 50.21% examples, 825905 words/s, in_qsize 28, out_qsize 0
2026-02-02 16:47:46,753 - INFO - EPOCH 6 - PROGRESS: at 50.39% examples, 825733 words/s, in_qsize 26, out_qsize 1
2026-02-02 16:47:47,755 - INFO - EPOCH 6 - PROGRESS: at 50.57% examples, 825453 words/s, in_qsize 28, out_qsize 0
2026-02-02 16:47:48,789 - INFO - EPOCH 6 - PROGRESS: at 50.75% examples, 825169 words/s, in_qsize 27, out_qsize 0
2026-02-02 16:47:49,811 - INFO - EPOCH 6 - PROGRESS: at 50.93% examples, 824815 words/s, in_qsize 27, out_qsize 0
2026-02-02 16:47:50,812 - INFO - EPOCH 6 - PROGRESS: at 51.11% examples, 824824 words/s, in_qsize 26, out_qsize 1
2026-02-02 16:47:51,857 - INFO - EPOCH 6 - PROGRESS: at 51.31% examples, 824552 words/s, in_qsize 28, out_qsize 1
2026-02-02 16:47:52,891 - INFO - EPOCH 6 - PROGRESS: at 51.54% examples, 824311 words/s, in_qsize 28, out_qsize 0
2026-02-02 16:47:53,902 - INFO - EPOCH 6 - PROGRESS: at 51.78% examples, 824334 words/s, in_qsize 28, out_qsize 0
2026-02-02 16:47:54,915 - INFO - EPOCH 6 - PROGRESS: at 52.06% examples, 824734 words/s, in_qsize 28, out_qsize 0
2026-02-02 16:47:55,940 - INFO - EPOCH 6 - PROGRESS: at 52.31% examples, 824771 words/s, in_qsize 27, out_qsize 0
2026-02-02 16:47:56,968 - INFO - EPOCH 6 - PROGRESS: at 52.55% examples, 824723 words/s, in_qsize 28, out_qsize 1
2026-02-02 16:47:57,997 - INFO - EPOCH 6 - PROGRESS: at 52.80% examples, 824721 words/s, in_qsize 28, out_qsize 1
2026-02-02 16:47:59,022 - INFO - EPOCH 6 - PROGRESS: at 53.05% examples, 824780 words/s, in_qsize 26, out_qsize 1
2026-02-02 16:48:00,057 - INFO - EPOCH 6 - PROGRESS: at 53.29% examples, 824692 words/s, in_qsize 28, out_qsize 0
2026-02-02 16:48:01,085 - INFO - EPOCH 6 - PROGRESS: at 53.54% examples, 824692 words/s, in_qsize 27, out_qsize 0
2026-02-02 16:48:02,093 - INFO - EPOCH 6 - PROGRESS: at 53.78% examples, 824724 words/s, in_qsize 27, out_qsize 0
2026-02-02 16:48:03,094 - INFO - EPOCH 6 - PROGRESS: at 54.04% examples, 824849 words/s, in_qsize 25, out_qsize 8
2026-02-02 16:48:04,101 - INFO - EPOCH 6 - PROGRESS: at 54.31% examples, 825175 words/s, in_qsize 27, out_qsize 0
2026-02-02 16:48:05,103 - INFO - EPOCH 6 - PROGRESS: at 54.56% examples, 825243 words/s, in_qsize 27, out_qsize 0
2026-02-02 16:48:06,120 - INFO - EPOCH 6 - PROGRESS: at 54.79% examples, 825078 words/s, in_qsize 25, out_qsize 5
2026-02-02 16:48:07,149 - INFO - EPOCH 6 - PROGRESS: at 55.06% examples, 825431 words/s, in_qsize 28, out_qsize 0
2026-02-02 16:48:08,166 - INFO - EPOCH 6 - PROGRESS: at 55.25% examples, 825514 words/s, in_qsize 27, out_qsize 0
2026-02-02 16:48:09,187 - INFO - EPOCH 6 - PROGRESS: at 55.40% examples, 825671 words/s, in_qsize 27, out_qsize 0
2026-02-02 16:48:10,219 - INFO - EPOCH 6 - PROGRESS: at 55.55% examples, 825505 words/s, in_qsize 28, out_qsize 3
2026-02-02 16:48:11,227 - INFO - EPOCH 6 - PROGRESS: at 55.78% examples, 825719 words/s, in_qsize 27, out_qsize 0
2026-02-02 16:48:12,230 - INFO - EPOCH 6 - PROGRESS: at 56.04% examples, 825762 words/s, in_qsize 27, out_qsize 0
2026-02-02 16:48:13,238 - INFO - EPOCH 6 - PROGRESS: at 56.21% examples, 825840 words/s, in_qsize 28, out_qsize 0
2026-02-02 16:48:14,239 - INFO - EPOCH 6 - PROGRESS: at 56.37% examples, 825870 words/s, in_qsize 27, out_qsize 0
2026-02-02 16:48:15,240 - INFO - EPOCH 6 - PROGRESS: at 56.53% examples, 826057 words/s, in_qsize 27, out_qsize 0
2026-02-02 16:48:16,241 - INFO - EPOCH 6 - PROGRESS: at 56.67% examples, 826189 words/s, in_qsize 27, out_qsize 0
2026-02-02 16:48:17,245 - INFO - EPOCH 6 - PROGRESS: at 56.84% examples, 826153 words/s, in_qsize 27, out_qsize 0
2026-02-02 16:48:18,262 - INFO - EPOCH 6 - PROGRESS: at 57.06% examples, 826192 words/s, in_qsize 28, out_qsize 1
2026-02-02 16:48:19,305 - INFO - EPOCH 6 - PROGRESS: at 57.25% examples, 825851 words/s, in_qsize 28, out_qsize 3
2026-02-02 16:48:20,362 - INFO - EPOCH 6 - PROGRESS: at 57.45% examples, 825518 words/s, in_qsize 27, out_qsize 0
2026-02-02 16:48:21,372 - INFO - EPOCH 6 - PROGRESS: at 57.64% examples, 825240 words/s, in_qsize 27, out_qsize 4
2026-02-02 16:48:22,386 - INFO - EPOCH 6 - PROGRESS: at 57.87% examples, 825410 words/s, in_qsize 28, out_qsize 1
2026-02-02 16:48:23,427 - INFO - EPOCH 6 - PROGRESS: at 58.08% examples, 825424 words/s, in_qsize 28, out_qsize 4
2026-02-02 16:48:24,431 - INFO - EPOCH 6 - PROGRESS: at 58.31% examples, 825680 words/s, in_qsize 26, out_qsize 3
2026-02-02 16:48:25,435 - INFO - EPOCH 6 - PROGRESS: at 58.53% examples, 825932 words/s, in_qsize 27, out_qsize 0
2026-02-02 16:48:26,445 - INFO - EPOCH 6 - PROGRESS: at 58.74% examples, 826106 words/s, in_qsize 27, out_qsize 0
2026-02-02 16:48:27,456 - INFO - EPOCH 6 - PROGRESS: at 58.96% examples, 826181 words/s, in_qsize 26, out_qsize 2
2026-02-02 16:48:28,482 - INFO - EPOCH 6 - PROGRESS: at 59.18% examples, 826222 words/s, in_qsize 28, out_qsize 0
2026-02-02 16:48:29,484 - INFO - EPOCH 6 - PROGRESS: at 59.37% examples, 826218 words/s, in_qsize 27, out_qsize 1
2026-02-02 16:48:30,527 - INFO - EPOCH 6 - PROGRESS: at 59.59% examples, 826165 words/s, in_qsize 27, out_qsize 0
2026-02-02 16:48:31,529 - INFO - EPOCH 6 - PROGRESS: at 59.76% examples, 825901 words/s, in_qsize 27, out_qsize 4
2026-02-02 16:48:32,555 - INFO - EPOCH 6 - PROGRESS: at 59.87% examples, 826007 words/s, in_qsize 24, out_qsize 4
2026-02-02 16:48:33,578 - INFO - EPOCH 6 - PROGRESS: at 60.04% examples, 826132 words/s, in_qsize 26, out_qsize 7
2026-02-02 16:48:34,581 - INFO - EPOCH 6 - PROGRESS: at 60.25% examples, 826323 words/s, in_qsize 27, out_qsize 4
2026-02-02 16:48:35,585 - INFO - EPOCH 6 - PROGRESS: at 60.44% examples, 826290 words/s, in_qsize 27, out_qsize 0
2026-02-02 16:48:36,589 - INFO - EPOCH 6 - PROGRESS: at 60.61% examples, 825996 words/s, in_qsize 27, out_qsize 0
2026-02-02 16:48:37,594 - INFO - EPOCH 6 - PROGRESS: at 60.78% examples, 825708 words/s, in_qsize 27, out_qsize 0
2026-02-02 16:48:38,611 - INFO - EPOCH 6 - PROGRESS: at 60.92% examples, 825488 words/s, in_qsize 27, out_qsize 0
2026-02-02 16:48:39,619 - INFO - EPOCH 6 - PROGRESS: at 61.09% examples, 825540 words/s, in_qsize 27, out_qsize 0
2026-02-02 16:48:40,623 - INFO - EPOCH 6 - PROGRESS: at 61.20% examples, 825588 words/s, in_qsize 28, out_qsize 0
2026-02-02 16:48:41,631 - INFO - EPOCH 6 - PROGRESS: at 61.29% examples, 825761 words/s, in_qsize 27, out_qsize 0
2026-02-02 16:48:42,636 - INFO - EPOCH 6 - PROGRESS: at 61.44% examples, 825810 words/s, in_qsize 28, out_qsize 4
2026-02-02 16:48:43,640 - INFO - EPOCH 6 - PROGRESS: at 61.63% examples, 825934 words/s, in_qsize 28, out_qsize 6
2026-02-02 16:48:44,654 - INFO - EPOCH 6 - PROGRESS: at 61.77% examples, 826153 words/s, in_qsize 28, out_qsize 1
2026-02-02 16:48:45,656 - INFO - EPOCH 6 - PROGRESS: at 61.96% examples, 826301 words/s, in_qsize 27, out_qsize 1
2026-02-02 16:48:46,661 - INFO - EPOCH 6 - PROGRESS: at 62.12% examples, 826494 words/s, in_qsize 26, out_qsize 2
2026-02-02 16:48:47,670 - INFO - EPOCH 6 - PROGRESS: at 62.24% examples, 826655 words/s, in_qsize 28, out_qsize 0
2026-02-02 16:48:48,679 - INFO - EPOCH 6 - PROGRESS: at 62.43% examples, 826711 words/s, in_qsize 26, out_qsize 1
2026-02-02 16:48:49,696 - INFO - EPOCH 6 - PROGRESS: at 62.58% examples, 826521 words/s, in_qsize 28, out_qsize 0
2026-02-02 16:48:50,709 - INFO - EPOCH 6 - PROGRESS: at 62.74% examples, 826514 words/s, in_qsize 26, out_qsize 1
2026-02-02 16:48:51,719 - INFO - EPOCH 6 - PROGRESS: at 62.91% examples, 826622 words/s, in_qsize 28, out_qsize 1
2026-02-02 16:48:52,719 - INFO - EPOCH 6 - PROGRESS: at 63.11% examples, 826815 words/s, in_qsize 26, out_qsize 1
2026-02-02 16:48:53,741 - INFO - EPOCH 6 - PROGRESS: at 63.27% examples, 826926 words/s, in_qsize 27, out_qsize 3
2026-02-02 16:48:54,838 - INFO - EPOCH 6 - PROGRESS: at 63.41% examples, 827056 words/s, in_qsize 27, out_qsize 0
2026-02-02 16:48:55,857 - INFO - EPOCH 6 - PROGRESS: at 63.58% examples, 826984 words/s, in_qsize 28, out_qsize 1
2026-02-02 16:48:56,867 - INFO - EPOCH 6 - PROGRESS: at 63.79% examples, 827146 words/s, in_qsize 27, out_qsize 0
2026-02-02 16:48:57,891 - INFO - EPOCH 6 - PROGRESS: at 64.01% examples, 827079 words/s, in_qsize 28, out_qsize 0
2026-02-02 16:48:58,894 - INFO - EPOCH 6 - PROGRESS: at 64.19% examples, 827176 words/s, in_qsize 26, out_qsize 1
2026-02-02 16:48:59,910 - INFO - EPOCH 6 - PROGRESS: at 64.35% examples, 827250 words/s, in_qsize 28, out_qsize 0
2026-02-02 16:49:00,950 - INFO - EPOCH 6 - PROGRESS: at 64.49% examples, 827376 words/s, in_qsize 27, out_qsize 4
2026-02-02 16:49:01,968 - INFO - EPOCH 6 - PROGRESS: at 64.69% examples, 827647 words/s, in_qsize 26, out_qsize 1
2026-02-02 16:49:03,019 - INFO - EPOCH 6 - PROGRESS: at 64.90% examples, 827801 words/s, in_qsize 27, out_qsize 3
2026-02-02 16:49:04,019 - INFO - EPOCH 6 - PROGRESS: at 65.10% examples, 828023 words/s, in_qsize 27, out_qsize 0
2026-02-02 16:49:05,026 - INFO - EPOCH 6 - PROGRESS: at 65.29% examples, 828057 words/s, in_qsize 27, out_qsize 0
2026-02-02 16:49:06,057 - INFO - EPOCH 6 - PROGRESS: at 65.49% examples, 828058 words/s, in_qsize 28, out_qsize 0
2026-02-02 16:49:07,084 - INFO - EPOCH 6 - PROGRESS: at 65.70% examples, 828114 words/s, in_qsize 28, out_qsize 0
2026-02-02 16:49:08,097 - INFO - EPOCH 6 - PROGRESS: at 65.90% examples, 828286 words/s, in_qsize 27, out_qsize 0
2026-02-02 16:49:09,134 - INFO - EPOCH 6 - PROGRESS: at 66.06% examples, 828332 words/s, in_qsize 28, out_qsize 0
2026-02-02 16:49:10,173 - INFO - EPOCH 6 - PROGRESS: at 66.23% examples, 828404 words/s, in_qsize 27, out_qsize 4
2026-02-02 16:49:11,177 - INFO - EPOCH 6 - PROGRESS: at 66.41% examples, 828507 words/s, in_qsize 26, out_qsize 5
2026-02-02 16:49:12,178 - INFO - EPOCH 6 - PROGRESS: at 66.52% examples, 828677 words/s, in_qsize 28, out_qsize 0
2026-02-02 16:49:13,178 - INFO - EPOCH 6 - PROGRESS: at 66.63% examples, 828733 words/s, in_qsize 25, out_qsize 2
2026-02-02 16:49:14,183 - INFO - EPOCH 6 - PROGRESS: at 66.74% examples, 828896 words/s, in_qsize 26, out_qsize 1
2026-02-02 16:49:15,188 - INFO - EPOCH 6 - PROGRESS: at 66.85% examples, 828941 words/s, in_qsize 28, out_qsize 4
2026-02-02 16:49:16,192 - INFO - EPOCH 6 - PROGRESS: at 66.94% examples, 829061 words/s, in_qsize 26, out_qsize 4
2026-02-02 16:49:17,206 - INFO - EPOCH 6 - PROGRESS: at 67.08% examples, 829046 words/s, in_qsize 27, out_qsize 0
2026-02-02 16:49:18,230 - INFO - EPOCH 6 - PROGRESS: at 67.26% examples, 828842 words/s, in_qsize 28, out_qsize 0
2026-02-02 16:49:19,265 - INFO - EPOCH 6 - PROGRESS: at 67.39% examples, 828590 words/s, in_qsize 28, out_qsize 1
2026-02-02 16:49:20,283 - INFO - EPOCH 6 - PROGRESS: at 67.55% examples, 828602 words/s, in_qsize 27, out_qsize 0
2026-02-02 16:49:21,293 - INFO - EPOCH 6 - PROGRESS: at 67.69% examples, 828483 words/s, in_qsize 28, out_qsize 2
2026-02-02 16:49:22,317 - INFO - EPOCH 6 - PROGRESS: at 67.84% examples, 828472 words/s, in_qsize 26, out_qsize 1
2026-02-02 16:49:23,323 - INFO - EPOCH 6 - PROGRESS: at 67.98% examples, 828584 words/s, in_qsize 27, out_qsize 4
2026-02-02 16:49:24,324 - INFO - EPOCH 6 - PROGRESS: at 68.13% examples, 828763 words/s, in_qsize 26, out_qsize 1
2026-02-02 16:49:25,334 - INFO - EPOCH 6 - PROGRESS: at 68.25% examples, 828733 words/s, in_qsize 28, out_qsize 3
2026-02-02 16:49:26,356 - INFO - EPOCH 6 - PROGRESS: at 68.45% examples, 828899 words/s, in_qsize 23, out_qsize 4
2026-02-02 16:49:27,372 - INFO - EPOCH 6 - PROGRESS: at 68.61% examples, 829067 words/s, in_qsize 27, out_qsize 1
2026-02-02 16:49:28,373 - INFO - EPOCH 6 - PROGRESS: at 68.77% examples, 829105 words/s, in_qsize 24, out_qsize 7
2026-02-02 16:49:29,398 - INFO - EPOCH 6 - PROGRESS: at 68.95% examples, 829333 words/s, in_qsize 27, out_qsize 1
2026-02-02 16:49:30,466 - INFO - EPOCH 6 - PROGRESS: at 69.12% examples, 829331 words/s, in_qsize 21, out_qsize 8
2026-02-02 16:49:31,474 - INFO - EPOCH 6 - PROGRESS: at 69.41% examples, 829442 words/s, in_qsize 27, out_qsize 0
2026-02-02 16:49:32,482 - INFO - EPOCH 6 - PROGRESS: at 69.66% examples, 829217 words/s, in_qsize 27, out_qsize 0
2026-02-02 16:49:33,496 - INFO - EPOCH 6 - PROGRESS: at 69.88% examples, 829055 words/s, in_qsize 28, out_qsize 1
2026-02-02 16:49:34,547 - INFO - EPOCH 6 - PROGRESS: at 70.04% examples, 829002 words/s, in_qsize 27, out_qsize 0
2026-02-02 16:49:35,559 - INFO - EPOCH 6 - PROGRESS: at 70.18% examples, 828780 words/s, in_qsize 26, out_qsize 1
2026-02-02 16:49:36,582 - INFO - EPOCH 6 - PROGRESS: at 70.33% examples, 828715 words/s, in_qsize 27, out_qsize 0
2026-02-02 16:49:37,586 - INFO - EPOCH 6 - PROGRESS: at 70.49% examples, 828762 words/s, in_qsize 27, out_qsize 0
2026-02-02 16:49:38,586 - INFO - EPOCH 6 - PROGRESS: at 70.65% examples, 828856 words/s, in_qsize 27, out_qsize 2
2026-02-02 16:49:39,589 - INFO - EPOCH 6 - PROGRESS: at 70.81% examples, 828960 words/s, in_qsize 28, out_qsize 2
2026-02-02 16:49:40,601 - INFO - EPOCH 6 - PROGRESS: at 70.96% examples, 829015 words/s, in_qsize 25, out_qsize 2
2026-02-02 16:49:41,612 - INFO - EPOCH 6 - PROGRESS: at 71.12% examples, 829110 words/s, in_qsize 28, out_qsize 2
2026-02-02 16:49:42,623 - INFO - EPOCH 6 - PROGRESS: at 71.29% examples, 829175 words/s, in_qsize 24, out_qsize 4
2026-02-02 16:49:43,631 - INFO - EPOCH 6 - PROGRESS: at 71.51% examples, 829279 words/s, in_qsize 27, out_qsize 0
2026-02-02 16:49:44,670 - INFO - EPOCH 6 - PROGRESS: at 71.74% examples, 829286 words/s, in_qsize 28, out_qsize 3
2026-02-02 16:49:45,678 - INFO - EPOCH 6 - PROGRESS: at 71.93% examples, 829510 words/s, in_qsize 27, out_qsize 0
2026-02-02 16:49:46,713 - INFO - EPOCH 6 - PROGRESS: at 72.08% examples, 829569 words/s, in_qsize 26, out_qsize 4
2026-02-02 16:49:47,714 - INFO - EPOCH 6 - PROGRESS: at 72.29% examples, 829739 words/s, in_qsize 27, out_qsize 0
2026-02-02 16:49:48,754 - INFO - EPOCH 6 - PROGRESS: at 72.51% examples, 829738 words/s, in_qsize 27, out_qsize 2
2026-02-02 16:49:49,768 - INFO - EPOCH 6 - PROGRESS: at 72.71% examples, 829562 words/s, in_qsize 28, out_qsize 2
2026-02-02 16:49:50,769 - INFO - EPOCH 6 - PROGRESS: at 72.92% examples, 829544 words/s, in_qsize 28, out_qsize 3
2026-02-02 16:49:51,804 - INFO - EPOCH 6 - PROGRESS: at 73.06% examples, 829346 words/s, in_qsize 25, out_qsize 4
2026-02-02 16:49:52,816 - INFO - EPOCH 6 - PROGRESS: at 73.20% examples, 829501 words/s, in_qsize 28, out_qsize 0
2026-02-02 16:49:53,819 - INFO - EPOCH 6 - PROGRESS: at 73.34% examples, 829650 words/s, in_qsize 26, out_qsize 0
2026-02-02 16:49:54,822 - INFO - EPOCH 6 - PROGRESS: at 73.47% examples, 829738 words/s, in_qsize 27, out_qsize 0
2026-02-02 16:49:55,822 - INFO - EPOCH 6 - PROGRESS: at 73.58% examples, 829773 words/s, in_qsize 27, out_qsize 2
2026-02-02 16:49:56,852 - INFO - EPOCH 6 - PROGRESS: at 73.71% examples, 829596 words/s, in_qsize 28, out_qsize 0
2026-02-02 16:49:57,859 - INFO - EPOCH 6 - PROGRESS: at 73.89% examples, 829463 words/s, in_qsize 25, out_qsize 5
2026-02-02 16:49:58,874 - INFO - EPOCH 6 - PROGRESS: at 74.10% examples, 829474 words/s, in_qsize 27, out_qsize 0
2026-02-02 16:49:59,891 - INFO - EPOCH 6 - PROGRESS: at 74.31% examples, 829498 words/s, in_qsize 27, out_qsize 0
2026-02-02 16:50:00,891 - INFO - EPOCH 6 - PROGRESS: at 74.49% examples, 829399 words/s, in_qsize 28, out_qsize 0
2026-02-02 16:50:01,898 - INFO - EPOCH 6 - PROGRESS: at 74.66% examples, 829529 words/s, in_qsize 27, out_qsize 0
2026-02-02 16:50:02,916 - INFO - EPOCH 6 - PROGRESS: at 74.83% examples, 829624 words/s, in_qsize 28, out_qsize 0
2026-02-02 16:50:03,920 - INFO - EPOCH 6 - PROGRESS: at 75.01% examples, 829644 words/s, in_qsize 25, out_qsize 2
2026-02-02 16:50:04,932 - INFO - EPOCH 6 - PROGRESS: at 75.24% examples, 829812 words/s, in_qsize 27, out_qsize 0
2026-02-02 16:50:05,934 - INFO - EPOCH 6 - PROGRESS: at 75.45% examples, 829938 words/s, in_qsize 28, out_qsize 2
2026-02-02 16:50:06,966 - INFO - EPOCH 6 - PROGRESS: at 75.65% examples, 830022 words/s, in_qsize 28, out_qsize 2
2026-02-02 16:50:07,996 - INFO - EPOCH 6 - PROGRESS: at 75.85% examples, 830053 words/s, in_qsize 26, out_qsize 1
2026-02-02 16:50:08,997 - INFO - EPOCH 6 - PROGRESS: at 76.04% examples, 830085 words/s, in_qsize 26, out_qsize 1
2026-02-02 16:50:10,037 - INFO - EPOCH 6 - PROGRESS: at 76.22% examples, 829952 words/s, in_qsize 26, out_qsize 2
2026-02-02 16:50:11,071 - INFO - EPOCH 6 - PROGRESS: at 76.39% examples, 829763 words/s, in_qsize 28, out_qsize 1
2026-02-02 16:50:12,138 - INFO - EPOCH 6 - PROGRESS: at 76.59% examples, 829533 words/s, in_qsize 28, out_qsize 2
2026-02-02 16:50:13,138 - INFO - EPOCH 6 - PROGRESS: at 76.74% examples, 829362 words/s, in_qsize 24, out_qsize 6
2026-02-02 16:50:14,146 - INFO - EPOCH 6 - PROGRESS: at 76.92% examples, 829410 words/s, in_qsize 27, out_qsize 0
2026-02-02 16:50:15,154 - INFO - EPOCH 6 - PROGRESS: at 77.09% examples, 829252 words/s, in_qsize 27, out_qsize 1
2026-02-02 16:50:16,189 - INFO - EPOCH 6 - PROGRESS: at 77.27% examples, 829078 words/s, in_qsize 27, out_qsize 0
2026-02-02 16:50:17,195 - INFO - EPOCH 6 - PROGRESS: at 77.46% examples, 829089 words/s, in_qsize 27, out_qsize 0
2026-02-02 16:50:18,267 - INFO - EPOCH 6 - PROGRESS: at 77.63% examples, 828798 words/s, in_qsize 27, out_qsize 0
2026-02-02 16:50:19,288 - INFO - EPOCH 6 - PROGRESS: at 77.80% examples, 828583 words/s, in_qsize 27, out_qsize 0
2026-02-02 16:50:20,291 - INFO - EPOCH 6 - PROGRESS: at 77.97% examples, 828386 words/s, in_qsize 24, out_qsize 3
2026-02-02 16:50:21,291 - INFO - EPOCH 6 - PROGRESS: at 78.12% examples, 828165 words/s, in_qsize 26, out_qsize 1
2026-02-02 16:50:22,292 - INFO - EPOCH 6 - PROGRESS: at 78.29% examples, 828223 words/s, in_qsize 27, out_qsize 1
2026-02-02 16:50:23,306 - INFO - EPOCH 6 - PROGRESS: at 78.48% examples, 828435 words/s, in_qsize 28, out_qsize 2
2026-02-02 16:50:24,325 - INFO - EPOCH 6 - PROGRESS: at 78.67% examples, 828654 words/s, in_qsize 28, out_qsize 4
2026-02-02 16:50:25,339 - INFO - EPOCH 6 - PROGRESS: at 78.87% examples, 829007 words/s, in_qsize 27, out_qsize 0
2026-02-02 16:50:26,361 - INFO - EPOCH 6 - PROGRESS: at 79.06% examples, 829256 words/s, in_qsize 27, out_qsize 1
2026-02-02 16:50:27,365 - INFO - EPOCH 6 - PROGRESS: at 79.25% examples, 829518 words/s, in_qsize 28, out_qsize 0
2026-02-02 16:50:28,387 - INFO - EPOCH 6 - PROGRESS: at 79.42% examples, 829553 words/s, in_qsize 28, out_qsize 2
2026-02-02 16:50:29,398 - INFO - EPOCH 6 - PROGRESS: at 79.61% examples, 829767 words/s, in_qsize 27, out_qsize 2
2026-02-02 16:50:30,409 - INFO - EPOCH 6 - PROGRESS: at 79.80% examples, 830067 words/s, in_qsize 27, out_qsize 1
2026-02-02 16:50:31,416 - INFO - EPOCH 6 - PROGRESS: at 79.99% examples, 830354 words/s, in_qsize 27, out_qsize 0
2026-02-02 16:50:32,434 - INFO - EPOCH 6 - PROGRESS: at 80.18% examples, 830520 words/s, in_qsize 26, out_qsize 1
2026-02-02 16:50:33,449 - INFO - EPOCH 6 - PROGRESS: at 80.35% examples, 830626 words/s, in_qsize 28, out_qsize 4
2026-02-02 16:50:34,460 - INFO - EPOCH 6 - PROGRESS: at 80.52% examples, 830750 words/s, in_qsize 27, out_qsize 4
2026-02-02 16:50:35,476 - INFO - EPOCH 6 - PROGRESS: at 80.64% examples, 830861 words/s, in_qsize 26, out_qsize 2
2026-02-02 16:50:36,502 - INFO - EPOCH 6 - PROGRESS: at 80.79% examples, 830938 words/s, in_qsize 27, out_qsize 1
2026-02-02 16:50:37,504 - INFO - EPOCH 6 - PROGRESS: at 80.97% examples, 831077 words/s, in_qsize 28, out_qsize 1
2026-02-02 16:50:38,514 - INFO - EPOCH 6 - PROGRESS: at 81.14% examples, 831153 words/s, in_qsize 27, out_qsize 1
2026-02-02 16:50:39,518 - INFO - EPOCH 6 - PROGRESS: at 81.31% examples, 831238 words/s, in_qsize 28, out_qsize 1
2026-02-02 16:50:40,534 - INFO - EPOCH 6 - PROGRESS: at 81.47% examples, 831335 words/s, in_qsize 27, out_qsize 1
2026-02-02 16:50:41,535 - INFO - EPOCH 6 - PROGRESS: at 81.65% examples, 831439 words/s, in_qsize 27, out_qsize 2
2026-02-02 16:50:42,536 - INFO - EPOCH 6 - PROGRESS: at 81.81% examples, 831575 words/s, in_qsize 27, out_qsize 1
2026-02-02 16:50:43,538 - INFO - EPOCH 6 - PROGRESS: at 81.99% examples, 831704 words/s, in_qsize 27, out_qsize 0
2026-02-02 16:50:44,553 - INFO - EPOCH 6 - PROGRESS: at 82.18% examples, 831789 words/s, in_qsize 27, out_qsize 1
2026-02-02 16:50:45,557 - INFO - EPOCH 6 - PROGRESS: at 82.36% examples, 831860 words/s, in_qsize 27, out_qsize 2
2026-02-02 16:50:46,563 - INFO - EPOCH 6 - PROGRESS: at 82.54% examples, 831971 words/s, in_qsize 28, out_qsize 2
2026-02-02 16:50:47,614 - INFO - EPOCH 6 - PROGRESS: at 82.73% examples, 832007 words/s, in_qsize 24, out_qsize 8
2026-02-02 16:50:48,616 - INFO - EPOCH 6 - PROGRESS: at 82.88% examples, 832202 words/s, in_qsize 28, out_qsize 0
2026-02-02 16:50:49,633 - INFO - EPOCH 6 - PROGRESS: at 83.02% examples, 832275 words/s, in_qsize 24, out_qsize 3
2026-02-02 16:50:50,646 - INFO - EPOCH 6 - PROGRESS: at 83.17% examples, 832476 words/s, in_qsize 28, out_qsize 1
2026-02-02 16:50:51,647 - INFO - EPOCH 6 - PROGRESS: at 83.31% examples, 832538 words/s, in_qsize 23, out_qsize 4
2026-02-02 16:50:52,649 - INFO - EPOCH 6 - PROGRESS: at 83.46% examples, 832532 words/s, in_qsize 24, out_qsize 3
2026-02-02 16:50:53,666 - INFO - EPOCH 6 - PROGRESS: at 83.60% examples, 832393 words/s, in_qsize 26, out_qsize 1
2026-02-02 16:50:54,667 - INFO - EPOCH 6 - PROGRESS: at 83.76% examples, 832193 words/s, in_qsize 28, out_qsize 3
2026-02-02 16:50:55,703 - INFO - EPOCH 6 - PROGRESS: at 83.95% examples, 832167 words/s, in_qsize 27, out_qsize 0
2026-02-02 16:50:56,713 - INFO - EPOCH 6 - PROGRESS: at 84.11% examples, 831943 words/s, in_qsize 27, out_qsize 0
2026-02-02 16:50:57,719 - INFO - EPOCH 6 - PROGRESS: at 84.27% examples, 832000 words/s, in_qsize 27, out_qsize 0
2026-02-02 16:50:58,725 - INFO - EPOCH 6 - PROGRESS: at 84.41% examples, 832066 words/s, in_qsize 26, out_qsize 1
2026-02-02 16:50:59,730 - INFO - EPOCH 6 - PROGRESS: at 84.54% examples, 832211 words/s, in_qsize 28, out_qsize 1
2026-02-02 16:51:00,732 - INFO - EPOCH 6 - PROGRESS: at 84.66% examples, 832310 words/s, in_qsize 25, out_qsize 2
2026-02-02 16:51:01,750 - INFO - EPOCH 6 - PROGRESS: at 84.77% examples, 832402 words/s, in_qsize 27, out_qsize 0
2026-02-02 16:51:02,775 - INFO - EPOCH 6 - PROGRESS: at 84.98% examples, 832512 words/s, in_qsize 27, out_qsize 0
2026-02-02 16:51:03,777 - INFO - EPOCH 6 - PROGRESS: at 85.17% examples, 832587 words/s, in_qsize 27, out_qsize 1
2026-02-02 16:51:04,781 - INFO - EPOCH 6 - PROGRESS: at 85.36% examples, 832714 words/s, in_qsize 26, out_qsize 1
2026-02-02 16:51:05,788 - INFO - EPOCH 6 - PROGRESS: at 85.55% examples, 832849 words/s, in_qsize 27, out_qsize 0
2026-02-02 16:51:06,791 - INFO - EPOCH 6 - PROGRESS: at 85.73% examples, 832858 words/s, in_qsize 25, out_qsize 2
2026-02-02 16:51:07,809 - INFO - EPOCH 6 - PROGRESS: at 85.92% examples, 832941 words/s, in_qsize 27, out_qsize 3
2026-02-02 16:51:08,831 - INFO - EPOCH 6 - PROGRESS: at 86.10% examples, 832922 words/s, in_qsize 27, out_qsize 0
2026-02-02 16:51:09,854 - INFO - EPOCH 6 - PROGRESS: at 86.29% examples, 833057 words/s, in_qsize 26, out_qsize 1
2026-02-02 16:51:10,896 - INFO - EPOCH 6 - PROGRESS: at 86.46% examples, 833094 words/s, in_qsize 25, out_qsize 4
2026-02-02 16:51:11,901 - INFO - EPOCH 6 - PROGRESS: at 86.63% examples, 833247 words/s, in_qsize 27, out_qsize 0
2026-02-02 16:51:12,932 - INFO - EPOCH 6 - PROGRESS: at 86.77% examples, 832894 words/s, in_qsize 28, out_qsize 2
2026-02-02 16:51:13,940 - INFO - EPOCH 6 - PROGRESS: at 86.97% examples, 832782 words/s, in_qsize 22, out_qsize 6
2026-02-02 16:51:14,957 - INFO - EPOCH 6 - PROGRESS: at 87.17% examples, 832744 words/s, in_qsize 27, out_qsize 0
2026-02-02 16:51:15,986 - INFO - EPOCH 6 - PROGRESS: at 87.34% examples, 832581 words/s, in_qsize 27, out_qsize 0
2026-02-02 16:51:16,989 - INFO - EPOCH 6 - PROGRESS: at 87.50% examples, 832441 words/s, in_qsize 27, out_qsize 0
2026-02-02 16:51:18,012 - INFO - EPOCH 6 - PROGRESS: at 87.66% examples, 832457 words/s, in_qsize 28, out_qsize 0
2026-02-02 16:51:19,054 - INFO - EPOCH 6 - PROGRESS: at 87.82% examples, 832473 words/s, in_qsize 26, out_qsize 1
2026-02-02 16:51:20,061 - INFO - EPOCH 6 - PROGRESS: at 87.99% examples, 832549 words/s, in_qsize 27, out_qsize 0
2026-02-02 16:51:21,081 - INFO - EPOCH 6 - PROGRESS: at 88.12% examples, 832631 words/s, in_qsize 26, out_qsize 1
2026-02-02 16:51:22,093 - INFO - EPOCH 6 - PROGRESS: at 88.29% examples, 832777 words/s, in_qsize 27, out_qsize 0
2026-02-02 16:51:23,147 - INFO - EPOCH 6 - PROGRESS: at 88.50% examples, 832833 words/s, in_qsize 26, out_qsize 3
2026-02-02 16:51:24,158 - INFO - EPOCH 6 - PROGRESS: at 88.70% examples, 832957 words/s, in_qsize 26, out_qsize 1
2026-02-02 16:51:25,172 - INFO - EPOCH 6 - PROGRESS: at 88.84% examples, 833007 words/s, in_qsize 28, out_qsize 2
2026-02-02 16:51:26,179 - INFO - EPOCH 6 - PROGRESS: at 88.98% examples, 833130 words/s, in_qsize 27, out_qsize 1
2026-02-02 16:51:27,188 - INFO - EPOCH 6 - PROGRESS: at 89.19% examples, 833243 words/s, in_qsize 25, out_qsize 2
2026-02-02 16:51:28,193 - INFO - EPOCH 6 - PROGRESS: at 89.41% examples, 833410 words/s, in_qsize 27, out_qsize 0
2026-02-02 16:51:29,203 - INFO - EPOCH 6 - PROGRESS: at 89.59% examples, 833321 words/s, in_qsize 25, out_qsize 2
2026-02-02 16:51:30,217 - INFO - EPOCH 6 - PROGRESS: at 89.77% examples, 833142 words/s, in_qsize 28, out_qsize 0
2026-02-02 16:51:31,220 - INFO - EPOCH 6 - PROGRESS: at 89.98% examples, 833169 words/s, in_qsize 27, out_qsize 0
2026-02-02 16:51:32,225 - INFO - EPOCH 6 - PROGRESS: at 90.17% examples, 833015 words/s, in_qsize 27, out_qsize 0
2026-02-02 16:51:33,274 - INFO - EPOCH 6 - PROGRESS: at 90.36% examples, 832757 words/s, in_qsize 27, out_qsize 2
2026-02-02 16:51:34,278 - INFO - EPOCH 6 - PROGRESS: at 90.54% examples, 832588 words/s, in_qsize 25, out_qsize 2
2026-02-02 16:51:35,305 - INFO - EPOCH 6 - PROGRESS: at 90.75% examples, 832579 words/s, in_qsize 27, out_qsize 0
2026-02-02 16:51:36,331 - INFO - EPOCH 6 - PROGRESS: at 90.93% examples, 832362 words/s, in_qsize 28, out_qsize 0
2026-02-02 16:51:37,331 - INFO - EPOCH 6 - PROGRESS: at 91.15% examples, 832410 words/s, in_qsize 27, out_qsize 0
2026-02-02 16:51:38,343 - INFO - EPOCH 6 - PROGRESS: at 91.35% examples, 832285 words/s, in_qsize 27, out_qsize 0
2026-02-02 16:51:39,349 - INFO - EPOCH 6 - PROGRESS: at 91.47% examples, 832399 words/s, in_qsize 27, out_qsize 0
2026-02-02 16:51:40,363 - INFO - EPOCH 6 - PROGRESS: at 91.63% examples, 832471 words/s, in_qsize 27, out_qsize 0
2026-02-02 16:51:41,379 - INFO - EPOCH 6 - PROGRESS: at 91.82% examples, 832485 words/s, in_qsize 22, out_qsize 7
2026-02-02 16:51:42,382 - INFO - EPOCH 6 - PROGRESS: at 92.05% examples, 832455 words/s, in_qsize 26, out_qsize 2
2026-02-02 16:51:43,394 - INFO - EPOCH 6 - PROGRESS: at 92.29% examples, 832543 words/s, in_qsize 28, out_qsize 1
2026-02-02 16:51:44,395 - INFO - EPOCH 6 - PROGRESS: at 92.54% examples, 832719 words/s, in_qsize 27, out_qsize 0
2026-02-02 16:51:45,400 - INFO - EPOCH 6 - PROGRESS: at 92.77% examples, 832729 words/s, in_qsize 27, out_qsize 0
2026-02-02 16:51:46,430 - INFO - EPOCH 6 - PROGRESS: at 93.01% examples, 832759 words/s, in_qsize 27, out_qsize 3
2026-02-02 16:51:47,439 - INFO - EPOCH 6 - PROGRESS: at 93.24% examples, 832777 words/s, in_qsize 28, out_qsize 0
2026-02-02 16:51:48,450 - INFO - EPOCH 6 - PROGRESS: at 93.47% examples, 832763 words/s, in_qsize 27, out_qsize 1
2026-02-02 16:51:49,492 - INFO - EPOCH 6 - PROGRESS: at 93.71% examples, 832757 words/s, in_qsize 27, out_qsize 1
2026-02-02 16:51:50,502 - INFO - EPOCH 6 - PROGRESS: at 93.91% examples, 832589 words/s, in_qsize 28, out_qsize 0
2026-02-02 16:51:51,509 - INFO - EPOCH 6 - PROGRESS: at 94.14% examples, 832566 words/s, in_qsize 28, out_qsize 0
2026-02-02 16:51:52,512 - INFO - EPOCH 6 - PROGRESS: at 94.36% examples, 832556 words/s, in_qsize 28, out_qsize 0
2026-02-02 16:51:53,543 - INFO - EPOCH 6 - PROGRESS: at 94.48% examples, 832427 words/s, in_qsize 28, out_qsize 0
2026-02-02 16:51:54,545 - INFO - EPOCH 6 - PROGRESS: at 94.60% examples, 832399 words/s, in_qsize 28, out_qsize 0
2026-02-02 16:51:55,571 - INFO - EPOCH 6 - PROGRESS: at 94.75% examples, 832296 words/s, in_qsize 25, out_qsize 1
2026-02-02 16:51:56,609 - INFO - EPOCH 6 - PROGRESS: at 94.89% examples, 832286 words/s, in_qsize 27, out_qsize 3
2026-02-02 16:51:57,638 - INFO - EPOCH 6 - PROGRESS: at 95.03% examples, 832423 words/s, in_qsize 26, out_qsize 1
2026-02-02 16:51:58,639 - INFO - EPOCH 6 - PROGRESS: at 95.21% examples, 832494 words/s, in_qsize 28, out_qsize 3
2026-02-02 16:51:59,643 - INFO - EPOCH 6 - PROGRESS: at 95.32% examples, 832605 words/s, in_qsize 27, out_qsize 0
2026-02-02 16:52:00,655 - INFO - EPOCH 6 - PROGRESS: at 95.50% examples, 832604 words/s, in_qsize 27, out_qsize 2
2026-02-02 16:52:01,686 - INFO - EPOCH 6 - PROGRESS: at 95.71% examples, 832632 words/s, in_qsize 27, out_qsize 2
2026-02-02 16:52:02,706 - INFO - EPOCH 6 - PROGRESS: at 95.83% examples, 832702 words/s, in_qsize 27, out_qsize 0
2026-02-02 16:52:03,713 - INFO - EPOCH 6 - PROGRESS: at 95.97% examples, 832769 words/s, in_qsize 27, out_qsize 1
2026-02-02 16:52:04,725 - INFO - EPOCH 6 - PROGRESS: at 96.10% examples, 832869 words/s, in_qsize 27, out_qsize 1
2026-02-02 16:52:05,755 - INFO - EPOCH 6 - PROGRESS: at 96.28% examples, 832941 words/s, in_qsize 28, out_qsize 3
2026-02-02 16:52:06,791 - INFO - EPOCH 6 - PROGRESS: at 96.46% examples, 833042 words/s, in_qsize 28, out_qsize 0
2026-02-02 16:52:07,793 - INFO - EPOCH 6 - PROGRESS: at 96.64% examples, 833137 words/s, in_qsize 28, out_qsize 1
2026-02-02 16:52:08,804 - INFO - EPOCH 6 - PROGRESS: at 96.88% examples, 833280 words/s, in_qsize 19, out_qsize 3
2026-02-02 16:52:09,806 - INFO - EPOCH 6 - PROGRESS: at 96.97% examples, 833375 words/s, in_qsize 27, out_qsize 0
2026-02-02 16:52:10,831 - INFO - EPOCH 6 - PROGRESS: at 97.09% examples, 833253 words/s, in_qsize 27, out_qsize 0
2026-02-02 16:52:11,836 - INFO - EPOCH 6 - PROGRESS: at 97.22% examples, 833125 words/s, in_qsize 28, out_qsize 1
2026-02-02 16:52:12,846 - INFO - EPOCH 6 - PROGRESS: at 97.43% examples, 833150 words/s, in_qsize 26, out_qsize 1
2026-02-02 16:52:13,854 - INFO - EPOCH 6 - PROGRESS: at 97.56% examples, 833242 words/s, in_qsize 27, out_qsize 0
2026-02-02 16:52:14,860 - INFO - EPOCH 6 - PROGRESS: at 97.72% examples, 833304 words/s, in_qsize 28, out_qsize 0
2026-02-02 16:52:15,871 - INFO - EPOCH 6 - PROGRESS: at 97.88% examples, 833314 words/s, in_qsize 24, out_qsize 3
2026-02-02 16:52:16,891 - INFO - EPOCH 6 - PROGRESS: at 98.02% examples, 833420 words/s, in_qsize 27, out_qsize 3
2026-02-02 16:52:17,896 - INFO - EPOCH 6 - PROGRESS: at 98.19% examples, 833517 words/s, in_qsize 27, out_qsize 2
2026-02-02 16:52:18,905 - INFO - EPOCH 6 - PROGRESS: at 98.37% examples, 833652 words/s, in_qsize 28, out_qsize 0
2026-02-02 16:52:19,910 - INFO - EPOCH 6 - PROGRESS: at 98.53% examples, 833732 words/s, in_qsize 22, out_qsize 1
2026-02-02 16:52:20,936 - INFO - EPOCH 6 - PROGRESS: at 98.64% examples, 833817 words/s, in_qsize 27, out_qsize 0
2026-02-02 16:52:21,964 - INFO - EPOCH 6 - PROGRESS: at 98.76% examples, 833863 words/s, in_qsize 28, out_qsize 3
2026-02-02 16:52:22,979 - INFO - EPOCH 6 - PROGRESS: at 98.94% examples, 833850 words/s, in_qsize 28, out_qsize 3
2026-02-02 16:52:23,981 - INFO - EPOCH 6 - PROGRESS: at 99.16% examples, 834044 words/s, in_qsize 28, out_qsize 0
2026-02-02 16:52:24,984 - INFO - EPOCH 6 - PROGRESS: at 99.35% examples, 834067 words/s, in_qsize 23, out_qsize 1
2026-02-02 16:52:25,985 - INFO - EPOCH 6 - PROGRESS: at 99.53% examples, 834189 words/s, in_qsize 27, out_qsize 0
2026-02-02 16:52:27,000 - INFO - EPOCH 6 - PROGRESS: at 99.70% examples, 834177 words/s, in_qsize 26, out_qsize 4
2026-02-02 16:52:28,009 - INFO - EPOCH 6 - PROGRESS: at 99.87% examples, 834330 words/s, in_qsize 28, out_qsize 2
2026-02-02 16:52:28,860 - DEBUG - job loop exiting, total 60863 jobs
2026-02-02 16:52:28,985 - DEBUG - worker exiting, processed 4350 jobs
2026-02-02 16:52:28,986 - DEBUG - worker exiting, processed 4351 jobs
2026-02-02 16:52:28,986 - DEBUG - worker thread finished; awaiting finish of 13 more threads
2026-02-02 16:52:28,987 - DEBUG - worker thread finished; awaiting finish of 12 more threads
2026-02-02 16:52:28,989 - DEBUG - worker exiting, processed 4338 jobs
2026-02-02 16:52:28,989 - DEBUG - worker thread finished; awaiting finish of 11 more threads
2026-02-02 16:52:28,991 - DEBUG - worker exiting, processed 4357 jobs
2026-02-02 16:52:28,991 - DEBUG - worker thread finished; awaiting finish of 10 more threads
2026-02-02 16:52:29,006 - DEBUG - worker exiting, processed 4347 jobs
2026-02-02 16:52:29,006 - DEBUG - worker thread finished; awaiting finish of 9 more threads
2026-02-02 16:52:29,008 - DEBUG - worker exiting, processed 4359 jobs
2026-02-02 16:52:29,008 - DEBUG - worker thread finished; awaiting finish of 8 more threads
2026-02-02 16:52:29,019 - DEBUG - worker exiting, processed 4342 jobs
2026-02-02 16:52:29,019 - INFO - EPOCH 6 - PROGRESS: at 99.99% examples, 834463 words/s, in_qsize 7, out_qsize 1
2026-02-02 16:52:29,020 - DEBUG - worker thread finished; awaiting finish of 7 more threads
2026-02-02 16:52:29,025 - DEBUG - worker exiting, processed 4335 jobs
2026-02-02 16:52:29,025 - DEBUG - worker thread finished; awaiting finish of 6 more threads
2026-02-02 16:52:29,026 - DEBUG - worker exiting, processed 4351 jobs
2026-02-02 16:52:29,026 - DEBUG - worker thread finished; awaiting finish of 5 more threads
2026-02-02 16:52:29,042 - DEBUG - worker exiting, processed 4349 jobs
2026-02-02 16:52:29,042 - DEBUG - worker thread finished; awaiting finish of 4 more threads
2026-02-02 16:52:29,051 - DEBUG - worker exiting, processed 4344 jobs
2026-02-02 16:52:29,051 - DEBUG - worker thread finished; awaiting finish of 3 more threads
2026-02-02 16:52:29,062 - DEBUG - worker exiting, processed 4359 jobs
2026-02-02 16:52:29,062 - DEBUG - worker thread finished; awaiting finish of 2 more threads
2026-02-02 16:52:29,072 - DEBUG - worker exiting, processed 4351 jobs
2026-02-02 16:52:29,072 - DEBUG - worker thread finished; awaiting finish of 1 more threads
2026-02-02 16:52:29,078 - DEBUG - worker exiting, processed 4330 jobs
2026-02-02 16:52:29,078 - DEBUG - worker thread finished; awaiting finish of 0 more threads
2026-02-02 16:52:29,078 - INFO - EPOCH 6: training on 604933589 raw words (478677388 effective words) took 573.6s, 834473 effective words/s
2026-02-02 16:52:29,078 - INFO - Epoch 7 completed in 573.6s
2026-02-02 16:52:29,078 - INFO - Epoch 8 starting...
2026-02-02 16:52:30,124 - INFO - EPOCH 7 - PROGRESS: at 0.11% examples, 700148 words/s, in_qsize 27, out_qsize 1
2026-02-02 16:52:31,179 - INFO - EPOCH 7 - PROGRESS: at 0.28% examples, 723747 words/s, in_qsize 26, out_qsize 1
2026-02-02 16:52:32,193 - INFO - EPOCH 7 - PROGRESS: at 0.45% examples, 732670 words/s, in_qsize 26, out_qsize 6
2026-02-02 16:52:33,221 - INFO - EPOCH 7 - PROGRESS: at 0.64% examples, 755422 words/s, in_qsize 28, out_qsize 0
2026-02-02 16:52:34,227 - INFO - EPOCH 7 - PROGRESS: at 0.81% examples, 756112 words/s, in_qsize 28, out_qsize 0
2026-02-02 16:52:35,247 - INFO - EPOCH 7 - PROGRESS: at 0.98% examples, 749555 words/s, in_qsize 28, out_qsize 1
2026-02-02 16:52:36,276 - INFO - EPOCH 7 - PROGRESS: at 1.16% examples, 757849 words/s, in_qsize 27, out_qsize 0
2026-02-02 16:52:37,301 - INFO - EPOCH 7 - PROGRESS: at 1.32% examples, 756230 words/s, in_qsize 27, out_qsize 0
2026-02-02 16:52:38,310 - INFO - EPOCH 7 - PROGRESS: at 1.48% examples, 767199 words/s, in_qsize 27, out_qsize 0
2026-02-02 16:52:39,349 - INFO - EPOCH 7 - PROGRESS: at 1.64% examples, 773796 words/s, in_qsize 25, out_qsize 3
2026-02-02 16:52:40,360 - INFO - EPOCH 7 - PROGRESS: at 1.80% examples, 783043 words/s, in_qsize 28, out_qsize 0
2026-02-02 16:52:41,364 - INFO - EPOCH 7 - PROGRESS: at 1.95% examples, 790430 words/s, in_qsize 27, out_qsize 0
2026-02-02 16:52:42,364 - INFO - EPOCH 7 - PROGRESS: at 2.08% examples, 790290 words/s, in_qsize 26, out_qsize 4
2026-02-02 16:52:43,419 - INFO - EPOCH 7 - PROGRESS: at 2.22% examples, 789538 words/s, in_qsize 28, out_qsize 0
2026-02-02 16:52:44,434 - INFO - EPOCH 7 - PROGRESS: at 2.37% examples, 793856 words/s, in_qsize 28, out_qsize 0
2026-02-02 16:52:45,452 - INFO - EPOCH 7 - PROGRESS: at 2.52% examples, 797532 words/s, in_qsize 27, out_qsize 0
2026-02-02 16:52:46,452 - INFO - EPOCH 7 - PROGRESS: at 2.67% examples, 802112 words/s, in_qsize 24, out_qsize 0
2026-02-02 16:52:47,469 - INFO - EPOCH 7 - PROGRESS: at 2.83% examples, 806280 words/s, in_qsize 28, out_qsize 2
2026-02-02 16:52:48,487 - INFO - EPOCH 7 - PROGRESS: at 2.99% examples, 811166 words/s, in_qsize 27, out_qsize 0
2026-02-02 16:52:49,503 - INFO - EPOCH 7 - PROGRESS: at 3.14% examples, 814546 words/s, in_qsize 28, out_qsize 0
2026-02-02 16:52:50,507 - INFO - EPOCH 7 - PROGRESS: at 3.37% examples, 818609 words/s, in_qsize 27, out_qsize 0
2026-02-02 16:52:51,507 - INFO - EPOCH 7 - PROGRESS: at 3.54% examples, 819453 words/s, in_qsize 26, out_qsize 5
2026-02-02 16:52:52,524 - INFO - EPOCH 7 - PROGRESS: at 3.70% examples, 815279 words/s, in_qsize 27, out_qsize 0
2026-02-02 16:52:53,528 - INFO - EPOCH 7 - PROGRESS: at 3.87% examples, 816995 words/s, in_qsize 27, out_qsize 0
2026-02-02 16:52:54,534 - INFO - EPOCH 7 - PROGRESS: at 4.06% examples, 818421 words/s, in_qsize 28, out_qsize 2
2026-02-02 16:52:55,546 - INFO - EPOCH 7 - PROGRESS: at 4.26% examples, 822533 words/s, in_qsize 27, out_qsize 0
2026-02-02 16:52:56,567 - INFO - EPOCH 7 - PROGRESS: at 4.43% examples, 822742 words/s, in_qsize 27, out_qsize 0
2026-02-02 16:52:57,573 - INFO - EPOCH 7 - PROGRESS: at 4.58% examples, 825397 words/s, in_qsize 27, out_qsize 0
2026-02-02 16:52:58,585 - INFO - EPOCH 7 - PROGRESS: at 4.72% examples, 826161 words/s, in_qsize 25, out_qsize 2
2026-02-02 16:52:59,600 - INFO - EPOCH 7 - PROGRESS: at 4.85% examples, 827573 words/s, in_qsize 26, out_qsize 3
2026-02-02 16:53:00,653 - INFO - EPOCH 7 - PROGRESS: at 4.98% examples, 829321 words/s, in_qsize 26, out_qsize 1
2026-02-02 16:53:01,658 - INFO - EPOCH 7 - PROGRESS: at 5.18% examples, 831138 words/s, in_qsize 27, out_qsize 0
2026-02-02 16:53:02,692 - INFO - EPOCH 7 - PROGRESS: at 5.35% examples, 830270 words/s, in_qsize 27, out_qsize 0
2026-02-02 16:53:03,709 - INFO - EPOCH 7 - PROGRESS: at 5.53% examples, 830071 words/s, in_qsize 24, out_qsize 6
2026-02-02 16:53:04,715 - INFO - EPOCH 7 - PROGRESS: at 5.71% examples, 833319 words/s, in_qsize 27, out_qsize 0
2026-02-02 16:53:05,719 - INFO - EPOCH 7 - PROGRESS: at 5.86% examples, 833890 words/s, in_qsize 28, out_qsize 0
2026-02-02 16:53:06,720 - INFO - EPOCH 7 - PROGRESS: at 6.06% examples, 835547 words/s, in_qsize 26, out_qsize 1
2026-02-02 16:53:07,741 - INFO - EPOCH 7 - PROGRESS: at 6.25% examples, 836337 words/s, in_qsize 28, out_qsize 3
2026-02-02 16:53:08,795 - INFO - EPOCH 7 - PROGRESS: at 6.50% examples, 835550 words/s, in_qsize 27, out_qsize 0
2026-02-02 16:53:09,797 - INFO - EPOCH 7 - PROGRESS: at 6.71% examples, 832793 words/s, in_qsize 27, out_qsize 0
2026-02-02 16:53:10,809 - INFO - EPOCH 7 - PROGRESS: at 6.94% examples, 830727 words/s, in_qsize 27, out_qsize 0
2026-02-02 16:53:11,819 - INFO - EPOCH 7 - PROGRESS: at 7.14% examples, 828429 words/s, in_qsize 27, out_qsize 0
2026-02-02 16:53:12,827 - INFO - EPOCH 7 - PROGRESS: at 7.24% examples, 826734 words/s, in_qsize 26, out_qsize 2
2026-02-02 16:53:13,842 - INFO - EPOCH 7 - PROGRESS: at 7.44% examples, 827986 words/s, in_qsize 26, out_qsize 1
2026-02-02 16:53:14,848 - INFO - EPOCH 7 - PROGRESS: at 7.60% examples, 829376 words/s, in_qsize 28, out_qsize 2
2026-02-02 16:53:15,865 - INFO - EPOCH 7 - PROGRESS: at 7.77% examples, 830503 words/s, in_qsize 27, out_qsize 3
2026-02-02 16:53:16,891 - INFO - EPOCH 7 - PROGRESS: at 7.95% examples, 831974 words/s, in_qsize 27, out_qsize 0
2026-02-02 16:53:17,900 - INFO - EPOCH 7 - PROGRESS: at 8.13% examples, 833233 words/s, in_qsize 27, out_qsize 0
2026-02-02 16:53:18,901 - INFO - EPOCH 7 - PROGRESS: at 8.29% examples, 833938 words/s, in_qsize 28, out_qsize 0
2026-02-02 16:53:19,922 - INFO - EPOCH 7 - PROGRESS: at 8.44% examples, 832942 words/s, in_qsize 28, out_qsize 5
2026-02-02 16:53:20,924 - INFO - EPOCH 7 - PROGRESS: at 8.56% examples, 833444 words/s, in_qsize 24, out_qsize 3
2026-02-02 16:53:21,934 - INFO - EPOCH 7 - PROGRESS: at 8.71% examples, 833333 words/s, in_qsize 28, out_qsize 3
2026-02-02 16:53:22,943 - INFO - EPOCH 7 - PROGRESS: at 8.88% examples, 834733 words/s, in_qsize 27, out_qsize 0
2026-02-02 16:53:23,968 - INFO - EPOCH 7 - PROGRESS: at 9.05% examples, 834997 words/s, in_qsize 27, out_qsize 0
2026-02-02 16:53:24,972 - INFO - EPOCH 7 - PROGRESS: at 9.22% examples, 834924 words/s, in_qsize 26, out_qsize 4
2026-02-02 16:53:25,996 - INFO - EPOCH 7 - PROGRESS: at 9.37% examples, 833644 words/s, in_qsize 27, out_qsize 1
2026-02-02 16:53:27,034 - INFO - EPOCH 7 - PROGRESS: at 9.51% examples, 834399 words/s, in_qsize 28, out_qsize 2
2026-02-02 16:53:28,045 - INFO - EPOCH 7 - PROGRESS: at 9.69% examples, 835866 words/s, in_qsize 27, out_qsize 0
2026-02-02 16:53:29,045 - INFO - EPOCH 7 - PROGRESS: at 9.88% examples, 836499 words/s, in_qsize 28, out_qsize 0
2026-02-02 16:53:30,061 - INFO - EPOCH 7 - PROGRESS: at 10.04% examples, 834577 words/s, in_qsize 27, out_qsize 0
2026-02-02 16:53:31,072 - INFO - EPOCH 7 - PROGRESS: at 10.20% examples, 833046 words/s, in_qsize 26, out_qsize 1
2026-02-02 16:53:32,100 - INFO - EPOCH 7 - PROGRESS: at 10.37% examples, 833456 words/s, in_qsize 28, out_qsize 0
2026-02-02 16:53:33,123 - INFO - EPOCH 7 - PROGRESS: at 10.56% examples, 833939 words/s, in_qsize 28, out_qsize 1
2026-02-02 16:53:34,136 - INFO - EPOCH 7 - PROGRESS: at 10.77% examples, 834881 words/s, in_qsize 27, out_qsize 0
2026-02-02 16:53:35,140 - INFO - EPOCH 7 - PROGRESS: at 11.01% examples, 835678 words/s, in_qsize 28, out_qsize 0
2026-02-02 16:53:36,168 - INFO - EPOCH 7 - PROGRESS: at 11.24% examples, 835658 words/s, in_qsize 27, out_qsize 0
2026-02-02 16:53:37,177 - INFO - EPOCH 7 - PROGRESS: at 11.44% examples, 834019 words/s, in_qsize 27, out_qsize 0
2026-02-02 16:53:38,186 - INFO - EPOCH 7 - PROGRESS: at 11.61% examples, 832594 words/s, in_qsize 27, out_qsize 0
2026-02-02 16:53:39,189 - INFO - EPOCH 7 - PROGRESS: at 11.73% examples, 831762 words/s, in_qsize 28, out_qsize 1
2026-02-02 16:53:40,239 - INFO - EPOCH 7 - PROGRESS: at 11.98% examples, 831493 words/s, in_qsize 27, out_qsize 0
2026-02-02 16:53:41,245 - INFO - EPOCH 7 - PROGRESS: at 12.21% examples, 830221 words/s, in_qsize 28, out_qsize 0
2026-02-02 16:53:42,247 - INFO - EPOCH 7 - PROGRESS: at 12.46% examples, 830216 words/s, in_qsize 27, out_qsize 0
2026-02-02 16:53:43,268 - INFO - EPOCH 7 - PROGRESS: at 12.70% examples, 829463 words/s, in_qsize 26, out_qsize 3
2026-02-02 16:53:44,274 - INFO - EPOCH 7 - PROGRESS: at 12.98% examples, 830136 words/s, in_qsize 21, out_qsize 6
2026-02-02 16:53:45,294 - INFO - EPOCH 7 - PROGRESS: at 13.23% examples, 829824 words/s, in_qsize 28, out_qsize 1
2026-02-02 16:53:46,301 - INFO - EPOCH 7 - PROGRESS: at 13.50% examples, 830057 words/s, in_qsize 27, out_qsize 0
2026-02-02 16:53:47,411 - INFO - EPOCH 7 - PROGRESS: at 13.74% examples, 828118 words/s, in_qsize 27, out_qsize 0
2026-02-02 16:53:48,425 - INFO - EPOCH 7 - PROGRESS: at 14.01% examples, 828688 words/s, in_qsize 25, out_qsize 4
2026-02-02 16:53:49,426 - INFO - EPOCH 7 - PROGRESS: at 14.24% examples, 829581 words/s, in_qsize 25, out_qsize 2
2026-02-02 16:53:50,429 - INFO - EPOCH 7 - PROGRESS: at 14.45% examples, 830373 words/s, in_qsize 27, out_qsize 0
2026-02-02 16:53:51,452 - INFO - EPOCH 7 - PROGRESS: at 14.65% examples, 830000 words/s, in_qsize 27, out_qsize 3
2026-02-02 16:53:52,456 - INFO - EPOCH 7 - PROGRESS: at 14.87% examples, 830568 words/s, in_qsize 27, out_qsize 0
2026-02-02 16:53:53,459 - INFO - EPOCH 7 - PROGRESS: at 15.07% examples, 830848 words/s, in_qsize 28, out_qsize 0
2026-02-02 16:53:54,480 - INFO - EPOCH 7 - PROGRESS: at 15.26% examples, 829837 words/s, in_qsize 27, out_qsize 0
2026-02-02 16:53:55,484 - INFO - EPOCH 7 - PROGRESS: at 15.46% examples, 830225 words/s, in_qsize 27, out_qsize 0
2026-02-02 16:53:56,488 - INFO - EPOCH 7 - PROGRESS: at 15.68% examples, 831053 words/s, in_qsize 26, out_qsize 0
2026-02-02 16:53:57,502 - INFO - EPOCH 7 - PROGRESS: at 15.90% examples, 831425 words/s, in_qsize 26, out_qsize 1
2026-02-02 16:53:58,502 - INFO - EPOCH 7 - PROGRESS: at 16.11% examples, 831826 words/s, in_qsize 27, out_qsize 0
2026-02-02 16:53:59,510 - INFO - EPOCH 7 - PROGRESS: at 16.34% examples, 832827 words/s, in_qsize 27, out_qsize 0
2026-02-02 16:54:00,518 - INFO - EPOCH 7 - PROGRESS: at 16.57% examples, 834065 words/s, in_qsize 27, out_qsize 0
2026-02-02 16:54:01,524 - INFO - EPOCH 7 - PROGRESS: at 16.78% examples, 834293 words/s, in_qsize 26, out_qsize 1
2026-02-02 16:54:02,573 - INFO - EPOCH 7 - PROGRESS: at 17.01% examples, 834869 words/s, in_qsize 25, out_qsize 6
2026-02-02 16:54:03,604 - INFO - EPOCH 7 - PROGRESS: at 17.26% examples, 836176 words/s, in_qsize 26, out_qsize 1
2026-02-02 16:54:04,615 - INFO - EPOCH 7 - PROGRESS: at 17.49% examples, 837008 words/s, in_qsize 27, out_qsize 0
2026-02-02 16:54:05,622 - INFO - EPOCH 7 - PROGRESS: at 17.69% examples, 836951 words/s, in_qsize 27, out_qsize 0
2026-02-02 16:54:06,623 - INFO - EPOCH 7 - PROGRESS: at 17.88% examples, 836069 words/s, in_qsize 27, out_qsize 0
2026-02-02 16:54:07,652 - INFO - EPOCH 7 - PROGRESS: at 18.07% examples, 835118 words/s, in_qsize 27, out_qsize 0
2026-02-02 16:54:08,691 - INFO - EPOCH 7 - PROGRESS: at 18.26% examples, 834253 words/s, in_qsize 27, out_qsize 0
2026-02-02 16:54:09,700 - INFO - EPOCH 7 - PROGRESS: at 18.45% examples, 833344 words/s, in_qsize 26, out_qsize 2
2026-02-02 16:54:10,704 - INFO - EPOCH 7 - PROGRESS: at 18.66% examples, 833662 words/s, in_qsize 27, out_qsize 0
2026-02-02 16:54:11,717 - INFO - EPOCH 7 - PROGRESS: at 18.81% examples, 833785 words/s, in_qsize 28, out_qsize 1
2026-02-02 16:54:12,723 - INFO - EPOCH 7 - PROGRESS: at 18.97% examples, 834522 words/s, in_qsize 27, out_qsize 0
2026-02-02 16:54:13,743 - INFO - EPOCH 7 - PROGRESS: at 19.16% examples, 834941 words/s, in_qsize 27, out_qsize 4
2026-02-02 16:54:14,747 - INFO - EPOCH 7 - PROGRESS: at 19.34% examples, 835669 words/s, in_qsize 26, out_qsize 1
2026-02-02 16:54:15,749 - INFO - EPOCH 7 - PROGRESS: at 19.56% examples, 836266 words/s, in_qsize 27, out_qsize 0
2026-02-02 16:54:16,751 - INFO - EPOCH 7 - PROGRESS: at 19.73% examples, 836499 words/s, in_qsize 27, out_qsize 1
2026-02-02 16:54:17,764 - INFO - EPOCH 7 - PROGRESS: at 19.93% examples, 836767 words/s, in_qsize 21, out_qsize 4
2026-02-02 16:54:18,774 - INFO - EPOCH 7 - PROGRESS: at 20.12% examples, 836518 words/s, in_qsize 27, out_qsize 0
2026-02-02 16:54:19,780 - INFO - EPOCH 7 - PROGRESS: at 20.28% examples, 836519 words/s, in_qsize 27, out_qsize 0
2026-02-02 16:54:20,800 - INFO - EPOCH 7 - PROGRESS: at 20.40% examples, 835908 words/s, in_qsize 28, out_qsize 0
2026-02-02 16:54:21,805 - INFO - EPOCH 7 - PROGRESS: at 20.54% examples, 835914 words/s, in_qsize 27, out_qsize 0
2026-02-02 16:54:22,825 - INFO - EPOCH 7 - PROGRESS: at 20.67% examples, 836080 words/s, in_qsize 28, out_qsize 0
2026-02-02 16:54:23,828 - INFO - EPOCH 7 - PROGRESS: at 20.80% examples, 835963 words/s, in_qsize 27, out_qsize 3
2026-02-02 16:54:24,839 - INFO - EPOCH 7 - PROGRESS: at 20.97% examples, 835147 words/s, in_qsize 27, out_qsize 0
2026-02-02 16:54:25,855 - INFO - EPOCH 7 - PROGRESS: at 21.15% examples, 834462 words/s, in_qsize 26, out_qsize 5
2026-02-02 16:54:26,867 - INFO - EPOCH 7 - PROGRESS: at 21.38% examples, 834341 words/s, in_qsize 28, out_qsize 1
2026-02-02 16:54:27,901 - INFO - EPOCH 7 - PROGRESS: at 21.51% examples, 833477 words/s, in_qsize 27, out_qsize 0
2026-02-02 16:54:28,905 - INFO - EPOCH 7 - PROGRESS: at 21.67% examples, 833061 words/s, in_qsize 27, out_qsize 0
2026-02-02 16:54:29,911 - INFO - EPOCH 7 - PROGRESS: at 21.82% examples, 832951 words/s, in_qsize 28, out_qsize 0
2026-02-02 16:54:30,920 - INFO - EPOCH 7 - PROGRESS: at 22.07% examples, 833456 words/s, in_qsize 27, out_qsize 0
2026-02-02 16:54:31,925 - INFO - EPOCH 7 - PROGRESS: at 22.19% examples, 833179 words/s, in_qsize 27, out_qsize 0
2026-02-02 16:54:32,943 - INFO - EPOCH 7 - PROGRESS: at 22.48% examples, 832842 words/s, in_qsize 26, out_qsize 6
2026-02-02 16:54:33,954 - INFO - EPOCH 7 - PROGRESS: at 22.76% examples, 832485 words/s, in_qsize 24, out_qsize 6
2026-02-02 16:54:34,995 - INFO - EPOCH 7 - PROGRESS: at 22.91% examples, 831186 words/s, in_qsize 27, out_qsize 0
2026-02-02 16:54:36,010 - INFO - EPOCH 7 - PROGRESS: at 23.09% examples, 830354 words/s, in_qsize 26, out_qsize 1
2026-02-02 16:54:37,036 - INFO - EPOCH 7 - PROGRESS: at 23.28% examples, 829533 words/s, in_qsize 27, out_qsize 0
2026-02-02 16:54:38,048 - INFO - EPOCH 7 - PROGRESS: at 23.46% examples, 828749 words/s, in_qsize 21, out_qsize 9
2026-02-02 16:54:39,099 - INFO - EPOCH 7 - PROGRESS: at 23.68% examples, 828646 words/s, in_qsize 28, out_qsize 3
2026-02-02 16:54:40,122 - INFO - EPOCH 7 - PROGRESS: at 23.90% examples, 829133 words/s, in_qsize 28, out_qsize 3
2026-02-02 16:54:41,144 - INFO - EPOCH 7 - PROGRESS: at 24.13% examples, 829626 words/s, in_qsize 27, out_qsize 0
2026-02-02 16:54:42,190 - INFO - EPOCH 7 - PROGRESS: at 24.33% examples, 829381 words/s, in_qsize 27, out_qsize 0
2026-02-02 16:54:43,194 - INFO - EPOCH 7 - PROGRESS: at 24.48% examples, 828783 words/s, in_qsize 27, out_qsize 0
2026-02-02 16:54:44,199 - INFO - EPOCH 7 - PROGRESS: at 24.63% examples, 828813 words/s, in_qsize 27, out_qsize 0
2026-02-02 16:54:45,219 - INFO - EPOCH 7 - PROGRESS: at 24.79% examples, 828501 words/s, in_qsize 26, out_qsize 5
2026-02-02 16:54:46,221 - INFO - EPOCH 7 - PROGRESS: at 24.98% examples, 829346 words/s, in_qsize 27, out_qsize 0
2026-02-02 16:54:47,336 - INFO - EPOCH 7 - PROGRESS: at 25.14% examples, 828632 words/s, in_qsize 28, out_qsize 6
2026-02-02 16:54:48,343 - INFO - EPOCH 7 - PROGRESS: at 25.28% examples, 828602 words/s, in_qsize 27, out_qsize 0
2026-02-02 16:54:49,345 - INFO - EPOCH 7 - PROGRESS: at 25.45% examples, 828683 words/s, in_qsize 26, out_qsize 1
2026-02-02 16:54:50,348 - INFO - EPOCH 7 - PROGRESS: at 25.65% examples, 828575 words/s, in_qsize 28, out_qsize 0
2026-02-02 16:54:51,370 - INFO - EPOCH 7 - PROGRESS: at 25.83% examples, 827814 words/s, in_qsize 26, out_qsize 7
2026-02-02 16:54:52,395 - INFO - EPOCH 7 - PROGRESS: at 26.01% examples, 827898 words/s, in_qsize 28, out_qsize 0
2026-02-02 16:54:53,395 - INFO - EPOCH 7 - PROGRESS: at 26.22% examples, 827685 words/s, in_qsize 28, out_qsize 0
2026-02-02 16:54:54,422 - INFO - EPOCH 7 - PROGRESS: at 26.42% examples, 827153 words/s, in_qsize 27, out_qsize 0
2026-02-02 16:54:55,437 - INFO - EPOCH 7 - PROGRESS: at 26.63% examples, 826600 words/s, in_qsize 28, out_qsize 0
2026-02-02 16:54:56,444 - INFO - EPOCH 7 - PROGRESS: at 26.81% examples, 825930 words/s, in_qsize 27, out_qsize 0
2026-02-02 16:54:57,454 - INFO - EPOCH 7 - PROGRESS: at 27.01% examples, 825891 words/s, in_qsize 27, out_qsize 0
2026-02-02 16:54:58,496 - INFO - EPOCH 7 - PROGRESS: at 27.17% examples, 824834 words/s, in_qsize 24, out_qsize 6
2026-02-02 16:54:59,508 - INFO - EPOCH 7 - PROGRESS: at 27.31% examples, 824502 words/s, in_qsize 25, out_qsize 2
2026-02-02 16:55:00,544 - INFO - EPOCH 7 - PROGRESS: at 27.44% examples, 824662 words/s, in_qsize 27, out_qsize 3
2026-02-02 16:55:01,549 - INFO - EPOCH 7 - PROGRESS: at 27.62% examples, 825233 words/s, in_qsize 28, out_qsize 0
2026-02-02 16:55:02,561 - INFO - EPOCH 7 - PROGRESS: at 27.81% examples, 825595 words/s, in_qsize 28, out_qsize 0
2026-02-02 16:55:03,582 - INFO - EPOCH 7 - PROGRESS: at 28.00% examples, 825797 words/s, in_qsize 25, out_qsize 5
2026-02-02 16:55:04,586 - INFO - EPOCH 7 - PROGRESS: at 28.10% examples, 826374 words/s, in_qsize 28, out_qsize 0
2026-02-02 16:55:05,600 - INFO - EPOCH 7 - PROGRESS: at 28.28% examples, 826790 words/s, in_qsize 28, out_qsize 0
2026-02-02 16:55:06,604 - INFO - EPOCH 7 - PROGRESS: at 28.45% examples, 827246 words/s, in_qsize 26, out_qsize 1
2026-02-02 16:55:07,617 - INFO - EPOCH 7 - PROGRESS: at 28.66% examples, 827672 words/s, in_qsize 28, out_qsize 0
2026-02-02 16:55:08,624 - INFO - EPOCH 7 - PROGRESS: at 28.83% examples, 827362 words/s, in_qsize 27, out_qsize 0
2026-02-02 16:55:09,628 - INFO - EPOCH 7 - PROGRESS: at 29.01% examples, 827403 words/s, in_qsize 27, out_qsize 0
2026-02-02 16:55:10,641 - INFO - EPOCH 7 - PROGRESS: at 29.17% examples, 826827 words/s, in_qsize 27, out_qsize 0
2026-02-02 16:55:11,651 - INFO - EPOCH 7 - PROGRESS: at 29.33% examples, 826317 words/s, in_qsize 28, out_qsize 0
2026-02-02 16:55:12,658 - INFO - EPOCH 7 - PROGRESS: at 29.51% examples, 826354 words/s, in_qsize 27, out_qsize 0
2026-02-02 16:55:13,661 - INFO - EPOCH 7 - PROGRESS: at 29.70% examples, 826689 words/s, in_qsize 27, out_qsize 0
2026-02-02 16:55:14,679 - INFO - EPOCH 7 - PROGRESS: at 29.92% examples, 826854 words/s, in_qsize 28, out_qsize 1
2026-02-02 16:55:15,690 - INFO - EPOCH 7 - PROGRESS: at 30.13% examples, 827367 words/s, in_qsize 27, out_qsize 1
2026-02-02 16:55:16,696 - INFO - EPOCH 7 - PROGRESS: at 30.28% examples, 827308 words/s, in_qsize 27, out_qsize 0
2026-02-02 16:55:17,707 - INFO - EPOCH 7 - PROGRESS: at 30.45% examples, 826813 words/s, in_qsize 27, out_qsize 0
2026-02-02 16:55:18,711 - INFO - EPOCH 7 - PROGRESS: at 30.60% examples, 826266 words/s, in_qsize 25, out_qsize 2
2026-02-02 16:55:19,729 - INFO - EPOCH 7 - PROGRESS: at 30.78% examples, 826624 words/s, in_qsize 28, out_qsize 0
2026-02-02 16:55:20,752 - INFO - EPOCH 7 - PROGRESS: at 30.94% examples, 826934 words/s, in_qsize 26, out_qsize 1
2026-02-02 16:55:21,843 - INFO - EPOCH 7 - PROGRESS: at 31.11% examples, 826967 words/s, in_qsize 28, out_qsize 7
2026-02-02 16:55:22,853 - INFO - EPOCH 7 - PROGRESS: at 31.27% examples, 827389 words/s, in_qsize 27, out_qsize 1
2026-02-02 16:55:23,861 - INFO - EPOCH 7 - PROGRESS: at 31.43% examples, 827643 words/s, in_qsize 28, out_qsize 0
2026-02-02 16:55:24,865 - INFO - EPOCH 7 - PROGRESS: at 31.59% examples, 828072 words/s, in_qsize 27, out_qsize 0
2026-02-02 16:55:25,892 - INFO - EPOCH 7 - PROGRESS: at 31.75% examples, 828109 words/s, in_qsize 27, out_qsize 0
2026-02-02 16:55:26,898 - INFO - EPOCH 7 - PROGRESS: at 31.90% examples, 828174 words/s, in_qsize 25, out_qsize 1
2026-02-02 16:55:27,912 - INFO - EPOCH 7 - PROGRESS: at 32.07% examples, 828392 words/s, in_qsize 27, out_qsize 0
2026-02-02 16:55:28,914 - INFO - EPOCH 7 - PROGRESS: at 32.21% examples, 828573 words/s, in_qsize 27, out_qsize 0
2026-02-02 16:55:29,922 - INFO - EPOCH 7 - PROGRESS: at 32.44% examples, 828543 words/s, in_qsize 26, out_qsize 2
2026-02-02 16:55:30,930 - INFO - EPOCH 7 - PROGRESS: at 32.67% examples, 828538 words/s, in_qsize 28, out_qsize 2
2026-02-02 16:55:31,949 - INFO - EPOCH 7 - PROGRESS: at 32.82% examples, 828083 words/s, in_qsize 27, out_qsize 0
2026-02-02 16:55:32,991 - INFO - EPOCH 7 - PROGRESS: at 33.00% examples, 827542 words/s, in_qsize 28, out_qsize 1
2026-02-02 16:55:34,008 - INFO - EPOCH 7 - PROGRESS: at 33.18% examples, 826960 words/s, in_qsize 27, out_qsize 0
2026-02-02 16:55:35,032 - INFO - EPOCH 7 - PROGRESS: at 33.39% examples, 826932 words/s, in_qsize 28, out_qsize 2
2026-02-02 16:55:36,041 - INFO - EPOCH 7 - PROGRESS: at 33.61% examples, 827396 words/s, in_qsize 27, out_qsize 0
2026-02-02 16:55:37,081 - INFO - EPOCH 7 - PROGRESS: at 33.83% examples, 827581 words/s, in_qsize 27, out_qsize 6
2026-02-02 16:55:38,096 - INFO - EPOCH 7 - PROGRESS: at 34.06% examples, 828116 words/s, in_qsize 28, out_qsize 0
2026-02-02 16:55:39,121 - INFO - EPOCH 7 - PROGRESS: at 34.20% examples, 828281 words/s, in_qsize 28, out_qsize 0
2026-02-02 16:55:40,135 - INFO - EPOCH 7 - PROGRESS: at 34.34% examples, 828611 words/s, in_qsize 26, out_qsize 1
2026-02-02 16:55:41,145 - INFO - EPOCH 7 - PROGRESS: at 34.51% examples, 828863 words/s, in_qsize 25, out_qsize 2
2026-02-02 16:55:42,151 - INFO - EPOCH 7 - PROGRESS: at 34.66% examples, 829209 words/s, in_qsize 27, out_qsize 0
2026-02-02 16:55:43,179 - INFO - EPOCH 7 - PROGRESS: at 34.80% examples, 829372 words/s, in_qsize 27, out_qsize 0
2026-02-02 16:55:44,204 - INFO - EPOCH 7 - PROGRESS: at 34.96% examples, 829517 words/s, in_qsize 27, out_qsize 1
2026-02-02 16:55:45,211 - INFO - EPOCH 7 - PROGRESS: at 35.10% examples, 829362 words/s, in_qsize 25, out_qsize 2
2026-02-02 16:55:46,224 - INFO - EPOCH 7 - PROGRESS: at 35.28% examples, 829371 words/s, in_qsize 27, out_qsize 0
2026-02-02 16:55:47,231 - INFO - EPOCH 7 - PROGRESS: at 35.51% examples, 829673 words/s, in_qsize 28, out_qsize 2
2026-02-02 16:55:48,253 - INFO - EPOCH 7 - PROGRESS: at 35.75% examples, 830073 words/s, in_qsize 28, out_qsize 0
2026-02-02 16:55:49,253 - INFO - EPOCH 7 - PROGRESS: at 35.94% examples, 830409 words/s, in_qsize 26, out_qsize 1
2026-02-02 16:55:50,254 - INFO - EPOCH 7 - PROGRESS: at 36.15% examples, 830805 words/s, in_qsize 27, out_qsize 0
2026-02-02 16:55:51,282 - INFO - EPOCH 7 - PROGRESS: at 36.33% examples, 830875 words/s, in_qsize 28, out_qsize 3
2026-02-02 16:55:52,284 - INFO - EPOCH 7 - PROGRESS: at 36.51% examples, 831201 words/s, in_qsize 26, out_qsize 1
2026-02-02 16:55:53,285 - INFO - EPOCH 7 - PROGRESS: at 36.67% examples, 831069 words/s, in_qsize 24, out_qsize 3
2026-02-02 16:55:54,303 - INFO - EPOCH 7 - PROGRESS: at 36.82% examples, 830971 words/s, in_qsize 27, out_qsize 0
2026-02-02 16:55:55,313 - INFO - EPOCH 7 - PROGRESS: at 37.00% examples, 831108 words/s, in_qsize 27, out_qsize 0
2026-02-02 16:55:56,319 - INFO - EPOCH 7 - PROGRESS: at 37.17% examples, 831168 words/s, in_qsize 28, out_qsize 4
2026-02-02 16:55:57,344 - INFO - EPOCH 7 - PROGRESS: at 37.33% examples, 831391 words/s, in_qsize 27, out_qsize 4
2026-02-02 16:55:58,346 - INFO - EPOCH 7 - PROGRESS: at 37.49% examples, 831806 words/s, in_qsize 27, out_qsize 0
2026-02-02 16:55:59,354 - INFO - EPOCH 7 - PROGRESS: at 37.64% examples, 831897 words/s, in_qsize 24, out_qsize 2
2026-02-02 16:56:00,373 - INFO - EPOCH 7 - PROGRESS: at 37.79% examples, 831993 words/s, in_qsize 28, out_qsize 0
2026-02-02 16:56:01,383 - INFO - EPOCH 7 - PROGRESS: at 37.95% examples, 832185 words/s, in_qsize 27, out_qsize 2
2026-02-02 16:56:02,398 - INFO - EPOCH 7 - PROGRESS: at 38.08% examples, 832488 words/s, in_qsize 24, out_qsize 1
2026-02-02 16:56:03,398 - INFO - EPOCH 7 - PROGRESS: at 38.24% examples, 832691 words/s, in_qsize 27, out_qsize 0
2026-02-02 16:56:04,401 - INFO - EPOCH 7 - PROGRESS: at 38.38% examples, 832909 words/s, in_qsize 27, out_qsize 0
2026-02-02 16:56:05,431 - INFO - EPOCH 7 - PROGRESS: at 38.53% examples, 832993 words/s, in_qsize 28, out_qsize 5
2026-02-02 16:56:06,445 - INFO - EPOCH 7 - PROGRESS: at 38.74% examples, 833279 words/s, in_qsize 28, out_qsize 0
2026-02-02 16:56:07,465 - INFO - EPOCH 7 - PROGRESS: at 39.01% examples, 833387 words/s, in_qsize 25, out_qsize 2
2026-02-02 16:56:08,483 - INFO - EPOCH 7 - PROGRESS: at 39.17% examples, 833623 words/s, in_qsize 28, out_qsize 0
2026-02-02 16:56:09,508 - INFO - EPOCH 7 - PROGRESS: at 39.31% examples, 833622 words/s, in_qsize 27, out_qsize 2
2026-02-02 16:56:10,508 - INFO - EPOCH 7 - PROGRESS: at 39.46% examples, 834000 words/s, in_qsize 27, out_qsize 0
2026-02-02 16:56:11,523 - INFO - EPOCH 7 - PROGRESS: at 39.62% examples, 833769 words/s, in_qsize 27, out_qsize 0
2026-02-02 16:56:12,543 - INFO - EPOCH 7 - PROGRESS: at 39.79% examples, 833850 words/s, in_qsize 28, out_qsize 0
2026-02-02 16:56:13,570 - INFO - EPOCH 7 - PROGRESS: at 39.96% examples, 833838 words/s, in_qsize 23, out_qsize 3
2026-02-02 16:56:14,574 - INFO - EPOCH 7 - PROGRESS: at 40.13% examples, 834190 words/s, in_qsize 27, out_qsize 0
2026-02-02 16:56:15,601 - INFO - EPOCH 7 - PROGRESS: at 40.30% examples, 834264 words/s, in_qsize 28, out_qsize 1
2026-02-02 16:56:16,618 - INFO - EPOCH 7 - PROGRESS: at 40.45% examples, 834087 words/s, in_qsize 23, out_qsize 4
2026-02-02 16:56:17,627 - INFO - EPOCH 7 - PROGRESS: at 40.63% examples, 834085 words/s, in_qsize 26, out_qsize 1
2026-02-02 16:56:18,643 - INFO - EPOCH 7 - PROGRESS: at 40.80% examples, 833723 words/s, in_qsize 25, out_qsize 3
2026-02-02 16:56:19,650 - INFO - EPOCH 7 - PROGRESS: at 40.99% examples, 833534 words/s, in_qsize 27, out_qsize 1
2026-02-02 16:56:20,662 - INFO - EPOCH 7 - PROGRESS: at 41.18% examples, 833630 words/s, in_qsize 28, out_qsize 0
2026-02-02 16:56:21,667 - INFO - EPOCH 7 - PROGRESS: at 41.38% examples, 833793 words/s, in_qsize 28, out_qsize 2
2026-02-02 16:56:22,679 - INFO - EPOCH 7 - PROGRESS: at 41.53% examples, 834065 words/s, in_qsize 25, out_qsize 2
2026-02-02 16:56:23,685 - INFO - EPOCH 7 - PROGRESS: at 41.67% examples, 834224 words/s, in_qsize 28, out_qsize 0
2026-02-02 16:56:24,714 - INFO - EPOCH 7 - PROGRESS: at 41.80% examples, 834335 words/s, in_qsize 23, out_qsize 5
2026-02-02 16:56:25,734 - INFO - EPOCH 7 - PROGRESS: at 41.95% examples, 834589 words/s, in_qsize 27, out_qsize 0
2026-02-02 16:56:26,756 - INFO - EPOCH 7 - PROGRESS: at 42.07% examples, 834698 words/s, in_qsize 27, out_qsize 0
2026-02-02 16:56:27,757 - INFO - EPOCH 7 - PROGRESS: at 42.20% examples, 834752 words/s, in_qsize 28, out_qsize 2
2026-02-02 16:56:28,763 - INFO - EPOCH 7 - PROGRESS: at 42.37% examples, 834954 words/s, in_qsize 28, out_qsize 2
2026-02-02 16:56:29,763 - INFO - EPOCH 7 - PROGRESS: at 42.62% examples, 835144 words/s, in_qsize 27, out_qsize 0
2026-02-02 16:56:30,765 - INFO - EPOCH 7 - PROGRESS: at 42.77% examples, 834884 words/s, in_qsize 27, out_qsize 0
2026-02-02 16:56:31,793 - INFO - EPOCH 7 - PROGRESS: at 42.96% examples, 834472 words/s, in_qsize 28, out_qsize 0
2026-02-02 16:56:32,811 - INFO - EPOCH 7 - PROGRESS: at 43.20% examples, 834491 words/s, in_qsize 27, out_qsize 0
2026-02-02 16:56:33,817 - INFO - EPOCH 7 - PROGRESS: at 43.33% examples, 833765 words/s, in_qsize 27, out_qsize 0
2026-02-02 16:56:34,821 - INFO - EPOCH 7 - PROGRESS: at 43.47% examples, 833770 words/s, in_qsize 27, out_qsize 0
2026-02-02 16:56:35,840 - INFO - EPOCH 7 - PROGRESS: at 43.59% examples, 833435 words/s, in_qsize 27, out_qsize 1
2026-02-02 16:56:36,843 - INFO - EPOCH 7 - PROGRESS: at 43.72% examples, 833438 words/s, in_qsize 25, out_qsize 2
2026-02-02 16:56:37,879 - INFO - EPOCH 7 - PROGRESS: at 43.85% examples, 833605 words/s, in_qsize 28, out_qsize 3
2026-02-02 16:56:38,896 - INFO - EPOCH 7 - PROGRESS: at 44.06% examples, 833810 words/s, in_qsize 27, out_qsize 0
2026-02-02 16:56:39,948 - INFO - EPOCH 7 - PROGRESS: at 44.31% examples, 833379 words/s, in_qsize 28, out_qsize 1
2026-02-02 16:56:40,951 - INFO - EPOCH 7 - PROGRESS: at 44.56% examples, 833048 words/s, in_qsize 26, out_qsize 1
2026-02-02 16:56:41,959 - INFO - EPOCH 7 - PROGRESS: at 44.74% examples, 833042 words/s, in_qsize 27, out_qsize 0
2026-02-02 16:56:42,962 - INFO - EPOCH 7 - PROGRESS: at 44.88% examples, 833027 words/s, in_qsize 27, out_qsize 1
2026-02-02 16:56:43,970 - INFO - EPOCH 7 - PROGRESS: at 45.08% examples, 833307 words/s, in_qsize 26, out_qsize 1
2026-02-02 16:56:44,981 - INFO - EPOCH 7 - PROGRESS: at 45.23% examples, 833384 words/s, in_qsize 27, out_qsize 0
2026-02-02 16:56:45,999 - INFO - EPOCH 7 - PROGRESS: at 45.36% examples, 833611 words/s, in_qsize 26, out_qsize 1
2026-02-02 16:56:47,042 - INFO - EPOCH 7 - PROGRESS: at 45.50% examples, 833615 words/s, in_qsize 27, out_qsize 6
2026-02-02 16:56:48,062 - INFO - EPOCH 7 - PROGRESS: at 45.64% examples, 833964 words/s, in_qsize 27, out_qsize 0
2026-02-02 16:56:49,063 - INFO - EPOCH 7 - PROGRESS: at 45.77% examples, 834108 words/s, in_qsize 27, out_qsize 0
2026-02-02 16:56:50,069 - INFO - EPOCH 7 - PROGRESS: at 45.91% examples, 834153 words/s, in_qsize 26, out_qsize 1
2026-02-02 16:56:51,076 - INFO - EPOCH 7 - PROGRESS: at 46.07% examples, 834328 words/s, in_qsize 27, out_qsize 0
2026-02-02 16:56:52,084 - INFO - EPOCH 7 - PROGRESS: at 46.22% examples, 834480 words/s, in_qsize 27, out_qsize 0
2026-02-02 16:56:53,146 - INFO - EPOCH 7 - PROGRESS: at 46.36% examples, 834250 words/s, in_qsize 21, out_qsize 6
2026-02-02 16:56:54,149 - INFO - EPOCH 7 - PROGRESS: at 46.49% examples, 833982 words/s, in_qsize 27, out_qsize 5
2026-02-02 16:56:55,160 - INFO - EPOCH 7 - PROGRESS: at 46.68% examples, 833457 words/s, in_qsize 28, out_qsize 0
2026-02-02 16:56:56,167 - INFO - EPOCH 7 - PROGRESS: at 47.02% examples, 833212 words/s, in_qsize 27, out_qsize 0
2026-02-02 16:56:57,203 - INFO - EPOCH 7 - PROGRESS: at 47.19% examples, 832847 words/s, in_qsize 25, out_qsize 2
2026-02-02 16:56:58,227 - INFO - EPOCH 7 - PROGRESS: at 47.35% examples, 832965 words/s, in_qsize 28, out_qsize 0
2026-02-02 16:56:59,227 - INFO - EPOCH 7 - PROGRESS: at 47.50% examples, 833011 words/s, in_qsize 27, out_qsize 0
2026-02-02 16:57:00,244 - INFO - EPOCH 7 - PROGRESS: at 47.65% examples, 832801 words/s, in_qsize 26, out_qsize 1
2026-02-02 16:57:01,264 - INFO - EPOCH 7 - PROGRESS: at 47.81% examples, 832750 words/s, in_qsize 27, out_qsize 1
2026-02-02 16:57:02,270 - INFO - EPOCH 7 - PROGRESS: at 47.96% examples, 832598 words/s, in_qsize 22, out_qsize 4
2026-02-02 16:57:03,285 - INFO - EPOCH 7 - PROGRESS: at 48.12% examples, 832657 words/s, in_qsize 26, out_qsize 2
2026-02-02 16:57:04,293 - INFO - EPOCH 7 - PROGRESS: at 48.27% examples, 832671 words/s, in_qsize 26, out_qsize 6
2026-02-02 16:57:05,308 - INFO - EPOCH 7 - PROGRESS: at 48.44% examples, 832951 words/s, in_qsize 27, out_qsize 1
2026-02-02 16:57:06,324 - INFO - EPOCH 7 - PROGRESS: at 48.60% examples, 833026 words/s, in_qsize 27, out_qsize 3
2026-02-02 16:57:07,355 - INFO - EPOCH 7 - PROGRESS: at 48.76% examples, 832947 words/s, in_qsize 27, out_qsize 0
2026-02-02 16:57:08,384 - INFO - EPOCH 7 - PROGRESS: at 48.89% examples, 832540 words/s, in_qsize 28, out_qsize 0
2026-02-02 16:57:09,395 - INFO - EPOCH 7 - PROGRESS: at 49.03% examples, 832070 words/s, in_qsize 27, out_qsize 0
2026-02-02 16:57:10,412 - INFO - EPOCH 7 - PROGRESS: at 49.17% examples, 831765 words/s, in_qsize 27, out_qsize 0
2026-02-02 16:57:11,422 - INFO - EPOCH 7 - PROGRESS: at 49.31% examples, 831507 words/s, in_qsize 26, out_qsize 1
2026-02-02 16:57:12,429 - INFO - EPOCH 7 - PROGRESS: at 49.46% examples, 831284 words/s, in_qsize 27, out_qsize 3
2026-02-02 16:57:13,477 - INFO - EPOCH 7 - PROGRESS: at 49.63% examples, 831484 words/s, in_qsize 23, out_qsize 4
2026-02-02 16:57:14,480 - INFO - EPOCH 7 - PROGRESS: at 49.79% examples, 831769 words/s, in_qsize 25, out_qsize 1
2026-02-02 16:57:15,481 - INFO - EPOCH 7 - PROGRESS: at 49.94% examples, 831802 words/s, in_qsize 28, out_qsize 5
2026-02-02 16:57:16,492 - INFO - EPOCH 7 - PROGRESS: at 50.10% examples, 832169 words/s, in_qsize 27, out_qsize 0
2026-02-02 16:57:17,532 - INFO - EPOCH 7 - PROGRESS: at 50.27% examples, 832009 words/s, in_qsize 28, out_qsize 1
2026-02-02 16:57:18,533 - INFO - EPOCH 7 - PROGRESS: at 50.44% examples, 831769 words/s, in_qsize 25, out_qsize 2
2026-02-02 16:57:19,539 - INFO - EPOCH 7 - PROGRESS: at 50.62% examples, 831592 words/s, in_qsize 26, out_qsize 4
2026-02-02 16:57:20,546 - INFO - EPOCH 7 - PROGRESS: at 50.81% examples, 831333 words/s, in_qsize 28, out_qsize 3
2026-02-02 16:57:21,564 - INFO - EPOCH 7 - PROGRESS: at 51.00% examples, 831186 words/s, in_qsize 27, out_qsize 0
2026-02-02 16:57:22,575 - INFO - EPOCH 7 - PROGRESS: at 51.17% examples, 830935 words/s, in_qsize 28, out_qsize 0
2026-02-02 16:57:23,577 - INFO - EPOCH 7 - PROGRESS: at 51.35% examples, 830401 words/s, in_qsize 21, out_qsize 6
2026-02-02 16:57:24,585 - INFO - EPOCH 7 - PROGRESS: at 51.58% examples, 830287 words/s, in_qsize 26, out_qsize 1
2026-02-02 16:57:25,623 - INFO - EPOCH 7 - PROGRESS: at 51.83% examples, 830290 words/s, in_qsize 27, out_qsize 3
2026-02-02 16:57:26,638 - INFO - EPOCH 7 - PROGRESS: at 52.08% examples, 830282 words/s, in_qsize 25, out_qsize 5
2026-02-02 16:57:27,646 - INFO - EPOCH 7 - PROGRESS: at 52.32% examples, 830295 words/s, in_qsize 25, out_qsize 4
2026-02-02 16:57:28,677 - INFO - EPOCH 7 - PROGRESS: at 52.60% examples, 830601 words/s, in_qsize 27, out_qsize 0
2026-02-02 16:57:29,679 - INFO - EPOCH 7 - PROGRESS: at 52.82% examples, 830322 words/s, in_qsize 27, out_qsize 0
2026-02-02 16:57:30,720 - INFO - EPOCH 7 - PROGRESS: at 53.09% examples, 830575 words/s, in_qsize 24, out_qsize 3
2026-02-02 16:57:31,724 - INFO - EPOCH 7 - PROGRESS: at 53.35% examples, 830699 words/s, in_qsize 27, out_qsize 2
2026-02-02 16:57:32,742 - INFO - EPOCH 7 - PROGRESS: at 53.60% examples, 830784 words/s, in_qsize 26, out_qsize 4
2026-02-02 16:57:33,746 - INFO - EPOCH 7 - PROGRESS: at 53.86% examples, 830956 words/s, in_qsize 23, out_qsize 4
2026-02-02 16:57:34,771 - INFO - EPOCH 7 - PROGRESS: at 54.14% examples, 831246 words/s, in_qsize 28, out_qsize 1
2026-02-02 16:57:35,792 - INFO - EPOCH 7 - PROGRESS: at 54.39% examples, 831315 words/s, in_qsize 27, out_qsize 0
2026-02-02 16:57:36,796 - INFO - EPOCH 7 - PROGRESS: at 54.64% examples, 831434 words/s, in_qsize 27, out_qsize 0
2026-02-02 16:57:37,812 - INFO - EPOCH 7 - PROGRESS: at 54.89% examples, 831418 words/s, in_qsize 22, out_qsize 5
2026-02-02 16:57:38,851 - INFO - EPOCH 7 - PROGRESS: at 55.11% examples, 831322 words/s, in_qsize 25, out_qsize 2
2026-02-02 16:57:39,862 - INFO - EPOCH 7 - PROGRESS: at 55.27% examples, 831106 words/s, in_qsize 28, out_qsize 2
2026-02-02 16:57:40,891 - INFO - EPOCH 7 - PROGRESS: at 55.42% examples, 831159 words/s, in_qsize 28, out_qsize 0
2026-02-02 16:57:41,893 - INFO - EPOCH 7 - PROGRESS: at 55.57% examples, 831146 words/s, in_qsize 28, out_qsize 1
2026-02-02 16:57:42,906 - INFO - EPOCH 7 - PROGRESS: at 55.82% examples, 831184 words/s, in_qsize 28, out_qsize 2
2026-02-02 16:57:43,917 - INFO - EPOCH 7 - PROGRESS: at 56.09% examples, 831371 words/s, in_qsize 27, out_qsize 0
2026-02-02 16:57:44,950 - INFO - EPOCH 7 - PROGRESS: at 56.24% examples, 831401 words/s, in_qsize 28, out_qsize 0
2026-02-02 16:57:45,962 - INFO - EPOCH 7 - PROGRESS: at 56.40% examples, 831442 words/s, in_qsize 28, out_qsize 0
2026-02-02 16:57:46,974 - INFO - EPOCH 7 - PROGRESS: at 56.56% examples, 831550 words/s, in_qsize 26, out_qsize 1
2026-02-02 16:57:47,979 - INFO - EPOCH 7 - PROGRESS: at 56.70% examples, 831696 words/s, in_qsize 27, out_qsize 0
2026-02-02 16:57:48,983 - INFO - EPOCH 7 - PROGRESS: at 56.90% examples, 831801 words/s, in_qsize 25, out_qsize 2
2026-02-02 16:57:50,020 - INFO - EPOCH 7 - PROGRESS: at 57.10% examples, 831549 words/s, in_qsize 27, out_qsize 0
2026-02-02 16:57:51,049 - INFO - EPOCH 7 - PROGRESS: at 57.30% examples, 831248 words/s, in_qsize 26, out_qsize 1
2026-02-02 16:57:52,055 - INFO - EPOCH 7 - PROGRESS: at 57.51% examples, 831225 words/s, in_qsize 28, out_qsize 1
2026-02-02 16:57:53,114 - INFO - EPOCH 7 - PROGRESS: at 57.71% examples, 830995 words/s, in_qsize 28, out_qsize 1
2026-02-02 16:57:54,136 - INFO - EPOCH 7 - PROGRESS: at 57.91% examples, 830740 words/s, in_qsize 26, out_qsize 1
2026-02-02 16:57:55,145 - INFO - EPOCH 7 - PROGRESS: at 58.12% examples, 830772 words/s, in_qsize 27, out_qsize 0
2026-02-02 16:57:56,199 - INFO - EPOCH 7 - PROGRESS: at 58.32% examples, 830547 words/s, in_qsize 28, out_qsize 0
2026-02-02 16:57:57,237 - INFO - EPOCH 7 - PROGRESS: at 58.51% examples, 830260 words/s, in_qsize 27, out_qsize 3
2026-02-02 16:57:58,242 - INFO - EPOCH 7 - PROGRESS: at 58.69% examples, 829994 words/s, in_qsize 26, out_qsize 1
2026-02-02 16:57:59,251 - INFO - EPOCH 7 - PROGRESS: at 58.89% examples, 829982 words/s, in_qsize 27, out_qsize 0
2026-02-02 16:58:00,290 - INFO - EPOCH 7 - PROGRESS: at 59.09% examples, 829698 words/s, in_qsize 27, out_qsize 5
2026-02-02 16:58:01,310 - INFO - EPOCH 7 - PROGRESS: at 59.29% examples, 829458 words/s, in_qsize 27, out_qsize 0
2026-02-02 16:58:02,375 - INFO - EPOCH 7 - PROGRESS: at 59.45% examples, 829077 words/s, in_qsize 27, out_qsize 0
2026-02-02 16:58:03,404 - INFO - EPOCH 7 - PROGRESS: at 59.66% examples, 828809 words/s, in_qsize 28, out_qsize 2
2026-02-02 16:58:04,408 - INFO - EPOCH 7 - PROGRESS: at 59.79% examples, 828881 words/s, in_qsize 27, out_qsize 0
2026-02-02 16:58:05,413 - INFO - EPOCH 7 - PROGRESS: at 59.93% examples, 829096 words/s, in_qsize 26, out_qsize 1
2026-02-02 16:58:06,413 - INFO - EPOCH 7 - PROGRESS: at 60.13% examples, 829177 words/s, in_qsize 28, out_qsize 1
2026-02-02 16:58:07,420 - INFO - EPOCH 7 - PROGRESS: at 60.31% examples, 829011 words/s, in_qsize 27, out_qsize 0
2026-02-02 16:58:08,450 - INFO - EPOCH 7 - PROGRESS: at 60.49% examples, 828772 words/s, in_qsize 26, out_qsize 1
2026-02-02 16:58:09,451 - INFO - EPOCH 7 - PROGRESS: at 60.68% examples, 828665 words/s, in_qsize 27, out_qsize 0
2026-02-02 16:58:10,455 - INFO - EPOCH 7 - PROGRESS: at 60.87% examples, 828706 words/s, in_qsize 27, out_qsize 0
2026-02-02 16:58:11,468 - INFO - EPOCH 7 - PROGRESS: at 61.01% examples, 828751 words/s, in_qsize 28, out_qsize 0
2026-02-02 16:58:12,470 - INFO - EPOCH 7 - PROGRESS: at 61.15% examples, 828550 words/s, in_qsize 28, out_qsize 0
2026-02-02 16:58:13,472 - INFO - EPOCH 7 - PROGRESS: at 61.24% examples, 828636 words/s, in_qsize 28, out_qsize 0
2026-02-02 16:58:14,496 - INFO - EPOCH 7 - PROGRESS: at 61.34% examples, 828669 words/s, in_qsize 27, out_qsize 3
2026-02-02 16:58:15,509 - INFO - EPOCH 7 - PROGRESS: at 61.53% examples, 828909 words/s, in_qsize 28, out_qsize 0
2026-02-02 16:58:16,510 - INFO - EPOCH 7 - PROGRESS: at 61.72% examples, 829075 words/s, in_qsize 27, out_qsize 0
2026-02-02 16:58:17,520 - INFO - EPOCH 7 - PROGRESS: at 61.84% examples, 829047 words/s, in_qsize 28, out_qsize 2
2026-02-02 16:58:18,556 - INFO - EPOCH 7 - PROGRESS: at 62.01% examples, 828727 words/s, in_qsize 20, out_qsize 7
2026-02-02 16:58:19,558 - INFO - EPOCH 7 - PROGRESS: at 62.15% examples, 828762 words/s, in_qsize 26, out_qsize 1
2026-02-02 16:58:20,564 - INFO - EPOCH 7 - PROGRESS: at 62.28% examples, 828749 words/s, in_qsize 28, out_qsize 0
2026-02-02 16:58:21,594 - INFO - EPOCH 7 - PROGRESS: at 62.45% examples, 828764 words/s, in_qsize 27, out_qsize 1
2026-02-02 16:58:22,616 - INFO - EPOCH 7 - PROGRESS: at 62.62% examples, 828844 words/s, in_qsize 26, out_qsize 1
2026-02-02 16:58:23,617 - INFO - EPOCH 7 - PROGRESS: at 62.79% examples, 828969 words/s, in_qsize 25, out_qsize 1
2026-02-02 16:58:24,637 - INFO - EPOCH 7 - PROGRESS: at 62.97% examples, 829047 words/s, in_qsize 24, out_qsize 4
2026-02-02 16:58:25,645 - INFO - EPOCH 7 - PROGRESS: at 63.15% examples, 829084 words/s, in_qsize 27, out_qsize 5
2026-02-02 16:58:26,676 - INFO - EPOCH 7 - PROGRESS: at 63.31% examples, 829378 words/s, in_qsize 27, out_qsize 2
2026-02-02 16:58:27,686 - INFO - EPOCH 7 - PROGRESS: at 63.44% examples, 829516 words/s, in_qsize 27, out_qsize 0
2026-02-02 16:58:28,696 - INFO - EPOCH 7 - PROGRESS: at 63.65% examples, 829691 words/s, in_qsize 27, out_qsize 0
2026-02-02 16:58:29,712 - INFO - EPOCH 7 - PROGRESS: at 63.87% examples, 829820 words/s, in_qsize 28, out_qsize 0
2026-02-02 16:58:30,717 - INFO - EPOCH 7 - PROGRESS: at 64.11% examples, 829961 words/s, in_qsize 24, out_qsize 1
2026-02-02 16:58:31,722 - INFO - EPOCH 7 - PROGRESS: at 64.27% examples, 830127 words/s, in_qsize 27, out_qsize 0
2026-02-02 16:58:32,736 - INFO - EPOCH 7 - PROGRESS: at 64.42% examples, 830254 words/s, in_qsize 28, out_qsize 1
2026-02-02 16:58:33,750 - INFO - EPOCH 7 - PROGRESS: at 64.57% examples, 830417 words/s, in_qsize 25, out_qsize 2
2026-02-02 16:58:34,763 - INFO - EPOCH 7 - PROGRESS: at 64.77% examples, 830564 words/s, in_qsize 28, out_qsize 0
2026-02-02 16:58:35,775 - INFO - EPOCH 7 - PROGRESS: at 64.96% examples, 830518 words/s, in_qsize 28, out_qsize 3
2026-02-02 16:58:36,846 - INFO - EPOCH 7 - PROGRESS: at 65.11% examples, 829955 words/s, in_qsize 20, out_qsize 9
2026-02-02 16:58:37,876 - INFO - EPOCH 7 - PROGRESS: at 65.30% examples, 829949 words/s, in_qsize 27, out_qsize 0
2026-02-02 16:58:38,906 - INFO - EPOCH 7 - PROGRESS: at 65.48% examples, 829672 words/s, in_qsize 27, out_qsize 0
2026-02-02 16:58:39,911 - INFO - EPOCH 7 - PROGRESS: at 65.69% examples, 829791 words/s, in_qsize 27, out_qsize 0
2026-02-02 16:58:40,912 - INFO - EPOCH 7 - PROGRESS: at 65.85% examples, 829724 words/s, in_qsize 25, out_qsize 3
2026-02-02 16:58:41,913 - INFO - EPOCH 7 - PROGRESS: at 66.04% examples, 829872 words/s, in_qsize 26, out_qsize 0
2026-02-02 16:58:42,921 - INFO - EPOCH 7 - PROGRESS: at 66.20% examples, 830052 words/s, in_qsize 27, out_qsize 0
2026-02-02 16:58:43,933 - INFO - EPOCH 7 - PROGRESS: at 66.39% examples, 830179 words/s, in_qsize 28, out_qsize 0
2026-02-02 16:58:44,959 - INFO - EPOCH 7 - PROGRESS: at 66.50% examples, 830226 words/s, in_qsize 27, out_qsize 0
2026-02-02 16:58:45,972 - INFO - EPOCH 7 - PROGRESS: at 66.62% examples, 830281 words/s, in_qsize 26, out_qsize 1
2026-02-02 16:58:46,981 - INFO - EPOCH 7 - PROGRESS: at 66.71% examples, 830381 words/s, in_qsize 27, out_qsize 2
2026-02-02 16:58:47,982 - INFO - EPOCH 7 - PROGRESS: at 66.84% examples, 830492 words/s, in_qsize 27, out_qsize 2
2026-02-02 16:58:49,000 - INFO - EPOCH 7 - PROGRESS: at 66.94% examples, 830640 words/s, in_qsize 27, out_qsize 0
2026-02-02 16:58:50,001 - INFO - EPOCH 7 - PROGRESS: at 67.07% examples, 830749 words/s, in_qsize 26, out_qsize 1
2026-02-02 16:58:51,002 - INFO - EPOCH 7 - PROGRESS: at 67.26% examples, 830819 words/s, in_qsize 21, out_qsize 0
2026-02-02 16:58:52,016 - INFO - EPOCH 7 - PROGRESS: at 67.42% examples, 830902 words/s, in_qsize 24, out_qsize 4
2026-02-02 16:58:53,022 - INFO - EPOCH 7 - PROGRESS: at 67.58% examples, 831046 words/s, in_qsize 26, out_qsize 1
2026-02-02 16:58:54,022 - INFO - EPOCH 7 - PROGRESS: at 67.73% examples, 830926 words/s, in_qsize 26, out_qsize 4
2026-02-02 16:58:55,037 - INFO - EPOCH 7 - PROGRESS: at 67.88% examples, 831086 words/s, in_qsize 27, out_qsize 2
2026-02-02 16:58:56,087 - INFO - EPOCH 7 - PROGRESS: at 68.02% examples, 831036 words/s, in_qsize 26, out_qsize 7
2026-02-02 16:58:57,088 - INFO - EPOCH 7 - PROGRESS: at 68.16% examples, 831297 words/s, in_qsize 27, out_qsize 1
2026-02-02 16:58:58,119 - INFO - EPOCH 7 - PROGRESS: at 68.32% examples, 831211 words/s, in_qsize 28, out_qsize 0
2026-02-02 16:58:59,119 - INFO - EPOCH 7 - PROGRESS: at 68.49% examples, 831376 words/s, in_qsize 26, out_qsize 0
2026-02-02 16:59:00,122 - INFO - EPOCH 7 - PROGRESS: at 68.64% examples, 831244 words/s, in_qsize 27, out_qsize 0
2026-02-02 16:59:01,161 - INFO - EPOCH 7 - PROGRESS: at 68.78% examples, 830919 words/s, in_qsize 27, out_qsize 0
2026-02-02 16:59:02,163 - INFO - EPOCH 7 - PROGRESS: at 68.92% examples, 830753 words/s, in_qsize 26, out_qsize 5
2026-02-02 16:59:03,164 - INFO - EPOCH 7 - PROGRESS: at 69.08% examples, 830712 words/s, in_qsize 27, out_qsize 0
2026-02-02 16:59:04,165 - INFO - EPOCH 7 - PROGRESS: at 69.28% examples, 830504 words/s, in_qsize 27, out_qsize 0
2026-02-02 16:59:05,168 - INFO - EPOCH 7 - PROGRESS: at 69.54% examples, 830285 words/s, in_qsize 27, out_qsize 0
2026-02-02 16:59:06,235 - INFO - EPOCH 7 - PROGRESS: at 69.80% examples, 830015 words/s, in_qsize 27, out_qsize 0
2026-02-02 16:59:07,263 - INFO - EPOCH 7 - PROGRESS: at 69.96% examples, 829967 words/s, in_qsize 27, out_qsize 0
2026-02-02 16:59:08,288 - INFO - EPOCH 7 - PROGRESS: at 70.13% examples, 830006 words/s, in_qsize 27, out_qsize 0
2026-02-02 16:59:09,297 - INFO - EPOCH 7 - PROGRESS: at 70.28% examples, 829985 words/s, in_qsize 27, out_qsize 0
2026-02-02 16:59:10,305 - INFO - EPOCH 7 - PROGRESS: at 70.42% examples, 829812 words/s, in_qsize 27, out_qsize 0
2026-02-02 16:59:11,318 - INFO - EPOCH 7 - PROGRESS: at 70.59% examples, 829837 words/s, in_qsize 28, out_qsize 0
2026-02-02 16:59:12,378 - INFO - EPOCH 7 - PROGRESS: at 70.73% examples, 829558 words/s, in_qsize 27, out_qsize 0
2026-02-02 16:59:13,381 - INFO - EPOCH 7 - PROGRESS: at 70.86% examples, 829308 words/s, in_qsize 27, out_qsize 0
2026-02-02 16:59:14,444 - INFO - EPOCH 7 - PROGRESS: at 71.01% examples, 829258 words/s, in_qsize 27, out_qsize 5
2026-02-02 16:59:15,470 - INFO - EPOCH 7 - PROGRESS: at 71.17% examples, 829381 words/s, in_qsize 28, out_qsize 3
2026-02-02 16:59:16,477 - INFO - EPOCH 7 - PROGRESS: at 71.37% examples, 829506 words/s, in_qsize 28, out_qsize 0
2026-02-02 16:59:17,480 - INFO - EPOCH 7 - PROGRESS: at 71.59% examples, 829564 words/s, in_qsize 26, out_qsize 0
2026-02-02 16:59:18,486 - INFO - EPOCH 7 - PROGRESS: at 71.78% examples, 829347 words/s, in_qsize 27, out_qsize 0
2026-02-02 16:59:19,507 - INFO - EPOCH 7 - PROGRESS: at 71.93% examples, 829105 words/s, in_qsize 28, out_qsize 0
2026-02-02 16:59:20,528 - INFO - EPOCH 7 - PROGRESS: at 72.08% examples, 829135 words/s, in_qsize 24, out_qsize 2
2026-02-02 16:59:21,545 - INFO - EPOCH 7 - PROGRESS: at 72.28% examples, 829278 words/s, in_qsize 28, out_qsize 1
2026-02-02 16:59:22,554 - INFO - EPOCH 7 - PROGRESS: at 72.52% examples, 829490 words/s, in_qsize 28, out_qsize 0
2026-02-02 16:59:23,559 - INFO - EPOCH 7 - PROGRESS: at 72.74% examples, 829560 words/s, in_qsize 25, out_qsize 2
2026-02-02 16:59:24,572 - INFO - EPOCH 7 - PROGRESS: at 72.97% examples, 829690 words/s, in_qsize 26, out_qsize 2
2026-02-02 16:59:25,585 - INFO - EPOCH 7 - PROGRESS: at 73.10% examples, 829694 words/s, in_qsize 28, out_qsize 0
2026-02-02 16:59:26,614 - INFO - EPOCH 7 - PROGRESS: at 73.23% examples, 829714 words/s, in_qsize 28, out_qsize 1
2026-02-02 16:59:27,648 - INFO - EPOCH 7 - PROGRESS: at 73.37% examples, 829741 words/s, in_qsize 21, out_qsize 6
2026-02-02 16:59:28,666 - INFO - EPOCH 7 - PROGRESS: at 73.51% examples, 829929 words/s, in_qsize 27, out_qsize 2
2026-02-02 16:59:29,667 - INFO - EPOCH 7 - PROGRESS: at 73.62% examples, 830009 words/s, in_qsize 27, out_qsize 0
2026-02-02 16:59:30,668 - INFO - EPOCH 7 - PROGRESS: at 73.80% examples, 830196 words/s, in_qsize 27, out_qsize 0
2026-02-02 16:59:31,670 - INFO - EPOCH 7 - PROGRESS: at 73.95% examples, 829860 words/s, in_qsize 26, out_qsize 2
2026-02-02 16:59:32,693 - INFO - EPOCH 7 - PROGRESS: at 74.17% examples, 829803 words/s, in_qsize 28, out_qsize 0
2026-02-02 16:59:33,718 - INFO - EPOCH 7 - PROGRESS: at 74.38% examples, 829809 words/s, in_qsize 28, out_qsize 0
2026-02-02 16:59:34,718 - INFO - EPOCH 7 - PROGRESS: at 74.56% examples, 829892 words/s, in_qsize 23, out_qsize 3
2026-02-02 16:59:35,720 - INFO - EPOCH 7 - PROGRESS: at 74.73% examples, 830049 words/s, in_qsize 28, out_qsize 1
2026-02-02 16:59:36,736 - INFO - EPOCH 7 - PROGRESS: at 74.91% examples, 830165 words/s, in_qsize 27, out_qsize 0
2026-02-02 16:59:37,780 - INFO - EPOCH 7 - PROGRESS: at 75.12% examples, 830259 words/s, in_qsize 28, out_qsize 1
2026-02-02 16:59:38,783 - INFO - EPOCH 7 - PROGRESS: at 75.35% examples, 830369 words/s, in_qsize 28, out_qsize 1
2026-02-02 16:59:39,789 - INFO - EPOCH 7 - PROGRESS: at 75.54% examples, 830484 words/s, in_qsize 26, out_qsize 1
2026-02-02 16:59:40,812 - INFO - EPOCH 7 - PROGRESS: at 75.74% examples, 830565 words/s, in_qsize 26, out_qsize 5
2026-02-02 16:59:41,814 - INFO - EPOCH 7 - PROGRESS: at 75.95% examples, 830758 words/s, in_qsize 27, out_qsize 0
2026-02-02 16:59:42,821 - INFO - EPOCH 7 - PROGRESS: at 76.15% examples, 830903 words/s, in_qsize 28, out_qsize 1
2026-02-02 16:59:43,826 - INFO - EPOCH 7 - PROGRESS: at 76.35% examples, 831002 words/s, in_qsize 27, out_qsize 0
2026-02-02 16:59:44,847 - INFO - EPOCH 7 - PROGRESS: at 76.55% examples, 830848 words/s, in_qsize 28, out_qsize 0
2026-02-02 16:59:45,916 - INFO - EPOCH 7 - PROGRESS: at 76.70% examples, 830548 words/s, in_qsize 28, out_qsize 0
2026-02-02 16:59:46,947 - INFO - EPOCH 7 - PROGRESS: at 76.86% examples, 830304 words/s, in_qsize 28, out_qsize 0
2026-02-02 16:59:48,028 - INFO - EPOCH 7 - PROGRESS: at 77.02% examples, 829970 words/s, in_qsize 27, out_qsize 0
2026-02-02 16:59:49,031 - INFO - EPOCH 7 - PROGRESS: at 77.20% examples, 829872 words/s, in_qsize 25, out_qsize 4
2026-02-02 16:59:50,044 - INFO - EPOCH 7 - PROGRESS: at 77.38% examples, 829812 words/s, in_qsize 28, out_qsize 0
2026-02-02 16:59:51,077 - INFO - EPOCH 7 - PROGRESS: at 77.56% examples, 829610 words/s, in_qsize 26, out_qsize 1
2026-02-02 16:59:52,124 - INFO - EPOCH 7 - PROGRESS: at 77.76% examples, 829647 words/s, in_qsize 28, out_qsize 2
2026-02-02 16:59:53,124 - INFO - EPOCH 7 - PROGRESS: at 77.96% examples, 829841 words/s, in_qsize 27, out_qsize 0
2026-02-02 16:59:54,148 - INFO - EPOCH 7 - PROGRESS: at 78.14% examples, 829891 words/s, in_qsize 27, out_qsize 0
2026-02-02 16:59:55,165 - INFO - EPOCH 7 - PROGRESS: at 78.32% examples, 830023 words/s, in_qsize 28, out_qsize 0
2026-02-02 16:59:56,170 - INFO - EPOCH 7 - PROGRESS: at 78.51% examples, 830211 words/s, in_qsize 25, out_qsize 3
2026-02-02 16:59:57,181 - INFO - EPOCH 7 - PROGRESS: at 78.69% examples, 830338 words/s, in_qsize 28, out_qsize 0
2026-02-02 16:59:58,190 - INFO - EPOCH 7 - PROGRESS: at 78.86% examples, 830447 words/s, in_qsize 27, out_qsize 0
2026-02-02 16:59:59,193 - INFO - EPOCH 7 - PROGRESS: at 79.04% examples, 830584 words/s, in_qsize 27, out_qsize 0
2026-02-02 17:00:00,218 - INFO - EPOCH 7 - PROGRESS: at 79.22% examples, 830718 words/s, in_qsize 28, out_qsize 2
2026-02-02 17:00:01,222 - INFO - EPOCH 7 - PROGRESS: at 79.42% examples, 831013 words/s, in_qsize 26, out_qsize 3
2026-02-02 17:00:02,224 - INFO - EPOCH 7 - PROGRESS: at 79.61% examples, 831329 words/s, in_qsize 27, out_qsize 0
2026-02-02 17:00:03,237 - INFO - EPOCH 7 - PROGRESS: at 79.81% examples, 831621 words/s, in_qsize 27, out_qsize 0
2026-02-02 17:00:04,241 - INFO - EPOCH 7 - PROGRESS: at 80.00% examples, 831879 words/s, in_qsize 27, out_qsize 0
2026-02-02 17:00:05,247 - INFO - EPOCH 7 - PROGRESS: at 80.18% examples, 832061 words/s, in_qsize 28, out_qsize 0
2026-02-02 17:00:06,259 - INFO - EPOCH 7 - PROGRESS: at 80.35% examples, 832186 words/s, in_qsize 27, out_qsize 0
2026-02-02 17:00:07,282 - INFO - EPOCH 7 - PROGRESS: at 80.51% examples, 831994 words/s, in_qsize 26, out_qsize 1
2026-02-02 17:00:08,296 - INFO - EPOCH 7 - PROGRESS: at 80.60% examples, 831848 words/s, in_qsize 25, out_qsize 2
2026-02-02 17:00:09,296 - INFO - EPOCH 7 - PROGRESS: at 80.74% examples, 831891 words/s, in_qsize 27, out_qsize 0
2026-02-02 17:00:10,299 - INFO - EPOCH 7 - PROGRESS: at 80.91% examples, 831925 words/s, in_qsize 27, out_qsize 0
2026-02-02 17:00:11,309 - INFO - EPOCH 7 - PROGRESS: at 81.07% examples, 831966 words/s, in_qsize 28, out_qsize 1
2026-02-02 17:00:12,327 - INFO - EPOCH 7 - PROGRESS: at 81.23% examples, 831893 words/s, in_qsize 28, out_qsize 1
2026-02-02 17:00:13,348 - INFO - EPOCH 7 - PROGRESS: at 81.40% examples, 831927 words/s, in_qsize 28, out_qsize 1
2026-02-02 17:00:14,352 - INFO - EPOCH 7 - PROGRESS: at 81.55% examples, 831826 words/s, in_qsize 27, out_qsize 1
2026-02-02 17:00:15,357 - INFO - EPOCH 7 - PROGRESS: at 81.69% examples, 831809 words/s, in_qsize 27, out_qsize 2
2026-02-02 17:00:16,360 - INFO - EPOCH 7 - PROGRESS: at 81.87% examples, 831934 words/s, in_qsize 25, out_qsize 0
2026-02-02 17:00:17,362 - INFO - EPOCH 7 - PROGRESS: at 82.05% examples, 832012 words/s, in_qsize 27, out_qsize 0
2026-02-02 17:00:18,374 - INFO - EPOCH 7 - PROGRESS: at 82.23% examples, 832037 words/s, in_qsize 26, out_qsize 1
2026-02-02 17:00:19,375 - INFO - EPOCH 7 - PROGRESS: at 82.41% examples, 832077 words/s, in_qsize 28, out_qsize 0
2026-02-02 17:00:20,402 - INFO - EPOCH 7 - PROGRESS: at 82.59% examples, 832106 words/s, in_qsize 27, out_qsize 0
2026-02-02 17:00:21,459 - INFO - EPOCH 7 - PROGRESS: at 82.74% examples, 831837 words/s, in_qsize 27, out_qsize 2
2026-02-02 17:00:22,463 - INFO - EPOCH 7 - PROGRESS: at 82.89% examples, 831933 words/s, in_qsize 26, out_qsize 1
2026-02-02 17:00:23,469 - INFO - EPOCH 7 - PROGRESS: at 83.03% examples, 832060 words/s, in_qsize 28, out_qsize 0
2026-02-02 17:00:24,479 - INFO - EPOCH 7 - PROGRESS: at 83.17% examples, 832147 words/s, in_qsize 27, out_qsize 0
2026-02-02 17:00:25,495 - INFO - EPOCH 7 - PROGRESS: at 83.31% examples, 832169 words/s, in_qsize 23, out_qsize 4
2026-02-02 17:00:26,499 - INFO - EPOCH 7 - PROGRESS: at 83.47% examples, 832276 words/s, in_qsize 27, out_qsize 0
2026-02-02 17:00:27,503 - INFO - EPOCH 7 - PROGRESS: at 83.63% examples, 832391 words/s, in_qsize 27, out_qsize 0
2026-02-02 17:00:28,508 - INFO - EPOCH 7 - PROGRESS: at 83.81% examples, 832290 words/s, in_qsize 27, out_qsize 0
2026-02-02 17:00:29,513 - INFO - EPOCH 7 - PROGRESS: at 84.01% examples, 832400 words/s, in_qsize 28, out_qsize 0
2026-02-02 17:00:30,528 - INFO - EPOCH 7 - PROGRESS: at 84.19% examples, 832445 words/s, in_qsize 27, out_qsize 3
2026-02-02 17:00:31,566 - INFO - EPOCH 7 - PROGRESS: at 84.34% examples, 832583 words/s, in_qsize 25, out_qsize 3
2026-02-02 17:00:32,602 - INFO - EPOCH 7 - PROGRESS: at 84.47% examples, 832449 words/s, in_qsize 28, out_qsize 3
2026-02-02 17:00:33,625 - INFO - EPOCH 7 - PROGRESS: at 84.60% examples, 832467 words/s, in_qsize 26, out_qsize 1
2026-02-02 17:00:34,628 - INFO - EPOCH 7 - PROGRESS: at 84.69% examples, 832564 words/s, in_qsize 27, out_qsize 0
2026-02-02 17:00:35,631 - INFO - EPOCH 7 - PROGRESS: at 84.84% examples, 832702 words/s, in_qsize 27, out_qsize 0
2026-02-02 17:00:36,643 - INFO - EPOCH 7 - PROGRESS: at 85.05% examples, 832775 words/s, in_qsize 28, out_qsize 0
2026-02-02 17:00:37,650 - INFO - EPOCH 7 - PROGRESS: at 85.24% examples, 832840 words/s, in_qsize 28, out_qsize 0
2026-02-02 17:00:38,670 - INFO - EPOCH 7 - PROGRESS: at 85.41% examples, 832836 words/s, in_qsize 26, out_qsize 1
2026-02-02 17:00:39,692 - INFO - EPOCH 7 - PROGRESS: at 85.60% examples, 832879 words/s, in_qsize 26, out_qsize 3
2026-02-02 17:00:40,699 - INFO - EPOCH 7 - PROGRESS: at 85.79% examples, 832994 words/s, in_qsize 22, out_qsize 4
2026-02-02 17:00:41,705 - INFO - EPOCH 7 - PROGRESS: at 85.98% examples, 833081 words/s, in_qsize 27, out_qsize 0
2026-02-02 17:00:42,713 - INFO - EPOCH 7 - PROGRESS: at 86.16% examples, 833133 words/s, in_qsize 28, out_qsize 0
2026-02-02 17:00:43,726 - INFO - EPOCH 7 - PROGRESS: at 86.33% examples, 832995 words/s, in_qsize 28, out_qsize 4
2026-02-02 17:00:44,752 - INFO - EPOCH 7 - PROGRESS: at 86.49% examples, 833052 words/s, in_qsize 27, out_qsize 1
2026-02-02 17:00:45,753 - INFO - EPOCH 7 - PROGRESS: at 86.64% examples, 833072 words/s, in_qsize 26, out_qsize 4
2026-02-02 17:00:46,754 - INFO - EPOCH 7 - PROGRESS: at 86.85% examples, 833202 words/s, in_qsize 28, out_qsize 2
2026-02-02 17:00:47,777 - INFO - EPOCH 7 - PROGRESS: at 87.08% examples, 833286 words/s, in_qsize 25, out_qsize 3
2026-02-02 17:00:48,816 - INFO - EPOCH 7 - PROGRESS: at 87.27% examples, 833327 words/s, in_qsize 27, out_qsize 0
2026-02-02 17:00:49,833 - INFO - EPOCH 7 - PROGRESS: at 87.44% examples, 833160 words/s, in_qsize 27, out_qsize 0
2026-02-02 17:00:50,855 - INFO - EPOCH 7 - PROGRESS: at 87.58% examples, 833003 words/s, in_qsize 27, out_qsize 0
2026-02-02 17:00:51,886 - INFO - EPOCH 7 - PROGRESS: at 87.72% examples, 832770 words/s, in_qsize 26, out_qsize 1
2026-02-02 17:00:52,928 - INFO - EPOCH 7 - PROGRESS: at 87.89% examples, 832785 words/s, in_qsize 25, out_qsize 2
2026-02-02 17:00:53,943 - INFO - EPOCH 7 - PROGRESS: at 88.02% examples, 832640 words/s, in_qsize 28, out_qsize 1
2026-02-02 17:00:54,966 - INFO - EPOCH 7 - PROGRESS: at 88.15% examples, 832639 words/s, in_qsize 27, out_qsize 0
2026-02-02 17:00:55,968 - INFO - EPOCH 7 - PROGRESS: at 88.31% examples, 832555 words/s, in_qsize 27, out_qsize 0
2026-02-02 17:00:57,000 - INFO - EPOCH 7 - PROGRESS: at 88.53% examples, 832624 words/s, in_qsize 28, out_qsize 0
2026-02-02 17:00:58,004 - INFO - EPOCH 7 - PROGRESS: at 88.72% examples, 832784 words/s, in_qsize 28, out_qsize 0
2026-02-02 17:00:59,015 - INFO - EPOCH 7 - PROGRESS: at 88.86% examples, 832883 words/s, in_qsize 27, out_qsize 0
2026-02-02 17:01:00,019 - INFO - EPOCH 7 - PROGRESS: at 89.00% examples, 832951 words/s, in_qsize 26, out_qsize 1
2026-02-02 17:01:01,024 - INFO - EPOCH 7 - PROGRESS: at 89.21% examples, 833072 words/s, in_qsize 27, out_qsize 0
2026-02-02 17:01:02,055 - INFO - EPOCH 7 - PROGRESS: at 89.40% examples, 832982 words/s, in_qsize 25, out_qsize 2
2026-02-02 17:01:03,094 - INFO - EPOCH 7 - PROGRESS: at 89.60% examples, 833001 words/s, in_qsize 27, out_qsize 0
2026-02-02 17:01:04,135 - INFO - EPOCH 7 - PROGRESS: at 89.79% examples, 832806 words/s, in_qsize 23, out_qsize 4
2026-02-02 17:01:05,143 - INFO - EPOCH 7 - PROGRESS: at 90.00% examples, 832828 words/s, in_qsize 28, out_qsize 0
2026-02-02 17:01:06,155 - INFO - EPOCH 7 - PROGRESS: at 90.19% examples, 832692 words/s, in_qsize 27, out_qsize 0
2026-02-02 17:01:07,211 - INFO - EPOCH 7 - PROGRESS: at 90.37% examples, 832439 words/s, in_qsize 28, out_qsize 1
2026-02-02 17:01:08,218 - INFO - EPOCH 7 - PROGRESS: at 90.59% examples, 832493 words/s, in_qsize 24, out_qsize 1
2026-02-02 17:01:09,233 - INFO - EPOCH 7 - PROGRESS: at 90.80% examples, 832505 words/s, in_qsize 28, out_qsize 0
2026-02-02 17:01:10,245 - INFO - EPOCH 7 - PROGRESS: at 91.01% examples, 832562 words/s, in_qsize 27, out_qsize 0
2026-02-02 17:01:11,245 - INFO - EPOCH 7 - PROGRESS: at 91.23% examples, 832626 words/s, in_qsize 27, out_qsize 0
2026-02-02 17:01:12,253 - INFO - EPOCH 7 - PROGRESS: at 91.40% examples, 832646 words/s, in_qsize 27, out_qsize 0
2026-02-02 17:01:13,271 - INFO - EPOCH 7 - PROGRESS: at 91.54% examples, 832721 words/s, in_qsize 28, out_qsize 2
2026-02-02 17:01:14,273 - INFO - EPOCH 7 - PROGRESS: at 91.71% examples, 832858 words/s, in_qsize 27, out_qsize 0
2026-02-02 17:01:15,298 - INFO - EPOCH 7 - PROGRESS: at 91.96% examples, 832969 words/s, in_qsize 25, out_qsize 2
2026-02-02 17:01:16,317 - INFO - EPOCH 7 - PROGRESS: at 92.21% examples, 833133 words/s, in_qsize 26, out_qsize 1
2026-02-02 17:01:17,347 - INFO - EPOCH 7 - PROGRESS: at 92.46% examples, 833248 words/s, in_qsize 26, out_qsize 1
2026-02-02 17:01:18,355 - INFO - EPOCH 7 - PROGRESS: at 92.71% examples, 833356 words/s, in_qsize 27, out_qsize 0
2026-02-02 17:01:19,382 - INFO - EPOCH 7 - PROGRESS: at 92.96% examples, 833518 words/s, in_qsize 28, out_qsize 3
2026-02-02 17:01:20,404 - INFO - EPOCH 7 - PROGRESS: at 93.20% examples, 833543 words/s, in_qsize 22, out_qsize 5
2026-02-02 17:01:21,414 - INFO - EPOCH 7 - PROGRESS: at 93.43% examples, 833545 words/s, in_qsize 27, out_qsize 0
2026-02-02 17:01:22,424 - INFO - EPOCH 7 - PROGRESS: at 93.66% examples, 833588 words/s, in_qsize 25, out_qsize 2
2026-02-02 17:01:23,436 - INFO - EPOCH 7 - PROGRESS: at 93.92% examples, 833759 words/s, in_qsize 27, out_qsize 0
2026-02-02 17:01:24,467 - INFO - EPOCH 7 - PROGRESS: at 94.16% examples, 833766 words/s, in_qsize 28, out_qsize 1
2026-02-02 17:01:25,496 - INFO - EPOCH 7 - PROGRESS: at 94.37% examples, 833774 words/s, in_qsize 28, out_qsize 1
2026-02-02 17:01:26,560 - INFO - EPOCH 7 - PROGRESS: at 94.51% examples, 833827 words/s, in_qsize 27, out_qsize 4
2026-02-02 17:01:27,576 - INFO - EPOCH 7 - PROGRESS: at 94.65% examples, 833901 words/s, in_qsize 24, out_qsize 4
2026-02-02 17:01:28,581 - INFO - EPOCH 7 - PROGRESS: at 94.81% examples, 833949 words/s, in_qsize 27, out_qsize 0
2026-02-02 17:01:29,584 - INFO - EPOCH 7 - PROGRESS: at 94.95% examples, 834086 words/s, in_qsize 27, out_qsize 0
2026-02-02 17:01:30,605 - INFO - EPOCH 7 - PROGRESS: at 95.10% examples, 834121 words/s, in_qsize 26, out_qsize 1
2026-02-02 17:01:31,615 - INFO - EPOCH 7 - PROGRESS: at 95.25% examples, 834210 words/s, in_qsize 27, out_qsize 0
2026-02-02 17:01:32,637 - INFO - EPOCH 7 - PROGRESS: at 95.38% examples, 834263 words/s, in_qsize 28, out_qsize 1
2026-02-02 17:01:33,656 - INFO - EPOCH 7 - PROGRESS: at 95.59% examples, 834389 words/s, in_qsize 26, out_qsize 1
2026-02-02 17:01:34,659 - INFO - EPOCH 7 - PROGRESS: at 95.77% examples, 834511 words/s, in_qsize 26, out_qsize 1
2026-02-02 17:01:35,677 - INFO - EPOCH 7 - PROGRESS: at 95.89% examples, 834550 words/s, in_qsize 26, out_qsize 2
2026-02-02 17:01:36,696 - INFO - EPOCH 7 - PROGRESS: at 96.02% examples, 834630 words/s, in_qsize 28, out_qsize 1
2026-02-02 17:01:37,718 - INFO - EPOCH 7 - PROGRESS: at 96.17% examples, 834452 words/s, in_qsize 25, out_qsize 7
2026-02-02 17:01:38,719 - INFO - EPOCH 7 - PROGRESS: at 96.33% examples, 834462 words/s, in_qsize 27, out_qsize 0
2026-02-02 17:01:39,730 - INFO - EPOCH 7 - PROGRESS: at 96.48% examples, 834298 words/s, in_qsize 28, out_qsize 0
2026-02-02 17:01:40,731 - INFO - EPOCH 7 - PROGRESS: at 96.65% examples, 834334 words/s, in_qsize 26, out_qsize 1
2026-02-02 17:01:41,736 - INFO - EPOCH 7 - PROGRESS: at 96.87% examples, 834327 words/s, in_qsize 27, out_qsize 1
2026-02-02 17:01:42,740 - INFO - EPOCH 7 - PROGRESS: at 96.96% examples, 834322 words/s, in_qsize 27, out_qsize 5
2026-02-02 17:01:43,757 - INFO - EPOCH 7 - PROGRESS: at 97.09% examples, 834449 words/s, in_qsize 28, out_qsize 0
2026-02-02 17:01:44,762 - INFO - EPOCH 7 - PROGRESS: at 97.26% examples, 834583 words/s, in_qsize 25, out_qsize 1
2026-02-02 17:01:45,769 - INFO - EPOCH 7 - PROGRESS: at 97.48% examples, 834718 words/s, in_qsize 27, out_qsize 0
2026-02-02 17:01:46,774 - INFO - EPOCH 7 - PROGRESS: at 97.61% examples, 834791 words/s, in_qsize 27, out_qsize 0
2026-02-02 17:01:47,776 - INFO - EPOCH 7 - PROGRESS: at 97.77% examples, 834828 words/s, in_qsize 26, out_qsize 0
2026-02-02 17:01:48,782 - INFO - EPOCH 7 - PROGRESS: at 97.92% examples, 834954 words/s, in_qsize 28, out_qsize 0
2026-02-02 17:01:49,792 - INFO - EPOCH 7 - PROGRESS: at 98.07% examples, 834995 words/s, in_qsize 27, out_qsize 1
2026-02-02 17:01:50,798 - INFO - EPOCH 7 - PROGRESS: at 98.25% examples, 835131 words/s, in_qsize 26, out_qsize 1
2026-02-02 17:01:51,800 - INFO - EPOCH 7 - PROGRESS: at 98.42% examples, 835217 words/s, in_qsize 28, out_qsize 2
2026-02-02 17:01:52,816 - INFO - EPOCH 7 - PROGRESS: at 98.55% examples, 835311 words/s, in_qsize 27, out_qsize 1
2026-02-02 17:01:53,816 - INFO - EPOCH 7 - PROGRESS: at 98.67% examples, 835441 words/s, in_qsize 27, out_qsize 0
2026-02-02 17:01:54,821 - INFO - EPOCH 7 - PROGRESS: at 98.82% examples, 835544 words/s, in_qsize 26, out_qsize 1
2026-02-02 17:01:55,822 - INFO - EPOCH 7 - PROGRESS: at 99.02% examples, 835647 words/s, in_qsize 27, out_qsize 0
2026-02-02 17:01:56,864 - INFO - EPOCH 7 - PROGRESS: at 99.23% examples, 835680 words/s, in_qsize 28, out_qsize 2
2026-02-02 17:01:57,976 - INFO - EPOCH 7 - PROGRESS: at 99.42% examples, 835635 words/s, in_qsize 26, out_qsize 7
2026-02-02 17:01:58,995 - INFO - EPOCH 7 - PROGRESS: at 99.58% examples, 835455 words/s, in_qsize 26, out_qsize 1
2026-02-02 17:02:00,002 - INFO - EPOCH 7 - PROGRESS: at 99.72% examples, 835435 words/s, in_qsize 27, out_qsize 0
2026-02-02 17:02:01,023 - INFO - EPOCH 7 - PROGRESS: at 99.87% examples, 835249 words/s, in_qsize 27, out_qsize 0
2026-02-02 17:02:01,961 - DEBUG - job loop exiting, total 60863 jobs
2026-02-02 17:02:02,023 - INFO - EPOCH 7 - PROGRESS: at 99.98% examples, 835213 words/s, in_qsize 21, out_qsize 0
2026-02-02 17:02:02,089 - DEBUG - worker exiting, processed 4361 jobs
2026-02-02 17:02:02,090 - DEBUG - worker thread finished; awaiting finish of 13 more threads
2026-02-02 17:02:02,103 - DEBUG - worker exiting, processed 4354 jobs
2026-02-02 17:02:02,104 - DEBUG - worker thread finished; awaiting finish of 12 more threads
2026-02-02 17:02:02,109 - DEBUG - worker exiting, processed 4337 jobs
2026-02-02 17:02:02,109 - DEBUG - worker thread finished; awaiting finish of 11 more threads
2026-02-02 17:02:02,119 - DEBUG - worker exiting, processed 4349 jobs
2026-02-02 17:02:02,120 - DEBUG - worker thread finished; awaiting finish of 10 more threads
2026-02-02 17:02:02,123 - DEBUG - worker exiting, processed 4346 jobs
2026-02-02 17:02:02,123 - DEBUG - worker thread finished; awaiting finish of 9 more threads
2026-02-02 17:02:02,138 - DEBUG - worker exiting, processed 4357 jobs
2026-02-02 17:02:02,138 - DEBUG - worker thread finished; awaiting finish of 8 more threads
2026-02-02 17:02:02,138 - DEBUG - worker exiting, processed 4345 jobs
2026-02-02 17:02:02,139 - DEBUG - worker thread finished; awaiting finish of 7 more threads
2026-02-02 17:02:02,144 - DEBUG - worker exiting, processed 4358 jobs
2026-02-02 17:02:02,144 - DEBUG - worker thread finished; awaiting finish of 6 more threads
2026-02-02 17:02:02,147 - DEBUG - worker exiting, processed 4323 jobs
2026-02-02 17:02:02,147 - DEBUG - worker thread finished; awaiting finish of 5 more threads
2026-02-02 17:02:02,148 - DEBUG - worker exiting, processed 4339 jobs
2026-02-02 17:02:02,148 - DEBUG - worker thread finished; awaiting finish of 4 more threads
2026-02-02 17:02:02,151 - DEBUG - worker exiting, processed 4358 jobs
2026-02-02 17:02:02,151 - DEBUG - worker thread finished; awaiting finish of 3 more threads
2026-02-02 17:02:02,159 - DEBUG - worker exiting, processed 4359 jobs
2026-02-02 17:02:02,160 - DEBUG - worker thread finished; awaiting finish of 2 more threads
2026-02-02 17:02:02,165 - DEBUG - worker exiting, processed 4345 jobs
2026-02-02 17:02:02,165 - DEBUG - worker thread finished; awaiting finish of 1 more threads
2026-02-02 17:02:02,170 - DEBUG - worker exiting, processed 4332 jobs
2026-02-02 17:02:02,170 - DEBUG - worker thread finished; awaiting finish of 0 more threads
2026-02-02 17:02:02,170 - INFO - EPOCH 7: training on 604933589 raw words (478682309 effective words) took 573.1s, 835277 effective words/s
2026-02-02 17:02:02,170 - INFO - Epoch 8 completed in 573.1s
2026-02-02 17:02:02,170 - INFO - Epoch 9 starting...
2026-02-02 17:02:03,212 - INFO - EPOCH 8 - PROGRESS: at 0.11% examples, 695058 words/s, in_qsize 28, out_qsize 5
2026-02-02 17:02:04,302 - INFO - EPOCH 8 - PROGRESS: at 0.30% examples, 764220 words/s, in_qsize 26, out_qsize 13
2026-02-02 17:02:05,333 - INFO - EPOCH 8 - PROGRESS: at 0.53% examples, 829843 words/s, in_qsize 28, out_qsize 2
2026-02-02 17:02:06,360 - INFO - EPOCH 8 - PROGRESS: at 0.72% examples, 836325 words/s, in_qsize 27, out_qsize 2
2026-02-02 17:02:07,362 - INFO - EPOCH 8 - PROGRESS: at 0.92% examples, 841406 words/s, in_qsize 27, out_qsize 0
2026-02-02 17:02:08,411 - INFO - EPOCH 8 - PROGRESS: at 1.10% examples, 827032 words/s, in_qsize 26, out_qsize 1
2026-02-02 17:02:09,454 - INFO - EPOCH 8 - PROGRESS: at 1.28% examples, 823826 words/s, in_qsize 27, out_qsize 1
2026-02-02 17:02:10,468 - INFO - EPOCH 8 - PROGRESS: at 1.45% examples, 832064 words/s, in_qsize 27, out_qsize 1
2026-02-02 17:02:11,478 - INFO - EPOCH 8 - PROGRESS: at 1.61% examples, 837149 words/s, in_qsize 28, out_qsize 0
2026-02-02 17:02:12,490 - INFO - EPOCH 8 - PROGRESS: at 1.77% examples, 840299 words/s, in_qsize 27, out_qsize 0
2026-02-02 17:02:13,516 - INFO - EPOCH 8 - PROGRESS: at 1.92% examples, 841641 words/s, in_qsize 27, out_qsize 3
2026-02-02 17:02:14,518 - INFO - EPOCH 8 - PROGRESS: at 2.07% examples, 846605 words/s, in_qsize 27, out_qsize 0
2026-02-02 17:02:15,529 - INFO - EPOCH 8 - PROGRESS: at 2.22% examples, 848251 words/s, in_qsize 26, out_qsize 1
2026-02-02 17:02:16,529 - INFO - EPOCH 8 - PROGRESS: at 2.37% examples, 851732 words/s, in_qsize 26, out_qsize 1
2026-02-02 17:02:17,551 - INFO - EPOCH 8 - PROGRESS: at 2.53% examples, 852104 words/s, in_qsize 26, out_qsize 1
2026-02-02 17:02:18,581 - INFO - EPOCH 8 - PROGRESS: at 2.68% examples, 853561 words/s, in_qsize 26, out_qsize 2
2026-02-02 17:02:19,624 - INFO - EPOCH 8 - PROGRESS: at 2.84% examples, 854486 words/s, in_qsize 28, out_qsize 5
2026-02-02 17:02:20,651 - INFO - EPOCH 8 - PROGRESS: at 3.00% examples, 855763 words/s, in_qsize 28, out_qsize 5
2026-02-02 17:02:21,677 - INFO - EPOCH 8 - PROGRESS: at 3.14% examples, 853318 words/s, in_qsize 28, out_qsize 0
2026-02-02 17:02:22,695 - INFO - EPOCH 8 - PROGRESS: at 3.35% examples, 849330 words/s, in_qsize 28, out_qsize 0
2026-02-02 17:02:23,736 - INFO - EPOCH 8 - PROGRESS: at 3.51% examples, 847196 words/s, in_qsize 26, out_qsize 1
2026-02-02 17:02:24,775 - INFO - EPOCH 8 - PROGRESS: at 3.71% examples, 847401 words/s, in_qsize 28, out_qsize 2
2026-02-02 17:02:25,793 - INFO - EPOCH 8 - PROGRESS: at 3.89% examples, 848587 words/s, in_qsize 27, out_qsize 0
2026-02-02 17:02:26,794 - INFO - EPOCH 8 - PROGRESS: at 4.06% examples, 846395 words/s, in_qsize 27, out_qsize 0
2026-02-02 17:02:27,811 - INFO - EPOCH 8 - PROGRESS: at 4.24% examples, 845961 words/s, in_qsize 27, out_qsize 0
2026-02-02 17:02:28,820 - INFO - EPOCH 8 - PROGRESS: at 4.40% examples, 842958 words/s, in_qsize 27, out_qsize 0
2026-02-02 17:02:29,857 - INFO - EPOCH 8 - PROGRESS: at 4.56% examples, 842891 words/s, in_qsize 28, out_qsize 1
2026-02-02 17:02:30,857 - INFO - EPOCH 8 - PROGRESS: at 4.70% examples, 844285 words/s, in_qsize 27, out_qsize 3
2026-02-02 17:02:31,871 - INFO - EPOCH 8 - PROGRESS: at 4.83% examples, 845420 words/s, in_qsize 28, out_qsize 0
2026-02-02 17:02:32,904 - INFO - EPOCH 8 - PROGRESS: at 4.95% examples, 844724 words/s, in_qsize 28, out_qsize 2
2026-02-02 17:02:33,925 - INFO - EPOCH 8 - PROGRESS: at 5.13% examples, 846335 words/s, in_qsize 26, out_qsize 1
2026-02-02 17:02:34,941 - INFO - EPOCH 8 - PROGRESS: at 5.31% examples, 846119 words/s, in_qsize 28, out_qsize 3
2026-02-02 17:02:35,964 - INFO - EPOCH 8 - PROGRESS: at 5.49% examples, 845316 words/s, in_qsize 27, out_qsize 0
2026-02-02 17:02:36,964 - INFO - EPOCH 8 - PROGRESS: at 5.67% examples, 845586 words/s, in_qsize 26, out_qsize 1
2026-02-02 17:02:37,982 - INFO - EPOCH 8 - PROGRESS: at 5.80% examples, 843801 words/s, in_qsize 26, out_qsize 5
2026-02-02 17:02:38,985 - INFO - EPOCH 8 - PROGRESS: at 5.99% examples, 846162 words/s, in_qsize 27, out_qsize 0
2026-02-02 17:02:39,989 - INFO - EPOCH 8 - PROGRESS: at 6.17% examples, 847159 words/s, in_qsize 28, out_qsize 0
2026-02-02 17:02:41,018 - INFO - EPOCH 8 - PROGRESS: at 6.40% examples, 845209 words/s, in_qsize 27, out_qsize 0
2026-02-02 17:02:42,046 - INFO - EPOCH 8 - PROGRESS: at 6.62% examples, 841984 words/s, in_qsize 27, out_qsize 0
2026-02-02 17:02:43,065 - INFO - EPOCH 8 - PROGRESS: at 6.84% examples, 839704 words/s, in_qsize 28, out_qsize 0
2026-02-02 17:02:44,087 - INFO - EPOCH 8 - PROGRESS: at 7.06% examples, 837071 words/s, in_qsize 27, out_qsize 3
2026-02-02 17:02:45,090 - INFO - EPOCH 8 - PROGRESS: at 7.21% examples, 837914 words/s, in_qsize 25, out_qsize 2
2026-02-02 17:02:46,109 - INFO - EPOCH 8 - PROGRESS: at 7.40% examples, 839097 words/s, in_qsize 25, out_qsize 2
2026-02-02 17:02:47,135 - INFO - EPOCH 8 - PROGRESS: at 7.56% examples, 839553 words/s, in_qsize 28, out_qsize 4
2026-02-02 17:02:48,138 - INFO - EPOCH 8 - PROGRESS: at 7.73% examples, 841252 words/s, in_qsize 27, out_qsize 0
2026-02-02 17:02:49,145 - INFO - EPOCH 8 - PROGRESS: at 7.90% examples, 840328 words/s, in_qsize 28, out_qsize 1
2026-02-02 17:02:50,148 - INFO - EPOCH 8 - PROGRESS: at 8.07% examples, 840832 words/s, in_qsize 27, out_qsize 0
2026-02-02 17:02:51,166 - INFO - EPOCH 8 - PROGRESS: at 8.21% examples, 839470 words/s, in_qsize 27, out_qsize 0
2026-02-02 17:02:52,215 - INFO - EPOCH 8 - PROGRESS: at 8.36% examples, 837335 words/s, in_qsize 27, out_qsize 1
2026-02-02 17:02:53,231 - INFO - EPOCH 8 - PROGRESS: at 8.50% examples, 837586 words/s, in_qsize 27, out_qsize 0
2026-02-02 17:02:54,262 - INFO - EPOCH 8 - PROGRESS: at 8.62% examples, 837470 words/s, in_qsize 26, out_qsize 1
2026-02-02 17:02:55,264 - INFO - EPOCH 8 - PROGRESS: at 8.80% examples, 838587 words/s, in_qsize 27, out_qsize 0
2026-02-02 17:02:56,299 - INFO - EPOCH 8 - PROGRESS: at 8.96% examples, 835608 words/s, in_qsize 24, out_qsize 3
2026-02-02 17:02:57,313 - INFO - EPOCH 8 - PROGRESS: at 9.10% examples, 835730 words/s, in_qsize 27, out_qsize 0
2026-02-02 17:02:58,316 - INFO - EPOCH 8 - PROGRESS: at 9.25% examples, 834080 words/s, in_qsize 27, out_qsize 0
2026-02-02 17:02:59,324 - INFO - EPOCH 8 - PROGRESS: at 9.41% examples, 834570 words/s, in_qsize 26, out_qsize 1
2026-02-02 17:03:00,334 - INFO - EPOCH 8 - PROGRESS: at 9.55% examples, 834908 words/s, in_qsize 26, out_qsize 3
2026-02-02 17:03:01,348 - INFO - EPOCH 8 - PROGRESS: at 9.72% examples, 835220 words/s, in_qsize 26, out_qsize 6
2026-02-02 17:03:02,380 - INFO - EPOCH 8 - PROGRESS: at 9.91% examples, 835280 words/s, in_qsize 28, out_qsize 0
2026-02-02 17:03:03,387 - INFO - EPOCH 8 - PROGRESS: at 10.09% examples, 834905 words/s, in_qsize 28, out_qsize 2
2026-02-02 17:03:04,403 - INFO - EPOCH 8 - PROGRESS: at 10.25% examples, 834064 words/s, in_qsize 27, out_qsize 0
2026-02-02 17:03:05,428 - INFO - EPOCH 8 - PROGRESS: at 10.43% examples, 834394 words/s, in_qsize 27, out_qsize 1
2026-02-02 17:03:06,433 - INFO - EPOCH 8 - PROGRESS: at 10.60% examples, 834837 words/s, in_qsize 27, out_qsize 0
2026-02-02 17:03:07,442 - INFO - EPOCH 8 - PROGRESS: at 10.82% examples, 834978 words/s, in_qsize 27, out_qsize 0
2026-02-02 17:03:08,445 - INFO - EPOCH 8 - PROGRESS: at 11.03% examples, 834114 words/s, in_qsize 27, out_qsize 0
2026-02-02 17:03:09,448 - INFO - EPOCH 8 - PROGRESS: at 11.23% examples, 832780 words/s, in_qsize 27, out_qsize 0
2026-02-02 17:03:10,505 - INFO - EPOCH 8 - PROGRESS: at 11.44% examples, 830730 words/s, in_qsize 27, out_qsize 3
2026-02-02 17:03:11,505 - INFO - EPOCH 8 - PROGRESS: at 11.60% examples, 829568 words/s, in_qsize 27, out_qsize 0
2026-02-02 17:03:12,509 - INFO - EPOCH 8 - PROGRESS: at 11.74% examples, 829976 words/s, in_qsize 26, out_qsize 1
2026-02-02 17:03:13,527 - INFO - EPOCH 8 - PROGRESS: at 12.01% examples, 830869 words/s, in_qsize 28, out_qsize 0
2026-02-02 17:03:14,528 - INFO - EPOCH 8 - PROGRESS: at 12.25% examples, 830216 words/s, in_qsize 23, out_qsize 7
2026-02-02 17:03:15,560 - INFO - EPOCH 8 - PROGRESS: at 12.52% examples, 830300 words/s, in_qsize 26, out_qsize 1
2026-02-02 17:03:16,564 - INFO - EPOCH 8 - PROGRESS: at 12.78% examples, 830565 words/s, in_qsize 27, out_qsize 0
2026-02-02 17:03:17,568 - INFO - EPOCH 8 - PROGRESS: at 13.04% examples, 830735 words/s, in_qsize 26, out_qsize 1
2026-02-02 17:03:18,583 - INFO - EPOCH 8 - PROGRESS: at 13.32% examples, 831478 words/s, in_qsize 27, out_qsize 0
2026-02-02 17:03:19,586 - INFO - EPOCH 8 - PROGRESS: at 13.60% examples, 832346 words/s, in_qsize 27, out_qsize 0
2026-02-02 17:03:20,602 - INFO - EPOCH 8 - PROGRESS: at 13.85% examples, 831763 words/s, in_qsize 27, out_qsize 0
2026-02-02 17:03:21,635 - INFO - EPOCH 8 - PROGRESS: at 14.11% examples, 831845 words/s, in_qsize 28, out_qsize 1
2026-02-02 17:03:22,635 - INFO - EPOCH 8 - PROGRESS: at 14.31% examples, 832231 words/s, in_qsize 27, out_qsize 0
2026-02-02 17:03:23,637 - INFO - EPOCH 8 - PROGRESS: at 14.51% examples, 831924 words/s, in_qsize 27, out_qsize 0
2026-02-02 17:03:24,644 - INFO - EPOCH 8 - PROGRESS: at 14.72% examples, 832254 words/s, in_qsize 26, out_qsize 1
2026-02-02 17:03:25,667 - INFO - EPOCH 8 - PROGRESS: at 14.94% examples, 832802 words/s, in_qsize 25, out_qsize 2
2026-02-02 17:03:26,675 - INFO - EPOCH 8 - PROGRESS: at 15.15% examples, 833288 words/s, in_qsize 27, out_qsize 0
2026-02-02 17:03:27,706 - INFO - EPOCH 8 - PROGRESS: at 15.37% examples, 833734 words/s, in_qsize 26, out_qsize 2
2026-02-02 17:03:28,799 - INFO - EPOCH 8 - PROGRESS: at 15.58% examples, 833970 words/s, in_qsize 28, out_qsize 5
2026-02-02 17:03:29,801 - INFO - EPOCH 8 - PROGRESS: at 15.82% examples, 835467 words/s, in_qsize 28, out_qsize 0
2026-02-02 17:03:30,804 - INFO - EPOCH 8 - PROGRESS: at 16.01% examples, 834856 words/s, in_qsize 26, out_qsize 4
2026-02-02 17:03:31,812 - INFO - EPOCH 8 - PROGRESS: at 16.23% examples, 835149 words/s, in_qsize 28, out_qsize 0
2026-02-02 17:03:32,830 - INFO - EPOCH 8 - PROGRESS: at 16.45% examples, 835676 words/s, in_qsize 28, out_qsize 4
2026-02-02 17:03:33,835 - INFO - EPOCH 8 - PROGRESS: at 16.68% examples, 836816 words/s, in_qsize 27, out_qsize 0
2026-02-02 17:03:34,899 - INFO - EPOCH 8 - PROGRESS: at 16.89% examples, 836669 words/s, in_qsize 27, out_qsize 3
2026-02-02 17:03:35,929 - INFO - EPOCH 8 - PROGRESS: at 17.11% examples, 836818 words/s, in_qsize 28, out_qsize 1
2026-02-02 17:03:36,948 - INFO - EPOCH 8 - PROGRESS: at 17.29% examples, 835683 words/s, in_qsize 28, out_qsize 0
2026-02-02 17:03:37,951 - INFO - EPOCH 8 - PROGRESS: at 17.51% examples, 836064 words/s, in_qsize 28, out_qsize 0
2026-02-02 17:03:38,958 - INFO - EPOCH 8 - PROGRESS: at 17.71% examples, 835620 words/s, in_qsize 27, out_qsize 0
2026-02-02 17:03:39,995 - INFO - EPOCH 8 - PROGRESS: at 17.90% examples, 834593 words/s, in_qsize 27, out_qsize 1
2026-02-02 17:03:40,998 - INFO - EPOCH 8 - PROGRESS: at 18.11% examples, 834685 words/s, in_qsize 27, out_qsize 0
2026-02-02 17:03:42,009 - INFO - EPOCH 8 - PROGRESS: at 18.30% examples, 834151 words/s, in_qsize 27, out_qsize 1
2026-02-02 17:03:43,040 - INFO - EPOCH 8 - PROGRESS: at 18.52% examples, 834397 words/s, in_qsize 28, out_qsize 2
2026-02-02 17:03:44,041 - INFO - EPOCH 8 - PROGRESS: at 18.72% examples, 834713 words/s, in_qsize 28, out_qsize 0
2026-02-02 17:03:45,046 - INFO - EPOCH 8 - PROGRESS: at 18.86% examples, 835025 words/s, in_qsize 28, out_qsize 0
2026-02-02 17:03:46,046 - INFO - EPOCH 8 - PROGRESS: at 19.04% examples, 835683 words/s, in_qsize 28, out_qsize 0
2026-02-02 17:03:47,061 - INFO - EPOCH 8 - PROGRESS: at 19.22% examples, 836053 words/s, in_qsize 28, out_qsize 1
2026-02-02 17:03:48,082 - INFO - EPOCH 8 - PROGRESS: at 19.42% examples, 836574 words/s, in_qsize 27, out_qsize 0
2026-02-02 17:03:49,093 - INFO - EPOCH 8 - PROGRESS: at 19.59% examples, 836101 words/s, in_qsize 27, out_qsize 0
2026-02-02 17:03:50,109 - INFO - EPOCH 8 - PROGRESS: at 19.77% examples, 836178 words/s, in_qsize 27, out_qsize 0
2026-02-02 17:03:51,146 - INFO - EPOCH 8 - PROGRESS: at 19.95% examples, 835436 words/s, in_qsize 27, out_qsize 0
2026-02-02 17:03:52,165 - INFO - EPOCH 8 - PROGRESS: at 20.12% examples, 834348 words/s, in_qsize 24, out_qsize 3
2026-02-02 17:03:53,166 - INFO - EPOCH 8 - PROGRESS: at 20.27% examples, 833767 words/s, in_qsize 20, out_qsize 7
2026-02-02 17:03:54,198 - INFO - EPOCH 8 - PROGRESS: at 20.39% examples, 832681 words/s, in_qsize 28, out_qsize 0
2026-02-02 17:03:55,216 - INFO - EPOCH 8 - PROGRESS: at 20.52% examples, 832756 words/s, in_qsize 27, out_qsize 0
2026-02-02 17:03:56,248 - INFO - EPOCH 8 - PROGRESS: at 20.66% examples, 833003 words/s, in_qsize 28, out_qsize 3
2026-02-02 17:03:57,263 - INFO - EPOCH 8 - PROGRESS: at 20.80% examples, 833506 words/s, in_qsize 28, out_qsize 1
2026-02-02 17:03:58,280 - INFO - EPOCH 8 - PROGRESS: at 20.99% examples, 833752 words/s, in_qsize 28, out_qsize 3
2026-02-02 17:03:59,282 - INFO - EPOCH 8 - PROGRESS: at 21.22% examples, 834454 words/s, in_qsize 27, out_qsize 0
2026-02-02 17:04:00,296 - INFO - EPOCH 8 - PROGRESS: at 21.46% examples, 834787 words/s, in_qsize 26, out_qsize 1
2026-02-02 17:04:01,319 - INFO - EPOCH 8 - PROGRESS: at 21.61% examples, 835012 words/s, in_qsize 25, out_qsize 2
2026-02-02 17:04:02,362 - INFO - EPOCH 8 - PROGRESS: at 21.77% examples, 835081 words/s, in_qsize 27, out_qsize 3
2026-02-02 17:04:03,364 - INFO - EPOCH 8 - PROGRESS: at 21.96% examples, 835534 words/s, in_qsize 27, out_qsize 0
2026-02-02 17:04:04,381 - INFO - EPOCH 8 - PROGRESS: at 22.16% examples, 835675 words/s, in_qsize 28, out_qsize 0
2026-02-02 17:04:05,404 - INFO - EPOCH 8 - PROGRESS: at 22.44% examples, 836224 words/s, in_qsize 26, out_qsize 1
2026-02-02 17:04:06,414 - INFO - EPOCH 8 - PROGRESS: at 22.76% examples, 836878 words/s, in_qsize 27, out_qsize 0
2026-02-02 17:04:07,415 - INFO - EPOCH 8 - PROGRESS: at 22.94% examples, 836443 words/s, in_qsize 26, out_qsize 1
2026-02-02 17:04:08,439 - INFO - EPOCH 8 - PROGRESS: at 23.16% examples, 836798 words/s, in_qsize 28, out_qsize 0
2026-02-02 17:04:09,457 - INFO - EPOCH 8 - PROGRESS: at 23.37% examples, 836902 words/s, in_qsize 27, out_qsize 0
2026-02-02 17:04:10,472 - INFO - EPOCH 8 - PROGRESS: at 23.56% examples, 836098 words/s, in_qsize 25, out_qsize 3
2026-02-02 17:04:11,472 - INFO - EPOCH 8 - PROGRESS: at 23.74% examples, 835354 words/s, in_qsize 28, out_qsize 3
2026-02-02 17:04:12,487 - INFO - EPOCH 8 - PROGRESS: at 23.94% examples, 834935 words/s, in_qsize 28, out_qsize 0
2026-02-02 17:04:13,506 - INFO - EPOCH 8 - PROGRESS: at 24.13% examples, 834268 words/s, in_qsize 27, out_qsize 1
2026-02-02 17:04:14,509 - INFO - EPOCH 8 - PROGRESS: at 24.33% examples, 834732 words/s, in_qsize 28, out_qsize 0
2026-02-02 17:04:15,530 - INFO - EPOCH 8 - PROGRESS: at 24.52% examples, 834922 words/s, in_qsize 26, out_qsize 1
2026-02-02 17:04:16,533 - INFO - EPOCH 8 - PROGRESS: at 24.68% examples, 835216 words/s, in_qsize 27, out_qsize 0
2026-02-02 17:04:17,566 - INFO - EPOCH 8 - PROGRESS: at 24.85% examples, 835015 words/s, in_qsize 26, out_qsize 4
2026-02-02 17:04:18,576 - INFO - EPOCH 8 - PROGRESS: at 25.02% examples, 835360 words/s, in_qsize 27, out_qsize 0
2026-02-02 17:04:19,610 - INFO - EPOCH 8 - PROGRESS: at 25.20% examples, 835550 words/s, in_qsize 28, out_qsize 2
2026-02-02 17:04:20,627 - INFO - EPOCH 8 - PROGRESS: at 25.35% examples, 835896 words/s, in_qsize 28, out_qsize 0
2026-02-02 17:04:21,628 - INFO - EPOCH 8 - PROGRESS: at 25.55% examples, 836364 words/s, in_qsize 26, out_qsize 1
2026-02-02 17:04:22,643 - INFO - EPOCH 8 - PROGRESS: at 25.76% examples, 836561 words/s, in_qsize 25, out_qsize 3
2026-02-02 17:04:23,645 - INFO - EPOCH 8 - PROGRESS: at 25.96% examples, 836976 words/s, in_qsize 27, out_qsize 0
2026-02-02 17:04:24,670 - INFO - EPOCH 8 - PROGRESS: at 26.18% examples, 837255 words/s, in_qsize 28, out_qsize 0
2026-02-02 17:04:25,674 - INFO - EPOCH 8 - PROGRESS: at 26.41% examples, 837503 words/s, in_qsize 28, out_qsize 0
2026-02-02 17:04:26,682 - INFO - EPOCH 8 - PROGRESS: at 26.62% examples, 837078 words/s, in_qsize 27, out_qsize 0
2026-02-02 17:04:27,687 - INFO - EPOCH 8 - PROGRESS: at 26.80% examples, 836293 words/s, in_qsize 27, out_qsize 1
2026-02-02 17:04:28,740 - INFO - EPOCH 8 - PROGRESS: at 26.99% examples, 835454 words/s, in_qsize 28, out_qsize 8
2026-02-02 17:04:29,767 - INFO - EPOCH 8 - PROGRESS: at 27.19% examples, 835419 words/s, in_qsize 27, out_qsize 0
2026-02-02 17:04:30,799 - INFO - EPOCH 8 - PROGRESS: at 27.32% examples, 835310 words/s, in_qsize 26, out_qsize 1
2026-02-02 17:04:31,809 - INFO - EPOCH 8 - PROGRESS: at 27.45% examples, 835499 words/s, in_qsize 28, out_qsize 0
2026-02-02 17:04:32,824 - INFO - EPOCH 8 - PROGRESS: at 27.63% examples, 835680 words/s, in_qsize 26, out_qsize 2
2026-02-02 17:04:33,833 - INFO - EPOCH 8 - PROGRESS: at 27.83% examples, 835942 words/s, in_qsize 28, out_qsize 4
2026-02-02 17:04:34,841 - INFO - EPOCH 8 - PROGRESS: at 28.02% examples, 836453 words/s, in_qsize 28, out_qsize 0
2026-02-02 17:04:35,865 - INFO - EPOCH 8 - PROGRESS: at 28.10% examples, 836505 words/s, in_qsize 28, out_qsize 1
2026-02-02 17:04:36,900 - INFO - EPOCH 8 - PROGRESS: at 28.28% examples, 836543 words/s, in_qsize 28, out_qsize 4
2026-02-02 17:04:37,940 - INFO - EPOCH 8 - PROGRESS: at 28.46% examples, 836798 words/s, in_qsize 27, out_qsize 1
2026-02-02 17:04:38,941 - INFO - EPOCH 8 - PROGRESS: at 28.66% examples, 837026 words/s, in_qsize 27, out_qsize 0
2026-02-02 17:04:39,946 - INFO - EPOCH 8 - PROGRESS: at 28.83% examples, 836564 words/s, in_qsize 27, out_qsize 2
2026-02-02 17:04:40,953 - INFO - EPOCH 8 - PROGRESS: at 29.00% examples, 836236 words/s, in_qsize 27, out_qsize 0
2026-02-02 17:04:41,954 - INFO - EPOCH 8 - PROGRESS: at 29.18% examples, 836292 words/s, in_qsize 27, out_qsize 0
2026-02-02 17:04:43,002 - INFO - EPOCH 8 - PROGRESS: at 29.32% examples, 834887 words/s, in_qsize 25, out_qsize 5
2026-02-02 17:04:44,038 - INFO - EPOCH 8 - PROGRESS: at 29.50% examples, 834773 words/s, in_qsize 26, out_qsize 1
2026-02-02 17:04:45,070 - INFO - EPOCH 8 - PROGRESS: at 29.67% examples, 834287 words/s, in_qsize 28, out_qsize 0
2026-02-02 17:04:46,113 - INFO - EPOCH 8 - PROGRESS: at 29.88% examples, 833666 words/s, in_qsize 23, out_qsize 9
2026-02-02 17:04:47,114 - INFO - EPOCH 8 - PROGRESS: at 30.06% examples, 833170 words/s, in_qsize 26, out_qsize 2
2026-02-02 17:04:48,116 - INFO - EPOCH 8 - PROGRESS: at 30.22% examples, 833412 words/s, in_qsize 27, out_qsize 0
2026-02-02 17:04:49,148 - INFO - EPOCH 8 - PROGRESS: at 30.38% examples, 833051 words/s, in_qsize 28, out_qsize 1
2026-02-02 17:04:50,169 - INFO - EPOCH 8 - PROGRESS: at 30.55% examples, 833103 words/s, in_qsize 27, out_qsize 0
2026-02-02 17:04:51,208 - INFO - EPOCH 8 - PROGRESS: at 30.73% examples, 833012 words/s, in_qsize 28, out_qsize 3
2026-02-02 17:04:52,221 - INFO - EPOCH 8 - PROGRESS: at 30.89% examples, 833245 words/s, in_qsize 24, out_qsize 5
2026-02-02 17:04:53,227 - INFO - EPOCH 8 - PROGRESS: at 31.06% examples, 833651 words/s, in_qsize 27, out_qsize 0
2026-02-02 17:04:54,231 - INFO - EPOCH 8 - PROGRESS: at 31.21% examples, 833704 words/s, in_qsize 27, out_qsize 0
2026-02-02 17:04:55,233 - INFO - EPOCH 8 - PROGRESS: at 31.37% examples, 833815 words/s, in_qsize 28, out_qsize 1
2026-02-02 17:04:56,245 - INFO - EPOCH 8 - PROGRESS: at 31.52% examples, 834025 words/s, in_qsize 27, out_qsize 0
2026-02-02 17:04:57,251 - INFO - EPOCH 8 - PROGRESS: at 31.69% examples, 834402 words/s, in_qsize 26, out_qsize 1
2026-02-02 17:04:58,268 - INFO - EPOCH 8 - PROGRESS: at 31.84% examples, 834330 words/s, in_qsize 28, out_qsize 0
2026-02-02 17:04:59,276 - INFO - EPOCH 8 - PROGRESS: at 31.99% examples, 834390 words/s, in_qsize 28, out_qsize 1
2026-02-02 17:05:00,281 - INFO - EPOCH 8 - PROGRESS: at 32.18% examples, 834663 words/s, in_qsize 27, out_qsize 0
2026-02-02 17:05:01,358 - INFO - EPOCH 8 - PROGRESS: at 32.35% examples, 834459 words/s, in_qsize 28, out_qsize 0
2026-02-02 17:05:02,366 - INFO - EPOCH 8 - PROGRESS: at 32.57% examples, 834109 words/s, in_qsize 24, out_qsize 5
2026-02-02 17:05:03,376 - INFO - EPOCH 8 - PROGRESS: at 32.77% examples, 833901 words/s, in_qsize 27, out_qsize 0
2026-02-02 17:05:04,426 - INFO - EPOCH 8 - PROGRESS: at 32.92% examples, 833299 words/s, in_qsize 28, out_qsize 0
2026-02-02 17:05:05,439 - INFO - EPOCH 8 - PROGRESS: at 33.12% examples, 832992 words/s, in_qsize 28, out_qsize 3
2026-02-02 17:05:06,450 - INFO - EPOCH 8 - PROGRESS: at 33.32% examples, 832992 words/s, in_qsize 28, out_qsize 1
2026-02-02 17:05:07,489 - INFO - EPOCH 8 - PROGRESS: at 33.53% examples, 832996 words/s, in_qsize 28, out_qsize 1
2026-02-02 17:05:08,513 - INFO - EPOCH 8 - PROGRESS: at 33.74% examples, 832936 words/s, in_qsize 28, out_qsize 0
2026-02-02 17:05:09,513 - INFO - EPOCH 8 - PROGRESS: at 33.96% examples, 833181 words/s, in_qsize 27, out_qsize 0
2026-02-02 17:05:10,538 - INFO - EPOCH 8 - PROGRESS: at 34.14% examples, 833452 words/s, in_qsize 28, out_qsize 3
2026-02-02 17:05:11,543 - INFO - EPOCH 8 - PROGRESS: at 34.26% examples, 833743 words/s, in_qsize 26, out_qsize 1
2026-02-02 17:05:12,549 - INFO - EPOCH 8 - PROGRESS: at 34.45% examples, 834036 words/s, in_qsize 26, out_qsize 1
2026-02-02 17:05:13,592 - INFO - EPOCH 8 - PROGRESS: at 34.59% examples, 834155 words/s, in_qsize 25, out_qsize 2
2026-02-02 17:05:14,594 - INFO - EPOCH 8 - PROGRESS: at 34.73% examples, 834408 words/s, in_qsize 26, out_qsize 1
2026-02-02 17:05:15,632 - INFO - EPOCH 8 - PROGRESS: at 34.87% examples, 834372 words/s, in_qsize 27, out_qsize 4
2026-02-02 17:05:16,664 - INFO - EPOCH 8 - PROGRESS: at 35.02% examples, 834660 words/s, in_qsize 28, out_qsize 2
2026-02-02 17:05:17,719 - INFO - EPOCH 8 - PROGRESS: at 35.20% examples, 834556 words/s, in_qsize 28, out_qsize 0
2026-02-02 17:05:18,723 - INFO - EPOCH 8 - PROGRESS: at 35.42% examples, 834691 words/s, in_qsize 28, out_qsize 0
2026-02-02 17:05:19,726 - INFO - EPOCH 8 - PROGRESS: at 35.63% examples, 834586 words/s, in_qsize 26, out_qsize 1
2026-02-02 17:05:20,743 - INFO - EPOCH 8 - PROGRESS: at 35.83% examples, 834587 words/s, in_qsize 28, out_qsize 0
2026-02-02 17:05:21,746 - INFO - EPOCH 8 - PROGRESS: at 36.02% examples, 834463 words/s, in_qsize 28, out_qsize 3
2026-02-02 17:05:22,769 - INFO - EPOCH 8 - PROGRESS: at 36.20% examples, 834419 words/s, in_qsize 28, out_qsize 4
2026-02-02 17:05:23,776 - INFO - EPOCH 8 - PROGRESS: at 36.37% examples, 834522 words/s, in_qsize 26, out_qsize 1
2026-02-02 17:05:24,792 - INFO - EPOCH 8 - PROGRESS: at 36.53% examples, 834161 words/s, in_qsize 28, out_qsize 0
2026-02-02 17:05:25,792 - INFO - EPOCH 8 - PROGRESS: at 36.68% examples, 833948 words/s, in_qsize 28, out_qsize 3
2026-02-02 17:05:26,798 - INFO - EPOCH 8 - PROGRESS: at 36.84% examples, 833774 words/s, in_qsize 27, out_qsize 0
2026-02-02 17:05:27,804 - INFO - EPOCH 8 - PROGRESS: at 36.99% examples, 833486 words/s, in_qsize 28, out_qsize 0
2026-02-02 17:05:28,807 - INFO - EPOCH 8 - PROGRESS: at 37.15% examples, 833056 words/s, in_qsize 28, out_qsize 2
2026-02-02 17:05:29,807 - INFO - EPOCH 8 - PROGRESS: at 37.30% examples, 833251 words/s, in_qsize 27, out_qsize 0
2026-02-02 17:05:30,812 - INFO - EPOCH 8 - PROGRESS: at 37.45% examples, 833338 words/s, in_qsize 28, out_qsize 0
2026-02-02 17:05:31,817 - INFO - EPOCH 8 - PROGRESS: at 37.60% examples, 833596 words/s, in_qsize 27, out_qsize 0
2026-02-02 17:05:32,820 - INFO - EPOCH 8 - PROGRESS: at 37.77% examples, 833777 words/s, in_qsize 26, out_qsize 1
2026-02-02 17:05:33,831 - INFO - EPOCH 8 - PROGRESS: at 37.93% examples, 834019 words/s, in_qsize 28, out_qsize 1
2026-02-02 17:05:34,858 - INFO - EPOCH 8 - PROGRESS: at 38.06% examples, 833925 words/s, in_qsize 28, out_qsize 2
2026-02-02 17:05:35,871 - INFO - EPOCH 8 - PROGRESS: at 38.20% examples, 834120 words/s, in_qsize 26, out_qsize 1
2026-02-02 17:05:36,874 - INFO - EPOCH 8 - PROGRESS: at 38.35% examples, 834266 words/s, in_qsize 27, out_qsize 2
2026-02-02 17:05:37,900 - INFO - EPOCH 8 - PROGRESS: at 38.50% examples, 834540 words/s, in_qsize 28, out_qsize 3
2026-02-02 17:05:38,912 - INFO - EPOCH 8 - PROGRESS: at 38.65% examples, 834287 words/s, in_qsize 20, out_qsize 4
2026-02-02 17:05:39,922 - INFO - EPOCH 8 - PROGRESS: at 38.88% examples, 833961 words/s, in_qsize 25, out_qsize 2
2026-02-02 17:05:40,924 - INFO - EPOCH 8 - PROGRESS: at 39.09% examples, 833654 words/s, in_qsize 27, out_qsize 0
2026-02-02 17:05:41,927 - INFO - EPOCH 8 - PROGRESS: at 39.22% examples, 833652 words/s, in_qsize 27, out_qsize 0
2026-02-02 17:05:42,940 - INFO - EPOCH 8 - PROGRESS: at 39.36% examples, 833806 words/s, in_qsize 28, out_qsize 0
2026-02-02 17:05:43,941 - INFO - EPOCH 8 - PROGRESS: at 39.51% examples, 833983 words/s, in_qsize 28, out_qsize 0
2026-02-02 17:05:44,942 - INFO - EPOCH 8 - PROGRESS: at 39.69% examples, 834165 words/s, in_qsize 28, out_qsize 1
2026-02-02 17:05:45,963 - INFO - EPOCH 8 - PROGRESS: at 39.87% examples, 834409 words/s, in_qsize 25, out_qsize 2
2026-02-02 17:05:46,964 - INFO - EPOCH 8 - PROGRESS: at 40.04% examples, 834640 words/s, in_qsize 27, out_qsize 0
2026-02-02 17:05:47,965 - INFO - EPOCH 8 - PROGRESS: at 40.19% examples, 834506 words/s, in_qsize 28, out_qsize 0
2026-02-02 17:05:48,976 - INFO - EPOCH 8 - PROGRESS: at 40.35% examples, 834609 words/s, in_qsize 27, out_qsize 0
2026-02-02 17:05:50,003 - INFO - EPOCH 8 - PROGRESS: at 40.51% examples, 834364 words/s, in_qsize 28, out_qsize 0
2026-02-02 17:05:51,026 - INFO - EPOCH 8 - PROGRESS: at 40.68% examples, 833910 words/s, in_qsize 26, out_qsize 1
2026-02-02 17:05:52,030 - INFO - EPOCH 8 - PROGRESS: at 40.87% examples, 833899 words/s, in_qsize 28, out_qsize 0
2026-02-02 17:05:53,032 - INFO - EPOCH 8 - PROGRESS: at 41.02% examples, 833150 words/s, in_qsize 22, out_qsize 5
2026-02-02 17:05:54,054 - INFO - EPOCH 8 - PROGRESS: at 41.18% examples, 832508 words/s, in_qsize 27, out_qsize 0
2026-02-02 17:05:55,058 - INFO - EPOCH 8 - PROGRESS: at 41.35% examples, 832132 words/s, in_qsize 28, out_qsize 1
2026-02-02 17:05:56,082 - INFO - EPOCH 8 - PROGRESS: at 41.50% examples, 832202 words/s, in_qsize 28, out_qsize 4
2026-02-02 17:05:57,116 - INFO - EPOCH 8 - PROGRESS: at 41.64% examples, 832222 words/s, in_qsize 28, out_qsize 6
2026-02-02 17:05:58,170 - INFO - EPOCH 8 - PROGRESS: at 41.78% examples, 832454 words/s, in_qsize 27, out_qsize 8
2026-02-02 17:05:59,193 - INFO - EPOCH 8 - PROGRESS: at 41.93% examples, 832802 words/s, in_qsize 28, out_qsize 1
2026-02-02 17:06:00,198 - INFO - EPOCH 8 - PROGRESS: at 42.06% examples, 833040 words/s, in_qsize 26, out_qsize 1
2026-02-02 17:06:01,238 - INFO - EPOCH 8 - PROGRESS: at 42.19% examples, 833092 words/s, in_qsize 26, out_qsize 3
2026-02-02 17:06:02,259 - INFO - EPOCH 8 - PROGRESS: at 42.35% examples, 833209 words/s, in_qsize 26, out_qsize 2
2026-02-02 17:06:03,261 - INFO - EPOCH 8 - PROGRESS: at 42.61% examples, 833559 words/s, in_qsize 26, out_qsize 1
2026-02-02 17:06:04,274 - INFO - EPOCH 8 - PROGRESS: at 42.78% examples, 833780 words/s, in_qsize 28, out_qsize 0
2026-02-02 17:06:05,283 - INFO - EPOCH 8 - PROGRESS: at 43.01% examples, 833893 words/s, in_qsize 27, out_qsize 1
2026-02-02 17:06:06,285 - INFO - EPOCH 8 - PROGRESS: at 43.25% examples, 833970 words/s, in_qsize 27, out_qsize 0
2026-02-02 17:06:07,294 - INFO - EPOCH 8 - PROGRESS: at 43.39% examples, 834009 words/s, in_qsize 27, out_qsize 0
2026-02-02 17:06:08,309 - INFO - EPOCH 8 - PROGRESS: at 43.54% examples, 834191 words/s, in_qsize 28, out_qsize 1
2026-02-02 17:06:09,311 - INFO - EPOCH 8 - PROGRESS: at 43.68% examples, 834416 words/s, in_qsize 27, out_qsize 0
2026-02-02 17:06:10,320 - INFO - EPOCH 8 - PROGRESS: at 43.79% examples, 834441 words/s, in_qsize 25, out_qsize 2
2026-02-02 17:06:11,337 - INFO - EPOCH 8 - PROGRESS: at 43.96% examples, 834750 words/s, in_qsize 27, out_qsize 0
2026-02-02 17:06:12,342 - INFO - EPOCH 8 - PROGRESS: at 44.26% examples, 835044 words/s, in_qsize 28, out_qsize 0
2026-02-02 17:06:13,382 - INFO - EPOCH 8 - PROGRESS: at 44.48% examples, 834297 words/s, in_qsize 26, out_qsize 2
2026-02-02 17:06:14,423 - INFO - EPOCH 8 - PROGRESS: at 44.71% examples, 834312 words/s, in_qsize 28, out_qsize 1
2026-02-02 17:06:15,445 - INFO - EPOCH 8 - PROGRESS: at 44.85% examples, 834354 words/s, in_qsize 27, out_qsize 1
2026-02-02 17:06:16,454 - INFO - EPOCH 8 - PROGRESS: at 45.03% examples, 834570 words/s, in_qsize 28, out_qsize 1
2026-02-02 17:06:17,468 - INFO - EPOCH 8 - PROGRESS: at 45.21% examples, 834757 words/s, in_qsize 27, out_qsize 0
2026-02-02 17:06:18,473 - INFO - EPOCH 8 - PROGRESS: at 45.34% examples, 834927 words/s, in_qsize 22, out_qsize 1
2026-02-02 17:06:19,490 - INFO - EPOCH 8 - PROGRESS: at 45.47% examples, 835105 words/s, in_qsize 25, out_qsize 1
2026-02-02 17:06:20,494 - INFO - EPOCH 8 - PROGRESS: at 45.61% examples, 835255 words/s, in_qsize 28, out_qsize 2
2026-02-02 17:06:21,502 - INFO - EPOCH 8 - PROGRESS: at 45.74% examples, 835370 words/s, in_qsize 27, out_qsize 1
2026-02-02 17:06:22,558 - INFO - EPOCH 8 - PROGRESS: at 45.88% examples, 835508 words/s, in_qsize 28, out_qsize 4
2026-02-02 17:06:23,575 - INFO - EPOCH 8 - PROGRESS: at 46.06% examples, 835835 words/s, in_qsize 24, out_qsize 2
2026-02-02 17:06:24,579 - INFO - EPOCH 8 - PROGRESS: at 46.20% examples, 835943 words/s, in_qsize 28, out_qsize 1
2026-02-02 17:06:25,580 - INFO - EPOCH 8 - PROGRESS: at 46.35% examples, 836193 words/s, in_qsize 26, out_qsize 0
2026-02-02 17:06:26,592 - INFO - EPOCH 8 - PROGRESS: at 46.50% examples, 836243 words/s, in_qsize 28, out_qsize 3
2026-02-02 17:06:27,605 - INFO - EPOCH 8 - PROGRESS: at 46.79% examples, 836448 words/s, in_qsize 25, out_qsize 2
2026-02-02 17:06:28,629 - INFO - EPOCH 8 - PROGRESS: at 47.12% examples, 836608 words/s, in_qsize 26, out_qsize 3
2026-02-02 17:06:29,634 - INFO - EPOCH 8 - PROGRESS: at 47.28% examples, 836756 words/s, in_qsize 28, out_qsize 0
2026-02-02 17:06:30,639 - INFO - EPOCH 8 - PROGRESS: at 47.43% examples, 836740 words/s, in_qsize 27, out_qsize 5
2026-02-02 17:06:31,641 - INFO - EPOCH 8 - PROGRESS: at 47.61% examples, 837114 words/s, in_qsize 27, out_qsize 0
2026-02-02 17:06:32,676 - INFO - EPOCH 8 - PROGRESS: at 47.77% examples, 837145 words/s, in_qsize 25, out_qsize 3
2026-02-02 17:06:33,680 - INFO - EPOCH 8 - PROGRESS: at 47.94% examples, 837447 words/s, in_qsize 28, out_qsize 0
2026-02-02 17:06:34,683 - INFO - EPOCH 8 - PROGRESS: at 48.10% examples, 837550 words/s, in_qsize 28, out_qsize 1
2026-02-02 17:06:35,695 - INFO - EPOCH 8 - PROGRESS: at 48.26% examples, 837708 words/s, in_qsize 26, out_qsize 1
2026-02-02 17:06:36,701 - INFO - EPOCH 8 - PROGRESS: at 48.43% examples, 837856 words/s, in_qsize 26, out_qsize 1
2026-02-02 17:06:37,765 - INFO - EPOCH 8 - PROGRESS: at 48.59% examples, 837770 words/s, in_qsize 18, out_qsize 11
2026-02-02 17:06:38,769 - INFO - EPOCH 8 - PROGRESS: at 48.74% examples, 837669 words/s, in_qsize 26, out_qsize 1
2026-02-02 17:06:39,775 - INFO - EPOCH 8 - PROGRESS: at 48.87% examples, 837260 words/s, in_qsize 28, out_qsize 4
2026-02-02 17:06:40,816 - INFO - EPOCH 8 - PROGRESS: at 49.02% examples, 836907 words/s, in_qsize 25, out_qsize 2
2026-02-02 17:06:41,818 - INFO - EPOCH 8 - PROGRESS: at 49.18% examples, 837043 words/s, in_qsize 27, out_qsize 0
2026-02-02 17:06:42,824 - INFO - EPOCH 8 - PROGRESS: at 49.34% examples, 837029 words/s, in_qsize 26, out_qsize 6
2026-02-02 17:06:43,838 - INFO - EPOCH 8 - PROGRESS: at 49.50% examples, 837176 words/s, in_qsize 28, out_qsize 5
2026-02-02 17:06:44,839 - INFO - EPOCH 8 - PROGRESS: at 49.67% examples, 837445 words/s, in_qsize 28, out_qsize 0
2026-02-02 17:06:45,870 - INFO - EPOCH 8 - PROGRESS: at 49.82% examples, 837436 words/s, in_qsize 26, out_qsize 2
2026-02-02 17:06:46,871 - INFO - EPOCH 8 - PROGRESS: at 49.98% examples, 837602 words/s, in_qsize 27, out_qsize 0
2026-02-02 17:06:47,872 - INFO - EPOCH 8 - PROGRESS: at 50.12% examples, 837686 words/s, in_qsize 27, out_qsize 0
2026-02-02 17:06:48,877 - INFO - EPOCH 8 - PROGRESS: at 50.31% examples, 837808 words/s, in_qsize 28, out_qsize 0
2026-02-02 17:06:49,880 - INFO - EPOCH 8 - PROGRESS: at 50.50% examples, 837755 words/s, in_qsize 25, out_qsize 2
2026-02-02 17:06:50,906 - INFO - EPOCH 8 - PROGRESS: at 50.69% examples, 837469 words/s, in_qsize 27, out_qsize 0
2026-02-02 17:06:51,917 - INFO - EPOCH 8 - PROGRESS: at 50.87% examples, 837126 words/s, in_qsize 27, out_qsize 0
2026-02-02 17:06:52,943 - INFO - EPOCH 8 - PROGRESS: at 51.03% examples, 836667 words/s, in_qsize 27, out_qsize 0
2026-02-02 17:06:53,971 - INFO - EPOCH 8 - PROGRESS: at 51.21% examples, 836286 words/s, in_qsize 27, out_qsize 0
2026-02-02 17:06:55,007 - INFO - EPOCH 8 - PROGRESS: at 51.41% examples, 835882 words/s, in_qsize 28, out_qsize 0
2026-02-02 17:06:56,027 - INFO - EPOCH 8 - PROGRESS: at 51.66% examples, 835812 words/s, in_qsize 27, out_qsize 0
2026-02-02 17:06:57,050 - INFO - EPOCH 8 - PROGRESS: at 51.90% examples, 835817 words/s, in_qsize 28, out_qsize 0
2026-02-02 17:06:58,072 - INFO - EPOCH 8 - PROGRESS: at 52.16% examples, 835872 words/s, in_qsize 28, out_qsize 2
2026-02-02 17:06:59,105 - INFO - EPOCH 8 - PROGRESS: at 52.44% examples, 836231 words/s, in_qsize 28, out_qsize 0
2026-02-02 17:07:00,114 - INFO - EPOCH 8 - PROGRESS: at 52.70% examples, 836352 words/s, in_qsize 27, out_qsize 0
2026-02-02 17:07:01,147 - INFO - EPOCH 8 - PROGRESS: at 52.95% examples, 836325 words/s, in_qsize 26, out_qsize 3
2026-02-02 17:07:02,154 - INFO - EPOCH 8 - PROGRESS: at 53.19% examples, 836347 words/s, in_qsize 27, out_qsize 0
2026-02-02 17:07:03,167 - INFO - EPOCH 8 - PROGRESS: at 53.45% examples, 836453 words/s, in_qsize 27, out_qsize 0
2026-02-02 17:07:04,189 - INFO - EPOCH 8 - PROGRESS: at 53.73% examples, 836810 words/s, in_qsize 27, out_qsize 0
2026-02-02 17:07:05,219 - INFO - EPOCH 8 - PROGRESS: at 53.99% examples, 836816 words/s, in_qsize 27, out_qsize 0
2026-02-02 17:07:06,224 - INFO - EPOCH 8 - PROGRESS: at 54.23% examples, 836837 words/s, in_qsize 28, out_qsize 0
2026-02-02 17:07:07,239 - INFO - EPOCH 8 - PROGRESS: at 54.51% examples, 837182 words/s, in_qsize 27, out_qsize 0
2026-02-02 17:07:08,248 - INFO - EPOCH 8 - PROGRESS: at 54.77% examples, 837344 words/s, in_qsize 26, out_qsize 1
2026-02-02 17:07:09,308 - INFO - EPOCH 8 - PROGRESS: at 55.02% examples, 837189 words/s, in_qsize 28, out_qsize 0
2026-02-02 17:07:10,314 - INFO - EPOCH 8 - PROGRESS: at 55.19% examples, 836862 words/s, in_qsize 25, out_qsize 3
2026-02-02 17:07:11,315 - INFO - EPOCH 8 - PROGRESS: at 55.34% examples, 836991 words/s, in_qsize 27, out_qsize 2
2026-02-02 17:07:12,316 - INFO - EPOCH 8 - PROGRESS: at 55.51% examples, 837159 words/s, in_qsize 28, out_qsize 0
2026-02-02 17:07:13,316 - INFO - EPOCH 8 - PROGRESS: at 55.70% examples, 837250 words/s, in_qsize 27, out_qsize 0
2026-02-02 17:07:14,353 - INFO - EPOCH 8 - PROGRESS: at 55.96% examples, 837123 words/s, in_qsize 27, out_qsize 3
2026-02-02 17:07:15,355 - INFO - EPOCH 8 - PROGRESS: at 56.17% examples, 837357 words/s, in_qsize 27, out_qsize 0
2026-02-02 17:07:16,357 - INFO - EPOCH 8 - PROGRESS: at 56.34% examples, 837527 words/s, in_qsize 27, out_qsize 0
2026-02-02 17:07:17,382 - INFO - EPOCH 8 - PROGRESS: at 56.50% examples, 837590 words/s, in_qsize 26, out_qsize 2
2026-02-02 17:07:18,419 - INFO - EPOCH 8 - PROGRESS: at 56.66% examples, 837710 words/s, in_qsize 27, out_qsize 5
2026-02-02 17:07:19,445 - INFO - EPOCH 8 - PROGRESS: at 56.83% examples, 837762 words/s, in_qsize 27, out_qsize 1
2026-02-02 17:07:20,451 - INFO - EPOCH 8 - PROGRESS: at 57.05% examples, 837840 words/s, in_qsize 25, out_qsize 1
2026-02-02 17:07:21,458 - INFO - EPOCH 8 - PROGRESS: at 57.26% examples, 837847 words/s, in_qsize 28, out_qsize 3
2026-02-02 17:07:22,478 - INFO - EPOCH 8 - PROGRESS: at 57.50% examples, 838039 words/s, in_qsize 27, out_qsize 0
2026-02-02 17:07:23,483 - INFO - EPOCH 8 - PROGRESS: at 57.72% examples, 838069 words/s, in_qsize 27, out_qsize 0
2026-02-02 17:07:24,489 - INFO - EPOCH 8 - PROGRESS: at 57.94% examples, 838226 words/s, in_qsize 28, out_qsize 1
2026-02-02 17:07:25,503 - INFO - EPOCH 8 - PROGRESS: at 58.17% examples, 838443 words/s, in_qsize 28, out_qsize 0
2026-02-02 17:07:26,567 - INFO - EPOCH 8 - PROGRESS: at 58.35% examples, 837968 words/s, in_qsize 28, out_qsize 1
2026-02-02 17:07:27,569 - INFO - EPOCH 8 - PROGRESS: at 58.56% examples, 837996 words/s, in_qsize 28, out_qsize 2
2026-02-02 17:07:28,594 - INFO - EPOCH 8 - PROGRESS: at 58.75% examples, 837851 words/s, in_qsize 28, out_qsize 0
2026-02-02 17:07:29,655 - INFO - EPOCH 8 - PROGRESS: at 58.95% examples, 837455 words/s, in_qsize 28, out_qsize 0
2026-02-02 17:07:30,671 - INFO - EPOCH 8 - PROGRESS: at 59.15% examples, 837200 words/s, in_qsize 27, out_qsize 0
2026-02-02 17:07:31,675 - INFO - EPOCH 8 - PROGRESS: at 59.34% examples, 837061 words/s, in_qsize 23, out_qsize 4
2026-02-02 17:07:32,690 - INFO - EPOCH 8 - PROGRESS: at 59.52% examples, 836879 words/s, in_qsize 26, out_qsize 1
2026-02-02 17:07:33,695 - INFO - EPOCH 8 - PROGRESS: at 59.74% examples, 836940 words/s, in_qsize 27, out_qsize 0
2026-02-02 17:07:34,741 - INFO - EPOCH 8 - PROGRESS: at 59.85% examples, 836918 words/s, in_qsize 28, out_qsize 5
2026-02-02 17:07:35,775 - INFO - EPOCH 8 - PROGRESS: at 60.02% examples, 837106 words/s, in_qsize 27, out_qsize 1
2026-02-02 17:07:36,793 - INFO - EPOCH 8 - PROGRESS: at 60.24% examples, 837276 words/s, in_qsize 28, out_qsize 0
2026-02-02 17:07:37,801 - INFO - EPOCH 8 - PROGRESS: at 60.44% examples, 837381 words/s, in_qsize 27, out_qsize 1
2026-02-02 17:07:38,805 - INFO - EPOCH 8 - PROGRESS: at 60.65% examples, 837567 words/s, in_qsize 27, out_qsize 0
2026-02-02 17:07:39,831 - INFO - EPOCH 8 - PROGRESS: at 60.86% examples, 837603 words/s, in_qsize 28, out_qsize 2
2026-02-02 17:07:40,867 - INFO - EPOCH 8 - PROGRESS: at 60.98% examples, 837285 words/s, in_qsize 28, out_qsize 1
2026-02-02 17:07:41,936 - INFO - EPOCH 8 - PROGRESS: at 61.14% examples, 837113 words/s, in_qsize 27, out_qsize 3
2026-02-02 17:07:42,962 - INFO - EPOCH 8 - PROGRESS: at 61.24% examples, 837240 words/s, in_qsize 28, out_qsize 3
2026-02-02 17:07:43,967 - INFO - EPOCH 8 - PROGRESS: at 61.33% examples, 837341 words/s, in_qsize 28, out_qsize 2
2026-02-02 17:07:44,972 - INFO - EPOCH 8 - PROGRESS: at 61.52% examples, 837527 words/s, in_qsize 27, out_qsize 0
2026-02-02 17:07:45,998 - INFO - EPOCH 8 - PROGRESS: at 61.71% examples, 837639 words/s, in_qsize 28, out_qsize 3
2026-02-02 17:07:47,005 - INFO - EPOCH 8 - PROGRESS: at 61.85% examples, 837820 words/s, in_qsize 27, out_qsize 0
2026-02-02 17:07:48,008 - INFO - EPOCH 8 - PROGRESS: at 62.05% examples, 837938 words/s, in_qsize 26, out_qsize 0
2026-02-02 17:07:49,021 - INFO - EPOCH 8 - PROGRESS: at 62.17% examples, 838013 words/s, in_qsize 28, out_qsize 2
2026-02-02 17:07:50,039 - INFO - EPOCH 8 - PROGRESS: at 62.34% examples, 838190 words/s, in_qsize 27, out_qsize 0
2026-02-02 17:07:51,049 - INFO - EPOCH 8 - PROGRESS: at 62.51% examples, 838296 words/s, in_qsize 27, out_qsize 0
2026-02-02 17:07:52,086 - INFO - EPOCH 8 - PROGRESS: at 62.67% examples, 838062 words/s, in_qsize 24, out_qsize 4
2026-02-02 17:07:53,124 - INFO - EPOCH 8 - PROGRESS: at 62.84% examples, 838189 words/s, in_qsize 27, out_qsize 4
2026-02-02 17:07:54,129 - INFO - EPOCH 8 - PROGRESS: at 63.05% examples, 838348 words/s, in_qsize 27, out_qsize 1
2026-02-02 17:07:55,140 - INFO - EPOCH 8 - PROGRESS: at 63.21% examples, 838462 words/s, in_qsize 27, out_qsize 0
2026-02-02 17:07:56,145 - INFO - EPOCH 8 - PROGRESS: at 63.35% examples, 838642 words/s, in_qsize 27, out_qsize 0
2026-02-02 17:07:57,182 - INFO - EPOCH 8 - PROGRESS: at 63.51% examples, 838741 words/s, in_qsize 26, out_qsize 4
2026-02-02 17:07:58,220 - INFO - EPOCH 8 - PROGRESS: at 63.72% examples, 838891 words/s, in_qsize 28, out_qsize 5
2026-02-02 17:07:59,233 - INFO - EPOCH 8 - PROGRESS: at 63.96% examples, 839057 words/s, in_qsize 28, out_qsize 2
2026-02-02 17:08:00,237 - INFO - EPOCH 8 - PROGRESS: at 64.16% examples, 839169 words/s, in_qsize 28, out_qsize 0
2026-02-02 17:08:01,247 - INFO - EPOCH 8 - PROGRESS: at 64.32% examples, 839197 words/s, in_qsize 27, out_qsize 1
2026-02-02 17:08:02,286 - INFO - EPOCH 8 - PROGRESS: at 64.47% examples, 839250 words/s, in_qsize 27, out_qsize 4
2026-02-02 17:08:03,290 - INFO - EPOCH 8 - PROGRESS: at 64.60% examples, 838946 words/s, in_qsize 27, out_qsize 4
2026-02-02 17:08:04,313 - INFO - EPOCH 8 - PROGRESS: at 64.79% examples, 838852 words/s, in_qsize 28, out_qsize 0
2026-02-02 17:08:05,320 - INFO - EPOCH 8 - PROGRESS: at 64.97% examples, 838815 words/s, in_qsize 25, out_qsize 2
2026-02-02 17:08:06,334 - INFO - EPOCH 8 - PROGRESS: at 65.17% examples, 838888 words/s, in_qsize 27, out_qsize 0
2026-02-02 17:08:07,343 - INFO - EPOCH 8 - PROGRESS: at 65.37% examples, 838953 words/s, in_qsize 27, out_qsize 0
2026-02-02 17:08:08,390 - INFO - EPOCH 8 - PROGRESS: at 65.56% examples, 838886 words/s, in_qsize 28, out_qsize 0
2026-02-02 17:08:09,391 - INFO - EPOCH 8 - PROGRESS: at 65.74% examples, 838820 words/s, in_qsize 25, out_qsize 2
2026-02-02 17:08:10,398 - INFO - EPOCH 8 - PROGRESS: at 65.93% examples, 838852 words/s, in_qsize 27, out_qsize 0
2026-02-02 17:08:11,399 - INFO - EPOCH 8 - PROGRESS: at 66.08% examples, 838592 words/s, in_qsize 27, out_qsize 0
2026-02-02 17:08:12,400 - INFO - EPOCH 8 - PROGRESS: at 66.23% examples, 838531 words/s, in_qsize 27, out_qsize 0
2026-02-02 17:08:13,435 - INFO - EPOCH 8 - PROGRESS: at 66.41% examples, 838452 words/s, in_qsize 28, out_qsize 0
2026-02-02 17:08:14,444 - INFO - EPOCH 8 - PROGRESS: at 66.50% examples, 838279 words/s, in_qsize 28, out_qsize 5
2026-02-02 17:08:15,448 - INFO - EPOCH 8 - PROGRESS: at 66.62% examples, 838415 words/s, in_qsize 27, out_qsize 0
2026-02-02 17:08:16,449 - INFO - EPOCH 8 - PROGRESS: at 66.71% examples, 838368 words/s, in_qsize 28, out_qsize 4
2026-02-02 17:08:17,458 - INFO - EPOCH 8 - PROGRESS: at 66.84% examples, 838566 words/s, in_qsize 28, out_qsize 0
2026-02-02 17:08:18,461 - INFO - EPOCH 8 - PROGRESS: at 66.94% examples, 838685 words/s, in_qsize 26, out_qsize 1
2026-02-02 17:08:19,463 - INFO - EPOCH 8 - PROGRESS: at 67.07% examples, 838731 words/s, in_qsize 28, out_qsize 1
2026-02-02 17:08:20,476 - INFO - EPOCH 8 - PROGRESS: at 67.27% examples, 838813 words/s, in_qsize 27, out_qsize 3
2026-02-02 17:08:21,489 - INFO - EPOCH 8 - PROGRESS: at 67.43% examples, 838963 words/s, in_qsize 27, out_qsize 0
2026-02-02 17:08:22,492 - INFO - EPOCH 8 - PROGRESS: at 67.59% examples, 839028 words/s, in_qsize 27, out_qsize 0
2026-02-02 17:08:23,515 - INFO - EPOCH 8 - PROGRESS: at 67.72% examples, 838695 words/s, in_qsize 27, out_qsize 0
2026-02-02 17:08:24,535 - INFO - EPOCH 8 - PROGRESS: at 67.86% examples, 838519 words/s, in_qsize 27, out_qsize 0
2026-02-02 17:08:25,535 - INFO - EPOCH 8 - PROGRESS: at 68.00% examples, 838597 words/s, in_qsize 24, out_qsize 3
2026-02-02 17:08:26,542 - INFO - EPOCH 8 - PROGRESS: at 68.14% examples, 838740 words/s, in_qsize 27, out_qsize 0
2026-02-02 17:08:27,556 - INFO - EPOCH 8 - PROGRESS: at 68.30% examples, 838865 words/s, in_qsize 26, out_qsize 0
2026-02-02 17:08:28,586 - INFO - EPOCH 8 - PROGRESS: at 68.47% examples, 838962 words/s, in_qsize 28, out_qsize 1
2026-02-02 17:08:29,605 - INFO - EPOCH 8 - PROGRESS: at 68.64% examples, 839077 words/s, in_qsize 28, out_qsize 0
2026-02-02 17:08:30,616 - INFO - EPOCH 8 - PROGRESS: at 68.81% examples, 839151 words/s, in_qsize 26, out_qsize 4
2026-02-02 17:08:31,618 - INFO - EPOCH 8 - PROGRESS: at 68.98% examples, 839344 words/s, in_qsize 27, out_qsize 0
2026-02-02 17:08:32,625 - INFO - EPOCH 8 - PROGRESS: at 69.14% examples, 839305 words/s, in_qsize 27, out_qsize 0
2026-02-02 17:08:33,627 - INFO - EPOCH 8 - PROGRESS: at 69.44% examples, 839368 words/s, in_qsize 27, out_qsize 0
2026-02-02 17:08:34,640 - INFO - EPOCH 8 - PROGRESS: at 69.70% examples, 839186 words/s, in_qsize 28, out_qsize 0
2026-02-02 17:08:35,655 - INFO - EPOCH 8 - PROGRESS: at 69.90% examples, 839004 words/s, in_qsize 28, out_qsize 1
2026-02-02 17:08:36,674 - INFO - EPOCH 8 - PROGRESS: at 70.06% examples, 839029 words/s, in_qsize 26, out_qsize 3
2026-02-02 17:08:37,688 - INFO - EPOCH 8 - PROGRESS: at 70.22% examples, 839013 words/s, in_qsize 26, out_qsize 1
2026-02-02 17:08:38,699 - INFO - EPOCH 8 - PROGRESS: at 70.39% examples, 839118 words/s, in_qsize 27, out_qsize 0
2026-02-02 17:08:39,703 - INFO - EPOCH 8 - PROGRESS: at 70.55% examples, 839242 words/s, in_qsize 26, out_qsize 1
2026-02-02 17:08:40,709 - INFO - EPOCH 8 - PROGRESS: at 70.71% examples, 839161 words/s, in_qsize 25, out_qsize 7
2026-02-02 17:08:41,711 - INFO - EPOCH 8 - PROGRESS: at 70.87% examples, 839297 words/s, in_qsize 27, out_qsize 3
2026-02-02 17:08:42,717 - INFO - EPOCH 8 - PROGRESS: at 71.02% examples, 839397 words/s, in_qsize 28, out_qsize 2
2026-02-02 17:08:43,736 - INFO - EPOCH 8 - PROGRESS: at 71.18% examples, 839513 words/s, in_qsize 27, out_qsize 0
2026-02-02 17:08:44,779 - INFO - EPOCH 8 - PROGRESS: at 71.38% examples, 839516 words/s, in_qsize 27, out_qsize 3
2026-02-02 17:08:45,788 - INFO - EPOCH 8 - PROGRESS: at 71.60% examples, 839479 words/s, in_qsize 24, out_qsize 3
2026-02-02 17:08:46,795 - INFO - EPOCH 8 - PROGRESS: at 71.79% examples, 839195 words/s, in_qsize 28, out_qsize 3
2026-02-02 17:08:47,832 - INFO - EPOCH 8 - PROGRESS: at 71.95% examples, 839087 words/s, in_qsize 28, out_qsize 0
2026-02-02 17:08:48,856 - INFO - EPOCH 8 - PROGRESS: at 72.10% examples, 839175 words/s, in_qsize 27, out_qsize 1
2026-02-02 17:08:49,860 - INFO - EPOCH 8 - PROGRESS: at 72.31% examples, 839231 words/s, in_qsize 28, out_qsize 0
2026-02-02 17:08:50,869 - INFO - EPOCH 8 - PROGRESS: at 72.50% examples, 839057 words/s, in_qsize 27, out_qsize 0
2026-02-02 17:08:51,921 - INFO - EPOCH 8 - PROGRESS: at 72.70% examples, 838720 words/s, in_qsize 27, out_qsize 0
2026-02-02 17:08:52,926 - INFO - EPOCH 8 - PROGRESS: at 72.89% examples, 838558 words/s, in_qsize 21, out_qsize 7
2026-02-02 17:08:53,928 - INFO - EPOCH 8 - PROGRESS: at 73.06% examples, 838534 words/s, in_qsize 28, out_qsize 1
2026-02-02 17:08:54,937 - INFO - EPOCH 8 - PROGRESS: at 73.20% examples, 838656 words/s, in_qsize 26, out_qsize 2
2026-02-02 17:08:55,958 - INFO - EPOCH 8 - PROGRESS: at 73.33% examples, 838731 words/s, in_qsize 28, out_qsize 0
2026-02-02 17:08:56,977 - INFO - EPOCH 8 - PROGRESS: at 73.47% examples, 838799 words/s, in_qsize 28, out_qsize 2
2026-02-02 17:08:57,979 - INFO - EPOCH 8 - PROGRESS: at 73.58% examples, 838885 words/s, in_qsize 28, out_qsize 3
2026-02-02 17:08:58,996 - INFO - EPOCH 8 - PROGRESS: at 73.73% examples, 838938 words/s, in_qsize 27, out_qsize 0
2026-02-02 17:08:59,996 - INFO - EPOCH 8 - PROGRESS: at 73.92% examples, 838986 words/s, in_qsize 26, out_qsize 1
2026-02-02 17:09:01,028 - INFO - EPOCH 8 - PROGRESS: at 74.15% examples, 839015 words/s, in_qsize 27, out_qsize 1
2026-02-02 17:09:02,076 - INFO - EPOCH 8 - PROGRESS: at 74.35% examples, 838806 words/s, in_qsize 28, out_qsize 1
2026-02-02 17:09:03,110 - INFO - EPOCH 8 - PROGRESS: at 74.54% examples, 838787 words/s, in_qsize 27, out_qsize 0
2026-02-02 17:09:04,113 - INFO - EPOCH 8 - PROGRESS: at 74.68% examples, 838639 words/s, in_qsize 28, out_qsize 1
2026-02-02 17:09:05,113 - INFO - EPOCH 8 - PROGRESS: at 74.85% examples, 838711 words/s, in_qsize 27, out_qsize 0
2026-02-02 17:09:06,124 - INFO - EPOCH 8 - PROGRESS: at 75.03% examples, 838674 words/s, in_qsize 28, out_qsize 2
2026-02-02 17:09:07,124 - INFO - EPOCH 8 - PROGRESS: at 75.25% examples, 838736 words/s, in_qsize 27, out_qsize 0
2026-02-02 17:09:08,134 - INFO - EPOCH 8 - PROGRESS: at 75.44% examples, 838644 words/s, in_qsize 28, out_qsize 2
2026-02-02 17:09:09,152 - INFO - EPOCH 8 - PROGRESS: at 75.64% examples, 838716 words/s, in_qsize 26, out_qsize 1
2026-02-02 17:09:10,185 - INFO - EPOCH 8 - PROGRESS: at 75.84% examples, 838831 words/s, in_qsize 28, out_qsize 1
2026-02-02 17:09:11,208 - INFO - EPOCH 8 - PROGRESS: at 76.05% examples, 838965 words/s, in_qsize 27, out_qsize 0
2026-02-02 17:09:12,220 - INFO - EPOCH 8 - PROGRESS: at 76.24% examples, 838973 words/s, in_qsize 28, out_qsize 0
2026-02-02 17:09:13,221 - INFO - EPOCH 8 - PROGRESS: at 76.41% examples, 838804 words/s, in_qsize 27, out_qsize 0
2026-02-02 17:09:14,225 - INFO - EPOCH 8 - PROGRESS: at 76.60% examples, 838640 words/s, in_qsize 26, out_qsize 0
2026-02-02 17:09:15,227 - INFO - EPOCH 8 - PROGRESS: at 76.76% examples, 838461 words/s, in_qsize 26, out_qsize 0
2026-02-02 17:09:16,240 - INFO - EPOCH 8 - PROGRESS: at 76.93% examples, 838311 words/s, in_qsize 27, out_qsize 0
2026-02-02 17:09:17,264 - INFO - EPOCH 8 - PROGRESS: at 77.12% examples, 838295 words/s, in_qsize 27, out_qsize 0
2026-02-02 17:09:18,272 - INFO - EPOCH 8 - PROGRESS: at 77.29% examples, 838098 words/s, in_qsize 27, out_qsize 0
2026-02-02 17:09:19,282 - INFO - EPOCH 8 - PROGRESS: at 77.45% examples, 837847 words/s, in_qsize 27, out_qsize 0
2026-02-02 17:09:20,328 - INFO - EPOCH 8 - PROGRESS: at 77.64% examples, 837708 words/s, in_qsize 27, out_qsize 4
2026-02-02 17:09:21,331 - INFO - EPOCH 8 - PROGRESS: at 77.84% examples, 837845 words/s, in_qsize 25, out_qsize 2
2026-02-02 17:09:22,332 - INFO - EPOCH 8 - PROGRESS: at 78.05% examples, 838020 words/s, in_qsize 27, out_qsize 0
2026-02-02 17:09:23,351 - INFO - EPOCH 8 - PROGRESS: at 78.22% examples, 838042 words/s, in_qsize 25, out_qsize 2
2026-02-02 17:09:24,352 - INFO - EPOCH 8 - PROGRESS: at 78.40% examples, 838223 words/s, in_qsize 27, out_qsize 0
2026-02-02 17:09:25,357 - INFO - EPOCH 8 - PROGRESS: at 78.58% examples, 838360 words/s, in_qsize 27, out_qsize 0
2026-02-02 17:09:26,375 - INFO - EPOCH 8 - PROGRESS: at 78.77% examples, 838580 words/s, in_qsize 26, out_qsize 2
2026-02-02 17:09:27,383 - INFO - EPOCH 8 - PROGRESS: at 78.97% examples, 838872 words/s, in_qsize 27, out_qsize 0
2026-02-02 17:09:28,402 - INFO - EPOCH 8 - PROGRESS: at 79.16% examples, 839088 words/s, in_qsize 28, out_qsize 0
2026-02-02 17:09:29,412 - INFO - EPOCH 8 - PROGRESS: at 79.35% examples, 839375 words/s, in_qsize 28, out_qsize 0
2026-02-02 17:09:30,415 - INFO - EPOCH 8 - PROGRESS: at 79.54% examples, 839636 words/s, in_qsize 27, out_qsize 1
2026-02-02 17:09:31,441 - INFO - EPOCH 8 - PROGRESS: at 79.74% examples, 839891 words/s, in_qsize 25, out_qsize 3
2026-02-02 17:09:32,459 - INFO - EPOCH 8 - PROGRESS: at 79.93% examples, 840177 words/s, in_qsize 24, out_qsize 2
2026-02-02 17:09:33,460 - INFO - EPOCH 8 - PROGRESS: at 80.13% examples, 840510 words/s, in_qsize 27, out_qsize 0
2026-02-02 17:09:34,460 - INFO - EPOCH 8 - PROGRESS: at 80.31% examples, 840682 words/s, in_qsize 25, out_qsize 2
2026-02-02 17:09:35,478 - INFO - EPOCH 8 - PROGRESS: at 80.47% examples, 840611 words/s, in_qsize 27, out_qsize 0
2026-02-02 17:09:36,519 - INFO - EPOCH 8 - PROGRESS: at 80.59% examples, 840556 words/s, in_qsize 25, out_qsize 2
2026-02-02 17:09:37,523 - INFO - EPOCH 8 - PROGRESS: at 80.73% examples, 840679 words/s, in_qsize 28, out_qsize 0
2026-02-02 17:09:38,531 - INFO - EPOCH 8 - PROGRESS: at 80.90% examples, 840766 words/s, in_qsize 27, out_qsize 0
2026-02-02 17:09:39,542 - INFO - EPOCH 8 - PROGRESS: at 81.07% examples, 840819 words/s, in_qsize 28, out_qsize 3
2026-02-02 17:09:40,578 - INFO - EPOCH 8 - PROGRESS: at 81.25% examples, 840932 words/s, in_qsize 28, out_qsize 3
2026-02-02 17:09:41,584 - INFO - EPOCH 8 - PROGRESS: at 81.42% examples, 841041 words/s, in_qsize 27, out_qsize 0
2026-02-02 17:09:42,593 - INFO - EPOCH 8 - PROGRESS: at 81.60% examples, 841147 words/s, in_qsize 28, out_qsize 0
2026-02-02 17:09:43,624 - INFO - EPOCH 8 - PROGRESS: at 81.73% examples, 840982 words/s, in_qsize 26, out_qsize 1
2026-02-02 17:09:44,637 - INFO - EPOCH 8 - PROGRESS: at 81.89% examples, 840728 words/s, in_qsize 28, out_qsize 0
2026-02-02 17:09:45,646 - INFO - EPOCH 8 - PROGRESS: at 82.04% examples, 840526 words/s, in_qsize 27, out_qsize 0
2026-02-02 17:09:46,667 - INFO - EPOCH 8 - PROGRESS: at 82.22% examples, 840515 words/s, in_qsize 26, out_qsize 1
2026-02-02 17:09:47,678 - INFO - EPOCH 8 - PROGRESS: at 82.40% examples, 840551 words/s, in_qsize 28, out_qsize 0
2026-02-02 17:09:48,681 - INFO - EPOCH 8 - PROGRESS: at 82.58% examples, 840605 words/s, in_qsize 28, out_qsize 0
2026-02-02 17:09:49,685 - INFO - EPOCH 8 - PROGRESS: at 82.76% examples, 840740 words/s, in_qsize 27, out_qsize 0
2026-02-02 17:09:50,702 - INFO - EPOCH 8 - PROGRESS: at 82.90% examples, 840798 words/s, in_qsize 27, out_qsize 2
2026-02-02 17:09:51,718 - INFO - EPOCH 8 - PROGRESS: at 83.05% examples, 840907 words/s, in_qsize 28, out_qsize 1
2026-02-02 17:09:52,720 - INFO - EPOCH 8 - PROGRESS: at 83.20% examples, 841061 words/s, in_qsize 27, out_qsize 0
2026-02-02 17:09:53,724 - INFO - EPOCH 8 - PROGRESS: at 83.34% examples, 841175 words/s, in_qsize 26, out_qsize 1
2026-02-02 17:09:54,736 - INFO - EPOCH 8 - PROGRESS: at 83.52% examples, 841251 words/s, in_qsize 26, out_qsize 3
2026-02-02 17:09:55,783 - INFO - EPOCH 8 - PROGRESS: at 83.68% examples, 841296 words/s, in_qsize 26, out_qsize 5
2026-02-02 17:09:56,793 - INFO - EPOCH 8 - PROGRESS: at 83.89% examples, 841461 words/s, in_qsize 26, out_qsize 1
2026-02-02 17:09:57,832 - INFO - EPOCH 8 - PROGRESS: at 84.09% examples, 841524 words/s, in_qsize 28, out_qsize 0
2026-02-02 17:09:58,839 - INFO - EPOCH 8 - PROGRESS: at 84.25% examples, 841551 words/s, in_qsize 27, out_qsize 0
2026-02-02 17:09:59,848 - INFO - EPOCH 8 - PROGRESS: at 84.39% examples, 841593 words/s, in_qsize 27, out_qsize 0
2026-02-02 17:10:00,899 - INFO - EPOCH 8 - PROGRESS: at 84.51% examples, 841591 words/s, in_qsize 27, out_qsize 4
2026-02-02 17:10:01,922 - INFO - EPOCH 8 - PROGRESS: at 84.65% examples, 841747 words/s, in_qsize 27, out_qsize 0
2026-02-02 17:10:02,940 - INFO - EPOCH 8 - PROGRESS: at 84.74% examples, 841744 words/s, in_qsize 23, out_qsize 1
2026-02-02 17:10:03,949 - INFO - EPOCH 8 - PROGRESS: at 84.96% examples, 841867 words/s, in_qsize 24, out_qsize 0
2026-02-02 17:10:05,013 - INFO - EPOCH 8 - PROGRESS: at 85.12% examples, 841583 words/s, in_qsize 26, out_qsize 1
2026-02-02 17:10:06,045 - INFO - EPOCH 8 - PROGRESS: at 85.28% examples, 841372 words/s, in_qsize 24, out_qsize 10
2026-02-02 17:10:07,052 - INFO - EPOCH 8 - PROGRESS: at 85.46% examples, 841367 words/s, in_qsize 26, out_qsize 1
2026-02-02 17:10:08,054 - INFO - EPOCH 8 - PROGRESS: at 85.65% examples, 841458 words/s, in_qsize 27, out_qsize 0
2026-02-02 17:10:09,063 - INFO - EPOCH 8 - PROGRESS: at 85.82% examples, 841327 words/s, in_qsize 27, out_qsize 0
2026-02-02 17:10:10,085 - INFO - EPOCH 8 - PROGRESS: at 85.98% examples, 841142 words/s, in_qsize 28, out_qsize 0
2026-02-02 17:10:11,092 - INFO - EPOCH 8 - PROGRESS: at 86.16% examples, 841163 words/s, in_qsize 27, out_qsize 0
2026-02-02 17:10:12,094 - INFO - EPOCH 8 - PROGRESS: at 86.33% examples, 841044 words/s, in_qsize 28, out_qsize 0
2026-02-02 17:10:13,117 - INFO - EPOCH 8 - PROGRESS: at 86.48% examples, 840948 words/s, in_qsize 25, out_qsize 2
2026-02-02 17:10:14,129 - INFO - EPOCH 8 - PROGRESS: at 86.64% examples, 841042 words/s, in_qsize 26, out_qsize 2
2026-02-02 17:10:15,178 - INFO - EPOCH 8 - PROGRESS: at 86.84% examples, 841057 words/s, in_qsize 23, out_qsize 7
2026-02-02 17:10:16,195 - INFO - EPOCH 8 - PROGRESS: at 87.09% examples, 841262 words/s, in_qsize 25, out_qsize 1
2026-02-02 17:10:17,208 - INFO - EPOCH 8 - PROGRESS: at 87.28% examples, 841348 words/s, in_qsize 27, out_qsize 0
2026-02-02 17:10:18,216 - INFO - EPOCH 8 - PROGRESS: at 87.47% examples, 841430 words/s, in_qsize 26, out_qsize 0
2026-02-02 17:10:19,218 - INFO - EPOCH 8 - PROGRESS: at 87.64% examples, 841496 words/s, in_qsize 27, out_qsize 1
2026-02-02 17:10:20,259 - INFO - EPOCH 8 - PROGRESS: at 87.80% examples, 841511 words/s, in_qsize 27, out_qsize 3
2026-02-02 17:10:21,314 - INFO - EPOCH 8 - PROGRESS: at 87.97% examples, 841488 words/s, in_qsize 28, out_qsize 1
2026-02-02 17:10:22,323 - INFO - EPOCH 8 - PROGRESS: at 88.08% examples, 841309 words/s, in_qsize 26, out_qsize 0
2026-02-02 17:10:23,351 - INFO - EPOCH 8 - PROGRESS: at 88.23% examples, 841294 words/s, in_qsize 27, out_qsize 0
2026-02-02 17:10:24,377 - INFO - EPOCH 8 - PROGRESS: at 88.37% examples, 840870 words/s, in_qsize 25, out_qsize 2
2026-02-02 17:10:25,384 - INFO - EPOCH 8 - PROGRESS: at 88.58% examples, 840897 words/s, in_qsize 27, out_qsize 0
2026-02-02 17:10:26,385 - INFO - EPOCH 8 - PROGRESS: at 88.73% examples, 840735 words/s, in_qsize 28, out_qsize 0
2026-02-02 17:10:27,423 - INFO - EPOCH 8 - PROGRESS: at 88.86% examples, 840557 words/s, in_qsize 24, out_qsize 7
2026-02-02 17:10:28,431 - INFO - EPOCH 8 - PROGRESS: at 89.00% examples, 840619 words/s, in_qsize 28, out_qsize 0
2026-02-02 17:10:29,433 - INFO - EPOCH 8 - PROGRESS: at 89.20% examples, 840668 words/s, in_qsize 27, out_qsize 0
2026-02-02 17:10:30,439 - INFO - EPOCH 8 - PROGRESS: at 89.37% examples, 840466 words/s, in_qsize 27, out_qsize 0
2026-02-02 17:10:31,451 - INFO - EPOCH 8 - PROGRESS: at 89.55% examples, 840342 words/s, in_qsize 28, out_qsize 0
2026-02-02 17:10:32,461 - INFO - EPOCH 8 - PROGRESS: at 89.76% examples, 840371 words/s, in_qsize 27, out_qsize 0
2026-02-02 17:10:33,462 - INFO - EPOCH 8 - PROGRESS: at 89.95% examples, 840235 words/s, in_qsize 25, out_qsize 0
2026-02-02 17:10:34,463 - INFO - EPOCH 8 - PROGRESS: at 90.15% examples, 840177 words/s, in_qsize 24, out_qsize 3
2026-02-02 17:10:35,471 - INFO - EPOCH 8 - PROGRESS: at 90.35% examples, 840078 words/s, in_qsize 27, out_qsize 0
2026-02-02 17:10:36,475 - INFO - EPOCH 8 - PROGRESS: at 90.54% examples, 839954 words/s, in_qsize 27, out_qsize 0
2026-02-02 17:10:37,515 - INFO - EPOCH 8 - PROGRESS: at 90.72% examples, 839683 words/s, in_qsize 27, out_qsize 0
2026-02-02 17:10:38,551 - INFO - EPOCH 8 - PROGRESS: at 90.91% examples, 839432 words/s, in_qsize 24, out_qsize 7
2026-02-02 17:10:39,570 - INFO - EPOCH 8 - PROGRESS: at 91.12% examples, 839408 words/s, in_qsize 26, out_qsize 1
2026-02-02 17:10:40,604 - INFO - EPOCH 8 - PROGRESS: at 91.31% examples, 839213 words/s, in_qsize 28, out_qsize 0
2026-02-02 17:10:41,655 - INFO - EPOCH 8 - PROGRESS: at 91.44% examples, 839210 words/s, in_qsize 28, out_qsize 0
2026-02-02 17:10:42,657 - INFO - EPOCH 8 - PROGRESS: at 91.60% examples, 839293 words/s, in_qsize 27, out_qsize 0
2026-02-02 17:10:43,671 - INFO - EPOCH 8 - PROGRESS: at 91.78% examples, 839320 words/s, in_qsize 27, out_qsize 1
2026-02-02 17:10:44,704 - INFO - EPOCH 8 - PROGRESS: at 92.02% examples, 839316 words/s, in_qsize 27, out_qsize 0
2026-02-02 17:10:45,711 - INFO - EPOCH 8 - PROGRESS: at 92.28% examples, 839458 words/s, in_qsize 25, out_qsize 1
2026-02-02 17:10:46,713 - INFO - EPOCH 8 - PROGRESS: at 92.52% examples, 839606 words/s, in_qsize 25, out_qsize 1
2026-02-02 17:10:47,715 - INFO - EPOCH 8 - PROGRESS: at 92.77% examples, 839740 words/s, in_qsize 27, out_qsize 0
2026-02-02 17:10:48,776 - INFO - EPOCH 8 - PROGRESS: at 93.01% examples, 839691 words/s, in_qsize 28, out_qsize 0
2026-02-02 17:10:49,784 - INFO - EPOCH 8 - PROGRESS: at 93.23% examples, 839641 words/s, in_qsize 27, out_qsize 0
2026-02-02 17:10:50,797 - INFO - EPOCH 8 - PROGRESS: at 93.46% examples, 839639 words/s, in_qsize 28, out_qsize 1
2026-02-02 17:10:51,802 - INFO - EPOCH 8 - PROGRESS: at 93.70% examples, 839663 words/s, in_qsize 27, out_qsize 0
2026-02-02 17:10:52,845 - INFO - EPOCH 8 - PROGRESS: at 93.96% examples, 839790 words/s, in_qsize 27, out_qsize 0
2026-02-02 17:10:53,861 - INFO - EPOCH 8 - PROGRESS: at 94.20% examples, 839868 words/s, in_qsize 27, out_qsize 4
2026-02-02 17:10:54,876 - INFO - EPOCH 8 - PROGRESS: at 94.40% examples, 839923 words/s, in_qsize 27, out_qsize 0
2026-02-02 17:10:55,879 - INFO - EPOCH 8 - PROGRESS: at 94.53% examples, 840016 words/s, in_qsize 26, out_qsize 1
2026-02-02 17:10:56,887 - INFO - EPOCH 8 - PROGRESS: at 94.67% examples, 839972 words/s, in_qsize 26, out_qsize 0
2026-02-02 17:10:57,906 - INFO - EPOCH 8 - PROGRESS: at 94.83% examples, 840016 words/s, in_qsize 25, out_qsize 2
2026-02-02 17:10:58,908 - INFO - EPOCH 8 - PROGRESS: at 94.96% examples, 840060 words/s, in_qsize 27, out_qsize 1
2026-02-02 17:10:59,915 - INFO - EPOCH 8 - PROGRESS: at 95.13% examples, 840181 words/s, in_qsize 27, out_qsize 0
2026-02-02 17:11:00,928 - INFO - EPOCH 8 - PROGRESS: at 95.26% examples, 840222 words/s, in_qsize 27, out_qsize 1
2026-02-02 17:11:01,930 - INFO - EPOCH 8 - PROGRESS: at 95.40% examples, 840296 words/s, in_qsize 25, out_qsize 2
2026-02-02 17:11:02,932 - INFO - EPOCH 8 - PROGRESS: at 95.60% examples, 840391 words/s, in_qsize 27, out_qsize 0
2026-02-02 17:11:03,939 - INFO - EPOCH 8 - PROGRESS: at 95.78% examples, 840469 words/s, in_qsize 27, out_qsize 0
2026-02-02 17:11:04,966 - INFO - EPOCH 8 - PROGRESS: at 95.89% examples, 840439 words/s, in_qsize 28, out_qsize 4
2026-02-02 17:11:05,969 - INFO - EPOCH 8 - PROGRESS: at 96.02% examples, 840490 words/s, in_qsize 24, out_qsize 3
2026-02-02 17:11:06,976 - INFO - EPOCH 8 - PROGRESS: at 96.16% examples, 840310 words/s, in_qsize 27, out_qsize 0
2026-02-02 17:11:07,985 - INFO - EPOCH 8 - PROGRESS: at 96.34% examples, 840327 words/s, in_qsize 26, out_qsize 1
2026-02-02 17:11:08,989 - INFO - EPOCH 8 - PROGRESS: at 96.50% examples, 840247 words/s, in_qsize 27, out_qsize 1
2026-02-02 17:11:09,993 - INFO - EPOCH 8 - PROGRESS: at 96.67% examples, 840283 words/s, in_qsize 28, out_qsize 1
2026-02-02 17:11:11,005 - INFO - EPOCH 8 - PROGRESS: at 96.89% examples, 840289 words/s, in_qsize 28, out_qsize 1
2026-02-02 17:11:12,015 - INFO - EPOCH 8 - PROGRESS: at 96.97% examples, 840350 words/s, in_qsize 27, out_qsize 0
2026-02-02 17:11:13,035 - INFO - EPOCH 8 - PROGRESS: at 97.11% examples, 840360 words/s, in_qsize 26, out_qsize 1
2026-02-02 17:11:14,035 - INFO - EPOCH 8 - PROGRESS: at 97.27% examples, 840449 words/s, in_qsize 27, out_qsize 1
2026-02-02 17:11:15,077 - INFO - EPOCH 8 - PROGRESS: at 97.49% examples, 840535 words/s, in_qsize 28, out_qsize 4
2026-02-02 17:11:16,079 - INFO - EPOCH 8 - PROGRESS: at 97.62% examples, 840628 words/s, in_qsize 25, out_qsize 1
2026-02-02 17:11:17,082 - INFO - EPOCH 8 - PROGRESS: at 97.79% examples, 840709 words/s, in_qsize 28, out_qsize 2
2026-02-02 17:11:18,096 - INFO - EPOCH 8 - PROGRESS: at 97.93% examples, 840788 words/s, in_qsize 27, out_qsize 0
2026-02-02 17:11:19,106 - INFO - EPOCH 8 - PROGRESS: at 98.09% examples, 840820 words/s, in_qsize 25, out_qsize 3
2026-02-02 17:11:20,110 - INFO - EPOCH 8 - PROGRESS: at 98.26% examples, 840906 words/s, in_qsize 24, out_qsize 2
2026-02-02 17:11:21,134 - INFO - EPOCH 8 - PROGRESS: at 98.44% examples, 840993 words/s, in_qsize 28, out_qsize 1
2026-02-02 17:11:22,156 - INFO - EPOCH 8 - PROGRESS: at 98.57% examples, 841085 words/s, in_qsize 28, out_qsize 1
2026-02-02 17:11:23,195 - INFO - EPOCH 8 - PROGRESS: at 98.68% examples, 841119 words/s, in_qsize 28, out_qsize 2
2026-02-02 17:11:24,206 - INFO - EPOCH 8 - PROGRESS: at 98.83% examples, 841153 words/s, in_qsize 27, out_qsize 0
2026-02-02 17:11:25,212 - INFO - EPOCH 8 - PROGRESS: at 99.00% examples, 841002 words/s, in_qsize 27, out_qsize 0
2026-02-02 17:11:26,230 - INFO - EPOCH 8 - PROGRESS: at 99.19% examples, 840853 words/s, in_qsize 28, out_qsize 0
2026-02-02 17:11:27,233 - INFO - EPOCH 8 - PROGRESS: at 99.34% examples, 840545 words/s, in_qsize 23, out_qsize 7
2026-02-02 17:11:28,234 - INFO - EPOCH 8 - PROGRESS: at 99.49% examples, 840482 words/s, in_qsize 24, out_qsize 3
2026-02-02 17:11:29,237 - INFO - EPOCH 8 - PROGRESS: at 99.65% examples, 840382 words/s, in_qsize 27, out_qsize 0
2026-02-02 17:11:30,251 - INFO - EPOCH 8 - PROGRESS: at 99.79% examples, 840253 words/s, in_qsize 27, out_qsize 0
2026-02-02 17:11:31,258 - INFO - EPOCH 8 - PROGRESS: at 99.94% examples, 840347 words/s, in_qsize 27, out_qsize 0
2026-02-02 17:11:31,536 - DEBUG - job loop exiting, total 60863 jobs
2026-02-02 17:11:31,649 - DEBUG - worker exiting, processed 4350 jobs
2026-02-02 17:11:31,649 - DEBUG - worker thread finished; awaiting finish of 13 more threads
2026-02-02 17:11:31,665 - DEBUG - worker exiting, processed 4366 jobs
2026-02-02 17:11:31,665 - DEBUG - worker thread finished; awaiting finish of 12 more threads
2026-02-02 17:11:31,676 - DEBUG - worker exiting, processed 4377 jobs
2026-02-02 17:11:31,676 - DEBUG - worker thread finished; awaiting finish of 11 more threads
2026-02-02 17:11:31,679 - DEBUG - worker exiting, processed 4163 jobs
2026-02-02 17:11:31,679 - DEBUG - worker thread finished; awaiting finish of 10 more threads
2026-02-02 17:11:31,683 - DEBUG - worker exiting, processed 4354 jobs
2026-02-02 17:11:31,683 - DEBUG - worker thread finished; awaiting finish of 9 more threads
2026-02-02 17:11:31,688 - DEBUG - worker exiting, processed 4354 jobs
2026-02-02 17:11:31,688 - DEBUG - worker thread finished; awaiting finish of 8 more threads
2026-02-02 17:11:31,702 - DEBUG - worker exiting, processed 4361 jobs
2026-02-02 17:11:31,702 - DEBUG - worker thread finished; awaiting finish of 7 more threads
2026-02-02 17:11:31,706 - DEBUG - worker exiting, processed 4358 jobs
2026-02-02 17:11:31,706 - DEBUG - worker thread finished; awaiting finish of 6 more threads
2026-02-02 17:11:31,708 - DEBUG - worker exiting, processed 4355 jobs
2026-02-02 17:11:31,708 - DEBUG - worker thread finished; awaiting finish of 5 more threads
2026-02-02 17:11:31,713 - DEBUG - worker exiting, processed 4369 jobs
2026-02-02 17:11:31,713 - DEBUG - worker thread finished; awaiting finish of 4 more threads
2026-02-02 17:11:31,714 - DEBUG - worker exiting, processed 4381 jobs
2026-02-02 17:11:31,714 - DEBUG - worker thread finished; awaiting finish of 3 more threads
2026-02-02 17:11:31,732 - DEBUG - worker exiting, processed 4369 jobs
2026-02-02 17:11:31,732 - DEBUG - worker thread finished; awaiting finish of 2 more threads
2026-02-02 17:11:31,739 - DEBUG - worker exiting, processed 4354 jobs
2026-02-02 17:11:31,739 - DEBUG - worker thread finished; awaiting finish of 1 more threads
2026-02-02 17:11:31,743 - DEBUG - worker exiting, processed 4352 jobs
2026-02-02 17:11:31,743 - DEBUG - worker thread finished; awaiting finish of 0 more threads
2026-02-02 17:11:31,743 - INFO - EPOCH 8: training on 604933589 raw words (478683485 effective words) took 569.6s, 840439 effective words/s
2026-02-02 17:11:31,743 - INFO - Epoch 9 completed in 569.6s
2026-02-02 17:11:31,744 - INFO - Epoch 10 starting...
2026-02-02 17:11:32,755 - INFO - EPOCH 9 - PROGRESS: at 0.10% examples, 636705 words/s, in_qsize 27, out_qsize 0
2026-02-02 17:11:33,774 - INFO - EPOCH 9 - PROGRESS: at 0.27% examples, 729846 words/s, in_qsize 27, out_qsize 0
2026-02-02 17:11:34,779 - INFO - EPOCH 9 - PROGRESS: at 0.46% examples, 762243 words/s, in_qsize 26, out_qsize 1
2026-02-02 17:11:35,800 - INFO - EPOCH 9 - PROGRESS: at 0.65% examples, 785154 words/s, in_qsize 23, out_qsize 3
2026-02-02 17:11:36,807 - INFO - EPOCH 9 - PROGRESS: at 0.86% examples, 809067 words/s, in_qsize 26, out_qsize 1
2026-02-02 17:11:37,807 - INFO - EPOCH 9 - PROGRESS: at 1.05% examples, 819332 words/s, in_qsize 25, out_qsize 1
2026-02-02 17:11:38,834 - INFO - EPOCH 9 - PROGRESS: at 1.25% examples, 827692 words/s, in_qsize 27, out_qsize 1
2026-02-02 17:11:39,837 - INFO - EPOCH 9 - PROGRESS: at 1.42% examples, 835550 words/s, in_qsize 27, out_qsize 0
2026-02-02 17:11:40,838 - INFO - EPOCH 9 - PROGRESS: at 1.58% examples, 838698 words/s, in_qsize 27, out_qsize 0
2026-02-02 17:11:41,860 - INFO - EPOCH 9 - PROGRESS: at 1.73% examples, 839963 words/s, in_qsize 28, out_qsize 1
2026-02-02 17:11:42,892 - INFO - EPOCH 9 - PROGRESS: at 1.90% examples, 843890 words/s, in_qsize 28, out_qsize 1
2026-02-02 17:11:43,896 - INFO - EPOCH 9 - PROGRESS: at 2.05% examples, 846062 words/s, in_qsize 28, out_qsize 0
2026-02-02 17:11:44,903 - INFO - EPOCH 9 - PROGRESS: at 2.19% examples, 848604 words/s, in_qsize 26, out_qsize 1
2026-02-02 17:11:45,909 - INFO - EPOCH 9 - PROGRESS: at 2.35% examples, 851851 words/s, in_qsize 27, out_qsize 0
2026-02-02 17:11:46,919 - INFO - EPOCH 9 - PROGRESS: at 2.49% examples, 849225 words/s, in_qsize 27, out_qsize 3
2026-02-02 17:11:47,921 - INFO - EPOCH 9 - PROGRESS: at 2.63% examples, 848882 words/s, in_qsize 28, out_qsize 0
2026-02-02 17:11:48,924 - INFO - EPOCH 9 - PROGRESS: at 2.78% examples, 849515 words/s, in_qsize 27, out_qsize 0
2026-02-02 17:11:49,946 - INFO - EPOCH 9 - PROGRESS: at 2.94% examples, 851642 words/s, in_qsize 27, out_qsize 0
2026-02-02 17:11:50,959 - INFO - EPOCH 9 - PROGRESS: at 3.10% examples, 853662 words/s, in_qsize 18, out_qsize 0
2026-02-02 17:11:52,016 - INFO - EPOCH 9 - PROGRESS: at 3.30% examples, 849060 words/s, in_qsize 28, out_qsize 0
2026-02-02 17:11:53,037 - INFO - EPOCH 9 - PROGRESS: at 3.46% examples, 844019 words/s, in_qsize 27, out_qsize 3
2026-02-02 17:11:54,042 - INFO - EPOCH 9 - PROGRESS: at 3.62% examples, 843931 words/s, in_qsize 27, out_qsize 0
2026-02-02 17:11:55,049 - INFO - EPOCH 9 - PROGRESS: at 3.79% examples, 839809 words/s, in_qsize 27, out_qsize 0
2026-02-02 17:11:56,059 - INFO - EPOCH 9 - PROGRESS: at 3.95% examples, 836086 words/s, in_qsize 28, out_qsize 0
2026-02-02 17:11:57,093 - INFO - EPOCH 9 - PROGRESS: at 4.11% examples, 831750 words/s, in_qsize 27, out_qsize 1
2026-02-02 17:11:58,119 - INFO - EPOCH 9 - PROGRESS: at 4.27% examples, 827479 words/s, in_qsize 26, out_qsize 2
2026-02-02 17:11:59,127 - INFO - EPOCH 9 - PROGRESS: at 4.43% examples, 825271 words/s, in_qsize 23, out_qsize 4
2026-02-02 17:12:00,136 - INFO - EPOCH 9 - PROGRESS: at 4.58% examples, 826362 words/s, in_qsize 28, out_qsize 0
2026-02-02 17:12:01,137 - INFO - EPOCH 9 - PROGRESS: at 4.72% examples, 828525 words/s, in_qsize 20, out_qsize 1
2026-02-02 17:12:02,145 - INFO - EPOCH 9 - PROGRESS: at 4.85% examples, 830572 words/s, in_qsize 28, out_qsize 0
2026-02-02 17:12:03,188 - INFO - EPOCH 9 - PROGRESS: at 4.97% examples, 831224 words/s, in_qsize 27, out_qsize 4
2026-02-02 17:12:04,198 - INFO - EPOCH 9 - PROGRESS: at 5.17% examples, 833632 words/s, in_qsize 28, out_qsize 3
2026-02-02 17:12:05,198 - INFO - EPOCH 9 - PROGRESS: at 5.35% examples, 833756 words/s, in_qsize 27, out_qsize 1
2026-02-02 17:12:06,209 - INFO - EPOCH 9 - PROGRESS: at 5.53% examples, 834268 words/s, in_qsize 24, out_qsize 7
2026-02-02 17:12:07,241 - INFO - EPOCH 9 - PROGRESS: at 5.70% examples, 834600 words/s, in_qsize 24, out_qsize 4
2026-02-02 17:12:08,241 - INFO - EPOCH 9 - PROGRESS: at 5.84% examples, 835025 words/s, in_qsize 28, out_qsize 2
2026-02-02 17:12:09,244 - INFO - EPOCH 9 - PROGRESS: at 6.02% examples, 835087 words/s, in_qsize 26, out_qsize 8
2026-02-02 17:12:10,262 - INFO - EPOCH 9 - PROGRESS: at 6.20% examples, 834400 words/s, in_qsize 27, out_qsize 0
2026-02-02 17:12:11,264 - INFO - EPOCH 9 - PROGRESS: at 6.41% examples, 832165 words/s, in_qsize 27, out_qsize 0
2026-02-02 17:12:12,278 - INFO - EPOCH 9 - PROGRESS: at 6.64% examples, 830207 words/s, in_qsize 28, out_qsize 0
2026-02-02 17:12:13,280 - INFO - EPOCH 9 - PROGRESS: at 6.86% examples, 828395 words/s, in_qsize 27, out_qsize 0
2026-02-02 17:12:14,293 - INFO - EPOCH 9 - PROGRESS: at 7.09% examples, 827039 words/s, in_qsize 26, out_qsize 3
2026-02-02 17:12:15,297 - INFO - EPOCH 9 - PROGRESS: at 7.23% examples, 828534 words/s, in_qsize 26, out_qsize 1
2026-02-02 17:12:16,311 - INFO - EPOCH 9 - PROGRESS: at 7.42% examples, 828985 words/s, in_qsize 28, out_qsize 2
2026-02-02 17:12:17,335 - INFO - EPOCH 9 - PROGRESS: at 7.58% examples, 830732 words/s, in_qsize 24, out_qsize 3
2026-02-02 17:12:18,335 - INFO - EPOCH 9 - PROGRESS: at 7.76% examples, 832283 words/s, in_qsize 26, out_qsize 1
2026-02-02 17:12:19,341 - INFO - EPOCH 9 - PROGRESS: at 7.94% examples, 833941 words/s, in_qsize 26, out_qsize 1
2026-02-02 17:12:20,346 - INFO - EPOCH 9 - PROGRESS: at 8.10% examples, 834054 words/s, in_qsize 25, out_qsize 2
2026-02-02 17:12:21,352 - INFO - EPOCH 9 - PROGRESS: at 8.27% examples, 835282 words/s, in_qsize 27, out_qsize 1
2026-02-02 17:12:22,365 - INFO - EPOCH 9 - PROGRESS: at 8.44% examples, 836120 words/s, in_qsize 28, out_qsize 1
2026-02-02 17:12:23,365 - INFO - EPOCH 9 - PROGRESS: at 8.56% examples, 837502 words/s, in_qsize 27, out_qsize 0
2026-02-02 17:12:24,369 - INFO - EPOCH 9 - PROGRESS: at 8.69% examples, 835628 words/s, in_qsize 27, out_qsize 0
2026-02-02 17:12:25,372 - INFO - EPOCH 9 - PROGRESS: at 8.86% examples, 835753 words/s, in_qsize 25, out_qsize 0
2026-02-02 17:12:26,383 - INFO - EPOCH 9 - PROGRESS: at 9.03% examples, 836049 words/s, in_qsize 27, out_qsize 0
2026-02-02 17:12:27,395 - INFO - EPOCH 9 - PROGRESS: at 9.18% examples, 834717 words/s, in_qsize 27, out_qsize 1
2026-02-02 17:12:28,415 - INFO - EPOCH 9 - PROGRESS: at 9.34% examples, 834900 words/s, in_qsize 27, out_qsize 0
2026-02-02 17:12:29,431 - INFO - EPOCH 9 - PROGRESS: at 9.47% examples, 834166 words/s, in_qsize 26, out_qsize 1
2026-02-02 17:12:30,451 - INFO - EPOCH 9 - PROGRESS: at 9.64% examples, 834649 words/s, in_qsize 28, out_qsize 2
2026-02-02 17:12:31,454 - INFO - EPOCH 9 - PROGRESS: at 9.80% examples, 833823 words/s, in_qsize 28, out_qsize 0
2026-02-02 17:12:32,454 - INFO - EPOCH 9 - PROGRESS: at 9.96% examples, 832149 words/s, in_qsize 28, out_qsize 0
2026-02-02 17:12:33,485 - INFO - EPOCH 9 - PROGRESS: at 10.12% examples, 830140 words/s, in_qsize 26, out_qsize 1
2026-02-02 17:12:34,490 - INFO - EPOCH 9 - PROGRESS: at 10.28% examples, 829568 words/s, in_qsize 28, out_qsize 2
2026-02-02 17:12:35,494 - INFO - EPOCH 9 - PROGRESS: at 10.44% examples, 828627 words/s, in_qsize 27, out_qsize 0
2026-02-02 17:12:36,497 - INFO - EPOCH 9 - PROGRESS: at 10.59% examples, 827590 words/s, in_qsize 28, out_qsize 0
2026-02-02 17:12:37,505 - INFO - EPOCH 9 - PROGRESS: at 10.80% examples, 827475 words/s, in_qsize 25, out_qsize 5
2026-02-02 17:12:38,569 - INFO - EPOCH 9 - PROGRESS: at 11.00% examples, 825396 words/s, in_qsize 27, out_qsize 9
2026-02-02 17:12:39,582 - INFO - EPOCH 9 - PROGRESS: at 11.21% examples, 824310 words/s, in_qsize 28, out_qsize 5
2026-02-02 17:12:40,592 - INFO - EPOCH 9 - PROGRESS: at 11.41% examples, 822966 words/s, in_qsize 28, out_qsize 3
2026-02-02 17:12:41,617 - INFO - EPOCH 9 - PROGRESS: at 11.60% examples, 822304 words/s, in_qsize 27, out_qsize 0
2026-02-02 17:12:42,648 - INFO - EPOCH 9 - PROGRESS: at 11.73% examples, 822737 words/s, in_qsize 28, out_qsize 0
2026-02-02 17:12:43,648 - INFO - EPOCH 9 - PROGRESS: at 11.98% examples, 823191 words/s, in_qsize 27, out_qsize 0
2026-02-02 17:12:44,660 - INFO - EPOCH 9 - PROGRESS: at 12.22% examples, 822298 words/s, in_qsize 28, out_qsize 0
2026-02-02 17:12:45,673 - INFO - EPOCH 9 - PROGRESS: at 12.48% examples, 822478 words/s, in_qsize 27, out_qsize 0
2026-02-02 17:12:46,673 - INFO - EPOCH 9 - PROGRESS: at 12.70% examples, 821237 words/s, in_qsize 25, out_qsize 3
2026-02-02 17:12:47,682 - INFO - EPOCH 9 - PROGRESS: at 12.95% examples, 820971 words/s, in_qsize 27, out_qsize 0
2026-02-02 17:12:48,722 - INFO - EPOCH 9 - PROGRESS: at 13.22% examples, 821077 words/s, in_qsize 28, out_qsize 1
2026-02-02 17:12:49,725 - INFO - EPOCH 9 - PROGRESS: at 13.48% examples, 821259 words/s, in_qsize 28, out_qsize 1
2026-02-02 17:12:50,727 - INFO - EPOCH 9 - PROGRESS: at 13.72% examples, 820577 words/s, in_qsize 28, out_qsize 0
2026-02-02 17:12:51,729 - INFO - EPOCH 9 - PROGRESS: at 13.99% examples, 821067 words/s, in_qsize 27, out_qsize 0
2026-02-02 17:12:52,734 - INFO - EPOCH 9 - PROGRESS: at 14.19% examples, 820638 words/s, in_qsize 26, out_qsize 1
2026-02-02 17:12:53,756 - INFO - EPOCH 9 - PROGRESS: at 14.40% examples, 820778 words/s, in_qsize 26, out_qsize 1
2026-02-02 17:12:54,763 - INFO - EPOCH 9 - PROGRESS: at 14.59% examples, 820290 words/s, in_qsize 27, out_qsize 0
2026-02-02 17:12:55,782 - INFO - EPOCH 9 - PROGRESS: at 14.78% examples, 819603 words/s, in_qsize 28, out_qsize 1
2026-02-02 17:12:56,801 - INFO - EPOCH 9 - PROGRESS: at 14.99% examples, 820051 words/s, in_qsize 28, out_qsize 0
2026-02-02 17:12:57,826 - INFO - EPOCH 9 - PROGRESS: at 15.20% examples, 820238 words/s, in_qsize 24, out_qsize 3
2026-02-02 17:12:58,837 - INFO - EPOCH 9 - PROGRESS: at 15.40% examples, 820723 words/s, in_qsize 27, out_qsize 0
2026-02-02 17:12:59,861 - INFO - EPOCH 9 - PROGRESS: at 15.60% examples, 820687 words/s, in_qsize 27, out_qsize 0
2026-02-02 17:13:00,870 - INFO - EPOCH 9 - PROGRESS: at 15.81% examples, 820872 words/s, in_qsize 27, out_qsize 7
2026-02-02 17:13:01,891 - INFO - EPOCH 9 - PROGRESS: at 16.04% examples, 821960 words/s, in_qsize 27, out_qsize 0
2026-02-02 17:13:02,899 - INFO - EPOCH 9 - PROGRESS: at 16.23% examples, 821623 words/s, in_qsize 26, out_qsize 5
2026-02-02 17:13:03,930 - INFO - EPOCH 9 - PROGRESS: at 16.43% examples, 821097 words/s, in_qsize 27, out_qsize 0
2026-02-02 17:13:04,984 - INFO - EPOCH 9 - PROGRESS: at 16.64% examples, 820795 words/s, in_qsize 28, out_qsize 1
2026-02-02 17:13:06,000 - INFO - EPOCH 9 - PROGRESS: at 16.85% examples, 821152 words/s, in_qsize 28, out_qsize 1
2026-02-02 17:13:07,013 - INFO - EPOCH 9 - PROGRESS: at 17.08% examples, 822094 words/s, in_qsize 28, out_qsize 0
2026-02-02 17:13:08,040 - INFO - EPOCH 9 - PROGRESS: at 17.31% examples, 822899 words/s, in_qsize 28, out_qsize 0
2026-02-02 17:13:09,050 - INFO - EPOCH 9 - PROGRESS: at 17.52% examples, 823289 words/s, in_qsize 26, out_qsize 2
2026-02-02 17:13:10,091 - INFO - EPOCH 9 - PROGRESS: at 17.71% examples, 822365 words/s, in_qsize 28, out_qsize 0
2026-02-02 17:13:11,097 - INFO - EPOCH 9 - PROGRESS: at 17.89% examples, 821352 words/s, in_qsize 27, out_qsize 0
2026-02-02 17:13:12,099 - INFO - EPOCH 9 - PROGRESS: at 18.08% examples, 820791 words/s, in_qsize 27, out_qsize 0
2026-02-02 17:13:13,102 - INFO - EPOCH 9 - PROGRESS: at 18.27% examples, 819994 words/s, in_qsize 27, out_qsize 0
2026-02-02 17:13:14,117 - INFO - EPOCH 9 - PROGRESS: at 18.45% examples, 819113 words/s, in_qsize 28, out_qsize 0
2026-02-02 17:13:15,119 - INFO - EPOCH 9 - PROGRESS: at 18.63% examples, 818428 words/s, in_qsize 27, out_qsize 1
2026-02-02 17:13:16,139 - INFO - EPOCH 9 - PROGRESS: at 18.78% examples, 817965 words/s, in_qsize 26, out_qsize 1
2026-02-02 17:13:17,141 - INFO - EPOCH 9 - PROGRESS: at 18.93% examples, 818466 words/s, in_qsize 27, out_qsize 0
2026-02-02 17:13:18,146 - INFO - EPOCH 9 - PROGRESS: at 19.11% examples, 819038 words/s, in_qsize 26, out_qsize 0
2026-02-02 17:13:19,154 - INFO - EPOCH 9 - PROGRESS: at 19.28% examples, 819006 words/s, in_qsize 27, out_qsize 0
2026-02-02 17:13:20,169 - INFO - EPOCH 9 - PROGRESS: at 19.47% examples, 819232 words/s, in_qsize 27, out_qsize 0
2026-02-02 17:13:21,201 - INFO - EPOCH 9 - PROGRESS: at 19.63% examples, 818448 words/s, in_qsize 26, out_qsize 1
2026-02-02 17:13:22,231 - INFO - EPOCH 9 - PROGRESS: at 19.82% examples, 818723 words/s, in_qsize 28, out_qsize 3
2026-02-02 17:13:23,246 - INFO - EPOCH 9 - PROGRESS: at 20.03% examples, 819306 words/s, in_qsize 27, out_qsize 0
2026-02-02 17:13:24,285 - INFO - EPOCH 9 - PROGRESS: at 20.18% examples, 817630 words/s, in_qsize 23, out_qsize 4
2026-02-02 17:13:25,295 - INFO - EPOCH 9 - PROGRESS: at 20.32% examples, 817745 words/s, in_qsize 27, out_qsize 0
2026-02-02 17:13:26,332 - INFO - EPOCH 9 - PROGRESS: at 20.44% examples, 816983 words/s, in_qsize 28, out_qsize 1
2026-02-02 17:13:27,341 - INFO - EPOCH 9 - PROGRESS: at 20.56% examples, 816525 words/s, in_qsize 27, out_qsize 0
2026-02-02 17:13:28,391 - INFO - EPOCH 9 - PROGRESS: at 20.70% examples, 816585 words/s, in_qsize 28, out_qsize 0
2026-02-02 17:13:29,395 - INFO - EPOCH 9 - PROGRESS: at 20.84% examples, 817033 words/s, in_qsize 27, out_qsize 0
2026-02-02 17:13:30,398 - INFO - EPOCH 9 - PROGRESS: at 21.03% examples, 817308 words/s, in_qsize 28, out_qsize 3
2026-02-02 17:13:31,400 - INFO - EPOCH 9 - PROGRESS: at 21.26% examples, 817801 words/s, in_qsize 26, out_qsize 1
2026-02-02 17:13:32,401 - INFO - EPOCH 9 - PROGRESS: at 21.46% examples, 817185 words/s, in_qsize 28, out_qsize 1
2026-02-02 17:13:33,417 - INFO - EPOCH 9 - PROGRESS: at 21.59% examples, 816801 words/s, in_qsize 27, out_qsize 8
2026-02-02 17:13:34,417 - INFO - EPOCH 9 - PROGRESS: at 21.75% examples, 817280 words/s, in_qsize 27, out_qsize 0
2026-02-02 17:13:35,446 - INFO - EPOCH 9 - PROGRESS: at 21.89% examples, 816791 words/s, in_qsize 28, out_qsize 1
2026-02-02 17:13:36,457 - INFO - EPOCH 9 - PROGRESS: at 22.12% examples, 816569 words/s, in_qsize 27, out_qsize 0
2026-02-02 17:13:37,489 - INFO - EPOCH 9 - PROGRESS: at 22.32% examples, 816753 words/s, in_qsize 27, out_qsize 0
2026-02-02 17:13:38,494 - INFO - EPOCH 9 - PROGRESS: at 22.58% examples, 816142 words/s, in_qsize 28, out_qsize 1
2026-02-02 17:13:39,506 - INFO - EPOCH 9 - PROGRESS: at 22.81% examples, 815566 words/s, in_qsize 28, out_qsize 1
2026-02-02 17:13:40,517 - INFO - EPOCH 9 - PROGRESS: at 22.99% examples, 815316 words/s, in_qsize 26, out_qsize 1
2026-02-02 17:13:41,529 - INFO - EPOCH 9 - PROGRESS: at 23.18% examples, 814836 words/s, in_qsize 28, out_qsize 0
2026-02-02 17:13:42,538 - INFO - EPOCH 9 - PROGRESS: at 23.37% examples, 814382 words/s, in_qsize 28, out_qsize 0
2026-02-02 17:13:43,553 - INFO - EPOCH 9 - PROGRESS: at 23.59% examples, 814671 words/s, in_qsize 27, out_qsize 0
2026-02-02 17:13:44,564 - INFO - EPOCH 9 - PROGRESS: at 23.81% examples, 815101 words/s, in_qsize 27, out_qsize 0
2026-02-02 17:13:45,574 - INFO - EPOCH 9 - PROGRESS: at 24.02% examples, 815464 words/s, in_qsize 27, out_qsize 0
2026-02-02 17:13:46,576 - INFO - EPOCH 9 - PROGRESS: at 24.21% examples, 815131 words/s, in_qsize 25, out_qsize 1
2026-02-02 17:13:47,608 - INFO - EPOCH 9 - PROGRESS: at 24.39% examples, 815078 words/s, in_qsize 27, out_qsize 1
2026-02-02 17:13:48,624 - INFO - EPOCH 9 - PROGRESS: at 24.57% examples, 815472 words/s, in_qsize 27, out_qsize 0
2026-02-02 17:13:49,650 - INFO - EPOCH 9 - PROGRESS: at 24.73% examples, 815744 words/s, in_qsize 27, out_qsize 0
2026-02-02 17:13:50,655 - INFO - EPOCH 9 - PROGRESS: at 24.91% examples, 816091 words/s, in_qsize 28, out_qsize 2
2026-02-02 17:13:51,719 - INFO - EPOCH 9 - PROGRESS: at 25.08% examples, 816026 words/s, in_qsize 28, out_qsize 0
2026-02-02 17:13:52,735 - INFO - EPOCH 9 - PROGRESS: at 25.23% examples, 815735 words/s, in_qsize 27, out_qsize 0
2026-02-02 17:13:53,740 - INFO - EPOCH 9 - PROGRESS: at 25.39% examples, 816231 words/s, in_qsize 27, out_qsize 0
2026-02-02 17:13:54,766 - INFO - EPOCH 9 - PROGRESS: at 25.59% examples, 816594 words/s, in_qsize 27, out_qsize 2
2026-02-02 17:13:55,775 - INFO - EPOCH 9 - PROGRESS: at 25.82% examples, 817346 words/s, in_qsize 27, out_qsize 0
2026-02-02 17:13:56,790 - INFO - EPOCH 9 - PROGRESS: at 25.99% examples, 817393 words/s, in_qsize 26, out_qsize 2
2026-02-02 17:13:57,806 - INFO - EPOCH 9 - PROGRESS: at 26.23% examples, 817985 words/s, in_qsize 28, out_qsize 0
2026-02-02 17:13:58,819 - INFO - EPOCH 9 - PROGRESS: at 26.46% examples, 818415 words/s, in_qsize 28, out_qsize 0
2026-02-02 17:13:59,848 - INFO - EPOCH 9 - PROGRESS: at 26.71% examples, 819100 words/s, in_qsize 27, out_qsize 0
2026-02-02 17:14:00,869 - INFO - EPOCH 9 - PROGRESS: at 26.92% examples, 819307 words/s, in_qsize 28, out_qsize 3
2026-02-02 17:14:01,879 - INFO - EPOCH 9 - PROGRESS: at 27.15% examples, 820045 words/s, in_qsize 26, out_qsize 1
2026-02-02 17:14:02,899 - INFO - EPOCH 9 - PROGRESS: at 27.31% examples, 820471 words/s, in_qsize 28, out_qsize 1
2026-02-02 17:14:03,905 - INFO - EPOCH 9 - PROGRESS: at 27.43% examples, 820820 words/s, in_qsize 28, out_qsize 0
2026-02-02 17:14:04,914 - INFO - EPOCH 9 - PROGRESS: at 27.61% examples, 821132 words/s, in_qsize 28, out_qsize 4
2026-02-02 17:14:05,940 - INFO - EPOCH 9 - PROGRESS: at 27.81% examples, 821706 words/s, in_qsize 26, out_qsize 1
2026-02-02 17:14:06,953 - INFO - EPOCH 9 - PROGRESS: at 28.01% examples, 822172 words/s, in_qsize 28, out_qsize 1
2026-02-02 17:14:07,957 - INFO - EPOCH 9 - PROGRESS: at 28.09% examples, 822417 words/s, in_qsize 24, out_qsize 3
2026-02-02 17:14:08,981 - INFO - EPOCH 9 - PROGRESS: at 28.25% examples, 822439 words/s, in_qsize 27, out_qsize 0
2026-02-02 17:14:10,020 - INFO - EPOCH 9 - PROGRESS: at 28.43% examples, 822549 words/s, in_qsize 27, out_qsize 1
2026-02-02 17:14:11,022 - INFO - EPOCH 9 - PROGRESS: at 28.61% examples, 822474 words/s, in_qsize 27, out_qsize 0
2026-02-02 17:14:12,036 - INFO - EPOCH 9 - PROGRESS: at 28.79% examples, 822497 words/s, in_qsize 28, out_qsize 1
2026-02-02 17:14:13,049 - INFO - EPOCH 9 - PROGRESS: at 28.98% examples, 822718 words/s, in_qsize 27, out_qsize 0
2026-02-02 17:14:14,050 - INFO - EPOCH 9 - PROGRESS: at 29.16% examples, 822671 words/s, in_qsize 26, out_qsize 1
2026-02-02 17:14:15,073 - INFO - EPOCH 9 - PROGRESS: at 29.35% examples, 822797 words/s, in_qsize 27, out_qsize 1
2026-02-02 17:14:16,080 - INFO - EPOCH 9 - PROGRESS: at 29.51% examples, 822338 words/s, in_qsize 28, out_qsize 2
2026-02-02 17:14:17,084 - INFO - EPOCH 9 - PROGRESS: at 29.69% examples, 822356 words/s, in_qsize 28, out_qsize 2
2026-02-02 17:14:18,103 - INFO - EPOCH 9 - PROGRESS: at 29.89% examples, 822071 words/s, in_qsize 27, out_qsize 0
2026-02-02 17:14:19,107 - INFO - EPOCH 9 - PROGRESS: at 30.10% examples, 821786 words/s, in_qsize 27, out_qsize 0
2026-02-02 17:14:20,115 - INFO - EPOCH 9 - PROGRESS: at 30.23% examples, 821986 words/s, in_qsize 27, out_qsize 0
2026-02-02 17:14:21,138 - INFO - EPOCH 9 - PROGRESS: at 30.41% examples, 821884 words/s, in_qsize 28, out_qsize 2
2026-02-02 17:14:22,180 - INFO - EPOCH 9 - PROGRESS: at 30.59% examples, 822116 words/s, in_qsize 26, out_qsize 2
2026-02-02 17:14:23,202 - INFO - EPOCH 9 - PROGRESS: at 30.76% examples, 822072 words/s, in_qsize 27, out_qsize 0
2026-02-02 17:14:24,208 - INFO - EPOCH 9 - PROGRESS: at 30.89% examples, 821460 words/s, in_qsize 27, out_qsize 0
2026-02-02 17:14:25,222 - INFO - EPOCH 9 - PROGRESS: at 31.04% examples, 821532 words/s, in_qsize 26, out_qsize 1
2026-02-02 17:14:26,225 - INFO - EPOCH 9 - PROGRESS: at 31.18% examples, 821259 words/s, in_qsize 28, out_qsize 0
2026-02-02 17:14:27,230 - INFO - EPOCH 9 - PROGRESS: at 31.33% examples, 821070 words/s, in_qsize 25, out_qsize 2
2026-02-02 17:14:28,265 - INFO - EPOCH 9 - PROGRESS: at 31.47% examples, 820753 words/s, in_qsize 27, out_qsize 1
2026-02-02 17:14:29,268 - INFO - EPOCH 9 - PROGRESS: at 31.62% examples, 820872 words/s, in_qsize 27, out_qsize 1
2026-02-02 17:14:30,288 - INFO - EPOCH 9 - PROGRESS: at 31.79% examples, 821161 words/s, in_qsize 27, out_qsize 0
2026-02-02 17:14:31,317 - INFO - EPOCH 9 - PROGRESS: at 31.94% examples, 821151 words/s, in_qsize 28, out_qsize 0
2026-02-02 17:14:32,350 - INFO - EPOCH 9 - PROGRESS: at 32.10% examples, 821213 words/s, in_qsize 27, out_qsize 4
2026-02-02 17:14:33,371 - INFO - EPOCH 9 - PROGRESS: at 32.26% examples, 821646 words/s, in_qsize 27, out_qsize 0
2026-02-02 17:14:34,375 - INFO - EPOCH 9 - PROGRESS: at 32.50% examples, 821667 words/s, in_qsize 25, out_qsize 3
2026-02-02 17:14:35,390 - INFO - EPOCH 9 - PROGRESS: at 32.72% examples, 821373 words/s, in_qsize 27, out_qsize 0
2026-02-02 17:14:36,421 - INFO - EPOCH 9 - PROGRESS: at 32.86% examples, 820958 words/s, in_qsize 27, out_qsize 0
2026-02-02 17:14:37,440 - INFO - EPOCH 9 - PROGRESS: at 33.04% examples, 820326 words/s, in_qsize 26, out_qsize 1
2026-02-02 17:14:38,452 - INFO - EPOCH 9 - PROGRESS: at 33.22% examples, 819850 words/s, in_qsize 27, out_qsize 0
2026-02-02 17:14:39,502 - INFO - EPOCH 9 - PROGRESS: at 33.40% examples, 819219 words/s, in_qsize 25, out_qsize 3
2026-02-02 17:14:40,520 - INFO - EPOCH 9 - PROGRESS: at 33.61% examples, 819432 words/s, in_qsize 28, out_qsize 0
2026-02-02 17:14:41,536 - INFO - EPOCH 9 - PROGRESS: at 33.83% examples, 819599 words/s, in_qsize 27, out_qsize 2
2026-02-02 17:14:42,540 - INFO - EPOCH 9 - PROGRESS: at 34.05% examples, 820016 words/s, in_qsize 25, out_qsize 2
2026-02-02 17:14:43,548 - INFO - EPOCH 9 - PROGRESS: at 34.18% examples, 819891 words/s, in_qsize 28, out_qsize 0
2026-02-02 17:14:44,553 - INFO - EPOCH 9 - PROGRESS: at 34.29% examples, 820034 words/s, in_qsize 26, out_qsize 1
2026-02-02 17:14:45,565 - INFO - EPOCH 9 - PROGRESS: at 34.48% examples, 820295 words/s, in_qsize 28, out_qsize 0
2026-02-02 17:14:46,569 - INFO - EPOCH 9 - PROGRESS: at 34.62% examples, 820603 words/s, in_qsize 27, out_qsize 0
2026-02-02 17:14:47,601 - INFO - EPOCH 9 - PROGRESS: at 34.77% examples, 820874 words/s, in_qsize 28, out_qsize 1
2026-02-02 17:14:48,606 - INFO - EPOCH 9 - PROGRESS: at 34.91% examples, 821135 words/s, in_qsize 27, out_qsize 0
2026-02-02 17:14:49,608 - INFO - EPOCH 9 - PROGRESS: at 35.05% examples, 821177 words/s, in_qsize 27, out_qsize 0
2026-02-02 17:14:50,611 - INFO - EPOCH 9 - PROGRESS: at 35.24% examples, 821510 words/s, in_qsize 27, out_qsize 0
2026-02-02 17:14:51,620 - INFO - EPOCH 9 - PROGRESS: at 35.47% examples, 821722 words/s, in_qsize 28, out_qsize 3
2026-02-02 17:14:52,646 - INFO - EPOCH 9 - PROGRESS: at 35.70% examples, 821907 words/s, in_qsize 27, out_qsize 2
2026-02-02 17:14:53,648 - INFO - EPOCH 9 - PROGRESS: at 35.88% examples, 822251 words/s, in_qsize 27, out_qsize 0
2026-02-02 17:14:54,654 - INFO - EPOCH 9 - PROGRESS: at 36.10% examples, 822559 words/s, in_qsize 27, out_qsize 0
2026-02-02 17:14:55,658 - INFO - EPOCH 9 - PROGRESS: at 36.28% examples, 822724 words/s, in_qsize 25, out_qsize 0
2026-02-02 17:14:56,670 - INFO - EPOCH 9 - PROGRESS: at 36.46% examples, 822971 words/s, in_qsize 27, out_qsize 1
2026-02-02 17:14:57,678 - INFO - EPOCH 9 - PROGRESS: at 36.64% examples, 823267 words/s, in_qsize 28, out_qsize 0
2026-02-02 17:14:58,683 - INFO - EPOCH 9 - PROGRESS: at 36.79% examples, 823583 words/s, in_qsize 28, out_qsize 0
2026-02-02 17:14:59,709 - INFO - EPOCH 9 - PROGRESS: at 36.98% examples, 823736 words/s, in_qsize 22, out_qsize 5
2026-02-02 17:15:00,734 - INFO - EPOCH 9 - PROGRESS: at 37.16% examples, 823908 words/s, in_qsize 27, out_qsize 0
2026-02-02 17:15:01,738 - INFO - EPOCH 9 - PROGRESS: at 37.30% examples, 823678 words/s, in_qsize 27, out_qsize 0
2026-02-02 17:15:02,739 - INFO - EPOCH 9 - PROGRESS: at 37.45% examples, 823821 words/s, in_qsize 27, out_qsize 0
2026-02-02 17:15:03,747 - INFO - EPOCH 9 - PROGRESS: at 37.59% examples, 824004 words/s, in_qsize 28, out_qsize 3
2026-02-02 17:15:04,757 - INFO - EPOCH 9 - PROGRESS: at 37.76% examples, 824463 words/s, in_qsize 27, out_qsize 0
2026-02-02 17:15:05,775 - INFO - EPOCH 9 - PROGRESS: at 37.92% examples, 824719 words/s, in_qsize 27, out_qsize 1
2026-02-02 17:15:06,778 - INFO - EPOCH 9 - PROGRESS: at 38.06% examples, 824942 words/s, in_qsize 28, out_qsize 0
2026-02-02 17:15:07,784 - INFO - EPOCH 9 - PROGRESS: at 38.20% examples, 825063 words/s, in_qsize 28, out_qsize 0
2026-02-02 17:15:08,816 - INFO - EPOCH 9 - PROGRESS: at 38.35% examples, 825137 words/s, in_qsize 28, out_qsize 0
2026-02-02 17:15:09,850 - INFO - EPOCH 9 - PROGRESS: at 38.49% examples, 825239 words/s, in_qsize 28, out_qsize 6
2026-02-02 17:15:10,880 - INFO - EPOCH 9 - PROGRESS: at 38.69% examples, 825650 words/s, in_qsize 27, out_qsize 1
2026-02-02 17:15:11,905 - INFO - EPOCH 9 - PROGRESS: at 38.95% examples, 825881 words/s, in_qsize 27, out_qsize 2
2026-02-02 17:15:12,909 - INFO - EPOCH 9 - PROGRESS: at 39.14% examples, 826074 words/s, in_qsize 27, out_qsize 0
2026-02-02 17:15:13,939 - INFO - EPOCH 9 - PROGRESS: at 39.28% examples, 826199 words/s, in_qsize 28, out_qsize 3
2026-02-02 17:15:14,943 - INFO - EPOCH 9 - PROGRESS: at 39.42% examples, 826420 words/s, in_qsize 28, out_qsize 0
2026-02-02 17:15:15,952 - INFO - EPOCH 9 - PROGRESS: at 39.59% examples, 826574 words/s, in_qsize 27, out_qsize 0
2026-02-02 17:15:16,961 - INFO - EPOCH 9 - PROGRESS: at 39.74% examples, 826234 words/s, in_qsize 27, out_qsize 0
2026-02-02 17:15:17,963 - INFO - EPOCH 9 - PROGRESS: at 39.89% examples, 825993 words/s, in_qsize 28, out_qsize 0
2026-02-02 17:15:18,964 - INFO - EPOCH 9 - PROGRESS: at 40.04% examples, 825796 words/s, in_qsize 28, out_qsize 1
2026-02-02 17:15:19,972 - INFO - EPOCH 9 - PROGRESS: at 40.22% examples, 826061 words/s, in_qsize 27, out_qsize 2
2026-02-02 17:15:20,990 - INFO - EPOCH 9 - PROGRESS: at 40.37% examples, 826237 words/s, in_qsize 27, out_qsize 3
2026-02-02 17:15:22,012 - INFO - EPOCH 9 - PROGRESS: at 40.55% examples, 826357 words/s, in_qsize 28, out_qsize 0
2026-02-02 17:15:23,041 - INFO - EPOCH 9 - PROGRESS: at 40.76% examples, 826625 words/s, in_qsize 27, out_qsize 0
2026-02-02 17:15:24,066 - INFO - EPOCH 9 - PROGRESS: at 40.94% examples, 826274 words/s, in_qsize 27, out_qsize 1
2026-02-02 17:15:25,074 - INFO - EPOCH 9 - PROGRESS: at 41.10% examples, 825876 words/s, in_qsize 28, out_qsize 0
2026-02-02 17:15:26,075 - INFO - EPOCH 9 - PROGRESS: at 41.27% examples, 825543 words/s, in_qsize 28, out_qsize 0
2026-02-02 17:15:27,078 - INFO - EPOCH 9 - PROGRESS: at 41.43% examples, 825660 words/s, in_qsize 26, out_qsize 1
2026-02-02 17:15:28,116 - INFO - EPOCH 9 - PROGRESS: at 41.57% examples, 825347 words/s, in_qsize 27, out_qsize 0
2026-02-02 17:15:29,118 - INFO - EPOCH 9 - PROGRESS: at 41.71% examples, 825502 words/s, in_qsize 27, out_qsize 1
2026-02-02 17:15:30,121 - INFO - EPOCH 9 - PROGRESS: at 41.84% examples, 825666 words/s, in_qsize 24, out_qsize 3
2026-02-02 17:15:31,124 - INFO - EPOCH 9 - PROGRESS: at 41.97% examples, 825691 words/s, in_qsize 24, out_qsize 3
2026-02-02 17:15:32,138 - INFO - EPOCH 9 - PROGRESS: at 42.10% examples, 825894 words/s, in_qsize 27, out_qsize 2
2026-02-02 17:15:33,140 - INFO - EPOCH 9 - PROGRESS: at 42.23% examples, 826205 words/s, in_qsize 27, out_qsize 0
2026-02-02 17:15:34,141 - INFO - EPOCH 9 - PROGRESS: at 42.42% examples, 826285 words/s, in_qsize 28, out_qsize 1
2026-02-02 17:15:35,143 - INFO - EPOCH 9 - PROGRESS: at 42.68% examples, 826648 words/s, in_qsize 26, out_qsize 1
2026-02-02 17:15:36,171 - INFO - EPOCH 9 - PROGRESS: at 42.84% examples, 826837 words/s, in_qsize 23, out_qsize 2
2026-02-02 17:15:37,173 - INFO - EPOCH 9 - PROGRESS: at 43.09% examples, 827161 words/s, in_qsize 27, out_qsize 0
2026-02-02 17:15:38,188 - INFO - EPOCH 9 - PROGRESS: at 43.31% examples, 827413 words/s, in_qsize 27, out_qsize 0
2026-02-02 17:15:39,193 - INFO - EPOCH 9 - PROGRESS: at 43.45% examples, 827660 words/s, in_qsize 27, out_qsize 0
2026-02-02 17:15:40,212 - INFO - EPOCH 9 - PROGRESS: at 43.59% examples, 827697 words/s, in_qsize 26, out_qsize 1
2026-02-02 17:15:41,231 - INFO - EPOCH 9 - PROGRESS: at 43.73% examples, 827923 words/s, in_qsize 28, out_qsize 3
2026-02-02 17:15:42,274 - INFO - EPOCH 9 - PROGRESS: at 43.86% examples, 828126 words/s, in_qsize 24, out_qsize 4
2026-02-02 17:15:43,280 - INFO - EPOCH 9 - PROGRESS: at 44.06% examples, 828072 words/s, in_qsize 27, out_qsize 0
2026-02-02 17:15:44,332 - INFO - EPOCH 9 - PROGRESS: at 44.31% examples, 827696 words/s, in_qsize 27, out_qsize 0
2026-02-02 17:15:45,346 - INFO - EPOCH 9 - PROGRESS: at 44.56% examples, 827356 words/s, in_qsize 27, out_qsize 0
2026-02-02 17:15:46,348 - INFO - EPOCH 9 - PROGRESS: at 44.75% examples, 827485 words/s, in_qsize 27, out_qsize 0
2026-02-02 17:15:47,355 - INFO - EPOCH 9 - PROGRESS: at 44.87% examples, 827260 words/s, in_qsize 28, out_qsize 0
2026-02-02 17:15:48,375 - INFO - EPOCH 9 - PROGRESS: at 45.07% examples, 827465 words/s, in_qsize 24, out_qsize 2
2026-02-02 17:15:49,395 - INFO - EPOCH 9 - PROGRESS: at 45.22% examples, 827626 words/s, in_qsize 27, out_qsize 0
2026-02-02 17:15:50,450 - INFO - EPOCH 9 - PROGRESS: at 45.36% examples, 827725 words/s, in_qsize 27, out_qsize 4
2026-02-02 17:15:51,468 - INFO - EPOCH 9 - PROGRESS: at 45.50% examples, 828011 words/s, in_qsize 23, out_qsize 4
2026-02-02 17:15:52,469 - INFO - EPOCH 9 - PROGRESS: at 45.63% examples, 828171 words/s, in_qsize 24, out_qsize 2
2026-02-02 17:15:53,472 - INFO - EPOCH 9 - PROGRESS: at 45.76% examples, 828332 words/s, in_qsize 28, out_qsize 0
2026-02-02 17:15:54,476 - INFO - EPOCH 9 - PROGRESS: at 45.91% examples, 828523 words/s, in_qsize 27, out_qsize 0
2026-02-02 17:15:55,503 - INFO - EPOCH 9 - PROGRESS: at 46.07% examples, 828567 words/s, in_qsize 28, out_qsize 0
2026-02-02 17:15:56,511 - INFO - EPOCH 9 - PROGRESS: at 46.21% examples, 828802 words/s, in_qsize 27, out_qsize 0
2026-02-02 17:15:57,530 - INFO - EPOCH 9 - PROGRESS: at 46.36% examples, 828964 words/s, in_qsize 27, out_qsize 1
2026-02-02 17:15:58,546 - INFO - EPOCH 9 - PROGRESS: at 46.52% examples, 829168 words/s, in_qsize 26, out_qsize 1
2026-02-02 17:15:59,548 - INFO - EPOCH 9 - PROGRESS: at 46.75% examples, 828683 words/s, in_qsize 25, out_qsize 2
2026-02-02 17:16:00,551 - INFO - EPOCH 9 - PROGRESS: at 47.09% examples, 828668 words/s, in_qsize 27, out_qsize 3
2026-02-02 17:16:01,586 - INFO - EPOCH 9 - PROGRESS: at 47.24% examples, 828643 words/s, in_qsize 28, out_qsize 1
2026-02-02 17:16:02,627 - INFO - EPOCH 9 - PROGRESS: at 47.38% examples, 828316 words/s, in_qsize 26, out_qsize 1
2026-02-02 17:16:03,633 - INFO - EPOCH 9 - PROGRESS: at 47.52% examples, 827984 words/s, in_qsize 23, out_qsize 6
2026-02-02 17:16:04,647 - INFO - EPOCH 9 - PROGRESS: at 47.68% examples, 827919 words/s, in_qsize 26, out_qsize 2
2026-02-02 17:16:05,677 - INFO - EPOCH 9 - PROGRESS: at 47.84% examples, 828055 words/s, in_qsize 28, out_qsize 2
2026-02-02 17:16:06,681 - INFO - EPOCH 9 - PROGRESS: at 48.01% examples, 828357 words/s, in_qsize 27, out_qsize 0
2026-02-02 17:16:07,691 - INFO - EPOCH 9 - PROGRESS: at 48.17% examples, 828505 words/s, in_qsize 27, out_qsize 0
2026-02-02 17:16:08,730 - INFO - EPOCH 9 - PROGRESS: at 48.33% examples, 828499 words/s, in_qsize 26, out_qsize 1
2026-02-02 17:16:09,753 - INFO - EPOCH 9 - PROGRESS: at 48.49% examples, 828598 words/s, in_qsize 28, out_qsize 1
2026-02-02 17:16:10,792 - INFO - EPOCH 9 - PROGRESS: at 48.66% examples, 828794 words/s, in_qsize 28, out_qsize 2
2026-02-02 17:16:11,798 - INFO - EPOCH 9 - PROGRESS: at 48.82% examples, 828943 words/s, in_qsize 24, out_qsize 3
2026-02-02 17:16:12,804 - INFO - EPOCH 9 - PROGRESS: at 48.99% examples, 829205 words/s, in_qsize 27, out_qsize 0
2026-02-02 17:16:13,853 - INFO - EPOCH 9 - PROGRESS: at 49.16% examples, 829256 words/s, in_qsize 27, out_qsize 2
2026-02-02 17:16:14,880 - INFO - EPOCH 9 - PROGRESS: at 49.32% examples, 829399 words/s, in_qsize 23, out_qsize 4
2026-02-02 17:16:15,882 - INFO - EPOCH 9 - PROGRESS: at 49.49% examples, 829720 words/s, in_qsize 28, out_qsize 0
2026-02-02 17:16:16,886 - INFO - EPOCH 9 - PROGRESS: at 49.65% examples, 829778 words/s, in_qsize 28, out_qsize 2
2026-02-02 17:16:17,901 - INFO - EPOCH 9 - PROGRESS: at 49.81% examples, 829847 words/s, in_qsize 24, out_qsize 3
2026-02-02 17:16:18,916 - INFO - EPOCH 9 - PROGRESS: at 49.96% examples, 829972 words/s, in_qsize 28, out_qsize 1
2026-02-02 17:16:19,924 - INFO - EPOCH 9 - PROGRESS: at 50.11% examples, 830197 words/s, in_qsize 28, out_qsize 0
2026-02-02 17:16:20,930 - INFO - EPOCH 9 - PROGRESS: at 50.30% examples, 830394 words/s, in_qsize 27, out_qsize 0
2026-02-02 17:16:21,957 - INFO - EPOCH 9 - PROGRESS: at 50.50% examples, 830540 words/s, in_qsize 28, out_qsize 3
2026-02-02 17:16:22,964 - INFO - EPOCH 9 - PROGRESS: at 50.70% examples, 830474 words/s, in_qsize 28, out_qsize 2
2026-02-02 17:16:23,973 - INFO - EPOCH 9 - PROGRESS: at 50.88% examples, 830163 words/s, in_qsize 26, out_qsize 1
2026-02-02 17:16:24,986 - INFO - EPOCH 9 - PROGRESS: at 51.05% examples, 829932 words/s, in_qsize 27, out_qsize 0
2026-02-02 17:16:26,047 - INFO - EPOCH 9 - PROGRESS: at 51.24% examples, 829514 words/s, in_qsize 28, out_qsize 0
2026-02-02 17:16:27,055 - INFO - EPOCH 9 - PROGRESS: at 51.44% examples, 829228 words/s, in_qsize 26, out_qsize 5
2026-02-02 17:16:28,058 - INFO - EPOCH 9 - PROGRESS: at 51.69% examples, 829284 words/s, in_qsize 27, out_qsize 0
2026-02-02 17:16:29,073 - INFO - EPOCH 9 - PROGRESS: at 51.94% examples, 829306 words/s, in_qsize 27, out_qsize 0
2026-02-02 17:16:30,083 - INFO - EPOCH 9 - PROGRESS: at 52.18% examples, 829288 words/s, in_qsize 28, out_qsize 0
2026-02-02 17:16:31,089 - INFO - EPOCH 9 - PROGRESS: at 52.42% examples, 829202 words/s, in_qsize 25, out_qsize 2
2026-02-02 17:16:32,141 - INFO - EPOCH 9 - PROGRESS: at 52.68% examples, 829328 words/s, in_qsize 28, out_qsize 0
2026-02-02 17:16:33,154 - INFO - EPOCH 9 - PROGRESS: at 52.94% examples, 829453 words/s, in_qsize 25, out_qsize 2
2026-02-02 17:16:34,167 - INFO - EPOCH 9 - PROGRESS: at 53.18% examples, 829405 words/s, in_qsize 27, out_qsize 0
2026-02-02 17:16:35,184 - INFO - EPOCH 9 - PROGRESS: at 53.43% examples, 829449 words/s, in_qsize 28, out_qsize 2
2026-02-02 17:16:36,186 - INFO - EPOCH 9 - PROGRESS: at 53.68% examples, 829506 words/s, in_qsize 25, out_qsize 2
2026-02-02 17:16:37,199 - INFO - EPOCH 9 - PROGRESS: at 53.96% examples, 829909 words/s, in_qsize 27, out_qsize 1
2026-02-02 17:16:38,243 - INFO - EPOCH 9 - PROGRESS: at 54.21% examples, 829898 words/s, in_qsize 27, out_qsize 1
2026-02-02 17:16:39,267 - INFO - EPOCH 9 - PROGRESS: at 54.50% examples, 830314 words/s, in_qsize 27, out_qsize 0
2026-02-02 17:16:40,293 - INFO - EPOCH 9 - PROGRESS: at 54.75% examples, 830303 words/s, in_qsize 25, out_qsize 2
2026-02-02 17:16:41,319 - INFO - EPOCH 9 - PROGRESS: at 54.99% examples, 830290 words/s, in_qsize 28, out_qsize 0
2026-02-02 17:16:42,328 - INFO - EPOCH 9 - PROGRESS: at 55.18% examples, 830047 words/s, in_qsize 23, out_qsize 7
2026-02-02 17:16:43,340 - INFO - EPOCH 9 - PROGRESS: at 55.33% examples, 830186 words/s, in_qsize 28, out_qsize 0
2026-02-02 17:16:44,368 - INFO - EPOCH 9 - PROGRESS: at 55.49% examples, 830176 words/s, in_qsize 27, out_qsize 3
2026-02-02 17:16:45,375 - INFO - EPOCH 9 - PROGRESS: at 55.69% examples, 830428 words/s, in_qsize 28, out_qsize 0
2026-02-02 17:16:46,376 - INFO - EPOCH 9 - PROGRESS: at 55.97% examples, 830668 words/s, in_qsize 26, out_qsize 1
2026-02-02 17:16:47,387 - INFO - EPOCH 9 - PROGRESS: at 56.15% examples, 830521 words/s, in_qsize 27, out_qsize 0
2026-02-02 17:16:48,395 - INFO - EPOCH 9 - PROGRESS: at 56.32% examples, 830596 words/s, in_qsize 27, out_qsize 0
2026-02-02 17:16:49,408 - INFO - EPOCH 9 - PROGRESS: at 56.47% examples, 830490 words/s, in_qsize 27, out_qsize 0
2026-02-02 17:16:50,409 - INFO - EPOCH 9 - PROGRESS: at 56.62% examples, 830649 words/s, in_qsize 27, out_qsize 0
2026-02-02 17:16:51,443 - INFO - EPOCH 9 - PROGRESS: at 56.77% examples, 830753 words/s, in_qsize 28, out_qsize 4
2026-02-02 17:16:52,470 - INFO - EPOCH 9 - PROGRESS: at 57.01% examples, 830923 words/s, in_qsize 27, out_qsize 5
2026-02-02 17:16:53,494 - INFO - EPOCH 9 - PROGRESS: at 57.23% examples, 830982 words/s, in_qsize 27, out_qsize 0
2026-02-02 17:16:54,513 - INFO - EPOCH 9 - PROGRESS: at 57.45% examples, 831075 words/s, in_qsize 28, out_qsize 1
2026-02-02 17:16:55,552 - INFO - EPOCH 9 - PROGRESS: at 57.67% examples, 831044 words/s, in_qsize 28, out_qsize 5
2026-02-02 17:16:56,562 - INFO - EPOCH 9 - PROGRESS: at 57.90% examples, 831279 words/s, in_qsize 27, out_qsize 0
2026-02-02 17:16:57,584 - INFO - EPOCH 9 - PROGRESS: at 58.10% examples, 831084 words/s, in_qsize 28, out_qsize 3
2026-02-02 17:16:58,590 - INFO - EPOCH 9 - PROGRESS: at 58.30% examples, 830977 words/s, in_qsize 25, out_qsize 2
2026-02-02 17:16:59,595 - INFO - EPOCH 9 - PROGRESS: at 58.51% examples, 831040 words/s, in_qsize 28, out_qsize 1
2026-02-02 17:17:00,610 - INFO - EPOCH 9 - PROGRESS: at 58.70% examples, 830868 words/s, in_qsize 28, out_qsize 0
2026-02-02 17:17:01,614 - INFO - EPOCH 9 - PROGRESS: at 58.91% examples, 830865 words/s, in_qsize 28, out_qsize 1
2026-02-02 17:17:02,629 - INFO - EPOCH 9 - PROGRESS: at 59.08% examples, 830423 words/s, in_qsize 25, out_qsize 2
2026-02-02 17:17:03,631 - INFO - EPOCH 9 - PROGRESS: at 59.28% examples, 830272 words/s, in_qsize 23, out_qsize 4
2026-02-02 17:17:04,649 - INFO - EPOCH 9 - PROGRESS: at 59.45% examples, 830101 words/s, in_qsize 27, out_qsize 0
2026-02-02 17:17:05,703 - INFO - EPOCH 9 - PROGRESS: at 59.66% examples, 829769 words/s, in_qsize 28, out_qsize 0
2026-02-02 17:17:06,725 - INFO - EPOCH 9 - PROGRESS: at 59.79% examples, 829699 words/s, in_qsize 28, out_qsize 0
2026-02-02 17:17:07,737 - INFO - EPOCH 9 - PROGRESS: at 59.93% examples, 829891 words/s, in_qsize 27, out_qsize 0
2026-02-02 17:17:08,749 - INFO - EPOCH 9 - PROGRESS: at 60.13% examples, 830038 words/s, in_qsize 27, out_qsize 0
2026-02-02 17:17:09,761 - INFO - EPOCH 9 - PROGRESS: at 60.33% examples, 830063 words/s, in_qsize 27, out_qsize 1
2026-02-02 17:17:10,765 - INFO - EPOCH 9 - PROGRESS: at 60.54% examples, 830232 words/s, in_qsize 28, out_qsize 1
2026-02-02 17:17:11,780 - INFO - EPOCH 9 - PROGRESS: at 60.72% examples, 830066 words/s, in_qsize 26, out_qsize 1
2026-02-02 17:17:12,799 - INFO - EPOCH 9 - PROGRESS: at 60.88% examples, 829805 words/s, in_qsize 28, out_qsize 2
2026-02-02 17:17:13,805 - INFO - EPOCH 9 - PROGRESS: at 61.03% examples, 829828 words/s, in_qsize 27, out_qsize 0
2026-02-02 17:17:14,811 - INFO - EPOCH 9 - PROGRESS: at 61.18% examples, 829834 words/s, in_qsize 28, out_qsize 2
2026-02-02 17:17:15,813 - INFO - EPOCH 9 - PROGRESS: at 61.26% examples, 830014 words/s, in_qsize 26, out_qsize 0
2026-02-02 17:17:16,816 - INFO - EPOCH 9 - PROGRESS: at 61.39% examples, 830194 words/s, in_qsize 26, out_qsize 0
2026-02-02 17:17:17,824 - INFO - EPOCH 9 - PROGRESS: at 61.56% examples, 830100 words/s, in_qsize 27, out_qsize 0
2026-02-02 17:17:18,843 - INFO - EPOCH 9 - PROGRESS: at 61.72% examples, 829851 words/s, in_qsize 27, out_qsize 2
2026-02-02 17:17:19,849 - INFO - EPOCH 9 - PROGRESS: at 61.85% examples, 829943 words/s, in_qsize 27, out_qsize 0
2026-02-02 17:17:20,850 - INFO - EPOCH 9 - PROGRESS: at 62.04% examples, 829997 words/s, in_qsize 27, out_qsize 0
2026-02-02 17:17:21,889 - INFO - EPOCH 9 - PROGRESS: at 62.17% examples, 830011 words/s, in_qsize 27, out_qsize 3
2026-02-02 17:17:22,894 - INFO - EPOCH 9 - PROGRESS: at 62.32% examples, 830129 words/s, in_qsize 27, out_qsize 4
2026-02-02 17:17:23,905 - INFO - EPOCH 9 - PROGRESS: at 62.50% examples, 830322 words/s, in_qsize 25, out_qsize 2
2026-02-02 17:17:24,906 - INFO - EPOCH 9 - PROGRESS: at 62.68% examples, 830511 words/s, in_qsize 27, out_qsize 0
2026-02-02 17:17:25,907 - INFO - EPOCH 9 - PROGRESS: at 62.84% examples, 830567 words/s, in_qsize 23, out_qsize 4
2026-02-02 17:17:26,917 - INFO - EPOCH 9 - PROGRESS: at 63.03% examples, 830489 words/s, in_qsize 27, out_qsize 0
2026-02-02 17:17:27,922 - INFO - EPOCH 9 - PROGRESS: at 63.19% examples, 830572 words/s, in_qsize 28, out_qsize 0
2026-02-02 17:17:28,958 - INFO - EPOCH 9 - PROGRESS: at 63.33% examples, 830711 words/s, in_qsize 24, out_qsize 4
2026-02-02 17:17:29,970 - INFO - EPOCH 9 - PROGRESS: at 63.49% examples, 830951 words/s, in_qsize 27, out_qsize 0
2026-02-02 17:17:30,980 - INFO - EPOCH 9 - PROGRESS: at 63.68% examples, 830951 words/s, in_qsize 27, out_qsize 0
2026-02-02 17:17:31,997 - INFO - EPOCH 9 - PROGRESS: at 63.90% examples, 830943 words/s, in_qsize 27, out_qsize 0
2026-02-02 17:17:33,005 - INFO - EPOCH 9 - PROGRESS: at 64.10% examples, 830724 words/s, in_qsize 27, out_qsize 0
2026-02-02 17:17:34,025 - INFO - EPOCH 9 - PROGRESS: at 64.23% examples, 830444 words/s, in_qsize 25, out_qsize 2
2026-02-02 17:17:35,048 - INFO - EPOCH 9 - PROGRESS: at 64.38% examples, 830457 words/s, in_qsize 26, out_qsize 1
2026-02-02 17:17:36,064 - INFO - EPOCH 9 - PROGRESS: at 64.50% examples, 830302 words/s, in_qsize 27, out_qsize 0
2026-02-02 17:17:37,090 - INFO - EPOCH 9 - PROGRESS: at 64.69% examples, 830309 words/s, in_qsize 26, out_qsize 1
2026-02-02 17:17:38,096 - INFO - EPOCH 9 - PROGRESS: at 64.89% examples, 830494 words/s, in_qsize 26, out_qsize 0
2026-02-02 17:17:39,097 - INFO - EPOCH 9 - PROGRESS: at 65.09% examples, 830645 words/s, in_qsize 27, out_qsize 0
2026-02-02 17:17:40,133 - INFO - EPOCH 9 - PROGRESS: at 65.29% examples, 830691 words/s, in_qsize 26, out_qsize 1
2026-02-02 17:17:41,175 - INFO - EPOCH 9 - PROGRESS: at 65.47% examples, 830449 words/s, in_qsize 27, out_qsize 1
2026-02-02 17:17:42,185 - INFO - EPOCH 9 - PROGRESS: at 65.68% examples, 830615 words/s, in_qsize 27, out_qsize 4
2026-02-02 17:17:43,193 - INFO - EPOCH 9 - PROGRESS: at 65.86% examples, 830687 words/s, in_qsize 27, out_qsize 5
2026-02-02 17:17:44,215 - INFO - EPOCH 9 - PROGRESS: at 66.05% examples, 830927 words/s, in_qsize 28, out_qsize 2
2026-02-02 17:17:45,217 - INFO - EPOCH 9 - PROGRESS: at 66.22% examples, 831035 words/s, in_qsize 26, out_qsize 1
2026-02-02 17:17:46,228 - INFO - EPOCH 9 - PROGRESS: at 66.40% examples, 831155 words/s, in_qsize 28, out_qsize 1
2026-02-02 17:17:47,237 - INFO - EPOCH 9 - PROGRESS: at 66.51% examples, 831301 words/s, in_qsize 26, out_qsize 1
2026-02-02 17:17:48,251 - INFO - EPOCH 9 - PROGRESS: at 66.63% examples, 831406 words/s, in_qsize 27, out_qsize 3
2026-02-02 17:17:49,261 - INFO - EPOCH 9 - PROGRESS: at 66.72% examples, 831483 words/s, in_qsize 28, out_qsize 0
2026-02-02 17:17:50,271 - INFO - EPOCH 9 - PROGRESS: at 66.85% examples, 831638 words/s, in_qsize 28, out_qsize 1
2026-02-02 17:17:51,277 - INFO - EPOCH 9 - PROGRESS: at 66.94% examples, 831645 words/s, in_qsize 28, out_qsize 4
2026-02-02 17:17:52,282 - INFO - EPOCH 9 - PROGRESS: at 67.08% examples, 831726 words/s, in_qsize 28, out_qsize 3
2026-02-02 17:17:53,313 - INFO - EPOCH 9 - PROGRESS: at 67.28% examples, 831789 words/s, in_qsize 26, out_qsize 1
2026-02-02 17:17:54,318 - INFO - EPOCH 9 - PROGRESS: at 67.42% examples, 831641 words/s, in_qsize 28, out_qsize 1
2026-02-02 17:17:55,322 - INFO - EPOCH 9 - PROGRESS: at 67.57% examples, 831605 words/s, in_qsize 27, out_qsize 0
2026-02-02 17:17:56,329 - INFO - EPOCH 9 - PROGRESS: at 67.71% examples, 831508 words/s, in_qsize 28, out_qsize 0
2026-02-02 17:17:57,374 - INFO - EPOCH 9 - PROGRESS: at 67.86% examples, 831482 words/s, in_qsize 26, out_qsize 2
2026-02-02 17:17:58,377 - INFO - EPOCH 9 - PROGRESS: at 67.98% examples, 831290 words/s, in_qsize 23, out_qsize 4
2026-02-02 17:17:59,416 - INFO - EPOCH 9 - PROGRESS: at 68.12% examples, 831218 words/s, in_qsize 28, out_qsize 4
2026-02-02 17:18:00,433 - INFO - EPOCH 9 - PROGRESS: at 68.25% examples, 831247 words/s, in_qsize 27, out_qsize 0
2026-02-02 17:18:01,451 - INFO - EPOCH 9 - PROGRESS: at 68.42% examples, 831073 words/s, in_qsize 28, out_qsize 0
2026-02-02 17:18:02,453 - INFO - EPOCH 9 - PROGRESS: at 68.57% examples, 831108 words/s, in_qsize 27, out_qsize 2
2026-02-02 17:18:03,453 - INFO - EPOCH 9 - PROGRESS: at 68.74% examples, 831181 words/s, in_qsize 27, out_qsize 0
2026-02-02 17:18:04,455 - INFO - EPOCH 9 - PROGRESS: at 68.90% examples, 831296 words/s, in_qsize 27, out_qsize 0
2026-02-02 17:18:05,459 - INFO - EPOCH 9 - PROGRESS: at 69.07% examples, 831380 words/s, in_qsize 28, out_qsize 2
2026-02-02 17:18:06,474 - INFO - EPOCH 9 - PROGRESS: at 69.31% examples, 831481 words/s, in_qsize 28, out_qsize 0
2026-02-02 17:18:07,501 - INFO - EPOCH 9 - PROGRESS: at 69.58% examples, 831312 words/s, in_qsize 28, out_qsize 0
2026-02-02 17:18:08,523 - INFO - EPOCH 9 - PROGRESS: at 69.82% examples, 831065 words/s, in_qsize 27, out_qsize 1
2026-02-02 17:18:09,530 - INFO - EPOCH 9 - PROGRESS: at 69.99% examples, 831119 words/s, in_qsize 27, out_qsize 0
2026-02-02 17:18:10,531 - INFO - EPOCH 9 - PROGRESS: at 70.15% examples, 831143 words/s, in_qsize 24, out_qsize 1
2026-02-02 17:18:11,533 - INFO - EPOCH 9 - PROGRESS: at 70.31% examples, 831311 words/s, in_qsize 27, out_qsize 0
2026-02-02 17:18:12,555 - INFO - EPOCH 9 - PROGRESS: at 70.46% examples, 831177 words/s, in_qsize 28, out_qsize 4
2026-02-02 17:18:13,559 - INFO - EPOCH 9 - PROGRESS: at 70.62% examples, 831184 words/s, in_qsize 27, out_qsize 0
2026-02-02 17:18:14,571 - INFO - EPOCH 9 - PROGRESS: at 70.77% examples, 831037 words/s, in_qsize 26, out_qsize 7
2026-02-02 17:18:15,576 - INFO - EPOCH 9 - PROGRESS: at 70.92% examples, 831105 words/s, in_qsize 27, out_qsize 2
2026-02-02 17:18:16,579 - INFO - EPOCH 9 - PROGRESS: at 71.07% examples, 831191 words/s, in_qsize 27, out_qsize 0
2026-02-02 17:18:17,581 - INFO - EPOCH 9 - PROGRESS: at 71.22% examples, 831192 words/s, in_qsize 27, out_qsize 1
2026-02-02 17:18:18,606 - INFO - EPOCH 9 - PROGRESS: at 71.40% examples, 830916 words/s, in_qsize 28, out_qsize 0
2026-02-02 17:18:19,646 - INFO - EPOCH 9 - PROGRESS: at 71.62% examples, 830897 words/s, in_qsize 25, out_qsize 2
2026-02-02 17:18:20,656 - INFO - EPOCH 9 - PROGRESS: at 71.85% examples, 831033 words/s, in_qsize 28, out_qsize 1
2026-02-02 17:18:21,686 - INFO - EPOCH 9 - PROGRESS: at 72.00% examples, 831114 words/s, in_qsize 28, out_qsize 2
2026-02-02 17:18:22,686 - INFO - EPOCH 9 - PROGRESS: at 72.17% examples, 831315 words/s, in_qsize 28, out_qsize 0
2026-02-02 17:18:23,707 - INFO - EPOCH 9 - PROGRESS: at 72.40% examples, 831424 words/s, in_qsize 28, out_qsize 1
2026-02-02 17:18:24,707 - INFO - EPOCH 9 - PROGRESS: at 72.63% examples, 831630 words/s, in_qsize 27, out_qsize 0
2026-02-02 17:18:25,709 - INFO - EPOCH 9 - PROGRESS: at 72.85% examples, 831608 words/s, in_qsize 28, out_qsize 6
2026-02-02 17:18:26,717 - INFO - EPOCH 9 - PROGRESS: at 73.05% examples, 831835 words/s, in_qsize 27, out_qsize 1
2026-02-02 17:18:27,735 - INFO - EPOCH 9 - PROGRESS: at 73.18% examples, 831915 words/s, in_qsize 25, out_qsize 5
2026-02-02 17:18:28,761 - INFO - EPOCH 9 - PROGRESS: at 73.32% examples, 832090 words/s, in_qsize 25, out_qsize 2
2026-02-02 17:18:29,776 - INFO - EPOCH 9 - PROGRESS: at 73.46% examples, 832182 words/s, in_qsize 27, out_qsize 2
2026-02-02 17:18:30,813 - INFO - EPOCH 9 - PROGRESS: at 73.57% examples, 832255 words/s, in_qsize 27, out_qsize 4
2026-02-02 17:18:31,827 - INFO - EPOCH 9 - PROGRESS: at 73.72% examples, 832324 words/s, in_qsize 28, out_qsize 2
2026-02-02 17:18:32,858 - INFO - EPOCH 9 - PROGRESS: at 73.91% examples, 832365 words/s, in_qsize 17, out_qsize 3
2026-02-02 17:18:33,875 - INFO - EPOCH 9 - PROGRESS: at 74.15% examples, 832533 words/s, in_qsize 23, out_qsize 4
2026-02-02 17:18:34,889 - INFO - EPOCH 9 - PROGRESS: at 74.38% examples, 832698 words/s, in_qsize 28, out_qsize 2
2026-02-02 17:18:35,921 - INFO - EPOCH 9 - PROGRESS: at 74.54% examples, 832409 words/s, in_qsize 27, out_qsize 1
2026-02-02 17:18:36,949 - INFO - EPOCH 9 - PROGRESS: at 74.68% examples, 832206 words/s, in_qsize 28, out_qsize 0
2026-02-02 17:18:37,967 - INFO - EPOCH 9 - PROGRESS: at 74.85% examples, 832278 words/s, in_qsize 27, out_qsize 0
2026-02-02 17:18:38,999 - INFO - EPOCH 9 - PROGRESS: at 75.04% examples, 832307 words/s, in_qsize 27, out_qsize 0
2026-02-02 17:18:40,005 - INFO - EPOCH 9 - PROGRESS: at 75.24% examples, 832188 words/s, in_qsize 26, out_qsize 1
2026-02-02 17:18:41,031 - INFO - EPOCH 9 - PROGRESS: at 75.42% examples, 831953 words/s, in_qsize 26, out_qsize 1
2026-02-02 17:18:42,039 - INFO - EPOCH 9 - PROGRESS: at 75.59% examples, 831805 words/s, in_qsize 27, out_qsize 3
2026-02-02 17:18:43,053 - INFO - EPOCH 9 - PROGRESS: at 75.78% examples, 831755 words/s, in_qsize 26, out_qsize 1
2026-02-02 17:18:44,063 - INFO - EPOCH 9 - PROGRESS: at 75.97% examples, 831822 words/s, in_qsize 28, out_qsize 0
2026-02-02 17:18:45,081 - INFO - EPOCH 9 - PROGRESS: at 76.17% examples, 831888 words/s, in_qsize 26, out_qsize 2
2026-02-02 17:18:46,102 - INFO - EPOCH 9 - PROGRESS: at 76.36% examples, 831936 words/s, in_qsize 28, out_qsize 0
2026-02-02 17:18:47,102 - INFO - EPOCH 9 - PROGRESS: at 76.58% examples, 831969 words/s, in_qsize 27, out_qsize 0
2026-02-02 17:18:48,122 - INFO - EPOCH 9 - PROGRESS: at 76.74% examples, 831886 words/s, in_qsize 24, out_qsize 0
2026-02-02 17:18:49,171 - INFO - EPOCH 9 - PROGRESS: at 76.92% examples, 831779 words/s, in_qsize 25, out_qsize 8
2026-02-02 17:18:50,176 - INFO - EPOCH 9 - PROGRESS: at 77.10% examples, 831726 words/s, in_qsize 28, out_qsize 2
2026-02-02 17:18:51,182 - INFO - EPOCH 9 - PROGRESS: at 77.31% examples, 831939 words/s, in_qsize 28, out_qsize 0
2026-02-02 17:18:52,203 - INFO - EPOCH 9 - PROGRESS: at 77.50% examples, 832005 words/s, in_qsize 27, out_qsize 2
2026-02-02 17:18:53,235 - INFO - EPOCH 9 - PROGRESS: at 77.71% examples, 832101 words/s, in_qsize 27, out_qsize 1
2026-02-02 17:18:54,251 - INFO - EPOCH 9 - PROGRESS: at 77.90% examples, 832139 words/s, in_qsize 27, out_qsize 0
2026-02-02 17:18:55,271 - INFO - EPOCH 9 - PROGRESS: at 78.09% examples, 832130 words/s, in_qsize 27, out_qsize 0
2026-02-02 17:18:56,306 - INFO - EPOCH 9 - PROGRESS: at 78.23% examples, 831858 words/s, in_qsize 28, out_qsize 0
2026-02-02 17:18:57,317 - INFO - EPOCH 9 - PROGRESS: at 78.40% examples, 831869 words/s, in_qsize 26, out_qsize 5
2026-02-02 17:18:58,341 - INFO - EPOCH 9 - PROGRESS: at 78.59% examples, 832021 words/s, in_qsize 28, out_qsize 4
2026-02-02 17:18:59,344 - INFO - EPOCH 9 - PROGRESS: at 78.77% examples, 832266 words/s, in_qsize 25, out_qsize 2
2026-02-02 17:19:00,346 - INFO - EPOCH 9 - PROGRESS: at 78.96% examples, 832453 words/s, in_qsize 24, out_qsize 1
2026-02-02 17:19:01,364 - INFO - EPOCH 9 - PROGRESS: at 79.14% examples, 832632 words/s, in_qsize 27, out_qsize 0
2026-02-02 17:19:02,365 - INFO - EPOCH 9 - PROGRESS: at 79.33% examples, 832823 words/s, in_qsize 28, out_qsize 2
2026-02-02 17:19:03,368 - INFO - EPOCH 9 - PROGRESS: at 79.51% examples, 832973 words/s, in_qsize 27, out_qsize 0
2026-02-02 17:19:04,374 - INFO - EPOCH 9 - PROGRESS: at 79.70% examples, 833208 words/s, in_qsize 27, out_qsize 0
2026-02-02 17:19:05,385 - INFO - EPOCH 9 - PROGRESS: at 79.88% examples, 833377 words/s, in_qsize 25, out_qsize 2
2026-02-02 17:19:06,391 - INFO - EPOCH 9 - PROGRESS: at 80.06% examples, 833556 words/s, in_qsize 28, out_qsize 1
2026-02-02 17:19:07,392 - INFO - EPOCH 9 - PROGRESS: at 80.24% examples, 833725 words/s, in_qsize 28, out_qsize 4
2026-02-02 17:19:08,393 - INFO - EPOCH 9 - PROGRESS: at 80.42% examples, 833894 words/s, in_qsize 28, out_qsize 1
2026-02-02 17:19:09,414 - INFO - EPOCH 9 - PROGRESS: at 80.56% examples, 833938 words/s, in_qsize 28, out_qsize 0
2026-02-02 17:19:10,420 - INFO - EPOCH 9 - PROGRESS: at 80.69% examples, 834028 words/s, in_qsize 25, out_qsize 2
2026-02-02 17:19:11,430 - INFO - EPOCH 9 - PROGRESS: at 80.86% examples, 834151 words/s, in_qsize 27, out_qsize 1
2026-02-02 17:19:12,452 - INFO - EPOCH 9 - PROGRESS: at 81.02% examples, 834132 words/s, in_qsize 28, out_qsize 0
2026-02-02 17:19:13,482 - INFO - EPOCH 9 - PROGRESS: at 81.17% examples, 833927 words/s, in_qsize 28, out_qsize 0
2026-02-02 17:19:14,485 - INFO - EPOCH 9 - PROGRESS: at 81.33% examples, 833925 words/s, in_qsize 27, out_qsize 0
2026-02-02 17:19:15,486 - INFO - EPOCH 9 - PROGRESS: at 81.50% examples, 834007 words/s, in_qsize 27, out_qsize 0
2026-02-02 17:19:16,491 - INFO - EPOCH 9 - PROGRESS: at 81.66% examples, 834085 words/s, in_qsize 25, out_qsize 1
2026-02-02 17:19:17,528 - INFO - EPOCH 9 - PROGRESS: at 81.83% examples, 834217 words/s, in_qsize 26, out_qsize 1
2026-02-02 17:19:18,534 - INFO - EPOCH 9 - PROGRESS: at 82.01% examples, 834270 words/s, in_qsize 27, out_qsize 0
2026-02-02 17:19:19,539 - INFO - EPOCH 9 - PROGRESS: at 82.19% examples, 834317 words/s, in_qsize 28, out_qsize 0
2026-02-02 17:19:20,540 - INFO - EPOCH 9 - PROGRESS: at 82.37% examples, 834356 words/s, in_qsize 27, out_qsize 3
2026-02-02 17:19:21,541 - INFO - EPOCH 9 - PROGRESS: at 82.55% examples, 834439 words/s, in_qsize 28, out_qsize 0
2026-02-02 17:19:22,548 - INFO - EPOCH 9 - PROGRESS: at 82.73% examples, 834498 words/s, in_qsize 28, out_qsize 4
2026-02-02 17:19:23,569 - INFO - EPOCH 9 - PROGRESS: at 82.88% examples, 834641 words/s, in_qsize 28, out_qsize 2
2026-02-02 17:19:24,586 - INFO - EPOCH 9 - PROGRESS: at 83.03% examples, 834814 words/s, in_qsize 27, out_qsize 1
2026-02-02 17:19:25,586 - INFO - EPOCH 9 - PROGRESS: at 83.18% examples, 834931 words/s, in_qsize 27, out_qsize 1
2026-02-02 17:19:26,596 - INFO - EPOCH 9 - PROGRESS: at 83.31% examples, 835021 words/s, in_qsize 26, out_qsize 2
2026-02-02 17:19:27,608 - INFO - EPOCH 9 - PROGRESS: at 83.48% examples, 835175 words/s, in_qsize 27, out_qsize 0
2026-02-02 17:19:28,614 - INFO - EPOCH 9 - PROGRESS: at 83.63% examples, 835119 words/s, in_qsize 27, out_qsize 0
2026-02-02 17:19:29,620 - INFO - EPOCH 9 - PROGRESS: at 83.80% examples, 834928 words/s, in_qsize 27, out_qsize 0
2026-02-02 17:19:30,639 - INFO - EPOCH 9 - PROGRESS: at 83.96% examples, 834714 words/s, in_qsize 26, out_qsize 2
2026-02-02 17:19:31,639 - INFO - EPOCH 9 - PROGRESS: at 84.13% examples, 834482 words/s, in_qsize 26, out_qsize 2
2026-02-02 17:19:32,654 - INFO - EPOCH 9 - PROGRESS: at 84.28% examples, 834471 words/s, in_qsize 27, out_qsize 0
2026-02-02 17:19:33,669 - INFO - EPOCH 9 - PROGRESS: at 84.41% examples, 834449 words/s, in_qsize 28, out_qsize 3
2026-02-02 17:19:34,678 - INFO - EPOCH 9 - PROGRESS: at 84.54% examples, 834536 words/s, in_qsize 28, out_qsize 1
2026-02-02 17:19:35,683 - INFO - EPOCH 9 - PROGRESS: at 84.65% examples, 834565 words/s, in_qsize 28, out_qsize 3
2026-02-02 17:19:36,684 - INFO - EPOCH 9 - PROGRESS: at 84.75% examples, 834528 words/s, in_qsize 26, out_qsize 0
2026-02-02 17:19:37,696 - INFO - EPOCH 9 - PROGRESS: at 84.95% examples, 834611 words/s, in_qsize 27, out_qsize 0
2026-02-02 17:19:38,700 - INFO - EPOCH 9 - PROGRESS: at 85.12% examples, 834481 words/s, in_qsize 27, out_qsize 0
2026-02-02 17:19:39,706 - INFO - EPOCH 9 - PROGRESS: at 85.28% examples, 834317 words/s, in_qsize 27, out_qsize 0
2026-02-02 17:19:40,717 - INFO - EPOCH 9 - PROGRESS: at 85.46% examples, 834304 words/s, in_qsize 26, out_qsize 1
2026-02-02 17:19:41,729 - INFO - EPOCH 9 - PROGRESS: at 85.62% examples, 834198 words/s, in_qsize 27, out_qsize 0
2026-02-02 17:19:42,736 - INFO - EPOCH 9 - PROGRESS: at 85.79% examples, 834054 words/s, in_qsize 27, out_qsize 0
2026-02-02 17:19:43,753 - INFO - EPOCH 9 - PROGRESS: at 85.95% examples, 833877 words/s, in_qsize 28, out_qsize 0
2026-02-02 17:19:44,765 - INFO - EPOCH 9 - PROGRESS: at 86.12% examples, 833777 words/s, in_qsize 26, out_qsize 1
2026-02-02 17:19:45,773 - INFO - EPOCH 9 - PROGRESS: at 86.31% examples, 833870 words/s, in_qsize 27, out_qsize 0
2026-02-02 17:19:46,802 - INFO - EPOCH 9 - PROGRESS: at 86.48% examples, 833988 words/s, in_qsize 28, out_qsize 0
2026-02-02 17:19:47,821 - INFO - EPOCH 9 - PROGRESS: at 86.64% examples, 834055 words/s, in_qsize 26, out_qsize 2
2026-02-02 17:19:48,836 - INFO - EPOCH 9 - PROGRESS: at 86.85% examples, 834190 words/s, in_qsize 27, out_qsize 0
2026-02-02 17:19:49,862 - INFO - EPOCH 9 - PROGRESS: at 87.05% examples, 834075 words/s, in_qsize 28, out_qsize 1
2026-02-02 17:19:50,864 - INFO - EPOCH 9 - PROGRESS: at 87.25% examples, 834170 words/s, in_qsize 28, out_qsize 0
2026-02-02 17:19:51,872 - INFO - EPOCH 9 - PROGRESS: at 87.44% examples, 834274 words/s, in_qsize 27, out_qsize 0
2026-02-02 17:19:52,883 - INFO - EPOCH 9 - PROGRESS: at 87.61% examples, 834337 words/s, in_qsize 27, out_qsize 0
2026-02-02 17:19:53,889 - INFO - EPOCH 9 - PROGRESS: at 87.78% examples, 834455 words/s, in_qsize 27, out_qsize 0
2026-02-02 17:19:54,893 - INFO - EPOCH 9 - PROGRESS: at 87.92% examples, 834314 words/s, in_qsize 28, out_qsize 0
2026-02-02 17:19:55,970 - INFO - EPOCH 9 - PROGRESS: at 88.06% examples, 834197 words/s, in_qsize 27, out_qsize 4
2026-02-02 17:19:56,981 - INFO - EPOCH 9 - PROGRESS: at 88.22% examples, 834345 words/s, in_qsize 25, out_qsize 2
2026-02-02 17:19:57,984 - INFO - EPOCH 9 - PROGRESS: at 88.39% examples, 834431 words/s, in_qsize 27, out_qsize 0
2026-02-02 17:19:59,006 - INFO - EPOCH 9 - PROGRESS: at 88.62% examples, 834519 words/s, in_qsize 27, out_qsize 0
2026-02-02 17:20:00,024 - INFO - EPOCH 9 - PROGRESS: at 88.78% examples, 834576 words/s, in_qsize 27, out_qsize 1
2026-02-02 17:20:01,061 - INFO - EPOCH 9 - PROGRESS: at 88.91% examples, 834626 words/s, in_qsize 28, out_qsize 1
2026-02-02 17:20:02,107 - INFO - EPOCH 9 - PROGRESS: at 89.07% examples, 834486 words/s, in_qsize 27, out_qsize 4
2026-02-02 17:20:03,154 - INFO - EPOCH 9 - PROGRESS: at 89.27% examples, 834459 words/s, in_qsize 28, out_qsize 3
2026-02-02 17:20:04,157 - INFO - EPOCH 9 - PROGRESS: at 89.47% examples, 834487 words/s, in_qsize 28, out_qsize 2
2026-02-02 17:20:05,183 - INFO - EPOCH 9 - PROGRESS: at 89.65% examples, 834291 words/s, in_qsize 27, out_qsize 0
2026-02-02 17:20:06,250 - INFO - EPOCH 9 - PROGRESS: at 89.83% examples, 834022 words/s, in_qsize 28, out_qsize 0
2026-02-02 17:20:07,267 - INFO - EPOCH 9 - PROGRESS: at 90.01% examples, 833829 words/s, in_qsize 27, out_qsize 0
2026-02-02 17:20:08,292 - INFO - EPOCH 9 - PROGRESS: at 90.22% examples, 833823 words/s, in_qsize 27, out_qsize 0
2026-02-02 17:20:09,298 - INFO - EPOCH 9 - PROGRESS: at 90.41% examples, 833632 words/s, in_qsize 27, out_qsize 0
2026-02-02 17:20:10,351 - INFO - EPOCH 9 - PROGRESS: at 90.59% examples, 833354 words/s, in_qsize 28, out_qsize 0
2026-02-02 17:20:11,358 - INFO - EPOCH 9 - PROGRESS: at 90.78% examples, 833210 words/s, in_qsize 27, out_qsize 0
2026-02-02 17:20:12,359 - INFO - EPOCH 9 - PROGRESS: at 90.96% examples, 833031 words/s, in_qsize 28, out_qsize 1
2026-02-02 17:20:13,387 - INFO - EPOCH 9 - PROGRESS: at 91.17% examples, 833004 words/s, in_qsize 27, out_qsize 0
2026-02-02 17:20:14,429 - INFO - EPOCH 9 - PROGRESS: at 91.36% examples, 832802 words/s, in_qsize 27, out_qsize 0
2026-02-02 17:20:15,436 - INFO - EPOCH 9 - PROGRESS: at 91.46% examples, 832671 words/s, in_qsize 27, out_qsize 0
2026-02-02 17:20:16,439 - INFO - EPOCH 9 - PROGRESS: at 91.61% examples, 832641 words/s, in_qsize 24, out_qsize 2
2026-02-02 17:20:17,488 - INFO - EPOCH 9 - PROGRESS: at 91.77% examples, 832448 words/s, in_qsize 28, out_qsize 0
2026-02-02 17:20:18,552 - INFO - EPOCH 9 - PROGRESS: at 92.01% examples, 832408 words/s, in_qsize 26, out_qsize 2
2026-02-02 17:20:19,560 - INFO - EPOCH 9 - PROGRESS: at 92.26% examples, 832530 words/s, in_qsize 26, out_qsize 1
2026-02-02 17:20:20,562 - INFO - EPOCH 9 - PROGRESS: at 92.49% examples, 832603 words/s, in_qsize 26, out_qsize 3
2026-02-02 17:20:21,572 - INFO - EPOCH 9 - PROGRESS: at 92.75% examples, 832779 words/s, in_qsize 27, out_qsize 2
2026-02-02 17:20:22,576 - INFO - EPOCH 9 - PROGRESS: at 92.96% examples, 832662 words/s, in_qsize 25, out_qsize 5
2026-02-02 17:20:23,603 - INFO - EPOCH 9 - PROGRESS: at 93.18% examples, 832568 words/s, in_qsize 28, out_qsize 0
2026-02-02 17:20:24,607 - INFO - EPOCH 9 - PROGRESS: at 93.41% examples, 832581 words/s, in_qsize 28, out_qsize 0
2026-02-02 17:20:25,609 - INFO - EPOCH 9 - PROGRESS: at 93.61% examples, 832424 words/s, in_qsize 23, out_qsize 4
2026-02-02 17:20:26,639 - INFO - EPOCH 9 - PROGRESS: at 93.84% examples, 832396 words/s, in_qsize 27, out_qsize 0
2026-02-02 17:20:27,668 - INFO - EPOCH 9 - PROGRESS: at 94.07% examples, 832354 words/s, in_qsize 28, out_qsize 1
2026-02-02 17:20:28,689 - INFO - EPOCH 9 - PROGRESS: at 94.31% examples, 832411 words/s, in_qsize 26, out_qsize 1
2026-02-02 17:20:29,704 - INFO - EPOCH 9 - PROGRESS: at 94.46% examples, 832474 words/s, in_qsize 27, out_qsize 5
2026-02-02 17:20:30,736 - INFO - EPOCH 9 - PROGRESS: at 94.60% examples, 832618 words/s, in_qsize 27, out_qsize 1
2026-02-02 17:20:31,765 - INFO - EPOCH 9 - PROGRESS: at 94.76% examples, 832656 words/s, in_qsize 27, out_qsize 2
2026-02-02 17:20:32,775 - INFO - EPOCH 9 - PROGRESS: at 94.91% examples, 832764 words/s, in_qsize 24, out_qsize 2
2026-02-02 17:20:33,777 - INFO - EPOCH 9 - PROGRESS: at 95.03% examples, 832765 words/s, in_qsize 27, out_qsize 3
2026-02-02 17:20:34,794 - INFO - EPOCH 9 - PROGRESS: at 95.22% examples, 832796 words/s, in_qsize 27, out_qsize 0
2026-02-02 17:20:35,809 - INFO - EPOCH 9 - PROGRESS: at 95.32% examples, 832862 words/s, in_qsize 28, out_qsize 0
2026-02-02 17:20:36,834 - INFO - EPOCH 9 - PROGRESS: at 95.49% examples, 832736 words/s, in_qsize 27, out_qsize 0
2026-02-02 17:20:37,851 - INFO - EPOCH 9 - PROGRESS: at 95.65% examples, 832548 words/s, in_qsize 26, out_qsize 1
2026-02-02 17:20:38,885 - INFO - EPOCH 9 - PROGRESS: at 95.79% examples, 832376 words/s, in_qsize 27, out_qsize 0
2026-02-02 17:20:39,887 - INFO - EPOCH 9 - PROGRESS: at 95.89% examples, 832241 words/s, in_qsize 27, out_qsize 0
2026-02-02 17:20:40,896 - INFO - EPOCH 9 - PROGRESS: at 96.01% examples, 832227 words/s, in_qsize 27, out_qsize 0
2026-02-02 17:20:41,905 - INFO - EPOCH 9 - PROGRESS: at 96.17% examples, 832203 words/s, in_qsize 27, out_qsize 0
2026-02-02 17:20:42,906 - INFO - EPOCH 9 - PROGRESS: at 96.35% examples, 832261 words/s, in_qsize 27, out_qsize 0
2026-02-02 17:20:43,907 - INFO - EPOCH 9 - PROGRESS: at 96.51% examples, 832271 words/s, in_qsize 26, out_qsize 4
2026-02-02 17:20:44,919 - INFO - EPOCH 9 - PROGRESS: at 96.70% examples, 832427 words/s, in_qsize 27, out_qsize 0
2026-02-02 17:20:45,923 - INFO - EPOCH 9 - PROGRESS: at 96.91% examples, 832502 words/s, in_qsize 27, out_qsize 1
2026-02-02 17:20:46,925 - INFO - EPOCH 9 - PROGRESS: at 96.98% examples, 832562 words/s, in_qsize 27, out_qsize 1
2026-02-02 17:20:47,931 - INFO - EPOCH 9 - PROGRESS: at 97.14% examples, 832622 words/s, in_qsize 28, out_qsize 1
2026-02-02 17:20:48,940 - INFO - EPOCH 9 - PROGRESS: at 97.30% examples, 832625 words/s, in_qsize 27, out_qsize 0
2026-02-02 17:20:49,942 - INFO - EPOCH 9 - PROGRESS: at 97.50% examples, 832694 words/s, in_qsize 27, out_qsize 0
2026-02-02 17:20:50,969 - INFO - EPOCH 9 - PROGRESS: at 97.63% examples, 832747 words/s, in_qsize 25, out_qsize 3
2026-02-02 17:20:51,998 - INFO - EPOCH 9 - PROGRESS: at 97.80% examples, 832830 words/s, in_qsize 28, out_qsize 0
2026-02-02 17:20:53,012 - INFO - EPOCH 9 - PROGRESS: at 97.94% examples, 832910 words/s, in_qsize 26, out_qsize 1
2026-02-02 17:20:54,015 - INFO - EPOCH 9 - PROGRESS: at 98.10% examples, 832923 words/s, in_qsize 27, out_qsize 5
2026-02-02 17:20:55,041 - INFO - EPOCH 9 - PROGRESS: at 98.28% examples, 833074 words/s, in_qsize 25, out_qsize 2
2026-02-02 17:20:56,058 - INFO - EPOCH 9 - PROGRESS: at 98.45% examples, 833156 words/s, in_qsize 27, out_qsize 0
2026-02-02 17:20:57,061 - INFO - EPOCH 9 - PROGRESS: at 98.58% examples, 833234 words/s, in_qsize 27, out_qsize 2
2026-02-02 17:20:58,111 - INFO - EPOCH 9 - PROGRESS: at 98.68% examples, 833123 words/s, in_qsize 27, out_qsize 0
2026-02-02 17:20:59,136 - INFO - EPOCH 9 - PROGRESS: at 98.82% examples, 833140 words/s, in_qsize 27, out_qsize 1
2026-02-02 17:21:00,137 - INFO - EPOCH 9 - PROGRESS: at 99.01% examples, 833166 words/s, in_qsize 27, out_qsize 4
2026-02-02 17:21:01,140 - INFO - EPOCH 9 - PROGRESS: at 99.23% examples, 833316 words/s, in_qsize 27, out_qsize 0
2026-02-02 17:21:02,160 - INFO - EPOCH 9 - PROGRESS: at 99.42% examples, 833397 words/s, in_qsize 28, out_qsize 0
2026-02-02 17:21:03,184 - INFO - EPOCH 9 - PROGRESS: at 99.60% examples, 833435 words/s, in_qsize 26, out_qsize 4
2026-02-02 17:21:04,184 - INFO - EPOCH 9 - PROGRESS: at 99.76% examples, 833585 words/s, in_qsize 27, out_qsize 0
2026-02-02 17:21:05,186 - INFO - EPOCH 9 - PROGRESS: at 99.91% examples, 833556 words/s, in_qsize 27, out_qsize 1
2026-02-02 17:21:05,713 - DEBUG - job loop exiting, total 60863 jobs
2026-02-02 17:21:05,858 - DEBUG - worker exiting, processed 4354 jobs
2026-02-02 17:21:05,859 - DEBUG - worker thread finished; awaiting finish of 13 more threads
2026-02-02 17:21:05,868 - DEBUG - worker exiting, processed 4341 jobs
2026-02-02 17:21:05,868 - DEBUG - worker thread finished; awaiting finish of 12 more threads
2026-02-02 17:21:05,879 - DEBUG - worker exiting, processed 4338 jobs
2026-02-02 17:21:05,879 - DEBUG - worker thread finished; awaiting finish of 11 more threads
2026-02-02 17:21:05,905 - DEBUG - worker exiting, processed 4346 jobs
2026-02-02 17:21:05,905 - DEBUG - worker thread finished; awaiting finish of 10 more threads
2026-02-02 17:21:05,919 - DEBUG - worker exiting, processed 4337 jobs
2026-02-02 17:21:05,919 - DEBUG - worker thread finished; awaiting finish of 9 more threads
2026-02-02 17:21:05,922 - DEBUG - worker exiting, processed 4353 jobs
2026-02-02 17:21:05,922 - DEBUG - worker thread finished; awaiting finish of 8 more threads
2026-02-02 17:21:05,923 - DEBUG - worker exiting, processed 4337 jobs
2026-02-02 17:21:05,923 - DEBUG - worker thread finished; awaiting finish of 7 more threads
2026-02-02 17:21:05,923 - DEBUG - worker exiting, processed 4332 jobs
2026-02-02 17:21:05,923 - DEBUG - worker thread finished; awaiting finish of 6 more threads
2026-02-02 17:21:05,924 - DEBUG - worker exiting, processed 4374 jobs
2026-02-02 17:21:05,924 - DEBUG - worker thread finished; awaiting finish of 5 more threads
2026-02-02 17:21:05,935 - DEBUG - worker exiting, processed 4357 jobs
2026-02-02 17:21:05,935 - DEBUG - worker thread finished; awaiting finish of 4 more threads
2026-02-02 17:21:05,936 - DEBUG - worker exiting, processed 4355 jobs
2026-02-02 17:21:05,936 - DEBUG - worker thread finished; awaiting finish of 3 more threads
2026-02-02 17:21:05,936 - DEBUG - worker exiting, processed 4345 jobs
2026-02-02 17:21:05,936 - DEBUG - worker thread finished; awaiting finish of 2 more threads
2026-02-02 17:21:05,937 - DEBUG - worker exiting, processed 4349 jobs
2026-02-02 17:21:05,937 - DEBUG - worker thread finished; awaiting finish of 1 more threads
2026-02-02 17:21:05,939 - DEBUG - worker exiting, processed 4345 jobs
2026-02-02 17:21:05,939 - DEBUG - worker thread finished; awaiting finish of 0 more threads
2026-02-02 17:21:05,939 - INFO - EPOCH 9: training on 604933589 raw words (478681778 effective words) took 574.2s, 833671 effective words/s
2026-02-02 17:21:05,939 - INFO - Epoch 10 completed in 574.2s
2026-02-02 17:21:05,939 - INFO - Word2Vec lifecycle event {'msg': 'training on 6049335890 raw words (4786823373 effective words) took 5717.1s, 837277 effective words/s', 'datetime': '2026-02-02T17:21:05.939676', 'gensim': '4.4.0', 'python': '3.10.19 | packaged by conda-forge | (main, Jan 26 2026, 23:45:08) [GCC 14.3.0]', 'platform': 'Linux-4.18.0-305.3.1.el8.x86_64-x86_64-with-glibc2.28', 'event': 'train'}
2026-02-02 17:21:05,939 - INFO - Training completed.
2026-02-02 17:21:05,939 - INFO - Word2Vec lifecycle event {'params': 'Word2Vec<vocab=264506, vector_size=300, alpha=0.025>', 'datetime': '2026-02-02T17:21:05.939793', 'gensim': '4.4.0', 'python': '3.10.19 | packaged by conda-forge | (main, Jan 26 2026, 23:45:08) [GCC 14.3.0]', 'platform': 'Linux-4.18.0-305.3.1.el8.x86_64-x86_64-with-glibc2.28', 'event': 'created'}
2026-02-02 17:21:05,939 - INFO - Vocabulary size: 264,506 words
2026-02-02 17:21:05,940 - INFO - Word2Vec lifecycle event {'fname_or_handle': '/project/ssd-stu-research/ploertscher/thesis_code/w2v/models/1_pilot_w2v_model.model', 'separately': 'None', 'sep_limit': 10485760, 'ignore': frozenset(), 'datetime': '2026-02-02T17:21:05.940329', 'gensim': '4.4.0', 'python': '3.10.19 | packaged by conda-forge | (main, Jan 26 2026, 23:45:08) [GCC 14.3.0]', 'platform': 'Linux-4.18.0-305.3.1.el8.x86_64-x86_64-with-glibc2.28', 'event': 'saving'}
2026-02-02 17:21:05,940 - INFO - storing np array 'vectors' to /project/ssd-stu-research/ploertscher/thesis_code/w2v/models/1_pilot_w2v_model.model.wv.vectors.npy
2026-02-02 17:21:11,877 - INFO - storing np array 'syn1neg' to /project/ssd-stu-research/ploertscher/thesis_code/w2v/models/1_pilot_w2v_model.model.syn1neg.npy
2026-02-02 17:21:16,974 - INFO - not storing attribute cum_table
2026-02-02 17:21:16,974 - DEBUG - {'uri': '/project/ssd-stu-research/ploertscher/thesis_code/w2v/models/1_pilot_w2v_model.model', 'mode': 'wb', 'buffering': -1, 'encoding': None, 'errors': None, 'newline': None, 'closefd': True, 'opener': None, 'compression': 'infer_from_extension', 'transport_params': None}
2026-02-02 17:21:22,339 - INFO - saved /project/ssd-stu-research/ploertscher/thesis_code/w2v/models/1_pilot_w2v_model.model
2026-02-02 17:21:22,339 - INFO - Saved gensim model to: /project/ssd-stu-research/ploertscher/thesis_code/w2v/models/1_pilot_w2v_model.model
2026-02-02 17:21:22,508 - INFO - storing 264506x300 projection weights into /project/ssd-stu-research/ploertscher/thesis_code/w2v/models/1_pilot_w2v_model.vec
2026-02-02 17:21:22,508 - DEBUG - {'uri': '/project/ssd-stu-research/ploertscher/thesis_code/w2v/models/1_pilot_w2v_model.vec', 'mode': 'wb', 'buffering': -1, 'encoding': None, 'errors': None, 'newline': None, 'closefd': True, 'opener': None, 'compression': 'infer_from_extension', 'transport_params': None}
2026-02-02 17:22:25,555 - INFO - Saved word vectors (text format) to: /project/ssd-stu-research/ploertscher/thesis_code/w2v/models/1_pilot_w2v_model.vec
2026-02-02 17:22:25,734 - INFO - storing 264506x300 projection weights into /project/ssd-stu-research/ploertscher/thesis_code/w2v/models/1_pilot_w2v_model.bin
2026-02-02 17:22:25,735 - DEBUG - {'uri': '/project/ssd-stu-research/ploertscher/thesis_code/w2v/models/1_pilot_w2v_model.bin', 'mode': 'wb', 'buffering': -1, 'encoding': None, 'errors': None, 'newline': None, 'closefd': True, 'opener': None, 'compression': 'infer_from_extension', 'transport_params': None}
2026-02-02 17:22:31,099 - INFO - Saved word vectors (binary format) to: /project/ssd-stu-research/ploertscher/thesis_code/w2v/models/1_pilot_w2v_model.bin
2026-02-02 17:22:31,100 - INFO - ============================================================
2026-02-02 17:22:31,100 - INFO - TRAINING SUMMARY
2026-02-02 17:22:31,100 - INFO - ============================================================
2026-02-02 17:22:31,100 - INFO - Vocabulary size: 264,506 words
2026-02-02 17:22:31,100 - INFO - Vector dimensions: 300
2026-02-02 17:22:31,100 - INFO - Total parameters: 79,351,800
2026-02-02 17:22:31,100 - INFO - Total training time: 5717.1s
2026-02-02 17:22:31,100 - INFO - Average time per epoch: 571.7s
2026-02-02 17:22:31,100 - INFO - Initial loss (epoch 1): 0
2026-02-02 17:22:31,100 - INFO - Final loss (epoch 10): 0
Traceback (most recent call last):
  File "/project/ssd-stu-research/ploertscher/thesis_code/w2v/training/train_w2v_cpu.py", line 681, in <module>
    
  File "/project/ssd-stu-research/ploertscher/thesis_code/w2v/training/train_w2v_cpu.py", line 666, in main
    
  File "/project/ssd-stu-research/ploertscher/thesis_code/w2v/training/train_w2v_cpu.py", line 469, in print_training_summary
    logger.info(f"Initial loss (epoch 1): {per_epoch_losses[0]:,.0f}")
ZeroDivisionError: float division by zero
